﻿<?xml version="1.0" encoding="UTF-8"?>
<Zusi>
<Info DateiTyp="result" Version="A.1" MinVersion="A.0"/>
<result Zugnummer="4711 (FaS)" TfNummer="A-1" Datum="2023-01-11 10:22:45" Verbrauch="151975280" Bemerkung="1. Versuch">
<FahrtEintrag FahrtTyp="2" FahrtWeg="1516.7542" FahrtZeit="2023-01-11 09:50:00" Kennung_FahrtZeitms="2023-02-01 09:50:00:000" FahrtspStrecke="11.1111" FahrtspSignal="-1" FahrtspZugsicherung="-1" FahrtText="" Fahrtkm="49.3855" FahrtHLDruck="5" FahrtFplAnk="44937.410156" FahrtFplAbf="44937.417969"/>
<FahrtEintrag FahrtWeg="1516.7542" FahrtZeit="2023-01-11 09:50:05" Kennung_FahrtZeitms="2023-01-11 09:50:05:000" FahrtspStrecke="11.1111" FahrtspSignal="-1" FahrtspZugsicherung="45.8333" Fahrtkm="49.3855" FahrtHLDruck="5"/>
<FahrtEintrag FahrtWeg="1516.7542" FahrtZeit="2023-01-11 09:50:10" Kennung_FahrtZeitms="2023-01-11 09:50:10:000" FahrtspStrecke="11.1111" FahrtspSignal="-1" FahrtspZugsicherung="45.8333" Fahrtkm="49.3855" FahrtHLDruck="5"/>
<FahrtEintrag FahrtWeg="1516.7542" FahrtZeit="2023-01-11 09:50:15" Kennung_FahrtZeitms="2023-01-11 09:50:15:000" FahrtspStrecke="11.1111" FahrtspSignal="-1" FahrtspZugsicherung="45.8333" Fahrtkm="49.3855" FahrtHLDruck="5"/>
<FahrtEintrag FahrtWeg="1516.7542" FahrtZeit="2023-01-11 09:50:20" Kennung_FahrtZeitms="2023-01-11 09:50:20:000" FahrtspStrecke="11.1111" FahrtspSignal="-1" FahrtspZugsicherung="45.8333" Fahrtkm="49.3855" FahrtHLDruck="5"/>
<FahrtEintrag FahrtWeg="1516.7542" FahrtZeit="2023-01-11 09:50:25" Kennung_FahrtZeitms="2023-01-11 09:50:25:000" FahrtspStrecke="11.1111" FahrtspSignal="-1" FahrtspZugsicherung="45.8333" Fahrtkm="49.3855" FahrtHLDruck="5"/>
<FahrtEintrag FahrtWeg="1516.7542" FahrtZeit="2023-01-11 09:50:30" Kennung_FahrtZeitms="2023-01-11 09:50:30:000" FahrtspStrecke="11.1111" FahrtspSignal="-1" FahrtspZugsicherung="45.8333" Fahrtkm="49.3855" FahrtHLDruck="5"/>
<FahrtEintrag FahrtWeg="1516.7542" FahrtZeit="2023-01-11 09:50:35" Kennung_FahrtZeitms="2023-01-11 09:50:35:000" FahrtspStrecke="11.1111" FahrtspSignal="-1" FahrtspZugsicherung="45.8333" Fahrtkm="49.3855" FahrtHLDruck="5"/>
<FahrtEintrag FahrtWeg="1516.7542" FahrtZeit="2023-01-11 09:50:40" Kennung_FahrtZeitms="2023-01-11 09:50:40:000" FahrtspStrecke="11.1111" FahrtspSignal="-1" FahrtspZugsicherung="45.8333" Fahrtkm="49.3855" FahrtHLDruck="5"/>
<FahrtEintrag FahrtWeg="1516.7542" FahrtZeit="2023-01-11 09:50:45" Kennung_FahrtZeitms="2023-01-11 09:50:45:000" FahrtspStrecke="11.1111" FahrtspSignal="-1" FahrtspZugsicherung="45.8333" Fahrtkm="49.3855" FahrtHLDruck="5"/>
<FahrtEintrag FahrtWeg="1516.7542" FahrtZeit="2023-01-11 09:50:50" Kennung_FahrtZeitms="2023-01-11 09:50:50:000" FahrtspStrecke="11.1111" FahrtspSignal="-1" FahrtspZugsicherung="45.8333" Fahrtkm="49.3855" FahrtHLDruck="5"/>
<FahrtEintrag FahrtWeg="1516.7542" FahrtZeit="2023-01-11 09:50:55" Kennung_FahrtZeitms="2023-01-11 09:50:55:000" FahrtspStrecke="11.1111" FahrtspSignal="-1" FahrtspZugsicherung="45.8333" Fahrtkm="49.3855" FahrtHLDruck="5"/>
<FahrtEintrag FahrtWeg="1516.7542" FahrtZeit="2023-01-11 09:51:00" Kennung_FahrtZeitms="2023-01-11 09:51:00:000" FahrtspStrecke="11.1111" FahrtspSignal="-1" FahrtspZugsicherung="45.8333" Fahrtkm="49.3855" FahrtHLDruck="5"/>
<FahrtEintrag FahrtWeg="1516.7542" FahrtZeit="2023-01-11 09:51:05" Kennung_FahrtZeitms="2023-01-11 09:51:05:000" FahrtspStrecke="11.1111" FahrtspSignal="-1" FahrtspZugsicherung="45.8333" Fahrtkm="49.3855" FahrtHLDruck="5"/>
<FahrtEintrag FahrtWeg="1516.7542" FahrtZeit="2023-01-11 09:51:10" Kennung_FahrtZeitms="2023-01-11 09:51:10:000" FahrtspStrecke="11.1111" FahrtspSignal="-1" FahrtspZugsicherung="45.8333" Fahrtkm="49.3855" FahrtHLDruck="5"/>
<FahrtEintrag FahrtWeg="1516.7542" FahrtZeit="2023-01-11 09:51:15" Kennung_FahrtZeitms="2023-01-11 09:51:15:000" FahrtspStrecke="11.1111" FahrtspSignal="-1" FahrtspZugsicherung="45.8333" Fahrtkm="49.3855" FahrtHLDruck="5"/>
<FahrtEintrag FahrtWeg="1516.7542" FahrtZeit="2023-01-11 09:51:20" Kennung_FahrtZeitms="2023-01-11 09:51:20:000" FahrtspStrecke="11.1111" FahrtspSignal="-1" FahrtspZugsicherung="45.8333" Fahrtkm="49.3855" FahrtHLDruck="5"/>
<FahrtEintrag FahrtWeg="1516.7542" FahrtZeit="2023-01-11 09:51:25" Kennung_FahrtZeitms="2023-01-11 09:51:25:000" FahrtspStrecke="11.1111" FahrtspSignal="-1" FahrtspZugsicherung="45.8333" Fahrtkm="49.3855" FahrtHLDruck="5"/>
<FahrtEintrag FahrtWeg="1516.7542" FahrtZeit="2023-01-11 09:51:30" Kennung_FahrtZeitms="2023-01-11 09:51:30:000" FahrtspStrecke="11.1111" FahrtspSignal="-1" FahrtspZugsicherung="45.8333" Fahrtkm="49.3855" FahrtHLDruck="5"/>
<FahrtEintrag FahrtWeg="1516.7542" FahrtZeit="2023-01-11 09:51:35" Kennung_FahrtZeitms="2023-01-11 09:51:35:000" FahrtspStrecke="11.1111" FahrtspSignal="-1" FahrtspZugsicherung="45.8333" Fahrtkm="49.3855" FahrtHLDruck="5"/>
<FahrtEintrag FahrtWeg="1516.7542" FahrtZeit="2023-01-11 09:51:40" Kennung_FahrtZeitms="2023-01-11 09:51:40:000" FahrtspStrecke="11.1111" FahrtspSignal="-1" FahrtspZugsicherung="45.8333" Fahrtkm="49.3855" FahrtHLDruck="5"/>
<FahrtEintrag FahrtWeg="1516.7542" FahrtZeit="2023-01-11 09:51:45" Kennung_FahrtZeitms="2023-01-11 09:51:45:000" FahrtspStrecke="11.1111" FahrtspSignal="-1" FahrtspZugsicherung="45.8333" Fahrtkm="49.3855" FahrtHLDruck="5"/>
<FahrtEintrag FahrtWeg="1516.7542" FahrtZeit="2023-01-11 09:51:51" Kennung_FahrtZeitms="2023-01-11 09:51:51:000" FahrtspStrecke="11.1111" FahrtspSignal="-1" FahrtspZugsicherung="45.8333" Fahrtkm="49.3855" FahrtHLDruck="5"/>
<FahrtEintrag FahrtWeg="1516.7542" FahrtZeit="2023-01-11 09:51:56" Kennung_FahrtZeitms="2023-01-11 09:51:56:000" FahrtspStrecke="11.1111" FahrtspSignal="-1" FahrtspZugsicherung="45.8333" Fahrtkm="49.3855" FahrtHLDruck="5"/>
<FahrtEintrag FahrtWeg="1516.7542" FahrtZeit="2023-01-11 09:52:01" Kennung_FahrtZeitms="2023-01-11 09:52:01:000" FahrtspStrecke="11.1111" FahrtspSignal="-1" FahrtspZugsicherung="45.8333" Fahrtkm="49.3855" FahrtHLDruck="5"/>
<FahrtEintrag FahrtWeg="1516.7542" FahrtZeit="2023-01-11 09:52:06" Kennung_FahrtZeitms="2023-01-11 09:52:06:000" FahrtspStrecke="11.1111" FahrtspSignal="-1" FahrtspZugsicherung="45.8333" Fahrtkm="49.3855" FahrtHLDruck="5"/>
<FahrtEintrag FahrtWeg="1516.7542" FahrtZeit="2023-01-11 09:52:11" Kennung_FahrtZeitms="2023-01-11 09:52:11:000" FahrtspStrecke="11.1111" FahrtspSignal="-1" FahrtspZugsicherung="45.8333" Fahrtkm="49.3855" FahrtHLDruck="5"/>
<FahrtEintrag FahrtWeg="1516.7542" FahrtZeit="2023-01-11 09:52:16" Kennung_FahrtZeitms="2023-01-11 09:52:16:000" FahrtspStrecke="11.1111" FahrtspSignal="-1" FahrtspZugsicherung="45.8333" Fahrtkm="49.3855" FahrtHLDruck="5"/>
<FahrtEintrag FahrtWeg="1516.7542" FahrtZeit="2023-01-11 09:52:21" Kennung_FahrtZeitms="2023-01-11 09:52:21:000" FahrtspStrecke="11.1111" FahrtspSignal="-1" FahrtspZugsicherung="45.8333" Fahrtkm="49.3855" FahrtHLDruck="5"/>
<FahrtEintrag FahrtWeg="1516.7542" FahrtZeit="2023-01-11 09:52:26" Kennung_FahrtZeitms="2023-01-11 09:52:26:000" FahrtspStrecke="11.1111" FahrtspSignal="-1" FahrtspZugsicherung="45.8333" Fahrtkm="49.3855" FahrtHLDruck="5"/>
<FahrtEintrag FahrtWeg="1516.7542" FahrtZeit="2023-01-11 09:52:31" Kennung_FahrtZeitms="2023-01-11 09:52:31:000" FahrtspStrecke="11.1111" FahrtspSignal="-1" FahrtspZugsicherung="45.8333" Fahrtkm="49.3855" FahrtHLDruck="5"/>
<FahrtEintrag FahrtWeg="1516.7542" FahrtZeit="2023-01-11 09:52:36" Kennung_FahrtZeitms="2023-01-11 09:52:36:000" FahrtspStrecke="11.1111" FahrtspSignal="-1" FahrtspZugsicherung="45.8333" Fahrtkm="49.3855" FahrtHLDruck="5"/>
<FahrtEintrag FahrtWeg="1516.7542" FahrtZeit="2023-01-11 09:52:41" Kennung_FahrtZeitms="2023-01-11 09:52:41:000" FahrtspStrecke="11.1111" FahrtspSignal="-1" FahrtspZugsicherung="45.8333" Fahrtkm="49.3855" FahrtHLDruck="5"/>
<FahrtEintrag FahrtWeg="1516.7542" FahrtZeit="2023-01-11 09:52:46" Kennung_FahrtZeitms="2023-01-11 09:52:46:000" FahrtspStrecke="11.1111" FahrtspSignal="-1" FahrtspZugsicherung="45.8333" Fahrtkm="49.3855" FahrtHLDruck="5"/>
<FahrtEintrag FahrtWeg="1516.7542" FahrtZeit="2023-01-11 09:52:51" Kennung_FahrtZeitms="2023-01-11 09:52:51:000" FahrtspStrecke="11.1111" FahrtspSignal="-1" FahrtspZugsicherung="45.8333" Fahrtkm="49.3855" FahrtHLDruck="5"/>
<FahrtEintrag FahrtWeg="1516.7542" FahrtZeit="2023-01-11 09:52:56" Kennung_FahrtZeitms="2023-01-11 09:52:56:000" FahrtspStrecke="11.1111" FahrtspSignal="-1" FahrtspZugsicherung="45.8333" Fahrtkm="49.3855" FahrtHLDruck="5"/>
<FahrtEintrag FahrtWeg="1516.7542" FahrtZeit="2023-01-11 09:53:01" Kennung_FahrtZeitms="2023-01-11 09:53:01:000" FahrtspStrecke="11.1111" FahrtspSignal="-1" FahrtspZugsicherung="45.8333" Fahrtkm="49.3855" FahrtHLDruck="5"/>
<FahrtEintrag FahrtWeg="1516.7542" FahrtZeit="2023-01-11 09:53:06" Kennung_FahrtZeitms="2023-01-11 09:53:06:000" FahrtspStrecke="11.1111" FahrtspSignal="-1" FahrtspZugsicherung="45.8333" Fahrtkm="49.3855" FahrtHLDruck="5"/>
<FahrtEintrag FahrtWeg="1516.7542" FahrtZeit="2023-01-11 09:53:11" Kennung_FahrtZeitms="2023-01-11 09:53:11:000" FahrtspStrecke="11.1111" FahrtspSignal="-1" FahrtspZugsicherung="45.8333" Fahrtkm="49.3855" FahrtHLDruck="5"/>
<FahrtEintrag FahrtWeg="1516.7542" FahrtZeit="2023-01-11 09:53:16" Kennung_FahrtZeitms="2023-01-11 09:53:16:000" FahrtspStrecke="11.1111" FahrtspSignal="-1" FahrtspZugsicherung="45.8333" Fahrtkm="49.3855" FahrtHLDruck="5"/>
<FahrtEintrag FahrtWeg="1516.7542" FahrtZeit="2023-01-11 09:53:21" Kennung_FahrtZeitms="2023-01-11 09:53:21:000" FahrtspStrecke="11.1111" FahrtspSignal="-1" FahrtspZugsicherung="45.8333" Fahrtkm="49.3855" FahrtHLDruck="5"/>
<FahrtEintrag FahrtWeg="1516.7542" FahrtZeit="2023-01-11 09:53:26" Kennung_FahrtZeitms="2023-01-11 09:53:26:000" FahrtspStrecke="11.1111" FahrtspSignal="-1" FahrtspZugsicherung="45.8333" Fahrtkm="49.3855" FahrtHLDruck="5"/>
<FahrtEintrag FahrtWeg="1516.7542" FahrtZeit="2023-01-11 09:53:31" Kennung_FahrtZeitms="2023-01-11 09:53:31:000" FahrtspStrecke="11.1111" FahrtspSignal="-1" FahrtspZugsicherung="45.8333" Fahrtkm="49.3855" FahrtHLDruck="5"/>
<FahrtEintrag FahrtWeg="1516.7542" FahrtZeit="2023-01-11 09:53:36" Kennung_FahrtZeitms="2023-01-11 09:53:36:000" FahrtspStrecke="11.1111" FahrtspSignal="-1" FahrtspZugsicherung="45.8333" Fahrtkm="49.3855" FahrtHLDruck="5"/>
<FahrtEintrag FahrtWeg="1516.7542" FahrtZeit="2023-01-11 09:53:41" Kennung_FahrtZeitms="2023-01-11 09:53:41:000" FahrtspStrecke="11.1111" FahrtspSignal="-1" FahrtspZugsicherung="45.8333" Fahrtkm="49.3855" FahrtHLDruck="5"/>
<FahrtEintrag FahrtWeg="1516.7542" FahrtZeit="2023-01-11 09:53:46" Kennung_FahrtZeitms="2023-01-11 09:53:46:000" FahrtspStrecke="11.1111" FahrtspSignal="-1" FahrtspZugsicherung="45.8333" Fahrtkm="49.3855" FahrtHLDruck="5"/>
<FahrtEintrag FahrtWeg="1516.7542" FahrtZeit="2023-01-11 09:53:51" Kennung_FahrtZeitms="2023-01-11 09:53:51:000" FahrtspStrecke="11.1111" FahrtspSignal="-1" FahrtspZugsicherung="45.8333" Fahrtkm="49.3855" FahrtHLDruck="5"/>
<FahrtEintrag FahrtWeg="1516.7542" FahrtZeit="2023-01-11 09:53:56" Kennung_FahrtZeitms="2023-01-11 09:53:56:000" FahrtspStrecke="11.1111" FahrtspSignal="-1" FahrtspZugsicherung="45.8333" Fahrtkm="49.3855" FahrtHLDruck="5"/>
<FahrtEintrag FahrtWeg="1516.7542" FahrtZeit="2023-01-11 09:54:01" Kennung_FahrtZeitms="2023-01-11 09:54:01:000" FahrtspStrecke="11.1111" FahrtspSignal="-1" FahrtspZugsicherung="45.8333" Fahrtkm="49.3855" FahrtHLDruck="5"/>
<FahrtEintrag FahrtWeg="1516.7542" FahrtZeit="2023-01-11 09:54:06" Kennung_FahrtZeitms="2023-01-11 09:54:06:000" FahrtspStrecke="11.1111" FahrtspSignal="-1" FahrtspZugsicherung="45.8333" Fahrtkm="49.3855" FahrtHLDruck="5"/>
<FahrtEintrag FahrtWeg="1516.7542" FahrtZeit="2023-01-11 09:54:11" Kennung_FahrtZeitms="2023-01-11 09:54:11:000" FahrtspStrecke="11.1111" FahrtspSignal="-1" FahrtspZugsicherung="45.8333" Fahrtkm="49.3855" FahrtHLDruck="5"/>
<FahrtEintrag FahrtWeg="1516.7542" FahrtZeit="2023-01-11 09:54:16" Kennung_FahrtZeitms="2023-01-11 09:54:16:000" FahrtspStrecke="11.1111" FahrtspSignal="-1" FahrtspZugsicherung="45.8333" Fahrtkm="49.3855" FahrtHLDruck="5"/>
<FahrtEintrag FahrtWeg="1516.7542" FahrtZeit="2023-01-11 09:54:21" Kennung_FahrtZeitms="2023-01-11 09:54:21:000" FahrtspStrecke="11.1111" FahrtspSignal="-1" FahrtspZugsicherung="45.8333" Fahrtkm="49.3855" FahrtHLDruck="5"/>
<FahrtEintrag FahrtWeg="1516.7542" FahrtZeit="2023-01-11 09:54:26" Kennung_FahrtZeitms="2023-01-11 09:54:26:000" FahrtspStrecke="11.1111" FahrtspSignal="-1" FahrtspZugsicherung="45.8333" Fahrtkm="49.3855" FahrtHLDruck="5"/>
<FahrtEintrag FahrtWeg="1516.7542" FahrtZeit="2023-01-11 09:54:31" Kennung_FahrtZeitms="2023-01-11 09:54:31:000" FahrtspStrecke="11.1111" FahrtspSignal="-1" FahrtspZugsicherung="45.8333" Fahrtkm="49.3855" FahrtHLDruck="5"/>
<FahrtEintrag FahrtWeg="1516.7542" FahrtZeit="2023-01-11 09:54:36" Kennung_FahrtZeitms="2023-01-11 09:54:36:000" FahrtspStrecke="11.1111" FahrtspSignal="-1" FahrtspZugsicherung="45.8333" Fahrtkm="49.3855" FahrtHLDruck="5"/>
<FahrtEintrag FahrtWeg="1516.7542" FahrtZeit="2023-01-11 09:54:41" Kennung_FahrtZeitms="2023-01-11 09:54:41:000" FahrtspStrecke="11.1111" FahrtspSignal="-1" FahrtspZugsicherung="45.8333" Fahrtkm="49.3855" FahrtHLDruck="5"/>
<FahrtEintrag FahrtWeg="1516.7542" FahrtZeit="2023-01-11 09:54:46" Kennung_FahrtZeitms="2023-01-11 09:54:46:000" FahrtspStrecke="11.1111" FahrtspSignal="-1" FahrtspZugsicherung="45.8333" Fahrtkm="49.3855" FahrtHLDruck="5"/>
<FahrtEintrag FahrtWeg="1516.7542" FahrtZeit="2023-01-11 09:54:51" Kennung_FahrtZeitms="2023-01-11 09:54:51:000" FahrtspStrecke="11.1111" FahrtspSignal="-1" FahrtspZugsicherung="45.8333" Fahrtkm="49.3855" FahrtHLDruck="5"/>
<FahrtEintrag FahrtWeg="1516.7542" FahrtZeit="2023-01-11 09:54:56" Kennung_FahrtZeitms="2023-01-11 09:54:56:000" FahrtspStrecke="11.1111" FahrtspSignal="-1" FahrtspZugsicherung="45.8333" Fahrtkm="49.3855" FahrtHLDruck="5"/>
<FahrtEintrag FahrtWeg="1516.7542" FahrtZeit="2023-01-11 09:55:01" Kennung_FahrtZeitms="2023-01-11 09:55:01:000" FahrtspStrecke="11.1111" FahrtspSignal="-1" FahrtspZugsicherung="45.8333" Fahrtkm="49.3855" FahrtHLDruck="5"/>
<FahrtEintrag FahrtWeg="1516.7542" FahrtZeit="2023-01-11 09:55:06" Kennung_FahrtZeitms="2023-01-11 09:55:06:000" FahrtspStrecke="11.1111" FahrtspSignal="-1" FahrtspZugsicherung="45.8333" Fahrtkm="49.3855" FahrtHLDruck="5"/>
<FahrtEintrag FahrtWeg="1516.7542" FahrtZeit="2023-01-11 09:55:11" Kennung_FahrtZeitms="2023-01-11 09:55:11:000" FahrtspStrecke="11.1111" FahrtspSignal="-1" FahrtspZugsicherung="45.8333" Fahrtkm="49.3855" FahrtHLDruck="5"/>
<FahrtEintrag FahrtWeg="1516.7542" FahrtZeit="2023-01-11 09:55:16" Kennung_FahrtZeitms="2023-01-11 09:55:16:000" FahrtspStrecke="11.1111" FahrtspSignal="-1" FahrtspZugsicherung="45.8333" Fahrtkm="49.3855" FahrtHLDruck="5"/>
<FahrtEintrag FahrtWeg="1516.7542" FahrtZeit="2023-01-11 09:55:21" Kennung_FahrtZeitms="2023-01-11 09:55:21:000" FahrtspStrecke="11.1111" FahrtspSignal="-1" FahrtspZugsicherung="45.8333" Fahrtkm="49.3855" FahrtHLDruck="5"/>
<FahrtEintrag FahrtWeg="1516.7542" FahrtZeit="2023-01-11 09:55:26" Kennung_FahrtZeitms="2023-01-11 09:55:26:000" FahrtspStrecke="11.1111" FahrtspSignal="-1" FahrtspZugsicherung="45.8333" Fahrtkm="49.3855" FahrtHLDruck="5"/>
<FahrtEintrag FahrtWeg="1516.7542" FahrtZeit="2023-01-11 09:55:31" Kennung_FahrtZeitms="2023-01-11 09:55:31:000" FahrtspStrecke="11.1111" FahrtspSignal="-1" FahrtspZugsicherung="45.8333" Fahrtkm="49.3855" FahrtHLDruck="5"/>
<FahrtEintrag FahrtWeg="1516.7542" FahrtZeit="2023-01-11 09:55:36" Kennung_FahrtZeitms="2023-01-11 09:55:36:000" FahrtspStrecke="11.1111" FahrtspSignal="-1" FahrtspZugsicherung="45.8333" Fahrtkm="49.3855" FahrtHLDruck="5"/>
<FahrtEintrag FahrtWeg="1516.7542" FahrtZeit="2023-01-11 09:55:41" Kennung_FahrtZeitms="2023-01-11 09:55:41:000" FahrtspStrecke="11.1111" FahrtspSignal="-1" FahrtspZugsicherung="45.8333" Fahrtkm="49.3855" FahrtHLDruck="5"/>
<FahrtEintrag FahrtWeg="1516.7542" FahrtZeit="2023-01-11 09:55:47" Kennung_FahrtZeitms="2023-01-11 09:55:47:000" FahrtspStrecke="11.1111" FahrtspSignal="-1" FahrtspZugsicherung="45.8333" Fahrtkm="49.3855" FahrtHLDruck="5"/>
<FahrtEintrag FahrtWeg="1516.7542" FahrtZeit="2023-01-11 09:55:52" Kennung_FahrtZeitms="2023-01-11 09:55:52:000" FahrtspStrecke="11.1111" FahrtspSignal="-1" FahrtspZugsicherung="45.8333" Fahrtkm="49.3855" FahrtHLDruck="5"/>
<FahrtEintrag FahrtWeg="1516.7542" FahrtZeit="2023-01-11 09:55:57" Kennung_FahrtZeitms="2023-01-11 09:55:57:000" FahrtspStrecke="11.1111" FahrtspSignal="-1" FahrtspZugsicherung="45.8333" Fahrtkm="49.3855" FahrtHLDruck="5"/>
<FahrtEintrag FahrtWeg="1516.7542" FahrtZeit="2023-01-11 09:56:02" Kennung_FahrtZeitms="2023-01-11 09:56:02:000" FahrtspStrecke="11.1111" FahrtspSignal="-1" FahrtspZugsicherung="45.8333" Fahrtkm="49.3855" FahrtHLDruck="5"/>
<FahrtEintrag FahrtWeg="1516.7542" FahrtZeit="2023-01-11 09:56:07" Kennung_FahrtZeitms="2023-01-11 09:56:07:000" FahrtspStrecke="11.1111" FahrtspSignal="-1" FahrtspZugsicherung="45.8333" Fahrtkm="49.3855" FahrtHLDruck="5"/>
<FahrtEintrag FahrtWeg="1516.7542" FahrtZeit="2023-01-11 09:56:12" Kennung_FahrtZeitms="2023-01-11 09:56:12:000" FahrtspStrecke="11.1111" FahrtspSignal="-1" FahrtspZugsicherung="45.8333" Fahrtkm="49.3855" FahrtHLDruck="5"/>
<FahrtEintrag FahrtWeg="1516.7542" FahrtZeit="2023-01-11 09:56:17" Kennung_FahrtZeitms="2023-01-11 09:56:17:000" FahrtspStrecke="11.1111" FahrtspSignal="-1" FahrtspZugsicherung="45.8333" Fahrtkm="49.3855" FahrtHLDruck="5"/>
<FahrtEintrag FahrtWeg="1516.7542" FahrtZeit="2023-01-11 09:56:22" Kennung_FahrtZeitms="2023-01-11 09:56:22:000" FahrtspStrecke="11.1111" FahrtspSignal="-1" FahrtspZugsicherung="45.8333" Fahrtkm="49.3855" FahrtHLDruck="5"/>
<FahrtEintrag FahrtWeg="1516.7542" FahrtZeit="2023-01-11 09:56:27" Kennung_FahrtZeitms="2023-01-11 09:56:27:000" FahrtspStrecke="11.1111" FahrtspSignal="-1" FahrtspZugsicherung="45.8333" Fahrtkm="49.3855" FahrtHLDruck="5"/>
<FahrtEintrag FahrtWeg="1516.7542" FahrtZeit="2023-01-11 09:56:32" Kennung_FahrtZeitms="2023-01-11 09:56:32:000" FahrtspStrecke="11.1111" FahrtspSignal="-1" FahrtspZugsicherung="45.8333" Fahrtkm="49.3855" FahrtHLDruck="5"/>
<FahrtEintrag FahrtWeg="1516.7542" FahrtZeit="2023-01-11 09:56:37" Kennung_FahrtZeitms="2023-01-11 09:56:37:000" FahrtspStrecke="11.1111" FahrtspSignal="-1" FahrtspZugsicherung="45.8333" Fahrtkm="49.3855" FahrtHLDruck="5"/>
<FahrtEintrag FahrtWeg="1516.7542" FahrtZeit="2023-01-11 09:56:42" Kennung_FahrtZeitms="2023-01-11 09:56:42:000" FahrtspStrecke="11.1111" FahrtspSignal="-1" FahrtspZugsicherung="45.8333" Fahrtkm="49.3855" FahrtHLDruck="5"/>
<FahrtEintrag FahrtWeg="1516.7542" FahrtZeit="2023-01-11 09:56:47" Kennung_FahrtZeitms="2023-01-11 09:56:47:000" FahrtspStrecke="11.1111" FahrtspSignal="-1" FahrtspZugsicherung="45.8333" Fahrtkm="49.3855" FahrtHLDruck="5"/>
<FahrtEintrag FahrtWeg="1516.7542" FahrtZeit="2023-01-11 09:56:52" Kennung_FahrtZeitms="2023-01-11 09:56:52:000" FahrtspStrecke="11.1111" FahrtspSignal="-1" FahrtspZugsicherung="45.8333" Fahrtkm="49.3855" FahrtHLDruck="5"/>
<FahrtEintrag FahrtWeg="1516.7542" FahrtZeit="2023-01-11 09:56:57" Kennung_FahrtZeitms="2023-01-11 09:56:57:000" FahrtspStrecke="11.1111" FahrtspSignal="-1" FahrtspZugsicherung="45.8333" Fahrtkm="49.3855" FahrtHLDruck="5"/>
<FahrtEintrag FahrtWeg="1516.7542" FahrtZeit="2023-01-11 09:57:02" Kennung_FahrtZeitms="2023-01-11 09:57:02:000" FahrtspStrecke="11.1111" FahrtspSignal="-1" FahrtspZugsicherung="45.8333" Fahrtkm="49.3855" FahrtHLDruck="5"/>
<FahrtEintrag FahrtWeg="1516.7542" FahrtZeit="2023-01-11 09:57:07" Kennung_FahrtZeitms="2023-01-11 09:57:07:000" FahrtspStrecke="11.1111" FahrtspSignal="-1" FahrtspZugsicherung="45.8333" Fahrtkm="49.3855" FahrtHLDruck="5"/>
<FahrtEintrag FahrtWeg="1516.7542" FahrtZeit="2023-01-11 09:57:12" Kennung_FahrtZeitms="2023-01-11 09:57:12:000" FahrtspStrecke="11.1111" FahrtspSignal="-1" FahrtspZugsicherung="45.8333" Fahrtkm="49.3855" FahrtHLDruck="5"/>
<FahrtEintrag FahrtWeg="1516.7542" FahrtZeit="2023-01-11 09:57:18" Kennung_FahrtZeitms="2023-01-11 09:57:18:000" FahrtspStrecke="11.1111" FahrtspSignal="-1" FahrtspZugsicherung="45.8333" Fahrtkm="49.3855" FahrtHLDruck="5"/>
<FahrtEintrag FahrtWeg="1516.7542" FahrtZeit="2023-01-11 09:57:23" Kennung_FahrtZeitms="2023-01-11 09:57:23:000" FahrtspStrecke="11.1111" FahrtspSignal="-1" FahrtspZugsicherung="45.8333" Fahrtkm="49.3855" FahrtHLDruck="5"/>
<FahrtEintrag FahrtWeg="1516.7542" FahrtZeit="2023-01-11 09:57:29" Kennung_FahrtZeitms="2023-01-11 09:57:29:000" FahrtspStrecke="11.1111" FahrtspSignal="-1" FahrtspZugsicherung="45.8333" Fahrtkm="49.3855" FahrtHLDruck="5"/>
<FahrtEintrag FahrtWeg="1516.7542" FahrtZeit="2023-01-11 09:57:34" Kennung_FahrtZeitms="2023-01-11 09:57:34:000" FahrtspStrecke="11.1111" FahrtspSignal="-1" FahrtspZugsicherung="45.8333" Fahrtkm="49.3855" FahrtHLDruck="5"/>
<FahrtEintrag FahrtWeg="1516.7542" FahrtZeit="2023-01-11 09:57:39" Kennung_FahrtZeitms="2023-01-11 09:57:39:000" FahrtspStrecke="11.1111" FahrtspSignal="-1" FahrtspZugsicherung="45.8333" Fahrtkm="49.3855" FahrtHLDruck="5"/>
<FahrtEintrag FahrtWeg="1516.7542" FahrtZeit="2023-01-11 09:57:45" Kennung_FahrtZeitms="2023-01-11 09:57:45:000" FahrtspStrecke="11.1111" FahrtspSignal="-1" FahrtspZugsicherung="45.8333" Fahrtkm="49.3855" FahrtHLDruck="5"/>
<FahrtEintrag FahrtWeg="1516.7542" FahrtZeit="2023-01-11 09:57:50" Kennung_FahrtZeitms="2023-01-11 09:57:50:000" FahrtspStrecke="11.1111" FahrtspSignal="-1" FahrtspZugsicherung="45.8333" Fahrtkm="49.3855" FahrtHLDruck="5"/>
<FahrtEintrag FahrtWeg="1516.7542" FahrtZeit="2023-01-11 09:57:55" Kennung_FahrtZeitms="2023-01-11 09:57:55:000" FahrtspStrecke="11.1111" FahrtspSignal="-1" FahrtspZugsicherung="45.8333" Fahrtkm="49.3855" FahrtHLDruck="5"/>
<FahrtEintrag FahrtWeg="1516.7542" FahrtZeit="2023-01-11 09:58:01" Kennung_FahrtZeitms="2023-01-11 09:58:01:000" FahrtspStrecke="11.1111" FahrtspSignal="-1" FahrtspZugsicherung="45.8333" Fahrtkm="49.3855" FahrtHLDruck="5"/>
<FahrtEintrag FahrtWeg="1516.7542" FahrtZeit="2023-01-11 09:58:06" Kennung_FahrtZeitms="2023-01-11 09:58:06:000" FahrtspStrecke="11.1111" FahrtspSignal="-1" FahrtspZugsicherung="45.8333" Fahrtkm="49.3855" FahrtHLDruck="5"/>
<FahrtEintrag FahrtWeg="1516.7542" FahrtZeit="2023-01-11 09:58:12" Kennung_FahrtZeitms="2023-01-11 09:58:12:000" FahrtspStrecke="11.1111" FahrtspSignal="-1" FahrtspZugsicherung="45.8333" Fahrtkm="49.3855" FahrtHLDruck="5"/>
<FahrtEintrag FahrtWeg="1516.7542" FahrtZeit="2023-01-11 09:58:17" Kennung_FahrtZeitms="2023-01-11 09:58:17:000" FahrtspStrecke="11.1111" FahrtspSignal="-1" FahrtspZugsicherung="45.8333" Fahrtkm="49.3855" FahrtHLDruck="5"/>
<FahrtEintrag FahrtWeg="1516.7542" FahrtZeit="2023-01-11 09:58:22" Kennung_FahrtZeitms="2023-01-11 09:58:22:000" FahrtspStrecke="11.1111" FahrtspSignal="-1" FahrtspZugsicherung="45.8333" Fahrtkm="49.3855" FahrtHLDruck="5"/>
<FahrtEintrag FahrtWeg="1516.7542" FahrtZeit="2023-01-11 09:58:28" Kennung_FahrtZeitms="2023-01-11 09:58:28:000" FahrtspStrecke="11.1111" FahrtspSignal="-1" FahrtspZugsicherung="45.8333" Fahrtkm="49.3855" FahrtHLDruck="5"/>
<FahrtEintrag FahrtWeg="1516.7542" FahrtZeit="2023-01-11 09:58:33" Kennung_FahrtZeitms="2023-01-11 09:58:33:000" FahrtspStrecke="11.1111" FahrtspSignal="-1" FahrtspZugsicherung="45.8333" Fahrtkm="49.3855" FahrtHLDruck="5"/>
<FahrtEintrag FahrtWeg="1516.7542" FahrtZeit="2023-01-11 09:58:38" Kennung_FahrtZeitms="2023-01-11 09:58:38:000" FahrtspStrecke="11.1111" FahrtspSignal="-1" FahrtspZugsicherung="45.8333" Fahrtkm="49.3855" FahrtHLDruck="5"/>
<FahrtEintrag FahrtWeg="1516.7542" FahrtZeit="2023-01-11 09:58:44" Kennung_FahrtZeitms="2023-01-11 09:58:44:000" FahrtspStrecke="11.1111" FahrtspSignal="-1" FahrtspZugsicherung="45.8333" Fahrtkm="49.3855" FahrtHLDruck="5"/>
<FahrtEintrag FahrtWeg="1516.7542" FahrtZeit="2023-01-11 09:58:49" Kennung_FahrtZeitms="2023-01-11 09:58:49:000" FahrtspStrecke="11.1111" FahrtspSignal="-1" FahrtspZugsicherung="45.8333" Fahrtkm="49.3855" FahrtHLDruck="5"/>
<FahrtEintrag FahrtWeg="1516.7542" FahrtZeit="2023-01-11 09:58:55" Kennung_FahrtZeitms="2023-01-11 09:58:55:000" FahrtspStrecke="11.1111" FahrtspSignal="-1" FahrtspZugsicherung="45.8333" Fahrtkm="49.3855" FahrtHLDruck="5"/>
<FahrtEintrag FahrtWeg="1516.7542" FahrtZeit="2023-01-11 09:59:00" Kennung_FahrtZeitms="2023-01-11 09:59:00:000" FahrtspStrecke="11.1111" FahrtspSignal="-1" FahrtspZugsicherung="45.8333" Fahrtkm="49.3855" FahrtHLDruck="5"/>
<FahrtEintrag FahrtWeg="1516.7542" FahrtZeit="2023-01-11 09:59:05" Kennung_FahrtZeitms="2023-01-11 09:59:05:000" FahrtspStrecke="11.1111" FahrtspSignal="-1" FahrtspZugsicherung="45.8333" Fahrtkm="49.3855" FahrtHLDruck="5"/>
<FahrtEintrag FahrtWeg="1516.7542" FahrtZeit="2023-01-11 09:59:10" Kennung_FahrtZeitms="2023-01-11 09:59:10:000" FahrtspStrecke="11.1111" FahrtspSignal="-1" FahrtspZugsicherung="45.8333" Fahrtkm="49.3855" FahrtHLDruck="5"/>
<FahrtEintrag FahrtWeg="1520.1595" FahrtZeit="2023-01-11 09:59:15" Kennung_FahrtZeitms="2023-01-11 09:59:15:000" Fahrtsp="1.5854" FahrtspStrecke="11.1111" FahrtspSignal="-1" FahrtspZugsicherung="12.5" Fahrtkm="49.3799" FahrtHLDruck="5" FahrtFBSchalter="10"/>
<FahrtEintrag FahrtWeg="1530.5685" FahrtZeit="2023-01-11 09:59:20" Kennung_FahrtZeitms="2023-01-11 09:59:20:000" Fahrtsp="2.4775" FahrtspStrecke="11.1111" FahrtspSignal="-1" FahrtspZugsicherung="12.5" Fahrtkm="49.393" FahrtHLDruck="5" FahrtFBSchalter="5"/>
<FahrtEintrag FahrtTyp="8" FahrtWeg="-1" FahrtZeit="2023-01-11 09:59:24" Kennung_FahrtZeitms="2023-01-11 09:59:24:000" Fahrtsp="-1" FahrtspStrecke="-1" FahrtspSignal="-1" FahrtspZugsicherung="-1" FahrtHLDruck="-1" FahrtParameter="9" FahrtFBSchalter="-10000"/>
<FahrtEintrag FahrtWeg="1543.2008" FahrtZeit="2023-01-11 09:59:24" Kennung_FahrtZeitms="2023-01-11 09:59:24:000" Fahrtsp="3.487" FahrtspStrecke="11.1111" FahrtspSignal="-1" FahrtspZugsicherung="12.5" Fahrtkm="49.406" FahrtHLDruck="5" FahrtFBSchalter="9"/>
<FahrtEintrag FahrtTyp="5" FahrtWeg="1549.9106" FahrtZeit="2023-01-11 09:59:26" Kennung_FahrtZeitms="2023-01-11 09:59:26:000" Fahrtsp="3.9538" FahrtspStrecke="11.1111" FahrtspSignal="11.1111" FahrtspZugsicherung="12.5" FahrtText="Allenbach N1" Fahrtkm="49.406" FahrtHLDruck="5" FahrtFBSchalter="9"/>
<FahrtEintrag FahrtTyp="6" FahrtWeg="1549.9106" FahrtZeit="2023-01-11 09:59:26" Kennung_FahrtZeitms="2023-01-11 09:59:26:000" Fahrtsp="3.9538" FahrtspStrecke="11.1111" FahrtspSignal="11.1111" FahrtspZugsicherung="12.5" Fahrtkm="49.406" FahrtHLDruck="5" FahrtFBSchalter="9"/>
<FahrtEintrag FahrtTyp="8" FahrtWeg="-1" FahrtZeit="2023-01-11 09:59:28" Kennung_FahrtZeitms="2023-01-11 09:59:28:000" Fahrtsp="-1" FahrtspStrecke="-1" FahrtspSignal="-1" FahrtspZugsicherung="-1" FahrtHLDruck="-1" FahrtParameter="1" FahrtFBSchalter="-10000"/>
<FahrtEintrag FahrtWeg="1560.3932" FahrtZeit="2023-01-11 09:59:28" Kennung_FahrtZeitms="2023-01-11 09:59:28:000" Fahrtsp="4.5646" FahrtspStrecke="11.1111" FahrtspSignal="11.1111" FahrtspZugsicherung="12.5" Fahrtkm="49.4189" FahrtHLDruck="5" FahrtFBSchalter="9"/>
<FahrtEintrag FahrtWeg="1585.5157" FahrtZeit="2023-01-11 09:59:33" Kennung_FahrtZeitms="2023-01-11 09:59:33:000" Fahrtsp="5.7584" FahrtspStrecke="11.1111" FahrtspSignal="11.1111" FahrtspZugsicherung="12.5" Fahrtkm="49.4422" FahrtHLDruck="5" FahrtFBSchalter="9"/>
<FahrtEintrag FahrtWeg="1610.609" FahrtZeit="2023-01-11 09:59:37" Kennung_FahrtZeitms="2023-01-11 09:59:37:000" Fahrtsp="6.6811" FahrtspStrecke="11.1111" FahrtspSignal="11.1111" FahrtspZugsicherung="12.5" Fahrtkm="49.4681" FahrtHLDruck="5" FahrtFBSchalter="7"/>
<FahrtEintrag FahrtWeg="1635.6836" FahrtZeit="2023-01-11 09:59:41" Kennung_FahrtZeitms="2023-01-11 09:59:41:000" Fahrtsp="6.9944" FahrtspStrecke="11.1111" FahrtspSignal="11.1111" FahrtspZugsicherung="12.5" Fahrtkm="49.4681" FahrtHLDruck="5"/>
<FahrtEintrag FahrtWeg="1660.8575" FahrtZeit="2023-01-11 09:59:44" Kennung_FahrtZeitms="2023-01-11 09:59:44:000" Fahrtsp="6.9232" FahrtspStrecke="11.1111" FahrtspSignal="11.1111" FahrtspZugsicherung="12.5" Fahrtkm="49.5266" FahrtHLDruck="5"/>
<FahrtEintrag FahrtWeg="1686.017" FahrtZeit="2023-01-11 09:59:48" Kennung_FahrtZeitms="2023-01-11 09:59:48:000" Fahrtsp="6.8371" FahrtspStrecke="11.1111" FahrtspSignal="11.1111" FahrtspZugsicherung="12.5" Fahrtkm="49.5528" FahrtHLDruck="5"/>
<FahrtEintrag FahrtWeg="1711.0891" FahrtZeit="2023-01-11 09:59:52" Kennung_FahrtZeitms="2023-01-11 09:59:52:000" Fahrtsp="6.7401" FahrtspStrecke="11.1111" FahrtspSignal="11.1111" FahrtspZugsicherung="12.5" Fahrtkm="49.5763" FahrtHLDruck="5"/>
<FahrtEintrag FahrtWeg="1736.2487" FahrtZeit="2023-01-11 09:59:56" Kennung_FahrtZeitms="2023-01-11 09:59:56:000" Fahrtsp="6.6584" FahrtspStrecke="11.1111" FahrtspSignal="11.1111" FahrtspZugsicherung="12.5" Fahrtkm="49.5922" FahrtHLDruck="5"/>
<FahrtEintrag FahrtTyp="8" FahrtWeg="-1" FahrtZeit="2023-01-11 09:59:58" Kennung_FahrtZeitms="2023-01-11 09:59:58:000" Fahrtsp="-1" FahrtspStrecke="-1" FahrtspSignal="-1" FahrtspZugsicherung="-1" FahrtHLDruck="-1" FahrtParameter="48" FahrtFBSchalter="-10000"/>
<FahrtEintrag FahrtWeg="1751.3135" FahrtZeit="2023-01-11 09:59:58" Kennung_FahrtZeitms="2023-01-11 09:59:58:000" Fahrtsp="6.6141" FahrtspStrecke="11.1111" FahrtspSignal="11.1111" FahrtspZugsicherung="12.5" Fahrtkm="49.6279" FahrtHLDruck="5"/>
<FahrtEintrag FahrtTyp="8" FahrtWeg="-1" FahrtZeit="2023-01-11 09:59:58" Kennung_FahrtZeitms="2023-01-11 09:59:58:000" Fahrtsp="-1" FahrtspStrecke="-1" FahrtspSignal="-1" FahrtspZugsicherung="-1" FahrtHLDruck="-1" FahrtParameter="16" FahrtFBSchalter="-10000"/>
<FahrtEintrag FahrtWeg="1753.2504" FahrtZeit="2023-01-11 09:59:58" Kennung_FahrtZeitms="2023-01-11 09:59:58:000" Fahrtsp="6.6084" FahrtspStrecke="11.1111" FahrtspSignal="11.1111" FahrtspZugsicherung="12.5" Fahrtkm="49.6279" FahrtHLDruck="5"/>
<FahrtEintrag FahrtWeg="1778.4183" FahrtZeit="2023-01-11 10:00:02" Kennung_FahrtZeitms="2023-01-11 10:00:02:000" Fahrtsp="6.5338" FahrtspStrecke="11.1111" FahrtspSignal="11.1111" FahrtspZugsicherung="12.5" Fahrtkm="49.6279" FahrtHLDruck="5"/>
<FahrtEintrag FahrtWeg="1803.5404" FahrtZeit="2023-01-11 10:00:06" Kennung_FahrtZeitms="2023-01-11 10:00:06:000" Fahrtsp="6.4586" FahrtspStrecke="11.1111" FahrtspSignal="11.1111" FahrtspZugsicherung="12.5" Fahrtkm="49.6523" FahrtHLDruck="5"/>
<FahrtEintrag FahrtWeg="1828.6907" FahrtZeit="2023-01-11 10:00:10" Kennung_FahrtZeitms="2023-01-11 10:00:10:000" Fahrtsp="6.4196" FahrtspStrecke="11.1111" FahrtspSignal="11.1111" FahrtspZugsicherung="12.5" Fahrtkm="49.6523" FahrtHLDruck="5" FahrtFBSchalter="5"/>
<FahrtEintrag FahrtWeg="1853.7126" FahrtZeit="2023-01-11 10:00:14" Kennung_FahrtZeitms="2023-01-11 10:00:14:000" Fahrtsp="7.1072" FahrtspStrecke="11.1111" FahrtspSignal="11.1111" FahrtspZugsicherung="12.5" Fahrtkm="49.7235" FahrtHLDruck="5" FahrtFBSchalter="11"/>
<FahrtEintrag FahrtWeg="1878.822" FahrtZeit="2023-01-11 10:00:17" Kennung_FahrtZeitms="2023-01-11 10:00:17:000" Fahrtsp="8.497" FahrtspStrecke="11.1111" FahrtspSignal="11.1111" FahrtspZugsicherung="12.5" Fahrtkm="49.7412" FahrtHLDruck="5" FahrtFBSchalter="21"/>
<FahrtEintrag FahrtWeg="1903.8973" FahrtZeit="2023-01-11 10:00:20" Kennung_FahrtZeitms="2023-01-11 10:00:20:000" Fahrtsp="9.7647" FahrtspStrecke="11.1111" FahrtspSignal="11.1111" FahrtspZugsicherung="12.5" Fahrtkm="49.7696" FahrtHLDruck="5" FahrtFBSchalter="15"/>
<FahrtEintrag FahrtWeg="1929.0255" FahrtZeit="2023-01-11 10:00:22" Kennung_FahrtZeitms="2023-01-11 10:00:22:000" Fahrtsp="10.478" FahrtspStrecke="11.1111" FahrtspSignal="11.1111" FahrtspZugsicherung="12.5" Fahrtkm="49.7902" FahrtHLDruck="5" FahrtFBSchalter="7"/>
<FahrtEintrag FahrtWeg="1954.0426" FahrtZeit="2023-01-11 10:00:24" Kennung_FahrtZeitms="2023-01-11 10:00:24:000" Fahrtsp="10.5964" FahrtspStrecke="11.1111" FahrtspSignal="11.1111" FahrtspZugsicherung="12.5" Fahrtkm="49.8156" FahrtHLDruck="5"/>
<FahrtEintrag FahrtWeg="1979.0958" FahrtZeit="2023-01-11 10:00:27" Kennung_FahrtZeitms="2023-01-11 10:00:27:000" Fahrtsp="10.567" FahrtspStrecke="11.1111" FahrtspSignal="11.1111" FahrtspZugsicherung="12.5" Fahrtkm="49.8511" FahrtHLDruck="5"/>
<FahrtEintrag FahrtWeg="2004.1158" FahrtZeit="2023-01-11 10:00:29" Kennung_FahrtZeitms="2023-01-11 10:00:29:000" Fahrtsp="10.5375" FahrtspStrecke="11.1111" FahrtspSignal="11.1111" FahrtspZugsicherung="12.5" Fahrtkm="49.8678" FahrtHLDruck="5"/>
<FahrtEintrag FahrtTyp="5" FahrtWeg="-1" FahrtZeit="2023-01-11 10:00:30" Kennung_FahrtZeitms="2023-01-11 10:00:30:000" Fahrtsp="-1" FahrtspStrecke="-1" FahrtspSignal="-1" FahrtspZugsicherung="-1" FahrtText="Zugende passiert Ende Weichenbereich" FahrtHLDruck="-1" FahrtParameter="4" FahrtFBSchalter="-10000"/>
<FahrtEintrag FahrtWeg="2015.527" FahrtZeit="2023-01-11 10:00:30" Kennung_FahrtZeitms="2023-01-11 10:00:30:191" Fahrtsp="10.5241" FahrtspStrecke="11.1111" FahrtspSignal="-1" FahrtspZugsicherung="12.5" Fahrtkm="49.8678" FahrtHLDruck="5"/>
<FahrtEintrag FahrtWeg="2040.772" FahrtZeit="2023-01-11 10:00:33" Kennung_FahrtZeitms="2023-01-11 10:00:33:194" Fahrtsp="10.4943" FahrtspStrecke="11.1111" FahrtspSignal="-1" FahrtspZugsicherung="12.5" Fahrtkm="49.8678" FahrtHLDruck="5"/>
<FahrtEintrag FahrtWeg="2065.9541" FahrtZeit="2023-01-11 10:00:35" Kennung_FahrtZeitms="2023-01-11 10:00:35:197" Fahrtsp="10.4646" FahrtspStrecke="11.1111" FahrtspSignal="-1" FahrtspZugsicherung="12.5" Fahrtkm="49.8678" FahrtHLDruck="5"/>
<FahrtEintrag FahrtWeg="2090.9646" FahrtZeit="2023-01-11 10:00:37" Kennung_FahrtZeitms="2023-01-11 10:00:37:200" Fahrtsp="10.4351" FahrtspStrecke="11.1111" FahrtspSignal="-1" FahrtspZugsicherung="45.8333" Fahrtkm="49.8678" FahrtHLDruck="5"/>
<FahrtEintrag FahrtWeg="2116.1433" FahrtZeit="2023-01-11 10:00:40" Kennung_FahrtZeitms="2023-01-11 10:00:40:204" Fahrtsp="10.4053" FahrtspStrecke="11.1111" FahrtspSignal="-1" FahrtspZugsicherung="45.8333" Fahrtkm="49.9673" FahrtHLDruck="5"/>
<FahrtEintrag FahrtWeg="2141.3008" FahrtZeit="2023-01-11 10:00:42" Kennung_FahrtZeitms="2023-01-11 10:00:42:207" Fahrtsp="10.3756" FahrtspStrecke="11.1111" FahrtspSignal="-1" FahrtspZugsicherung="45.8333" Fahrtkm="49.9673" FahrtHLDruck="5"/>
<FahrtEintrag FahrtWeg="2166.501" FahrtZeit="2023-01-11 10:00:45" Kennung_FahrtZeitms="2023-01-11 10:00:45:210" Fahrtsp="10.3457" FahrtspStrecke="11.1111" FahrtspSignal="-1" FahrtspZugsicherung="45.8333" Fahrtkm="49.9673" FahrtHLDruck="5"/>
<FahrtEintrag FahrtTyp="8" FahrtWeg="-1" FahrtZeit="2023-01-11 10:00:45" Kennung_FahrtZeitms="2023-01-11 10:00:45:213" Fahrtsp="-1" FahrtspStrecke="-1" FahrtspSignal="-1" FahrtspZugsicherung="-1" FahrtHLDruck="-1" FahrtParameter="48" FahrtFBSchalter="-10000"/>
<FahrtEintrag FahrtWeg="2171.9551" FahrtZeit="2023-01-11 10:00:45" Kennung_FahrtZeitms="2023-01-11 10:00:45:216" Fahrtsp="10.3392" FahrtspStrecke="11.1111" FahrtspSignal="-1" FahrtspZugsicherung="45.8333" Fahrtkm="49.9673" FahrtHLDruck="5"/>
<FahrtEintrag FahrtTyp="8" FahrtWeg="-1" FahrtZeit="2023-01-11 10:00:45" Kennung_FahrtZeitms="2023-01-11 10:00:45:219" Fahrtsp="-1" FahrtspStrecke="-1" FahrtspSignal="-1" FahrtspZugsicherung="-1" FahrtHLDruck="-1" FahrtParameter="16" FahrtFBSchalter="-10000"/>
<FahrtEintrag FahrtWeg="2175.6777" FahrtZeit="2023-01-11 10:00:46" Kennung_FahrtZeitms="2023-01-11 10:00:46:223" Fahrtsp="10.3348" FahrtspStrecke="11.1111" FahrtspSignal="-1" FahrtspZugsicherung="45.8333" Fahrtkm="49.9673" FahrtHLDruck="5"/>
<FahrtEintrag FahrtWeg="2200.7927" FahrtZeit="2023-01-11 10:00:48" Kennung_FahrtZeitms="2023-01-11 10:00:48:226" Fahrtsp="10.305" FahrtspStrecke="11.1111" FahrtspSignal="-1" FahrtspZugsicherung="45.8333" Fahrtkm="50.0669" FahrtHLDruck="5"/>
<FahrtEintrag FahrtWeg="2225.7996" FahrtZeit="2023-01-11 10:00:50" Kennung_FahrtZeitms="2023-01-11 10:00:50:229" Fahrtsp="10.2753" FahrtspStrecke="11.1111" FahrtspSignal="-1" FahrtspZugsicherung="45.8333" Fahrtkm="50.0669" FahrtHLDruck="5"/>
<FahrtEintrag FahrtWeg="2250.8494" FahrtZeit="2023-01-11 10:00:53" Kennung_FahrtZeitms="2023-01-11 10:00:53:232" Fahrtsp="10.2454" FahrtspStrecke="11.1111" FahrtspSignal="-1" FahrtspZugsicherung="45.8333" Fahrtkm="50.0669" FahrtHLDruck="5"/>
<FahrtEintrag FahrtWeg="2275.9343" FahrtZeit="2023-01-11 10:00:55" Kennung_FahrtZeitms="2023-01-11 10:00:55:235" Fahrtsp="10.2156" FahrtspStrecke="11.1111" FahrtspSignal="-1" FahrtspZugsicherung="45.8333" Fahrtkm="50.0669" FahrtHLDruck="5"/>
<FahrtEintrag FahrtWeg="2301.0422" FahrtZeit="2023-01-11 10:00:58" Kennung_FahrtZeitms="2023-01-11 10:00:58:238" Fahrtsp="10.1856" FahrtspStrecke="11.1111" FahrtspSignal="-1" FahrtspZugsicherung="45.8333" Fahrtkm="50.1664" FahrtHLDruck="5"/>
<FahrtEintrag FahrtWeg="2326.1445" FahrtZeit="2023-01-11 10:01:00" Kennung_FahrtZeitms="2023-01-11 10:01:00:241" Fahrtsp="10.1556" FahrtspStrecke="11.1111" FahrtspSignal="-1" FahrtspZugsicherung="45.8333" Fahrtkm="50.1664" FahrtHLDruck="5"/>
<FahrtEintrag FahrtWeg="2351.385" FahrtZeit="2023-01-11 10:01:03" Kennung_FahrtZeitms="2023-01-11 10:01:03:244" Fahrtsp="10.1254" FahrtspStrecke="11.1111" FahrtspSignal="-1" FahrtspZugsicherung="45.8333" Fahrtkm="50.1664" FahrtHLDruck="5"/>
<FahrtEintrag FahrtWeg="2376.6223" FahrtZeit="2023-01-11 10:01:05" Kennung_FahrtZeitms="2023-01-11 10:01:05:247" Fahrtsp="10.0952" FahrtspStrecke="11.1111" FahrtspSignal="-1" FahrtspZugsicherung="45.8333" Fahrtkm="50.1664" FahrtHLDruck="5"/>
<FahrtEintrag FahrtWeg="2401.8208" FahrtZeit="2023-01-11 10:01:08" Kennung_FahrtZeitms="2023-01-11 10:01:08:250" Fahrtsp="10.065" FahrtspStrecke="11.1111" FahrtspSignal="-1" FahrtspZugsicherung="45.8333" Fahrtkm="50.1745" FahrtHLDruck="5"/>
<FahrtEintrag FahrtWeg="2427.0103" FahrtZeit="2023-01-11 10:01:10" Kennung_FahrtZeitms="2023-01-11 10:01:10:253" Fahrtsp="10.0347" FahrtspStrecke="11.1111" FahrtspSignal="-1" FahrtspZugsicherung="45.8333" Fahrtkm="50.1997" FahrtHLDruck="5"/>
<FahrtEintrag FahrtWeg="2452.1316" FahrtZeit="2023-01-11 10:01:13" Kennung_FahrtZeitms="2023-01-11 10:01:13:256" Fahrtsp="10.0045" FahrtspStrecke="11.1111" FahrtspSignal="-1" FahrtspZugsicherung="45.8333" Fahrtkm="50.2659" FahrtHLDruck="5"/>
<FahrtEintrag FahrtWeg="2477.2292" FahrtZeit="2023-01-11 10:01:15" Kennung_FahrtZeitms="2023-01-11 10:01:15:259" Fahrtsp="10.0253" FahrtspStrecke="11.1111" FahrtspSignal="-1" FahrtspZugsicherung="45.8333" Fahrtkm="50.2659" FahrtHLDruck="5" FahrtFBSchalter="4"/>
<FahrtEintrag FahrtWeg="2502.3718" FahrtZeit="2023-01-11 10:01:18" Kennung_FahrtZeitms="2023-01-11 10:01:18:262" Fahrtsp="10.2224" FahrtspStrecke="11.1111" FahrtspSignal="-1" FahrtspZugsicherung="45.8333" Fahrtkm="50.3654" FahrtHLDruck="5" FahrtFBSchalter="3"/>
<FahrtEintrag FahrtWeg="2527.501" FahrtZeit="2023-01-11 10:01:20" Kennung_FahrtZeitms="2023-01-11 10:01:20:265" Fahrtsp="10.4089" FahrtspStrecke="11.1111" FahrtspSignal="-1" FahrtspZugsicherung="45.8333" Fahrtkm="50.3654" FahrtHLDruck="5" FahrtFBSchalter="4"/>
<FahrtEintrag FahrtWeg="2552.6714" FahrtZeit="2023-01-11 10:01:22" Kennung_FahrtZeitms="2023-01-11 10:01:22:268" Fahrtsp="10.6123" FahrtspStrecke="11.1111" FahrtspSignal="-1" FahrtspZugsicherung="45.8333" Fahrtkm="50.3654" FahrtHLDruck="5" FahrtFBSchalter="4"/>
<FahrtEintrag FahrtWeg="2577.9036" FahrtZeit="2023-01-11 10:01:25" Kennung_FahrtZeitms="2023-01-11 10:01:25:271" Fahrtsp="10.8101" FahrtspStrecke="11.1111" FahrtspSignal="-1" FahrtspZugsicherung="45.8333" Fahrtkm="50.3654" FahrtHLDruck="5" FahrtFBSchalter="4"/>
<FahrtEintrag FahrtWeg="2603.1389" FahrtZeit="2023-01-11 10:01:27" Kennung_FahrtZeitms="2023-01-11 10:01:27:274" Fahrtsp="10.9324" FahrtspStrecke="11.1111" FahrtspSignal="-1" FahrtspZugsicherung="45.8333" Fahrtkm="50.4651" FahrtHLDruck="5"/>
<FahrtEintrag FahrtWeg="2628.3257" FahrtZeit="2023-01-11 10:01:29" Kennung_FahrtZeitms="2023-01-11 10:01:29:277" Fahrtsp="10.9032" FahrtspStrecke="11.1111" FahrtspSignal="-1" FahrtspZugsicherung="45.8333" Fahrtkm="50.465" FahrtHLDruck="5"/>
<FahrtEintrag FahrtWeg="2653.3586" FahrtZeit="2023-01-11 10:01:32" Kennung_FahrtZeitms="2023-01-11 10:01:32:280" Fahrtsp="10.8741" FahrtspStrecke="11.1111" FahrtspSignal="-1" FahrtspZugsicherung="45.8333" Fahrtkm="50.465" FahrtHLDruck="5"/>
<FahrtEintrag FahrtWeg="2678.3606" FahrtZeit="2023-01-11 10:01:34" Kennung_FahrtZeitms="2023-01-11 10:01:34:283" Fahrtsp="10.845" FahrtspStrecke="11.1111" FahrtspSignal="-1" FahrtspZugsicherung="45.8333" Fahrtkm="50.5392" FahrtHLDruck="5"/>
<FahrtEintrag FahrtWeg="2703.4856" FahrtZeit="2023-01-11 10:01:36" Kennung_FahrtZeitms="2023-02-01 10:01:36:305" Fahrtsp="10.8157" FahrtspStrecke="11.1111" FahrtspSignal="-1" FahrtspZugsicherung="45.8333" Fahrtkm="50.5646" FahrtHLDruck="5"/>
<FahrtEintrag FahrtWeg="2728.6951" FahrtZeit="2023-01-11 10:01:38" Fahrtsp="10.7863" FahrtspStrecke="11.1111" FahrtspSignal="-1" FahrtspZugsicherung="45.8333" Fahrtkm="50.5646" FahrtHLDruck="5"/>
<FahrtEintrag FahrtTyp="8" FahrtWeg="-1" FahrtZeit="2023-01-11 10:01:40" Kennung_FahrtZeitms="2023-02-01 10:01:40:509" Fahrtsp="-1" FahrtspStrecke="-1" FahrtspSignal="-1" FahrtspZugsicherung="-1" FahrtHLDruck="-1" FahrtParameter="48" FahrtFBSchalter="-10000"/>
<FahrtEintrag FahrtWeg="2758.6679" FahrtZeit="2023-01-11 10:01:40" Kennung_FahrtZeitms="2023-02-01 10:01:40:801" Fahrtsp="10.7409" FahrtspStrecke="11.1111" FahrtspSignal="-1" FahrtspZugsicherung="45.8333" Fahrtkm="50.5646" FahrtHLDruck="5"/>
<FahrtEintrag FahrtTyp="8" FahrtWeg="-1" FahrtZeit="2023-01-11 10:01:40" Kennung_FahrtZeitms="2023-02-01 10:01:40:942" Fahrtsp="-1" FahrtspStrecke="-1" FahrtspSignal="-1" FahrtspZugsicherung="-1" FahrtHLDruck="-1" FahrtParameter="16" FahrtFBSchalter="-10000"/>
<FahrtEintrag FahrtWeg="2753.801" FahrtZeit="2023-01-11 10:01:41" Kennung_FahrtZeitms="2023-02-01 10:01:41:258" Fahrtsp="10.757" FahrtspStrecke="11.1111" FahrtspSignal="-1" FahrtspZugsicherung="45.8333" Fahrtkm="50.6196" FahrtHLDruck="5"/>
<FahrtEintrag FahrtWeg="2767.6084" FahrtZeit="2023-01-11 10:01:42" Kennung_FahrtZeitms="2023-01-11 10:01:42:000" Fahrtsp="10.7409" FahrtspStrecke="11.1111" FahrtspSignal="-1" FahrtspZugsicherung="45.8333" Fahrtkm="50.6146" FahrtHLDruck="5"/>
<FahrtEintrag FahrtWeg="2770.4795" FahrtZeit="2023-01-11 10:01:42" Kennung_FahrtZeitms="2023-01-11 10:01:42:267" Fahrtsp="10.7375" FahrtspStrecke="11.1111" FahrtspSignal="-1" FahrtspZugsicherung="45.8333" Fahrtkm="50.6146" FahrtHLDruck="5"/>
<FahrtEintrag FahrtWeg="2795.5962" FahrtZeit="2023-01-11 10:01:44" Kennung_FahrtZeitms="2023-01-11 10:01:44:913" Fahrtsp="10.7082" FahrtspStrecke="11.1111" FahrtspSignal="-1" FahrtspZugsicherung="45.8333" Fahrtkm="50.6641" FahrtHLDruck="5"/>
<FahrtEintrag FahrtWeg="2820.6074" FahrtZeit="2023-01-11 10:01:47" Kennung_FahrtZeitms="2023-01-11 10:01:47:256" Fahrtsp="10.6789" FahrtspStrecke="11.1111" FahrtspSignal="-1" FahrtspZugsicherung="45.8333" Fahrtkm="50.6641" FahrtHLDruck="5"/>
<FahrtEintrag FahrtWeg="2845.6462" FahrtZeit="2023-01-11 10:01:49" Kennung_FahrtZeitms="2023-01-11 10:01:49:599" Fahrtsp="10.6496" FahrtspStrecke="11.1111" FahrtspSignal="-1" FahrtspZugsicherung="45.8333" Fahrtkm="50.6641" FahrtHLDruck="5"/>
<FahrtEintrag FahrtWeg="2870.7078" FahrtZeit="2023-01-11 10:01:51" Kennung_FahrtZeitms="2023-01-11 10:01:51:942" Fahrtsp="10.6202" FahrtspStrecke="11.1111" FahrtspSignal="-1" FahrtspZugsicherung="45.8333" Fahrtkm="50.6641" FahrtHLDruck="5"/>
<FahrtEintrag FahrtWeg="2895.9382" FahrtZeit="2023-01-11 10:01:54" Kennung_FahrtZeitms="2023-01-11 10:01:54:284" Fahrtsp="10.5906" FahrtspStrecke="11.1111" FahrtspSignal="-1" FahrtspZugsicherung="45.8333" Fahrtkm="50.7637" FahrtHLDruck="5"/>
<FahrtEintrag FahrtWeg="2920.9929" FahrtZeit="2023-01-11 10:01:56" Kennung_FahrtZeitms="2023-01-11 10:01:56:627" Fahrtsp="10.5611" FahrtspStrecke="11.1111" FahrtspSignal="-1" FahrtspZugsicherung="45.8333" Fahrtkm="50.7637" FahrtHLDruck="5"/>
<FahrtEintrag FahrtWeg="2946.0984" FahrtZeit="2023-01-11 10:01:58" Kennung_FahrtZeitms="2023-01-11 10:01:58:970" Fahrtsp="10.5316" FahrtspStrecke="11.1111" FahrtspSignal="-1" FahrtspZugsicherung="45.8333" Fahrtkm="50.7637" FahrtHLDruck="5"/>
<FahrtEintrag FahrtWeg="2971.2605" FahrtZeit="2023-01-11 10:02:01" Kennung_FahrtZeitms="2023-01-11 10:02:01:313" Fahrtsp="10.5019" FahrtspStrecke="11.1111" FahrtspSignal="-1" FahrtspZugsicherung="45.8333" Fahrtkm="50.7637" FahrtHLDruck="5"/>
<FahrtEintrag FahrtWeg="2996.4182" FahrtZeit="2023-01-11 10:02:03" Kennung_FahrtZeitms="2023-01-11 10:02:03:655" Fahrtsp="10.4722" FahrtspStrecke="11.1111" FahrtspSignal="-1" FahrtspZugsicherung="45.8333" Fahrtkm="50.8632" FahrtHLDruck="5"/>
<FahrtEintrag FahrtWeg="3021.5989" FahrtZeit="2023-01-11 10:02:05" Kennung_FahrtZeitms="2023-01-11 10:02:05:998" Fahrtsp="10.4425" FahrtspStrecke="11.1111" FahrtspSignal="-1" FahrtspZugsicherung="45.8333" Fahrtkm="50.8633" FahrtHLDruck="5"/>
<FahrtEintrag FahrtWeg="3046.7603" FahrtZeit="2023-01-11 10:02:08" Kennung_FahrtZeitms="2023-01-11 10:02:08:341" Fahrtsp="10.4128" FahrtspStrecke="11.1111" FahrtspSignal="-1" FahrtspZugsicherung="45.8333" Fahrtkm="50.8633" FahrtHLDruck="5"/>
<FahrtEintrag FahrtWeg="3071.9727" FahrtZeit="2023-01-11 10:02:10" Kennung_FahrtZeitms="2023-01-11 10:02:10:684" Fahrtsp="10.3829" FahrtspStrecke="11.1111" FahrtspSignal="-1" FahrtspZugsicherung="45.8333" Fahrtkm="50.8633" FahrtHLDruck="5"/>
<FahrtEintrag FahrtWeg="3097.0391" FahrtZeit="2023-01-11 10:02:13" Kennung_FahrtZeitms="2023-01-11 10:02:13:026" Fahrtsp="10.3532" FahrtspStrecke="11.1111" FahrtspSignal="-1" FahrtspZugsicherung="45.8333" Fahrtkm="50.9629" FahrtHLDruck="5"/>
<FahrtEintrag FahrtWeg="3122.2888" FahrtZeit="2023-01-11 10:02:15" Kennung_FahrtZeitms="2023-01-11 10:02:15:369" Fahrtsp="10.3233" FahrtspStrecke="11.1111" FahrtspSignal="-1" FahrtspZugsicherung="45.8333" Fahrtkm="50.9629" FahrtHLDruck="5"/>
<FahrtEintrag FahrtWeg="3147.3223" FahrtZeit="2023-01-11 10:02:17" Kennung_FahrtZeitms="2023-01-11 10:02:17:712" Fahrtsp="10.2935" FahrtspStrecke="11.1111" FahrtspSignal="-1" FahrtspZugsicherung="45.8333" Fahrtkm="50.9629" FahrtHLDruck="5"/>
<FahrtEintrag FahrtWeg="3172.4688" FahrtZeit="2023-01-11 10:02:20" Kennung_FahrtZeitms="2023-01-11 10:02:20:163" Fahrtsp="10.2635" FahrtspStrecke="11.1111" FahrtspSignal="-1" FahrtspZugsicherung="45.8333" Fahrtkm="51.0379" FahrtHLDruck="5"/>
<FahrtEintrag FahrtWeg="3197.5015" FahrtZeit="2023-01-11 10:02:22" Kennung_FahrtZeitms="2023-01-11 10:02:22:609" Fahrtsp="10.2337" FahrtspStrecke="11.1111" FahrtspSignal="-1" FahrtspZugsicherung="45.8333" Fahrtkm="51.0625" FahrtHLDruck="5"/>
<FahrtEintrag FahrtWeg="3222.7483" FahrtZeit="2023-01-11 10:02:25" Kennung_FahrtZeitms="2023-01-11 10:02:25:084" Fahrtsp="10.2037" FahrtspStrecke="11.1111" FahrtspSignal="-1" FahrtspZugsicherung="45.8333" Fahrtkm="51.0625" FahrtHLDruck="5"/>
<FahrtEintrag FahrtWeg="3247.8396" FahrtZeit="2023-01-11 10:02:27" Kennung_FahrtZeitms="2023-01-11 10:02:27:549" Fahrtsp="10.1737" FahrtspStrecke="11.1111" FahrtspSignal="-1" FahrtspZugsicherung="45.8333" Fahrtkm="51.0625" FahrtHLDruck="5"/>
<FahrtEintrag FahrtWeg="3273.0068" FahrtZeit="2023-01-11 10:02:30" Kennung_FahrtZeitms="2023-01-11 10:02:30:030" Fahrtsp="10.1436" FahrtspStrecke="11.1111" FahrtspSignal="-1" FahrtspZugsicherung="45.8333" Fahrtkm="51.1379" FahrtHLDruck="5"/>
<FahrtEintrag FahrtWeg="3298.1167" FahrtZeit="2023-01-11 10:02:32" Kennung_FahrtZeitms="2023-01-11 10:02:32:512" Fahrtsp="10.1136" FahrtspStrecke="11.1111" FahrtspSignal="-1" FahrtspZugsicherung="45.8333" Fahrtkm="51.162" FahrtHLDruck="5"/>
<FahrtEintrag FahrtWeg="3323.1479" FahrtZeit="2023-01-11 10:02:35" Kennung_FahrtZeitms="2023-01-11 10:02:35:995" Fahrtsp="10.0836" FahrtspStrecke="11.1111" FahrtspSignal="-1" FahrtspZugsicherung="45.8333" Fahrtkm="51.162" FahrtHLDruck="5"/>
<FahrtEintrag FahrtWeg="3348.1665" FahrtZeit="2023-01-11 10:02:37" Kennung_FahrtZeitms="2023-01-11 10:02:37:484" Fahrtsp="10.0536" FahrtspStrecke="11.1111" FahrtspSignal="-1" FahrtspZugsicherung="45.8333" Fahrtkm="51.2129" FahrtHLDruck="5"/>
<FahrtEintrag FahrtWeg="3373.2466" FahrtZeit="2023-01-11 10:02:40" Kennung_FahrtZeitms="2023-01-11 10:02:40:986" Fahrtsp="10.0235" FahrtspStrecke="11.1111" FahrtspSignal="-1" FahrtspZugsicherung="45.8333" Fahrtkm="51.2129" FahrtHLDruck="5"/>
<FahrtEintrag FahrtWeg="3398.4297" FahrtZeit="2023-01-11 10:02:43" Kennung_FahrtZeitms="2023-01-11 10:02:43:505" Fahrtsp="9.9932" FahrtspStrecke="11.1111" FahrtspSignal="-1" FahrtspZugsicherung="45.8333" Fahrtkm="51.2616" FahrtHLDruck="5"/>
<FahrtEintrag FahrtWeg="3423.5898" FahrtZeit="2023-01-11 10:02:46" Kennung_FahrtZeitms="2023-01-11 10:02:46:030" Fahrtsp="9.9628" FahrtspStrecke="11.1111" FahrtspSignal="-1" FahrtspZugsicherung="45.8333" Fahrtkm="51.2879" FahrtHLDruck="5"/>
<FahrtEintrag FahrtWeg="3448.8167" FahrtZeit="2023-01-11 10:02:48" Kennung_FahrtZeitms="2023-01-11 10:02:48:570" Fahrtsp="9.9324" FahrtspStrecke="11.1111" FahrtspSignal="-1" FahrtspZugsicherung="45.8333" Fahrtkm="51.2879" FahrtHLDruck="5"/>
<FahrtEintrag FahrtWeg="3473.9421" FahrtZeit="2023-01-11 10:02:51" Kennung_FahrtZeitms="2023-01-11 10:02:51:107" Fahrtsp="9.9021" FahrtspStrecke="11.1111" FahrtspSignal="-1" FahrtspZugsicherung="45.8333" Fahrtkm="51.2879" FahrtHLDruck="5"/>
<FahrtEintrag FahrtWeg="3500.0747" FahrtZeit="2023-01-11 10:02:53" Kennung_FahrtZeitms="2023-01-11 10:02:53:51" Fahrtsp="9.8717" FahrtspStrecke="11.1111" FahrtspSignal="-1" FahrtspZugsicherung="45.8333" Fahrtkm="51.3611" FahrtHLDruck="5"/>
<FahrtEintrag FahrtTyp="8" FahrtWeg="-1" FahrtZeit="2023-01-11 10:02:55" Kennung_FahrtZeitms="2023-01-11 10:02:55:712" Fahrtsp="-1" FahrtspStrecke="-1" FahrtspSignal="-1" FahrtspZugsicherung="-1" FahrtHLDruck="-1" FahrtParameter="48" FahrtFBSchalter="-10000"/>
<FahrtEintrag FahrtWeg="3522.9586" FahrtZeit="2023-01-11 10:02:55" Kennung_FahrtZeitms="2023-01-11 10:02:55:812" Fahrtsp="9.7789" FahrtspStrecke="11.1111" FahrtspSignal="-1" FahrtspZugsicherung="45.8333" Fahrtkm="51.3839" FahrtHLDruck="5"/>
<FahrtEintrag FahrtTyp="8" FahrtWeg="-1" FahrtZeit="2023-01-11 10:02:55" Kennung_FahrtZeitms="2023-01-11 10:02:55:991" Fahrtsp="-1" FahrtspStrecke="-1" FahrtspSignal="-1" FahrtspZugsicherung="-1" FahrtHLDruck="-1" FahrtParameter="16" FahrtFBSchalter="-10000"/>
<FahrtEintrag FahrtWeg="3522.9586" FahrtZeit="2023-01-11 10:02:55" Kennung_FahrtZeitms="2023-01-11 10:02:55:812" Fahrtsp="9.7789" FahrtspStrecke="11.1111" FahrtspSignal="-1" FahrtspZugsicherung="45.8333" Fahrtkm="51.3839" FahrtHLDruck="5"/>
<FahrtEintrag FahrtWeg="3524.147" FahrtZeit="2023-01-11 10:02:56" Kennung_FahrtZeitms="2023-01-11 10:02:56:941" Fahrtsp="9.8414" FahrtspStrecke="11.1111" FahrtspSignal="-1" FahrtspZugsicherung="45.8333" Fahrtkm="51.3840" FahrtHLDruck="5"/>
<FahrtEintrag FahrtWeg="3549.3591" FahrtZeit="2023-01-11 10:02:58" Kennung_FahrtZeitms="2023-01-11 10:02:58:428" Fahrtsp="9.7708" FahrtspStrecke="11.1111" FahrtspSignal="-1" FahrtspZugsicherung="45.8333" Fahrtkm="51.3840" FahrtHLDruck="5"/>
<FahrtEintrag FahrtWeg="3574.4167" FahrtZeit="2023-01-11 10:03:01" Kennung_FahrtZeitms="2023-01-11 10:03:01:028" Fahrtsp="9.7704" FahrtspStrecke="11.1111" FahrtspSignal="-1" FahrtspZugsicherung="45.8333" Fahrtkm="51.384" FahrtHLDruck="5"/>
<FahrtEintrag FahrtWeg="3575.6448" FahrtZeit="2023-01-11 10:03:01" Kennung_FahrtZeitms="2023-01-11 10:03:01:141" Fahrtsp="9.7689" FahrtspStrecke="11.1111" FahrtspSignal="-1" FahrtspZugsicherung="45.8333" Fahrtkm="51.384" FahrtHLDruck="5"/>
<FahrtEintrag FahrtWeg="3578.1072" FahrtZeit="2023-01-11 10:03:01" Kennung_FahrtZeitms="2023-01-11 10:03:01:367" Fahrtsp="9.7659" FahrtspStrecke="11.1111" FahrtspSignal="-1" FahrtspZugsicherung="45.8333" Fahrtkm="51.384" FahrtHLDruck="5"/>
<FahrtEintrag FahrtWeg="3603.1143" FahrtZeit="2023-01-11 10:03:04" Kennung_FahrtZeitms="2023-01-11 10:03:04:257" Fahrtsp="9.7455" FahrtspStrecke="11.1111" FahrtspSignal="-1" FahrtspZugsicherung="45.8333" Fahrtkm="51.4606" FahrtHLDruck="5"/>
<FahrtEintrag FahrtWeg="3628.1519" FahrtZeit="2023-01-11 10:03:06" Kennung_FahrtZeitms="2023-01-11 10:03:06:507" Fahrtsp="9.715" FahrtspStrecke="11.1111" FahrtspSignal="-1" FahrtspZugsicherung="45.8333" Fahrtkm="51.4606" FahrtHLDruck="5"/>
<FahrtEintrag FahrtWeg="3653.2595" FahrtZeit="2023-01-11 10:03:09" Kennung_FahrtZeitms="2023-01-11 10:03:09:507" Fahrtsp="9.6844" FahrtspStrecke="11.1111" FahrtspSignal="-1" FahrtspZugsicherung="45.8333" Fahrtkm="51.4606" FahrtHLDruck="5"/>
<FahrtEintrag FahrtWeg="3678.4565" FahrtZeit="2023-01-11 10:03:12" Kennung_FahrtZeitms="2023-01-11 10:03:12:467" Fahrtsp="9.6536" FahrtspStrecke="11.1111" FahrtspSignal="-1" FahrtspZugsicherung="45.8333" Fahrtkm="51.4606" FahrtHLDruck="5"/>
<FahrtEintrag FahrtTyp="5" FahrtWeg="3687.9402" FahrtZeit="2023-01-11 10:03:13" Kennung_FahrtZeitms="2023-01-11 10:03:13:367" Fahrtsp="9.6417" FahrtspStrecke="11.1111" FahrtspSignal="-1" FahrtspZugsicherung="45.8333" Fahrtkm="51.4606" FahrtHLDruck="5"/>
<FahrtEintrag FahrtTyp="5" FahrtWeg="-1" FahrtZeit="2023-01-11 10:03:13" Kennung_FahrtZeitms="2023-01-11 10:03:13:367" Fahrtsp="-1" FahrtspStrecke="-1" FahrtspSignal="-1" FahrtspZugsicherung="-1" FahrtText="Zugende passiert Ende Weichenbereich" FahrtHLDruck="-1" FahrtParameter="4" FahrtFBSchalter="-10000"/>
<FahrtEintrag FahrtWeg="3688.1709" FahrtZeit="2023-01-11 10:03:13" Kennung_FahrtZeitms="2023-01-11 10:03:13:476" Fahrtsp="9.6416" FahrtspStrecke="11.1111" FahrtspSignal="-1" FahrtspZugsicherung="45.8333" Fahrtkm="51.5601" FahrtHLDruck="5"/>
<FahrtEintrag FahrtTyp="5" FahrtWeg="-1" FahrtZeit="2023-01-11 10:03:15" Kennung_FahrtZeitms="2023-01-11 10:03:15:481" Fahrtsp="-1" FahrtspStrecke="-1" FahrtspSignal="-1" FahrtspZugsicherung="-1" FahrtText="Zugende passiert Ende Weichenbereich" FahrtHLDruck="-1" FahrtParameter="4" FahrtFBSchalter="-10000"/>
<FahrtEintrag FahrtWeg="3708.1108" FahrtZeit="2023-01-11 10:03:15" Kennung_FahrtZeitms="2023-01-11 10:03:15:544" Fahrtsp="9.6173" FahrtspStrecke="11.1111" FahrtspSignal="-1" FahrtspZugsicherung="45.8333" Fahrtkm="51.5681" FahrtHLDruck="5"/>
<FahrtEintrag FahrtWeg="3733.2883" FahrtZeit="2023-01-11 10:03:17" Kennung_FahrtZeitms="2023-01-11 10:03:17:612" Fahrtsp="9.5865" FahrtspStrecke="11.1111" FahrtspSignal="-1" FahrtspZugsicherung="45.8333" Fahrtkm="51.5681" FahrtHLDruck="5"/>
<FahrtEintrag FahrtWeg="3758.3162" FahrtZeit="2023-01-11 10:03:20" Kennung_FahrtZeitms="2023-01-11 10:03:20:348" Fahrtsp="9.5557" FahrtspStrecke="11.1111" FahrtspSignal="-1" FahrtspZugsicherung="45.8333" Fahrtkm="51.6259" FahrtHLDruck="5"/>
<FahrtEintrag FahrtWeg="3783.469" FahrtZeit="2023-01-11 10:03:23" Kennung_FahrtZeitms="2023-01-11 10:03:23:068" Fahrtsp="9.5248" FahrtspStrecke="11.1111" FahrtspSignal="-1" FahrtspZugsicherung="45.8333" Fahrtkm="51.6259" FahrtHLDruck="5"/>
<FahrtEintrag FahrtWeg="3808.6768" FahrtZeit="2023-01-11 10:03:25" Kennung_FahrtZeitms="2023-01-11 10:03:25:782" Fahrtsp="9.4938" FahrtspStrecke="11.1111" FahrtspSignal="-1" FahrtspZugsicherung="45.8333" Fahrtkm="51.6597" FahrtHLDruck="5"/>
<FahrtEintrag FahrtWeg="3833.7996" FahrtZeit="2023-01-11 10:03:28" Kennung_FahrtZeitms="2023-01-11 10:03:28:488" Fahrtsp="9.4628" FahrtspStrecke="11.1111" FahrtspSignal="-1" FahrtspZugsicherung="45.8333" Fahrtkm="51.6597" FahrtHLDruck="5"/>
<FahrtEintrag FahrtWeg="3858.8052" FahrtZeit="2023-01-11 10:03:31" Kennung_FahrtZeitms="2023-01-11 10:03:31:192" Fahrtsp="9.4319" FahrtspStrecke="11.1111" FahrtspSignal="-1" FahrtspZugsicherung="45.8333" Fahrtkm="51.6597" FahrtHLDruck="5"/>
<FahrtEintrag FahrtWeg="3883.8513" FahrtZeit="2023-01-11 10:03:33" Kennung_FahrtZeitms="2023-01-11 10:03:33:960" Fahrtsp="9.4009" FahrtspStrecke="11.1111" FahrtspSignal="-1" FahrtspZugsicherung="45.8333" Fahrtkm="51.6597" FahrtHLDruck="5"/>
<FahrtEintrag FahrtWeg="3908.8928" FahrtZeit="2023-01-11 10:03:36" Kennung_FahrtZeitms="2023-01-11 10:03:36:672" Fahrtsp="9.3699" FahrtspStrecke="11.1111" FahrtspSignal="-1" FahrtspZugsicherung="45.8333" Fahrtkm="51.7593" FahrtHLDruck="5"/>
<FahrtEintrag FahrtWeg="3933.9641" FahrtZeit="2023-01-11 10:03:39" Kennung_FahrtZeitms="2023-01-11 10:03:39:388" Fahrtsp="9.3388" FahrtspStrecke="11.1111" FahrtspSignal="-1" FahrtspZugsicherung="45.8333" Fahrtkm="51.7593" FahrtHLDruck="5"/>
<FahrtEintrag FahrtWeg="3959.0293" FahrtZeit="2023-01-11 10:03:41" Kennung_FahrtZeitms="2023-01-11 10:03:41:904" Fahrtsp="9.3076" FahrtspStrecke="11.1111" FahrtspSignal="-1" FahrtspZugsicherung="45.8333" Fahrtkm="51.7593" FahrtHLDruck="5"/>
<FahrtEintrag FahrtWeg="3984.1516" FahrtZeit="2023-01-11 10:03:44" Kennung_FahrtZeitms="2023-01-11 10:03:44:180" Fahrtsp="9.5937" FahrtspStrecke="11.1111" FahrtspSignal="-1" FahrtspZugsicherung="45.8333" Fahrtkm="51.7593" FahrtHLDruck="5" FahrtFBSchalter="3"/>
<FahrtEintrag FahrtWeg="4009.1809" FahrtZeit="2023-01-11 10:03:46" Kennung_FahrtZeitms="2023-01-11 10:03:46:592" Fahrtsp="9.657" FahrtspStrecke="11.1111" FahrtspSignal="-1" FahrtspZugsicherung="45.8333" Fahrtkm="51.8588" FahrtHLDruck="5" FahrtFBSchalter="5"/>
<FahrtEintrag FahrtWeg="4034.2046" FahrtZeit="2023-01-11 10:03:49" Kennung_FahrtZeitms="2023-01-11 10:03:49:684" Fahrtsp="10.0227" FahrtspStrecke="11.1111" FahrtspSignal="-1" FahrtspZugsicherung="45.8333" Fahrtkm="51.8588" FahrtHLDruck="5" FahrtFBSchalter="5"/>
<FahrtEintrag FahrtWeg="4059.3269" FahrtZeit="2023-01-11 10:03:51" Kennung_FahrtZeitms="2023-01-11 10:03:51:912" Fahrtsp="10.2872" FahrtspStrecke="11.1111" FahrtspSignal="-1" FahrtspZugsicherung="45.8333" Fahrtkm="51.8588" FahrtHLDruck="5" FahrtFBSchalter="2"/>
<FahrtEintrag FahrtWeg="4084.4941" FahrtZeit="2023-01-11 10:03:54" Kennung_FahrtZeitms="2023-01-11 10:03:54:280" Fahrtsp="10.2631" FahrtspStrecke="11.1111" FahrtspSignal="-1" FahrtspZugsicherung="45.8333" Fahrtkm="51.8588" FahrtHLDruck="5"/>
<FahrtEintrag FahrtWeg="4109.6011" FahrtZeit="2023-01-11 10:03:56" Kennung_FahrtZeitms="2023-01-11 10:03:56:628" Fahrtsp="10.2332" FahrtspStrecke="11.1111" FahrtspSignal="-1" FahrtspZugsicherung="45.8333" Fahrtkm="51.9584" FahrtHLDruck="5"/>
<FahrtEintrag FahrtWeg="4134.606" FahrtZeit="2023-01-11 10:03:59" Kennung_FahrtZeitms="2023-01-11 10:03:59:148" Fahrtsp="10.2034" FahrtspStrecke="11.1111" FahrtspSignal="-1" FahrtspZugsicherung="45.8333" Fahrtkm="51.9584" FahrtHLDruck="5"/>
<FahrtEintrag FahrtWeg="4159.7065" FahrtZeit="2023-01-11 10:04:01" Kennung_FahrtZeitms="2023-01-11 10:04:01:567" Fahrtsp="10.1734" FahrtspStrecke="11.1111" FahrtspSignal="-1" FahrtspZugsicherung="45.8333" Fahrtkm="51.9584" FahrtHLDruck="5"/>
<FahrtEintrag FahrtWeg="4184.8105" FahrtZeit="2023-01-11 10:04:04" Kennung_FahrtZeitms="2023-01-11 10:04:04:048" Fahrtsp="10.1434" FahrtspStrecke="11.1111" FahrtspSignal="-1" FahrtspZugsicherung="45.8333" Fahrtkm="51.9584" FahrtHLDruck="5"/>
<FahrtEintrag FahrtWeg="4209.8701" FahrtZeit="2023-01-11 10:04:06" Kennung_FahrtZeitms="2023-01-11 10:04:06:446" Fahrtsp="10.1134" FahrtspStrecke="11.1111" FahrtspSignal="-1" FahrtspZugsicherung="45.8333" Fahrtkm="52.0719" FahrtHLDruck="5"/>
<FahrtEintrag FahrtWeg="4235.1167" FahrtZeit="2023-01-11 10:04:09" Kennung_FahrtZeitms="2023-01-11 10:04:09:032" Fahrtsp="10.0832" FahrtspStrecke="11.1111" FahrtspSignal="-1" FahrtspZugsicherung="45.8333" Fahrtkm="52.0719" FahrtHLDruck="5"/>
<FahrtEintrag FahrtWeg="4260.2183" FahrtZeit="2023-01-11 10:04:11" Kennung_FahrtZeitms="2023-01-11 10:04:11:493" Fahrtsp="10.053" FahrtspStrecke="11.1111" FahrtspSignal="-1" FahrtspZugsicherung="45.8333" Fahrtkm="52.0719" FahrtHLDruck="5"/>
<FahrtEintrag FahrtWeg="4285.2622" FahrtZeit="2023-01-11 10:04:14" Kennung_FahrtZeitms="2023-01-11 10:04:14:120" Fahrtsp="10.023" FahrtspStrecke="11.1111" FahrtspSignal="-1" FahrtspZugsicherung="45.8333" Fahrtkm="52.1469" FahrtHLDruck="5"/>
<FahrtEintrag FahrtWeg="4310.4727" FahrtZeit="2023-01-11 10:04:16" Kennung_FahrtZeitms="2023-01-11 10:04:16:568" Fahrtsp="9.9927" FahrtspStrecke="11.1111" FahrtspSignal="-1" FahrtspZugsicherung="45.8333" Fahrtkm="52.1576" FahrtHLDruck="5"/>
<FahrtEintrag FahrtWeg="4335.6235" FahrtZeit="2023-01-11 10:04:19" Kennung_FahrtZeitms="2023-01-11 10:04:19:000" Fahrtsp="9.9624" FahrtspStrecke="11.1111" FahrtspSignal="-1" FahrtspZugsicherung="45.8333" Fahrtkm="52.1576" FahrtHLDruck="5"/>
<FahrtEintrag FahrtWeg="4360.8164" FahrtZeit="2023-01-11 10:04:21" Kennung_FahrtZeitms="2023-01-11 10:04:21:431" Fahrtsp="9.932" FahrtspStrecke="11.1111" FahrtspSignal="-1" FahrtspZugsicherung="45.8333" Fahrtkm="52.2219" FahrtHLDruck="5"/>
<FahrtEintrag FahrtWeg="4385.9395" FahrtZeit="2023-01-11 10:04:24" Kennung_FahrtZeitms="2023-01-11 10:04:24:008" Fahrtsp="9.9017" FahrtspStrecke="11.1111" FahrtspSignal="-1" FahrtspZugsicherung="45.8333" Fahrtkm="52.2571" FahrtHLDruck="5"/>
<FahrtEintrag FahrtWeg="4410.9839" FahrtZeit="2023-01-11 10:04:26" Kennung_FahrtZeitms="2023-01-11 10:04:26:913" Fahrtsp="10.0184" FahrtspStrecke="11.1111" FahrtspSignal="-1" FahrtspZugsicherung="45.8333" Fahrtkm="52.2571" FahrtHLDruck="5" FahrtFBSchalter="8"/>
<FahrtEintrag FahrtWeg="4436.2075" FahrtZeit="2023-01-11 10:04:29" Kennung_FahrtZeitms="2023-01-11 10:04:29:560" Fahrtsp="10.4726" FahrtspStrecke="11.1111" FahrtspSignal="-1" FahrtspZugsicherung="45.8333" Fahrtkm="52.2571" FahrtHLDruck="5" FahrtFBSchalter="8"/>
<FahrtEintrag FahrtWeg="4461.4541" FahrtZeit="2023-01-11 10:04:31" Kennung_FahrtZeitms="2023-01-11 10:04:31:991" Fahrtsp="10.7776" FahrtspStrecke="11.1111" FahrtspSignal="-1" FahrtspZugsicherung="45.8333" Fahrtkm="52.3327" FahrtHLDruck="5"/>
<FahrtEintrag FahrtWeg="4486.4761" FahrtZeit="2023-01-11 10:04:34" Kennung_FahrtZeitms="2023-01-11 10:04:34:240" Fahrtsp="10.5908" FahrtspStrecke="11.1111" FahrtspSignal="-1" FahrtspZugsicherung="45.8333" Fahrtkm="52.3567" FahrtHLDruck="5"/>
<FahrtEintrag FahrtWeg="4511.6631" FahrtZeit="2023-01-11 10:04:36" Kennung_FahrtZeitms="2023-01-11 10:04:36:766" Fahrtsp="10.2758" FahrtspStrecke="11.1111" FahrtspSignal="-1" FahrtspZugsicherung="45.8333" Fahrtkm="52.3567" FahrtHLDruck="5"/>
<FahrtEintrag FahrtWeg="4536.8008" FahrtZeit="2023-01-11 10:04:39" Kennung_FahrtZeitms="2023-01-11 10:04:39:552" Fahrtsp="9.9503" FahrtspStrecke="11.1111" FahrtspSignal="-1" FahrtspZugsicherung="45.8333" Fahrtkm="52.3567" FahrtHLDruck="5"/>
<FahrtEintrag FahrtWeg="4562.0283" FahrtZeit="2023-01-11 10:04:41" Kennung_FahrtZeitms="2023-01-11 10:04:41:681" Fahrtsp="9.7573" FahrtspStrecke="11.1111" FahrtspSignal="-1" FahrtspZugsicherung="45.8333" Fahrtkm="52.3567" FahrtHLDruck="5" FahrtFBSchalter="3"/>
<FahrtEintrag FahrtWeg="4587.1304" FahrtZeit="2023-01-11 10:04:44" Kennung_FahrtZeitms="2023-01-11 10:04:44:048" Fahrtsp="9.7371" FahrtspStrecke="11.1111" FahrtspSignal="-1" FahrtspZugsicherung="45.8333" Fahrtkm="52.4563" FahrtHLDruck="5" FahrtFBSchalter="6"/>
<FahrtEintrag FahrtWeg="4612.3291" FahrtZeit="2023-01-11 10:04:46" Kennung_FahrtZeitms="2023-01-11 10:04:46:768" Fahrtsp="9.7881" FahrtspStrecke="11.1111" FahrtspSignal="-1" FahrtspZugsicherung="45.8333" Fahrtkm="52.4563" FahrtHLDruck="5" FahrtFBSchalter="6"/>
<FahrtEintrag FahrtWeg="4637.4199" FahrtZeit="2023-01-11 10:04:49" Kennung_FahrtZeitms="2023-01-11 10:04:49:328" Fahrtsp="9.8378" FahrtspStrecke="11.1111" FahrtspSignal="-1" FahrtspZugsicherung="45.8333" Fahrtkm="52.4563" FahrtHLDruck="5" FahrtFBSchalter="6"/>
<FahrtEintrag FahrtWeg="4662.4966" FahrtZeit="2023-01-11 10:04:51" Kennung_FahrtZeitms="2023-01-11 10:04:51:874" Fahrtsp="9.8863" FahrtspStrecke="11.1111" FahrtspSignal="-1" FahrtspZugsicherung="45.8333" Fahrtkm="52.4563" FahrtHLDruck="5" FahrtFBSchalter="6"/>
<FahrtEintrag FahrtWeg="4687.5659" FahrtZeit="2023-01-11 10:04:54" Kennung_FahrtZeitms="2023-01-11 10:04:54:459" Fahrtsp="9.9338" FahrtspStrecke="11.1111" FahrtspSignal="-1" FahrtspZugsicherung="45.8333" Fahrtkm="52.5558" FahrtHLDruck="5" FahrtFBSchalter="6"/>
<FahrtEintrag FahrtWeg="4712.7925" FahrtZeit="2023-01-11 10:04:56" Kennung_FahrtZeitms="2023-01-11 10:04:56:593" Fahrtsp="9.9805" FahrtspStrecke="11.1111" FahrtspSignal="-1" FahrtspZugsicherung="45.8333" Fahrtkm="52.5558" FahrtHLDruck="5" FahrtFBSchalter="6"/>
<FahrtEintrag FahrtWeg="4737.8486" FahrtZeit="2023-01-11 10:04:59" Kennung_FahrtZeitms="2023-01-11 10:04:59:266" Fahrtsp="10.026" FahrtspStrecke="11.1111" FahrtspSignal="-1" FahrtspZugsicherung="45.8333" Fahrtkm="52.5557" FahrtHLDruck="5" FahrtFBSchalter="6"/>
<FahrtEintrag FahrtWeg="4762.8906" FahrtZeit="2023-01-11 10:05:01" Kennung_FahrtZeitms="2023-01-11 10:05:01:365" Fahrtsp="10.0993" FahrtspStrecke="11.1111" FahrtspSignal="-1" FahrtspZugsicherung="45.8333" Fahrtkm="52.5557" FahrtHLDruck="5" FahrtFBSchalter="7"/>
<FahrtEintrag FahrtWeg="4788.0762" FahrtZeit="2023-01-11 10:05:04" Kennung_FahrtZeitms="2023-01-11 10:05:04:483" Fahrtsp="10.2031" FahrtspStrecke="11.1111" FahrtspSignal="-1" FahrtspZugsicherung="45.8333" Fahrtkm="52.6553" FahrtHLDruck="5" FahrtFBSchalter="7"/>
<FahrtEintrag FahrtWeg="4813.2065" FahrtZeit="2023-01-11 10:05:06" Kennung_FahrtZeitms="2023-01-11 10:05:06:357" Fahrtsp="10.3037" FahrtspStrecke="11.1111" FahrtspSignal="-1" FahrtspZugsicherung="45.8333" Fahrtkm="52.6554" FahrtHLDruck="5" FahrtFBSchalter="7"/>
<FahrtEintrag FahrtWeg="4838.2471" FahrtZeit="2023-01-11 10:05:09" Kennung_FahrtZeitms="2023-01-11 10:05:09:498" Fahrtsp="10.4011" FahrtspStrecke="11.1111" FahrtspSignal="-1" FahrtspZugsicherung="45.8333" Fahrtkm="52.6554" FahrtHLDruck="5" FahrtFBSchalter="7"/>
<FahrtEintrag FahrtWeg="4863.2568" FahrtZeit="2023-01-11 10:05:11" Kennung_FahrtZeitms="2023-01-11 10:05:11:493" Fahrtsp="10.4957" FahrtspStrecke="11.1111" FahrtspSignal="-1" FahrtspZugsicherung="45.8333" Fahrtkm="52.6553" FahrtHLDruck="5" FahrtFBSchalter="7"/>
<FahrtEintrag FahrtWeg="4888.3975" FahrtZeit="2023-01-11 10:05:13" Kennung_FahrtZeitms="2023-01-11 10:05:13:572" Fahrtsp="10.5883" FahrtspStrecke="11.1111" FahrtspSignal="-1" FahrtspZugsicherung="45.8333" Fahrtkm="52.7548" FahrtHLDruck="5" FahrtFBSchalter="7"/>
<FahrtEintrag FahrtWeg="4913.5107" FahrtZeit="2023-01-11 10:05:16" Kennung_FahrtZeitms="2023-01-11 10:05:16:498" Fahrtsp="10.6783" FahrtspStrecke="11.1111" FahrtspSignal="-1" FahrtspZugsicherung="45.8333" Fahrtkm="52.7548" FahrtHLDruck="5" FahrtFBSchalter="7"/>
<FahrtEintrag FahrtWeg="4938.668" FahrtZeit="2023-01-11 10:05:18" Kennung_FahrtZeitms="2023-01-11 10:05:18:659" Fahrtsp="10.7661" FahrtspStrecke="11.1111" FahrtspSignal="-1" FahrtspZugsicherung="45.8333" Fahrtkm="52.7548" FahrtHLDruck="5" FahrtFBSchalter="7"/>
<FahrtEintrag FahrtWeg="4963.6772" FahrtZeit="2023-01-11 10:05:20" Kennung_FahrtZeitms="2023-01-11 10:05:20:567" Fahrtsp="10.7039" FahrtspStrecke="11.1111" FahrtspSignal="-1" FahrtspZugsicherung="45.8333" Fahrtkm="52.7549" FahrtHLDruck="5"/>
<FahrtEintrag FahrtWeg="4988.8125" FahrtZeit="2023-01-11 10:05:23" Kennung_FahrtZeitms="2023-01-11 10:05:23:683" Fahrtsp="10.391" FahrtspStrecke="11.1111" FahrtspSignal="-1" FahrtspZugsicherung="45.8333" Fahrtkm="52.8544" FahrtHLDruck="5"/>
<FahrtEintrag FahrtWeg="5013.8989" FahrtZeit="2023-01-11 10:05:25" Kennung_FahrtZeitms="2023-01-11 10:05:25:572" Fahrtsp="10.0697" FahrtspStrecke="11.1111" FahrtspSignal="-1" FahrtspZugsicherung="45.8333" Fahrtkm="52.8544" FahrtHLDruck="5"/>
<FahrtEintrag FahrtWeg="5038.9087" FahrtZeit="2023-01-11 10:05:28" Kennung_FahrtZeitms="2023-01-11 10:05:28:508" Fahrtsp="9.7394" FahrtspStrecke="11.1111" FahrtspSignal="-1" FahrtspZugsicherung="45.8333" Fahrtkm="52.8544" FahrtHLDruck="5"/>
<FahrtEintrag FahrtTyp="8" FahrtWeg="-1" FahrtZeit="2023-01-11 10:05:29" Kennung_FahrtZeitms="2023-01-11 10:05:29:007" Fahrtsp="-1" FahrtspStrecke="-1" FahrtspSignal="-1" FahrtspZugsicherung="-1" FahrtHLDruck="-1" FahrtParameter="48" FahrtFBSchalter="-10000"/>
<FahrtEintrag FahrtWeg="5046.6882" FahrtZeit="2023-01-11 10:05:29" Kennung_FahrtZeitms="2023-01-11 10:05:29:106" Fahrtsp="9.599" FahrtspStrecke="11.1111" FahrtspSignal="-1" FahrtspZugsicherung="45.8333" Fahrtkm="52.8656" FahrtHLDruck="5"/>
<FahrtEintrag FahrtTyp="8" FahrtWeg="-1" FahrtZeit="2023-01-11 10:05:29" Kennung_FahrtZeitms="2023-01-11 10:05:29:906" Fahrtsp="-1" FahrtspStrecke="-1" FahrtspSignal="-1" FahrtspZugsicherung="-1" FahrtHLDruck="-1" FahrtParameter="16" FahrtFBSchalter="-10000"/>
<FahrtEintrag FahrtWeg="5051.4761" FahrtZeit="2023-01-11 10:05:30" Kennung_FahrtZeitms="2023-01-11 10:05:30:906" Fahrtsp="9.5693" FahrtspStrecke="11.1111" FahrtspSignal="-1" FahrtspZugsicherung="45.8333" Fahrtkm="52.8656" FahrtHLDruck="5"/>
<FahrtEintrag FahrtWeg="5076.5908" FahrtZeit="2023-01-11 10:05:32" Kennung_FahrtZeitms="2023-01-11 10:05:32:478" Fahrtsp="9.3497" FahrtspStrecke="11.1111" FahrtspSignal="-1" FahrtspZugsicherung="45.8333" Fahrtkm="52.8656" FahrtHLDruck="5" FahrtFBSchalter="4"/>
<FahrtEintrag FahrtWeg="5101.7148" FahrtZeit="2023-01-11 10:05:34" Kennung_FahrtZeitms="2023-01-11 10:05:34:431" Fahrtsp="9.4526" FahrtspStrecke="11.1111" FahrtspSignal="-1" FahrtspZugsicherung="45.8333" Fahrtkm="52.954" FahrtHLDruck="5" FahrtFBSchalter="7"/>
<FahrtEintrag FahrtWeg="5126.875" FahrtZeit="2023-01-11 10:05:37" Kennung_FahrtZeitms="2023-01-11 10:05:37:081" Fahrtsp="9.6178" FahrtspStrecke="11.1111" FahrtspSignal="-1" FahrtspZugsicherung="45.8333" Fahrtkm="52.954" FahrtHLDruck="5" FahrtFBSchalter="9"/>
<FahrtEintrag FahrtWeg="5152.0972" FahrtZeit="2023-01-11 10:05:40" Kennung_FahrtZeitms="2023-01-11 10:05:40:356" Fahrtsp="9.8642" FahrtspStrecke="11.1111" FahrtspSignal="-1" FahrtspZugsicherung="45.8333" Fahrtkm="52.954" FahrtHLDruck="5" FahrtFBSchalter="9"/>
<FahrtEintrag FahrtWeg="5177.2939" FahrtZeit="2023-01-11 10:05:42" Kennung_FahrtZeitms="2023-01-11 10:05:42:389" Fahrtsp="10.203" FahrtspStrecke="11.1111" FahrtspSignal="-1" FahrtspZugsicherung="45.8333" Fahrtkm="53.0373" FahrtHLDruck="5" FahrtFBSchalter="14"/>
<FahrtEintrag FahrtWeg="5202.3135" FahrtZeit="2023-01-11 10:05:45" Kennung_FahrtZeitms="2023-01-11 10:05:45:048" Fahrtsp="10.7058" FahrtspStrecke="11.1111" FahrtspSignal="-1" FahrtspZugsicherung="45.8333" Fahrtkm="53.0585" FahrtHLDruck="5" FahrtFBSchalter="14"/>
<FahrtEintrag FahrtWeg="5227.3389" FahrtZeit="2023-01-11 10:05:47" Kennung_FahrtZeitms="2023-01-11 10:05:47:644" Fahrtsp="10.8304" FahrtspStrecke="11.1111" FahrtspSignal="-1" FahrtspZugsicherung="45.8333" Fahrtkm="53.0835" FahrtHLDruck="5"/>
<FahrtEintrag FahrtWeg="5252.3623" FahrtZeit="2023-01-11 10:05:49" Kennung_FahrtZeitms="2023-01-11 10:05:49:583" Fahrtsp="10.5225" FahrtspStrecke="11.1111" FahrtspSignal="-1" FahrtspZugsicherung="45.8333" Fahrtkm="53.0536" FahrtHLDruck="5"/>
<FahrtEintrag FahrtWeg="5277.583" FahrtZeit="2023-01-11 10:05:52" Kennung_FahrtZeitms="2023-01-11 10:05:52:670" Fahrtsp="10.2034" FahrtspStrecke="11.1111" FahrtspSignal="-1" FahrtspZugsicherung="45.8333" Fahrtkm="53.0536" FahrtHLDruck="5"/>
<FahrtEintrag FahrtWeg="5302.8242" FahrtZeit="2023-01-11 10:05:54" Kennung_FahrtZeitms="2023-01-11 10:05:54:604" Fahrtsp="9.8742" FahrtspStrecke="11.1111" FahrtspSignal="-1" FahrtspZugsicherung="45.8333" Fahrtkm="53.1531" FahrtHLDruck="5"/>
<FahrtEintrag FahrtWeg="5327.9736" FahrtZeit="2023-01-11 10:05:57" Kennung_FahrtZeitms="2023-01-11 10:05:57:144" Fahrtsp="9.5643" FahrtspStrecke="11.1111" FahrtspSignal="-1" FahrtspZugsicherung="45.8333" Fahrtkm="53.1531" FahrtHLDruck="5" FahrtFBSchalter="1"/>
<FahrtEintrag FahrtWeg="5353.1284" FahrtZeit="2023-01-11 10:06:00" Kennung_FahrtZeitms="2023-01-11 10:06:00:211" Fahrtsp="9.2838" FahrtspStrecke="11.1111" FahrtspSignal="-1" FahrtspZugsicherung="45.8333" Fahrtkm="53.1531" FahrtHLDruck="5" FahrtFBSchalter="1"/>
<FahrtEintrag FahrtWeg="5378.1763" FahrtZeit="2023-01-11 10:06:02" Kennung_FahrtZeitms="2023-01-11 10:06:02:831" Fahrtsp="9.2297" FahrtspStrecke="11.1111" FahrtspSignal="-1" FahrtspZugsicherung="45.8333" Fahrtkm="53.1531" FahrtHLDruck="5" FahrtFBSchalter="5"/>
<FahrtEintrag FahrtWeg="5403.3452" FahrtZeit="2023-01-11 10:06:05" Kennung_FahrtZeitms="2023-01-11 10:06:05:283" Fahrtsp="9.2235" FahrtspStrecke="11.1111" FahrtspSignal="-1" FahrtspZugsicherung="45.8333" Fahrtkm="53.2527" FahrtHLDruck="5" FahrtFBSchalter="5"/>
<FahrtEintrag FahrtWeg="5428.4214" FahrtZeit="2023-01-11 10:06:08" Kennung_FahrtZeitms="2023-01-11 10:06:08:503" Fahrtsp="9.2511" FahrtspStrecke="11.1111" FahrtspSignal="-1" FahrtspZugsicherung="45.8333" Fahrtkm="53.2527" FahrtHLDruck="5" FahrtFBSchalter="6"/>
<FahrtEintrag FahrtWeg="5453.4868" FahrtZeit="2023-01-11 10:06:10" Kennung_FahrtZeitms="2023-01-11 10:06:10:418" Fahrtsp="9.3627" FahrtspStrecke="11.1111" FahrtspSignal="-1" FahrtspZugsicherung="45.8333" Fahrtkm="53.2528" FahrtHLDruck="5" FahrtFBSchalter="9"/>
<FahrtEintrag FahrtWeg="5478.5806" FahrtZeit="2023-01-11 10:06:13" Kennung_FahrtZeitms="2023-01-11 10:06:13:290" Fahrtsp="9.8061" FahrtspStrecke="11.1111" FahrtspSignal="-1" FahrtspZugsicherung="45.8333" Fahrtkm="53.2611" FahrtHLDruck="5" FahrtFBSchalter="9"/>
<FahrtEintrag FahrtTyp="5" FahrtWeg="5479.6826" FahrtZeit="2023-01-11 10:06:13" Kennung_FahrtZeitms="2023-01-11 10:06:13:557" Fahrtsp="9.8299" FahrtspStrecke="11.1111" FahrtspSignal="-1" FahrtspZugsicherung="45.8333" FahrtText="Üst Moorrasen A" Fahrtkm="53.2528" FahrtHLDruck="5" FahrtFBSchalter="12"/>
<FahrtEintrag FahrtWeg="5504.7358" FahrtZeit="2023-01-11 10:06:16" Kennung_FahrtZeitms="2023-01-11 10:06:16:293" Fahrtsp="10.4088" FahrtspStrecke="11.1111" FahrtspSignal="-1" FahrtspZugsicherung="45.8333" Fahrtkm="53.3523" FahrtHLDruck="5" FahrtFBSchalter="15"/>
<FahrtEintrag FahrtWeg="5529.7388" FahrtZeit="2023-01-11 10:06:18" Kennung_FahrtZeitms="2023-01-11 10:06:18:229" Fahrtsp="10.9495" FahrtspStrecke="11.1111" FahrtspSignal="-1" FahrtspZugsicherung="45.8333" Fahrtkm="53.3523" FahrtHLDruck="5" FahrtFBSchalter="15"/>
<FahrtEintrag FahrtWeg="5554.9795" FahrtZeit="2023-01-11 10:06:20" Kennung_FahrtZeitms="2023-01-11 10:06:20:134" Fahrtsp="10.9456" FahrtspStrecke="11.1111" FahrtspSignal="-1" FahrtspZugsicherung="45.8333" Fahrtkm="53.3523" FahrtHLDruck="5"/>
<FahrtEintrag FahrtWeg="5580.2622" FahrtZeit="2023-01-11 10:06:23" Kennung_FahrtZeitms="2023-01-11 10:06:23:278" Fahrtsp="10.6377" FahrtspStrecke="11.1111" FahrtspSignal="-1" FahrtspZugsicherung="45.8333" Fahrtkm="53.4519" FahrtHLDruck="5"/>
<FahrtEintrag FahrtWeg="5605.5718" FahrtZeit="2023-01-11 10:06:25" Kennung_FahrtZeitms="2023-01-11 10:06:25:029" Fahrtsp="10.3208" FahrtspStrecke="11.1111" FahrtspSignal="-1" FahrtspZugsicherung="45.8333" Fahrtkm="53.452" FahrtHLDruck="5"/>
<FahrtEintrag FahrtWeg="5630.8647" FahrtZeit="2023-01-11 10:06:28" Kennung_FahrtZeitms="2023-01-11 10:06:28:119" Fahrtsp="9.9946" FahrtspStrecke="11.1111" FahrtspSignal="-1" FahrtspZugsicherung="45.8333" Fahrtkm="53.452" FahrtHLDruck="5"/>
<FahrtEintrag FahrtWeg="5656.1597" FahrtZeit="2023-01-11 10:06:30" Kennung_FahrtZeitms="2023-01-11 10:06:30:162" Fahrtsp="9.6579" FahrtspStrecke="11.1111" FahrtspSignal="-1" FahrtspZugsicherung="45.8333" Fahrtkm="53.4519" FahrtHLDruck="5"/>
<FahrtEintrag FahrtWeg="5681.3574" FahrtZeit="2023-01-11 10:06:33" Kennung_FahrtZeitms="2023-01-11 10:06:33:145" Fahrtsp="9.3111" FahrtspStrecke="11.1111" FahrtspSignal="-1" FahrtspZugsicherung="45.8333" Fahrtkm="53.5515" FahrtHLDruck="5"/>
<FahrtEintrag FahrtWeg="5706.481" FahrtZeit="2023-01-11 10:06:36" Kennung_FahrtZeitms="2023-01-11 10:06:36:306" Fahrtsp="8.9525" FahrtspStrecke="11.1111" FahrtspSignal="-1" FahrtspZugsicherung="45.8333" Fahrtkm="53.5515" FahrtHLDruck="5"/>
<FahrtEintrag FahrtWeg="5731.6616" FahrtZeit="2023-01-11 10:06:38" Kennung_FahrtZeitms="2023-01-11 10:06:38:635" Fahrtsp="8.5787" FahrtspStrecke="11.1111" FahrtspSignal="-1" FahrtspZugsicherung="45.8333" Fahrtkm="53.5515" FahrtHLDruck="5"/>
<FahrtEintrag FahrtWeg="5756.7681" FahrtZeit="2023-01-11 10:06:41" Kennung_FahrtZeitms="2023-01-11 10:06:41:526" Fahrtsp="8.3013" FahrtspStrecke="11.1111" FahrtspSignal="-1" FahrtspZugsicherung="45.8333" Fahrtkm="53.5515" FahrtHLDruck="5" FahrtFBSchalter="5"/>
<FahrtEintrag FahrtWeg="5781.9502" FahrtZeit="2023-01-11 10:06:44" Kennung_FahrtZeitms="2023-01-11 10:06:44:331" Fahrtsp="8.6522" FahrtspStrecke="11.1111" FahrtspSignal="-1" FahrtspZugsicherung="45.8333" Fahrtkm="53.6522" FahrtHLDruck="5" FahrtFBSchalter="13"/>
<FahrtEintrag FahrtWeg="5807.0503" FahrtZeit="2023-01-11 10:06:47" Kennung_FahrtZeitms="2023-01-11 10:06:47:032" Fahrtsp="9.3293" FahrtspStrecke="11.1111" FahrtspSignal="-1" FahrtspZugsicherung="45.8333" Fahrtkm="53.6739" FahrtHLDruck="5" FahrtFBSchalter="18"/>
<FahrtEintrag FahrtWeg="5832.0796" FahrtZeit="2023-01-11 10:06:50" Kennung_FahrtZeitms="2023-01-11 10:06:50:210" Fahrtsp="9.7748" FahrtspStrecke="11.1111" FahrtspSignal="-1" FahrtspZugsicherung="45.8333" Fahrtkm="53.6739" FahrtHLDruck="5"/>
<FahrtEintrag FahrtWeg="5857.3281" FahrtZeit="2023-01-11 10:06:52" Kennung_FahrtZeitms="2023-01-11 10:06:52:484" Fahrtsp="9.4188" FahrtspStrecke="11.1111" FahrtspSignal="-1" FahrtspZugsicherung="45.8333" Fahrtkm="53.6739" FahrtHLDruck="5"/>
<FahrtEintrag FahrtTyp="7" FahrtWeg="5879.8931" FahrtZeit="2023-01-11 10:06:55" Kennung_FahrtZeitms="2023-01-11 10:06:55:832" Fahrtsp="8.6898" FahrtspStrecke="11.1111" FahrtspSignal="-1" FahrtspZugsicherung="45.8333" Fahrtkm="53.7324" FahrtHLDruck="5"/>
<FahrtEintrag FahrtWeg="5904.0358" FahrtZeit="2023-01-11 10:06:57" Kennung_FahrtZeitms="2023-01-11 10:06:57:598" Fahrtsp="8.4718" FahrtspStrecke="11.1111" FahrtspSignal="-1" FahrtspZugsicherung="45.8333" Fahrtkm="53.7324" FahrtHLDruck="5"/>
<FahrtEintrag FahrtWeg="5928.1896" FahrtZeit="2023-01-11 10:07:00" Kennung_FahrtZeitms="2023-01-11 10:07:00:189" Fahrtsp="8.2144" FahrtspStrecke="11.1111" FahrtspSignal="-1" FahrtspZugsicherung="45.8333" Fahrtkm="53.7869" FahrtHLDruck="5"/>
<FahrtEintrag FahrtTyp="1" FahrtWeg="5931.3115" FahrtZeit="2023-01-11 10:07:06" Kennung_FahrtZeitms="2023-01-11 10:07:06:189" FahrtspStrecke="11.1111" FahrtspSignal="-1" FahrtspZugsicherung="45.8333" Fahrtkm="53.7868" FahrtHLDruck="5"/>
</result>
</Zusi>
