﻿<?xml version="1.0" encoding="UTF-8"?>
<Zusi>
<Info DateiTyp="result" Version="A.1" MinVersion="A.0"/>
<result Zugnummer="4711 (FaS)" TfNummer="A15" Datum="2023-02-14 14:11:05" Verbrauch="150934304">
<FahrtEintrag FahrtTyp="2" FahrtWeg="1516.7542" FahrtZeit="2023-02-14 09:50:00" FahrtspStrecke="11.1111" FahrtspSignal="-1" FahrtspZugsicherung="-1" FahrtText="" Fahrtkm="49.3855" FahrtHLDruck="5" FahrtFplAnk="44971.410156" FahrtFplAbf="44971.417969" FahrtFBSchalter="-52"/>
<FahrtEintrag FahrtWeg="1516.7542" FahrtZeit="2023-02-14 09:50:05" Kennung_FahrtZeitms="2023-02-14 09:50:05:095" FahrtspStrecke="11.1111" FahrtspSignal="-1" FahrtspZugsicherung="45.8333" Fahrtkm="49.3855" FahrtHLDruck="5"/>
<FahrtEintrag FahrtWeg="1516.7542" FahrtZeit="2023-02-14 09:50:10" Kennung_FahrtZeitms="2023-02-14 09:50:10:097" FahrtspStrecke="11.1111" FahrtspSignal="-1" FahrtspZugsicherung="45.8333" Fahrtkm="49.3855" FahrtHLDruck="5"/>
<FahrtEintrag FahrtWeg="1516.7542" FahrtZeit="2023-02-14 09:50:15" Kennung_FahrtZeitms="2023-02-14 09:50:15:099" FahrtspStrecke="11.1111" FahrtspSignal="-1" FahrtspZugsicherung="45.8333" Fahrtkm="49.3855" FahrtHLDruck="5"/>
<FahrtEintrag FahrtWeg="1516.7542" FahrtZeit="2023-02-14 09:50:20" Kennung_FahrtZeitms="2023-02-14 09:50:20:101" FahrtspStrecke="11.1111" FahrtspSignal="-1" FahrtspZugsicherung="45.8333" Fahrtkm="49.3855" FahrtHLDruck="5"/>
<FahrtEintrag FahrtWeg="1516.7542" FahrtZeit="2023-02-14 09:50:25" Kennung_FahrtZeitms="2023-02-14 09:50:25:103" FahrtspStrecke="11.1111" FahrtspSignal="-1" FahrtspZugsicherung="45.8333" Fahrtkm="49.3855" FahrtHLDruck="5"/>
<FahrtEintrag FahrtWeg="1516.7542" FahrtZeit="2023-02-14 09:50:30" Kennung_FahrtZeitms="2023-02-14 09:50:30:105" FahrtspStrecke="11.1111" FahrtspSignal="-1" FahrtspZugsicherung="45.8333" Fahrtkm="49.3855" FahrtHLDruck="5"/>
<FahrtEintrag FahrtWeg="1516.7542" FahrtZeit="2023-02-14 09:50:35" Kennung_FahrtZeitms="2023-02-14 09:50:35:107" FahrtspStrecke="11.1111" FahrtspSignal="-1" FahrtspZugsicherung="45.8333" Fahrtkm="49.3855" FahrtHLDruck="5"/>
<FahrtEintrag FahrtWeg="1516.7542" FahrtZeit="2023-02-14 09:50:40" Kennung_FahrtZeitms="2023-02-14 09:50:40:109" FahrtspStrecke="11.1111" FahrtspSignal="-1" FahrtspZugsicherung="45.8333" Fahrtkm="49.3855" FahrtHLDruck="5"/>
<FahrtEintrag FahrtWeg="1516.7542" FahrtZeit="2023-02-14 09:50:45" Kennung_FahrtZeitms="2023-02-14 09:50:45:111" FahrtspStrecke="11.1111" FahrtspSignal="-1" FahrtspZugsicherung="45.8333" Fahrtkm="49.3855" FahrtHLDruck="5"/>
<FahrtEintrag FahrtWeg="1516.7542" FahrtZeit="2023-02-14 09:50:50" Kennung_FahrtZeitms="2023-02-14 09:50:50:113" FahrtspStrecke="11.1111" FahrtspSignal="-1" FahrtspZugsicherung="45.8333" Fahrtkm="49.3855" FahrtHLDruck="5"/>
<FahrtEintrag FahrtWeg="1516.7542" FahrtZeit="2023-02-14 09:50:55" Kennung_FahrtZeitms="2023-02-14 09:50:55:115" FahrtspStrecke="11.1111" FahrtspSignal="-1" FahrtspZugsicherung="45.8333" Fahrtkm="49.3855" FahrtHLDruck="5"/>
<FahrtEintrag FahrtWeg="1516.7542" FahrtZeit="2023-02-14 09:51:00" Kennung_FahrtZeitms="2023-02-14 09:51:00:117" FahrtspStrecke="11.1111" FahrtspSignal="-1" FahrtspZugsicherung="45.8333" Fahrtkm="49.3855" FahrtHLDruck="5"/>
<FahrtEintrag FahrtWeg="1516.7542" FahrtZeit="2023-02-14 09:51:05" Kennung_FahrtZeitms="2023-02-14 09:51:05:119" FahrtspStrecke="11.1111" FahrtspSignal="-1" FahrtspZugsicherung="45.8333" Fahrtkm="49.3855" FahrtHLDruck="5"/>
<FahrtEintrag FahrtWeg="1516.7542" FahrtZeit="2023-02-14 09:51:10" Kennung_FahrtZeitms="2023-02-14 09:51:10:121" FahrtspStrecke="11.1111" FahrtspSignal="-1" FahrtspZugsicherung="45.8333" Fahrtkm="49.3855" FahrtHLDruck="5"/>
<FahrtEintrag FahrtWeg="1516.7542" FahrtZeit="2023-02-14 09:51:15" Kennung_FahrtZeitms="2023-02-14 09:51:15:123" FahrtspStrecke="11.1111" FahrtspSignal="-1" FahrtspZugsicherung="45.8333" Fahrtkm="49.3855" FahrtHLDruck="5"/>
<FahrtEintrag FahrtWeg="1516.7542" FahrtZeit="2023-02-14 09:51:20" Kennung_FahrtZeitms="2023-02-14 09:51:20:125" FahrtspStrecke="11.1111" FahrtspSignal="-1" FahrtspZugsicherung="45.8333" Fahrtkm="49.3855" FahrtHLDruck="5"/>
<FahrtEintrag FahrtWeg="1516.7542" FahrtZeit="2023-02-14 09:51:25" Kennung_FahrtZeitms="2023-02-14 09:51:25:127" FahrtspStrecke="11.1111" FahrtspSignal="-1" FahrtspZugsicherung="45.8333" Fahrtkm="49.3855" FahrtHLDruck="5"/>
<FahrtEintrag FahrtWeg="1516.7542" FahrtZeit="2023-02-14 09:51:30" Kennung_FahrtZeitms="2023-02-14 09:51:30:129" FahrtspStrecke="11.1111" FahrtspSignal="-1" FahrtspZugsicherung="45.8333" Fahrtkm="49.3855" FahrtHLDruck="5"/>
<FahrtEintrag FahrtWeg="1516.7542" FahrtZeit="2023-02-14 09:51:35" Kennung_FahrtZeitms="2023-02-14 09:51:35:131" FahrtspStrecke="11.1111" FahrtspSignal="-1" FahrtspZugsicherung="45.8333" Fahrtkm="49.3855" FahrtHLDruck="5"/>
<FahrtEintrag FahrtWeg="1516.7542" FahrtZeit="2023-02-14 09:51:40" Kennung_FahrtZeitms="2023-02-14 09:51:40:133" FahrtspStrecke="11.1111" FahrtspSignal="-1" FahrtspZugsicherung="45.8333" Fahrtkm="49.3855" FahrtHLDruck="5"/>
<FahrtEintrag FahrtWeg="1516.7542" FahrtZeit="2023-02-14 09:51:45" Kennung_FahrtZeitms="2023-02-14 09:51:45:135" FahrtspStrecke="11.1111" FahrtspSignal="-1" FahrtspZugsicherung="45.8333" Fahrtkm="49.3855" FahrtHLDruck="5"/>
<FahrtEintrag FahrtWeg="1516.7542" FahrtZeit="2023-02-14 09:51:50" Kennung_FahrtZeitms="2023-02-14 09:51:50:137" FahrtspStrecke="11.1111" FahrtspSignal="-1" FahrtspZugsicherung="45.8333" Fahrtkm="49.3855" FahrtHLDruck="5"/>
<FahrtEintrag FahrtWeg="1516.7542" FahrtZeit="2023-02-14 09:51:55" Kennung_FahrtZeitms="2023-02-14 09:51:55:139" FahrtspStrecke="11.1111" FahrtspSignal="-1" FahrtspZugsicherung="45.8333" Fahrtkm="49.3855" FahrtHLDruck="5"/>
<FahrtEintrag FahrtWeg="1516.7542" FahrtZeit="2023-02-14 09:52:00" Kennung_FahrtZeitms="2023-02-14 09:52:00:141" FahrtspStrecke="11.1111" FahrtspSignal="-1" FahrtspZugsicherung="45.8333" Fahrtkm="49.3855" FahrtHLDruck="5"/>
<FahrtEintrag FahrtWeg="1516.7542" FahrtZeit="2023-02-14 09:52:05" Kennung_FahrtZeitms="2023-02-14 09:52:05:143" FahrtspStrecke="11.1111" FahrtspSignal="-1" FahrtspZugsicherung="45.8333" Fahrtkm="49.3855" FahrtHLDruck="5"/>
<FahrtEintrag FahrtWeg="1516.7542" FahrtZeit="2023-02-14 09:52:10" Kennung_FahrtZeitms="2023-02-14 09:52:10:145" FahrtspStrecke="11.1111" FahrtspSignal="-1" FahrtspZugsicherung="45.8333" Fahrtkm="49.3855" FahrtHLDruck="5"/>
<FahrtEintrag FahrtWeg="1516.7542" FahrtZeit="2023-02-14 09:52:15" Kennung_FahrtZeitms="2023-02-14 09:52:15:147" FahrtspStrecke="11.1111" FahrtspSignal="-1" FahrtspZugsicherung="45.8333" Fahrtkm="49.3855" FahrtHLDruck="5"/>
<FahrtEintrag FahrtWeg="1516.7542" FahrtZeit="2023-02-14 09:52:20" Kennung_FahrtZeitms="2023-02-14 09:52:20:149" FahrtspStrecke="11.1111" FahrtspSignal="-1" FahrtspZugsicherung="45.8333" Fahrtkm="49.3855" FahrtHLDruck="5"/>
<FahrtEintrag FahrtWeg="1516.7542" FahrtZeit="2023-02-14 09:52:26" Kennung_FahrtZeitms="2023-02-14 09:52:26:151" FahrtspStrecke="11.1111" FahrtspSignal="-1" FahrtspZugsicherung="45.8333" Fahrtkm="49.3855" FahrtHLDruck="5"/>
<FahrtEintrag FahrtWeg="1516.7542" FahrtZeit="2023-02-14 09:52:31" Kennung_FahrtZeitms="2023-02-14 09:52:31:153" FahrtspStrecke="11.1111" FahrtspSignal="-1" FahrtspZugsicherung="45.8333" Fahrtkm="49.3855" FahrtHLDruck="5"/>
<FahrtEintrag FahrtWeg="1516.7542" FahrtZeit="2023-02-14 09:52:36" Kennung_FahrtZeitms="2023-02-14 09:52:36:155" FahrtspStrecke="11.1111" FahrtspSignal="-1" FahrtspZugsicherung="45.8333" Fahrtkm="49.3855" FahrtHLDruck="5"/>
<FahrtEintrag FahrtWeg="1516.7542" FahrtZeit="2023-02-14 09:52:41" Kennung_FahrtZeitms="2023-02-14 09:52:41:157" FahrtspStrecke="11.1111" FahrtspSignal="-1" FahrtspZugsicherung="45.8333" Fahrtkm="49.3855" FahrtHLDruck="5"/>
<FahrtEintrag FahrtWeg="1516.7542" FahrtZeit="2023-02-14 09:52:46" Kennung_FahrtZeitms="2023-02-14 09:52:46:159" FahrtspStrecke="11.1111" FahrtspSignal="-1" FahrtspZugsicherung="45.8333" Fahrtkm="49.3855" FahrtHLDruck="5"/>
<FahrtEintrag FahrtWeg="1516.7542" FahrtZeit="2023-02-14 09:52:51" Kennung_FahrtZeitms="2023-02-14 09:52:51:161" FahrtspStrecke="11.1111" FahrtspSignal="-1" FahrtspZugsicherung="45.8333" Fahrtkm="49.3855" FahrtHLDruck="5"/>
<FahrtEintrag FahrtWeg="1516.7542" FahrtZeit="2023-02-14 09:52:56" Kennung_FahrtZeitms="2023-02-14 09:52:56:163" FahrtspStrecke="11.1111" FahrtspSignal="-1" FahrtspZugsicherung="45.8333" Fahrtkm="49.3855" FahrtHLDruck="5"/>
<FahrtEintrag FahrtWeg="1516.7542" FahrtZeit="2023-02-14 09:53:01" Kennung_FahrtZeitms="2023-02-14 09:53:01:165" FahrtspStrecke="11.1111" FahrtspSignal="-1" FahrtspZugsicherung="45.8333" Fahrtkm="49.3855" FahrtHLDruck="5"/>
<FahrtEintrag FahrtWeg="1516.7542" FahrtZeit="2023-02-14 09:53:06" Kennung_FahrtZeitms="2023-02-14 09:53:06:167" FahrtspStrecke="11.1111" FahrtspSignal="-1" FahrtspZugsicherung="45.8333" Fahrtkm="49.3855" FahrtHLDruck="5"/>
<FahrtEintrag FahrtWeg="1516.7542" FahrtZeit="2023-02-14 09:53:11" Kennung_FahrtZeitms="2023-02-14 09:53:11:169" FahrtspStrecke="11.1111" FahrtspSignal="-1" FahrtspZugsicherung="45.8333" Fahrtkm="49.3855" FahrtHLDruck="5"/>
<FahrtEintrag FahrtWeg="1516.7542" FahrtZeit="2023-02-14 09:53:16" Kennung_FahrtZeitms="2023-02-14 09:53:16:171" FahrtspStrecke="11.1111" FahrtspSignal="-1" FahrtspZugsicherung="45.8333" Fahrtkm="49.3855" FahrtHLDruck="5"/>
<FahrtEintrag FahrtWeg="1516.7542" FahrtZeit="2023-02-14 09:53:21" Kennung_FahrtZeitms="2023-02-14 09:53:21:173" FahrtspStrecke="11.1111" FahrtspSignal="-1" FahrtspZugsicherung="45.8333" Fahrtkm="49.3855" FahrtHLDruck="5"/>
<FahrtEintrag FahrtWeg="1516.7542" FahrtZeit="2023-02-14 09:53:26" Kennung_FahrtZeitms="2023-02-14 09:53:26:175" FahrtspStrecke="11.1111" FahrtspSignal="-1" FahrtspZugsicherung="45.8333" Fahrtkm="49.3855" FahrtHLDruck="5"/>
<FahrtEintrag FahrtWeg="1516.7542" FahrtZeit="2023-02-14 09:53:31" Kennung_FahrtZeitms="2023-02-14 09:53:31:177" FahrtspStrecke="11.1111" FahrtspSignal="-1" FahrtspZugsicherung="45.8333" Fahrtkm="49.3855" FahrtHLDruck="5"/>
<FahrtEintrag FahrtWeg="1516.7542" FahrtZeit="2023-02-14 09:53:36" Kennung_FahrtZeitms="2023-02-14 09:53:36:179" FahrtspStrecke="11.1111" FahrtspSignal="-1" FahrtspZugsicherung="45.8333" Fahrtkm="49.3855" FahrtHLDruck="5"/>
<FahrtEintrag FahrtWeg="1516.7542" FahrtZeit="2023-02-14 09:53:41" Kennung_FahrtZeitms="2023-02-14 09:53:41:181" FahrtspStrecke="11.1111" FahrtspSignal="-1" FahrtspZugsicherung="45.8333" Fahrtkm="49.3855" FahrtHLDruck="5"/>
<FahrtEintrag FahrtWeg="1516.7542" FahrtZeit="2023-02-14 09:53:46" Kennung_FahrtZeitms="2023-02-14 09:53:46:183" FahrtspStrecke="11.1111" FahrtspSignal="-1" FahrtspZugsicherung="45.8333" Fahrtkm="49.3855" FahrtHLDruck="5"/>
<FahrtEintrag FahrtWeg="1516.7542" FahrtZeit="2023-02-14 09:53:51" Kennung_FahrtZeitms="2023-02-14 09:53:51:185" FahrtspStrecke="11.1111" FahrtspSignal="-1" FahrtspZugsicherung="45.8333" Fahrtkm="49.3855" FahrtHLDruck="5"/>
<FahrtEintrag FahrtWeg="1516.7542" FahrtZeit="2023-02-14 09:53:56" Kennung_FahrtZeitms="2023-02-14 09:53:56:187" FahrtspStrecke="11.1111" FahrtspSignal="-1" FahrtspZugsicherung="45.8333" Fahrtkm="49.3855" FahrtHLDruck="5"/>
<FahrtEintrag FahrtWeg="1516.7542" FahrtZeit="2023-02-14 09:54:01" Kennung_FahrtZeitms="2023-02-14 09:54:01:189" FahrtspStrecke="11.1111" FahrtspSignal="-1" FahrtspZugsicherung="45.8333" Fahrtkm="49.3855" FahrtHLDruck="5"/>
<FahrtEintrag FahrtWeg="1516.7542" FahrtZeit="2023-02-14 09:54:06" Kennung_FahrtZeitms="2023-02-14 09:54:06:191" FahrtspStrecke="11.1111" FahrtspSignal="-1" FahrtspZugsicherung="45.8333" Fahrtkm="49.3855" FahrtHLDruck="5"/>
<FahrtEintrag FahrtWeg="1516.7542" FahrtZeit="2023-02-14 09:54:11" Kennung_FahrtZeitms="2023-02-14 09:54:11:193" FahrtspStrecke="11.1111" FahrtspSignal="-1" FahrtspZugsicherung="45.8333" Fahrtkm="49.3855" FahrtHLDruck="5"/>
<FahrtEintrag FahrtWeg="1516.7542" FahrtZeit="2023-02-14 09:54:16" Kennung_FahrtZeitms="2023-02-14 09:54:16:195" FahrtspStrecke="11.1111" FahrtspSignal="-1" FahrtspZugsicherung="45.8333" Fahrtkm="49.3855" FahrtHLDruck="5"/>
<FahrtEintrag FahrtWeg="1516.7542" FahrtZeit="2023-02-14 09:54:21" Kennung_FahrtZeitms="2023-02-14 09:54:21:197" FahrtspStrecke="11.1111" FahrtspSignal="-1" FahrtspZugsicherung="45.8333" Fahrtkm="49.3855" FahrtHLDruck="5"/>
<FahrtEintrag FahrtWeg="1516.7542" FahrtZeit="2023-02-14 09:54:26" Kennung_FahrtZeitms="2023-02-14 09:54:26:199" FahrtspStrecke="11.1111" FahrtspSignal="-1" FahrtspZugsicherung="45.8333" Fahrtkm="49.3855" FahrtHLDruck="5"/>
<FahrtEintrag FahrtWeg="1516.7542" FahrtZeit="2023-02-14 09:54:31" Kennung_FahrtZeitms="2023-02-14 09:54:31:201" FahrtspStrecke="11.1111" FahrtspSignal="-1" FahrtspZugsicherung="45.8333" Fahrtkm="49.3855" FahrtHLDruck="5"/>
<FahrtEintrag FahrtWeg="1516.7542" FahrtZeit="2023-02-14 09:54:36" Kennung_FahrtZeitms="2023-02-14 09:54:36:203" FahrtspStrecke="11.1111" FahrtspSignal="-1" FahrtspZugsicherung="45.8333" Fahrtkm="49.3855" FahrtHLDruck="5"/>
<FahrtEintrag FahrtWeg="1516.7542" FahrtZeit="2023-02-14 09:54:41" Kennung_FahrtZeitms="2023-02-14 09:54:41:205" FahrtspStrecke="11.1111" FahrtspSignal="-1" FahrtspZugsicherung="45.8333" Fahrtkm="49.3855" FahrtHLDruck="5"/>
<FahrtEintrag FahrtWeg="1516.7542" FahrtZeit="2023-02-14 09:54:46" Kennung_FahrtZeitms="2023-02-14 09:54:46:207" FahrtspStrecke="11.1111" FahrtspSignal="-1" FahrtspZugsicherung="45.8333" Fahrtkm="49.3855" FahrtHLDruck="5"/>
<FahrtEintrag FahrtWeg="1516.7542" FahrtZeit="2023-02-14 09:54:51" Kennung_FahrtZeitms="2023-02-14 09:54:51:209" FahrtspStrecke="11.1111" FahrtspSignal="-1" FahrtspZugsicherung="45.8333" Fahrtkm="49.3855" FahrtHLDruck="5"/>
<FahrtEintrag FahrtWeg="1516.7542" FahrtZeit="2023-02-14 09:54:56" Kennung_FahrtZeitms="2023-02-14 09:54:56:211" FahrtspStrecke="11.1111" FahrtspSignal="-1" FahrtspZugsicherung="45.8333" Fahrtkm="49.3855" FahrtHLDruck="5"/>
<FahrtEintrag FahrtWeg="1516.7542" FahrtZeit="2023-02-14 09:55:01" Kennung_FahrtZeitms="2023-02-14 09:55:01:213" FahrtspStrecke="11.1111" FahrtspSignal="-1" FahrtspZugsicherung="45.8333" Fahrtkm="49.3855" FahrtHLDruck="5"/>
<FahrtEintrag FahrtWeg="1516.7542" FahrtZeit="2023-02-14 09:55:06" Kennung_FahrtZeitms="2023-02-14 09:55:06:215" FahrtspStrecke="11.1111" FahrtspSignal="-1" FahrtspZugsicherung="45.8333" Fahrtkm="49.3855" FahrtHLDruck="5"/>
<FahrtEintrag FahrtWeg="1516.7542" FahrtZeit="2023-02-14 09:55:11" Kennung_FahrtZeitms="2023-02-14 09:55:11:217" FahrtspStrecke="11.1111" FahrtspSignal="-1" FahrtspZugsicherung="45.8333" Fahrtkm="49.3855" FahrtHLDruck="5"/>
<FahrtEintrag FahrtWeg="1516.7542" FahrtZeit="2023-02-14 09:55:16" Kennung_FahrtZeitms="2023-02-14 09:55:16:219" FahrtspStrecke="11.1111" FahrtspSignal="-1" FahrtspZugsicherung="45.8333" Fahrtkm="49.3855" FahrtHLDruck="5"/>
<FahrtEintrag FahrtWeg="1516.7542" FahrtZeit="2023-02-14 09:55:21" Kennung_FahrtZeitms="2023-02-14 09:55:21:221" FahrtspStrecke="11.1111" FahrtspSignal="-1" FahrtspZugsicherung="45.8333" Fahrtkm="49.3855" FahrtHLDruck="5"/>
<FahrtEintrag FahrtWeg="1516.7542" FahrtZeit="2023-02-14 09:55:26" Kennung_FahrtZeitms="2023-02-14 09:55:26:223" FahrtspStrecke="11.1111" FahrtspSignal="-1" FahrtspZugsicherung="45.8333" Fahrtkm="49.3855" FahrtHLDruck="5"/>
<FahrtEintrag FahrtWeg="1516.7542" FahrtZeit="2023-02-14 09:55:31" Kennung_FahrtZeitms="2023-02-14 09:55:31:225" FahrtspStrecke="11.1111" FahrtspSignal="-1" FahrtspZugsicherung="45.8333" Fahrtkm="49.3855" FahrtHLDruck="5"/>
<FahrtEintrag FahrtWeg="1516.7542" FahrtZeit="2023-02-14 09:55:36" Kennung_FahrtZeitms="2023-02-14 09:55:36:227" FahrtspStrecke="11.1111" FahrtspSignal="-1" FahrtspZugsicherung="45.8333" Fahrtkm="49.3855" FahrtHLDruck="5"/>
<FahrtEintrag FahrtWeg="1516.7542" FahrtZeit="2023-02-14 09:55:41" Kennung_FahrtZeitms="2023-02-14 09:55:41:229" FahrtspStrecke="11.1111" FahrtspSignal="-1" FahrtspZugsicherung="45.8333" Fahrtkm="49.3855" FahrtHLDruck="5"/>
<FahrtEintrag FahrtWeg="1516.7542" FahrtZeit="2023-02-14 09:55:46" Kennung_FahrtZeitms="2023-02-14 09:55:46:231" FahrtspStrecke="11.1111" FahrtspSignal="-1" FahrtspZugsicherung="45.8333" Fahrtkm="49.3855" FahrtHLDruck="5"/>
<FahrtEintrag FahrtWeg="1516.7542" FahrtZeit="2023-02-14 09:55:51" Kennung_FahrtZeitms="2023-02-14 09:55:51:233" FahrtspStrecke="11.1111" FahrtspSignal="-1" FahrtspZugsicherung="45.8333" Fahrtkm="49.3855" FahrtHLDruck="5"/>
<FahrtEintrag FahrtWeg="1516.7542" FahrtZeit="2023-02-14 09:55:56" Kennung_FahrtZeitms="2023-02-14 09:55:56:235" FahrtspStrecke="11.1111" FahrtspSignal="-1" FahrtspZugsicherung="45.8333" Fahrtkm="49.3855" FahrtHLDruck="5"/>
<FahrtEintrag FahrtWeg="1516.7542" FahrtZeit="2023-02-14 09:56:01" Kennung_FahrtZeitms="2023-02-14 09:56:01:237" FahrtspStrecke="11.1111" FahrtspSignal="-1" FahrtspZugsicherung="45.8333" Fahrtkm="49.3855" FahrtHLDruck="5"/>
<FahrtEintrag FahrtWeg="1516.7542" FahrtZeit="2023-02-14 09:56:06" Kennung_FahrtZeitms="2023-02-14 09:56:06:239" FahrtspStrecke="11.1111" FahrtspSignal="-1" FahrtspZugsicherung="45.8333" Fahrtkm="49.3855" FahrtHLDruck="5"/>
<FahrtEintrag FahrtWeg="1516.7542" FahrtZeit="2023-02-14 09:56:11" Kennung_FahrtZeitms="2023-02-14 09:56:11:241" FahrtspStrecke="11.1111" FahrtspSignal="-1" FahrtspZugsicherung="45.8333" Fahrtkm="49.3855" FahrtHLDruck="5"/>
<FahrtEintrag FahrtWeg="1516.7542" FahrtZeit="2023-02-14 09:56:16" Kennung_FahrtZeitms="2023-02-14 09:56:16:243" FahrtspStrecke="11.1111" FahrtspSignal="-1" FahrtspZugsicherung="45.8333" Fahrtkm="49.3855" FahrtHLDruck="5"/>
<FahrtEintrag FahrtWeg="1516.7542" FahrtZeit="2023-02-14 09:56:21" Kennung_FahrtZeitms="2023-02-14 09:56:21:245" FahrtspStrecke="11.1111" FahrtspSignal="-1" FahrtspZugsicherung="45.8333" Fahrtkm="49.3855" FahrtHLDruck="5"/>
<FahrtEintrag FahrtWeg="1516.7542" FahrtZeit="2023-02-14 09:56:26" Kennung_FahrtZeitms="2023-02-14 09:56:26:247" FahrtspStrecke="11.1111" FahrtspSignal="-1" FahrtspZugsicherung="45.8333" Fahrtkm="49.3855" FahrtHLDruck="5"/>
<FahrtEintrag FahrtWeg="1516.7542" FahrtZeit="2023-02-14 09:56:31" Kennung_FahrtZeitms="2023-02-14 09:56:31:249" FahrtspStrecke="11.1111" FahrtspSignal="-1" FahrtspZugsicherung="45.8333" Fahrtkm="49.3855" FahrtHLDruck="5"/>
<FahrtEintrag FahrtWeg="1516.7542" FahrtZeit="2023-02-14 09:56:36" Kennung_FahrtZeitms="2023-02-14 09:56:36:251" FahrtspStrecke="11.1111" FahrtspSignal="-1" FahrtspZugsicherung="45.8333" Fahrtkm="49.3855" FahrtHLDruck="5"/>
<FahrtEintrag FahrtWeg="1516.7542" FahrtZeit="2023-02-14 09:56:41" Kennung_FahrtZeitms="2023-02-14 09:56:41:253" FahrtspStrecke="11.1111" FahrtspSignal="-1" FahrtspZugsicherung="45.8333" Fahrtkm="49.3855" FahrtHLDruck="5"/>
<FahrtEintrag FahrtWeg="1516.7542" FahrtZeit="2023-02-14 09:56:46" Kennung_FahrtZeitms="2023-02-14 09:56:46:255" FahrtspStrecke="11.1111" FahrtspSignal="-1" FahrtspZugsicherung="45.8333" Fahrtkm="49.3855" FahrtHLDruck="5"/>
<FahrtEintrag FahrtWeg="1516.7542" FahrtZeit="2023-02-14 09:56:51" Kennung_FahrtZeitms="2023-02-14 09:56:51:257" FahrtspStrecke="11.1111" FahrtspSignal="-1" FahrtspZugsicherung="45.8333" Fahrtkm="49.3855" FahrtHLDruck="5"/>
<FahrtEintrag FahrtWeg="1516.7542" FahrtZeit="2023-02-14 09:56:56" Kennung_FahrtZeitms="2023-02-14 09:56:56:259" FahrtspStrecke="11.1111" FahrtspSignal="-1" FahrtspZugsicherung="45.8333" Fahrtkm="49.3855" FahrtHLDruck="5"/>
<FahrtEintrag FahrtWeg="1516.7542" FahrtZeit="2023-02-14 09:57:01" Kennung_FahrtZeitms="2023-02-14 09:57:01:261" FahrtspStrecke="11.1111" FahrtspSignal="-1" FahrtspZugsicherung="45.8333" Fahrtkm="49.3855" FahrtHLDruck="5"/>
<FahrtEintrag FahrtWeg="1516.7542" FahrtZeit="2023-02-14 09:57:06" Kennung_FahrtZeitms="2023-02-14 09:57:06:263" FahrtspStrecke="11.1111" FahrtspSignal="-1" FahrtspZugsicherung="45.8333" Fahrtkm="49.3855" FahrtHLDruck="5"/>
<FahrtEintrag FahrtWeg="1516.7542" FahrtZeit="2023-02-14 09:57:11" Kennung_FahrtZeitms="2023-02-14 09:57:11:265" FahrtspStrecke="11.1111" FahrtspSignal="-1" FahrtspZugsicherung="45.8333" Fahrtkm="49.3855" FahrtHLDruck="5"/>
<FahrtEintrag FahrtWeg="1516.7542" FahrtZeit="2023-02-14 09:57:16" Kennung_FahrtZeitms="2023-02-14 09:57:16:267" FahrtspStrecke="11.1111" FahrtspSignal="-1" FahrtspZugsicherung="45.8333" Fahrtkm="49.3855" FahrtHLDruck="5"/>
<FahrtEintrag FahrtWeg="1516.7542" FahrtZeit="2023-02-14 09:57:21" Kennung_FahrtZeitms="2023-02-14 09:57:21:269" FahrtspStrecke="11.1111" FahrtspSignal="-1" FahrtspZugsicherung="45.8333" Fahrtkm="49.3855" FahrtHLDruck="5"/>
<FahrtEintrag FahrtWeg="1516.7542" FahrtZeit="2023-02-14 09:57:26" Kennung_FahrtZeitms="2023-02-14 09:57:26:271" FahrtspStrecke="11.1111" FahrtspSignal="-1" FahrtspZugsicherung="45.8333" Fahrtkm="49.3855" FahrtHLDruck="5"/>
<FahrtEintrag FahrtWeg="1516.7542" FahrtZeit="2023-02-14 09:57:31" Kennung_FahrtZeitms="2023-02-14 09:57:31:273" FahrtspStrecke="11.1111" FahrtspSignal="-1" FahrtspZugsicherung="45.8333" Fahrtkm="49.3855" FahrtHLDruck="5"/>
<FahrtEintrag FahrtWeg="1516.7542" FahrtZeit="2023-02-14 09:57:36" Kennung_FahrtZeitms="2023-02-14 09:57:36:275" FahrtspStrecke="11.1111" FahrtspSignal="-1" FahrtspZugsicherung="45.8333" Fahrtkm="49.3855" FahrtHLDruck="5"/>
<FahrtEintrag FahrtWeg="1516.7542" FahrtZeit="2023-02-14 09:57:41" Kennung_FahrtZeitms="2023-02-14 09:57:41:277" FahrtspStrecke="11.1111" FahrtspSignal="-1" FahrtspZugsicherung="45.8333" Fahrtkm="49.3855" FahrtHLDruck="5"/>
<FahrtEintrag FahrtWeg="1516.7542" FahrtZeit="2023-02-14 09:57:46" Kennung_FahrtZeitms="2023-02-14 09:57:46:279" FahrtspStrecke="11.1111" FahrtspSignal="-1" FahrtspZugsicherung="45.8333" Fahrtkm="49.3855" FahrtHLDruck="5"/>
<FahrtEintrag FahrtWeg="1516.7542" FahrtZeit="2023-02-14 09:57:51" Kennung_FahrtZeitms="2023-02-14 09:57:51:281" FahrtspStrecke="11.1111" FahrtspSignal="-1" FahrtspZugsicherung="45.8333" Fahrtkm="49.3855" FahrtHLDruck="5"/>
<FahrtEintrag FahrtWeg="1516.7542" FahrtZeit="2023-02-14 09:57:56" Kennung_FahrtZeitms="2023-02-14 09:57:56:283" FahrtspStrecke="11.1111" FahrtspSignal="-1" FahrtspZugsicherung="45.8333" Fahrtkm="49.3855" FahrtHLDruck="5"/>
<FahrtEintrag FahrtWeg="1516.7542" FahrtZeit="2023-02-14 09:58:01" Kennung_FahrtZeitms="2023-02-14 09:58:01:285" FahrtspStrecke="11.1111" FahrtspSignal="-1" FahrtspZugsicherung="45.8333" Fahrtkm="49.3855" FahrtHLDruck="5"/>
<FahrtEintrag FahrtWeg="1516.7542" FahrtZeit="2023-02-14 09:58:06" Kennung_FahrtZeitms="2023-02-14 09:58:06:287" FahrtspStrecke="11.1111" FahrtspSignal="-1" FahrtspZugsicherung="45.8333" Fahrtkm="49.3855" FahrtHLDruck="5"/>
<FahrtEintrag FahrtWeg="1516.7542" FahrtZeit="2023-02-14 09:58:11" Kennung_FahrtZeitms="2023-02-14 09:58:11:289" FahrtspStrecke="11.1111" FahrtspSignal="-1" FahrtspZugsicherung="45.8333" Fahrtkm="49.3855" FahrtHLDruck="5"/>
<FahrtEintrag FahrtWeg="1516.7542" FahrtZeit="2023-02-14 09:58:16" Kennung_FahrtZeitms="2023-02-14 09:58:16:291" FahrtspStrecke="11.1111" FahrtspSignal="-1" FahrtspZugsicherung="45.8333" Fahrtkm="49.3855" FahrtHLDruck="5"/>
<FahrtEintrag FahrtWeg="1516.7542" FahrtZeit="2023-02-14 09:58:21" Kennung_FahrtZeitms="2023-02-14 09:58:21:293" FahrtspStrecke="11.1111" FahrtspSignal="-1" FahrtspZugsicherung="45.8333" Fahrtkm="49.3855" FahrtHLDruck="5"/>
<FahrtEintrag FahrtWeg="1516.7542" FahrtZeit="2023-02-14 09:58:26" Kennung_FahrtZeitms="2023-02-14 09:58:26:295" FahrtspStrecke="11.1111" FahrtspSignal="-1" FahrtspZugsicherung="45.8333" Fahrtkm="49.3855" FahrtHLDruck="5"/>
<FahrtEintrag FahrtWeg="1516.7542" FahrtZeit="2023-02-14 09:58:31" Kennung_FahrtZeitms="2023-02-14 09:58:31:297" FahrtspStrecke="11.1111" FahrtspSignal="-1" FahrtspZugsicherung="45.8333" Fahrtkm="49.3855" FahrtHLDruck="5"/>
<FahrtEintrag FahrtWeg="1516.7542" FahrtZeit="2023-02-14 09:58:36" Kennung_FahrtZeitms="2023-02-14 09:58:36:299" FahrtspStrecke="11.1111" FahrtspSignal="-1" FahrtspZugsicherung="45.8333" Fahrtkm="49.3855" FahrtHLDruck="5"/>
<FahrtEintrag FahrtWeg="1516.7542" FahrtZeit="2023-02-14 09:58:41" Kennung_FahrtZeitms="2023-02-14 09:58:41:301" FahrtspStrecke="11.1111" FahrtspSignal="-1" FahrtspZugsicherung="45.8333" Fahrtkm="49.3855" FahrtHLDruck="5"/>
<FahrtEintrag FahrtWeg="1516.7542" FahrtZeit="2023-02-14 09:58:46" Kennung_FahrtZeitms="2023-02-14 09:58:46:303" FahrtspStrecke="11.1111" FahrtspSignal="-1" FahrtspZugsicherung="45.8333" Fahrtkm="49.3855" FahrtHLDruck="5"/>
<FahrtEintrag FahrtWeg="1516.7542" FahrtZeit="2023-02-14 09:58:51" Kennung_FahrtZeitms="2023-02-14 09:58:51:305" FahrtspStrecke="11.1111" FahrtspSignal="-1" FahrtspZugsicherung="45.8333" Fahrtkm="49.3855" FahrtHLDruck="5"/>
<FahrtEintrag FahrtWeg="1516.7542" FahrtZeit="2023-02-14 09:58:56" Kennung_FahrtZeitms="2023-02-14 09:58:56:307" FahrtspStrecke="11.1111" FahrtspSignal="-1" FahrtspZugsicherung="45.8333" Fahrtkm="49.3855" FahrtHLDruck="5"/>
<FahrtEintrag FahrtWeg="1516.7542" FahrtZeit="2023-02-14 09:59:01" Kennung_FahrtZeitms="2023-02-14 09:59:01:309" FahrtspStrecke="11.1111" FahrtspSignal="-1" FahrtspZugsicherung="45.8333" Fahrtkm="49.3855" FahrtHLDruck="5"/>
<FahrtEintrag FahrtWeg="1516.7542" FahrtZeit="2023-02-14 09:59:06" Kennung_FahrtZeitms="2023-02-14 09:59:06:311" FahrtspStrecke="11.1111" FahrtspSignal="-1" FahrtspZugsicherung="45.8333" Fahrtkm="49.3855" FahrtHLDruck="5"/>
<FahrtEintrag FahrtWeg="1516.7542" FahrtZeit="2023-02-14 09:59:11" Kennung_FahrtZeitms="2023-02-14 09:59:11:313" FahrtspStrecke="11.1111" FahrtspSignal="-1" FahrtspZugsicherung="45.8333" Fahrtkm="49.3855" FahrtHLDruck="5"/>
<FahrtEintrag FahrtWeg="1517.1565" FahrtZeit="2023-02-14 09:59:16" Kennung_FahrtZeitms="2023-02-14 09:59:16:512" Fahrtsp="0.5472" FahrtspStrecke="11.1111" FahrtspSignal="-1" FahrtspZugsicherung="45.8333" Fahrtkm="49.3799" FahrtHLDruck="5" FahrtFBSchalter="14"/>
<FahrtEintrag FahrtWeg="1524.7626" FahrtZeit="2023-02-14 09:59:21" Kennung_FahrtZeitms="2023-02-14 09:59:16:583" Fahrtsp="2.2534" FahrtspStrecke="11.1111" FahrtspSignal="-1" FahrtspZugsicherung="12.5" Fahrtkm="49.393" FahrtHLDruck="5" FahrtFBSchalter="11"/>
<FahrtEintrag FahrtWeg="1540.9951" FahrtZeit="2023-02-14 09:59:26" Kennung_FahrtZeitms="2023-02-14 09:59:26:684" Fahrtsp="4.428" FahrtspStrecke="11.1111" FahrtspSignal="-1" FahrtspZugsicherung="12.5" Fahrtkm="49.406" FahrtHLDruck="5" FahrtFBSchalter="17"/>
<FahrtEintrag FahrtTyp="8" FahrtWeg="-1" FahrtZeit="2023-02-14 09:59:27" Kennung_FahrtZeitms="2023-02-14 09:59:27:060" Fahrtsp="-1" FahrtspStrecke="-1" FahrtspSignal="-1" FahrtspZugsicherung="-1" FahrtHLDruck="-1" FahrtParameter="9" FahrtFBSchalter="-10000"/>
<FahrtEintrag FahrtWeg="1542.9451" FahrtZeit="2023-02-14 09:59:27" Kennung_FahrtZeitms="2023-02-14 09:59:27:117" Fahrtsp="4.6386" FahrtspStrecke="11.1111" FahrtspSignal="-1" FahrtspZugsicherung="12.5" Fahrtkm="49.4061" FahrtHLDruck="5" FahrtFBSchalter="17"/>
<FahrtEintrag FahrtTyp="5" FahrtWeg="1549.9672" FahrtZeit="2023-02-14 09:59:28" Kennung_FahrtZeitms="2023-02-14 09:59:28:521" Fahrtsp="5.3338" FahrtspStrecke="11.1111" FahrtspSignal="11.1111" FahrtspZugsicherung="12.5" FahrtText="Allenbach N1" Fahrtkm="49.4061" FahrtHLDruck="5" FahrtFBSchalter="17"/>
<FahrtEintrag FahrtTyp="6" FahrtWeg="1549.9672" FahrtZeit="2023-02-14 09:59:28" Kennung_FahrtZeitms="2023-02-14 09:59:28:521" Fahrtsp="5.3338" FahrtspStrecke="11.1111" FahrtspSignal="11.1111" FahrtspZugsicherung="12.5" Fahrtkm="49.4061" FahrtHLDruck="5" FahrtFBSchalter="17"/>
<FahrtEintrag FahrtTyp="8" FahrtWeg="-1" FahrtZeit="2023-02-14 09:59:29" Kennung_FahrtZeitms="2023-02-14 09:59:29:101" Fahrtsp="-1" FahrtspStrecke="-1" FahrtspSignal="-1" FahrtspZugsicherung="-1" FahrtHLDruck="-1" FahrtParameter="1" FahrtFBSchalter="-10000"/>
<FahrtEintrag FahrtWeg="1549.9672" FahrtZeit="2023-02-14 09:59:28" Kennung_FahrtZeitms="2023-02-14 09:59:28:521" Fahrtsp="5.3338" FahrtspStrecke="11.1111" FahrtspSignal="11.1111" FahrtspZugsicherung="12.5" Fahrtkm="49.4061" FahrtHLDruck="5" FahrtFBSchalter="17"/>
<FahrtEintrag FahrtWeg="1555.017" FahrtZeit="2023-02-14 09:59:29" Kennung_FahrtZeitms="2023-02-14 09:59:29:570" Fahrtsp="5.7494" FahrtspStrecke="11.1111" FahrtspSignal="11.1111" FahrtspZugsicherung="12.5" Fahrtkm="49.419" FahrtHLDruck="5" FahrtFBSchalter="17"/>
<FahrtEintrag FahrtWeg="1580.1714" FahrtZeit="2023-02-14 09:59:33" Kennung_FahrtZeitms="2023-02-14 09:59:33:893" Fahrtsp="7.3068" FahrtspStrecke="11.1111" FahrtspSignal="11.1111" FahrtspZugsicherung="12.5" Fahrtkm="49.4422" FahrtHLDruck="5" FahrtFBSchalter="10"/>
<FahrtEintrag FahrtWeg="1605.3573" FahrtZeit="2023-02-14 09:59:36" Kennung_FahrtZeitms="2023-02-14 09:59:36:971" Fahrtsp="7.644" FahrtspStrecke="11.1111" FahrtspSignal="11.1111" FahrtspZugsicherung="12.5" Fahrtkm="49.4682" FahrtHLDruck="5" FahrtFBSchalter="2"/>
<FahrtEintrag FahrtWeg="1630.5948" FahrtZeit="2023-02-14 09:59:39" Kennung_FahrtZeitms="2023-02-14 09:59:39:051" Fahrtsp="7.9111" FahrtspStrecke="11.1111" FahrtspSignal="11.1111" FahrtspZugsicherung="12.5" Fahrtkm="49.4682" FahrtHLDruck="5" FahrtFBSchalter="7"/>
<FahrtEintrag FahrtWeg="1655.8214" FahrtZeit="2023-02-14 09:59:43" Kennung_FahrtZeitms="2023-02-14 09:59:43:172" Fahrtsp="8.3079" FahrtspStrecke="11.1111" FahrtspSignal="11.1111" FahrtspZugsicherung="12.5" Fahrtkm="49.5243" FahrtHLDruck="5" FahrtFBSchalter="4"/>
<FahrtEintrag FahrtWeg="1681.0529" FahrtZeit="2023-02-14 09:59:46" Kennung_FahrtZeitms="2023-02-14 09:59:46:250" Fahrtsp="8.2877" FahrtspStrecke="11.1111" FahrtspSignal="11.1111" FahrtspZugsicherung="12.5" Fahrtkm="49.5409" FahrtHLDruck="5"/>
<FahrtEintrag FahrtWeg="1686.017" FahrtZeit="2023-02-14 09:59:46" Kennung_FahrtZeitms="2023-02-14 09:59:46:850" Fahrtsp="8.2877" FahrtspStrecke="11.1111" FahrtspSignal="11.1111" FahrtspZugsicherung="12.5" Fahrtkm="49.5528" FahrtHLDruck="5"/>
<FahrtEintrag FahrtWeg="1706.1752" FahrtZeit="2023-02-14 09:59:49" Kennung_FahrtZeitms="2023-02-14 09:59:49:330" Fahrtsp="8.2584" FahrtspStrecke="11.1111" FahrtspSignal="11.1111" FahrtspZugsicherung="12.5" Fahrtkm="49.565" FahrtHLDruck="5" FahrtFBSchalter="3"/>
<FahrtEintrag FahrtWeg="1731.2389" FahrtZeit="2023-02-14 09:59:52" Kennung_FahrtZeitms="2023-02-14 09:59:52:410" Fahrtsp="8.4227" FahrtspStrecke="11.1111" FahrtspSignal="11.1111" FahrtspZugsicherung="12.5" Fahrtkm="49.5923" FahrtHLDruck="5" FahrtFBSchalter="3"/>
<FahrtEintrag FahrtWeg="1756.2867" FahrtZeit="2023-02-14 09:59:55" Kennung_FahrtZeitms="2023-02-14 09:59:55:490" Fahrtsp="8.7726" FahrtspStrecke="11.1111" FahrtspSignal="11.1111" FahrtspZugsicherung="12.5" Fahrtkm="49.5924" FahrtHLDruck="5" FahrtFBSchalter="2"/>
<FahrtEintrag FahrtWeg="1781.2908" FahrtZeit="2023-02-14 09:59:58" Kennung_FahrtZeitms="2023-02-14 09:59:58:570" Fahrtsp="8.763" FahrtspStrecke="11.1111" FahrtspSignal="11.1111" FahrtspZugsicherung="12.5" Fahrtkm="49.6525" FahrtHLDruck="5"/>
<FahrtEintrag FahrtTyp="8" FahrtWeg="-1" FahrtZeit="2023-02-14 09:59:58" Kennung_FahrtZeitms="2023-02-14 09:59:58:882" Fahrtsp="-1" FahrtspStrecke="-1" FahrtspSignal="-1" FahrtspZugsicherung="-1" FahrtHLDruck="-1" FahrtParameter="48" FahrtFBSchalter="-10000"/>
<FahrtEintrag FahrtWeg="1796.6631" FahrtZeit="2023-02-14 09:59:59" Kennung_FahrtZeitms="2023-02-14 09:59:59:002" Fahrtsp="8.739" FahrtspStrecke="11.1111" FahrtspSignal="11.1111" FahrtspZugsicherung="12.5" Fahrtkm="49.6525" FahrtHLDruck="5"/>
<FahrtEintrag FahrtTyp="8" FahrtWeg="-1" FahrtZeit="2023-02-14 09:59:59" Kennung_FahrtZeitms="2023-02-14 09:59:59:203" Fahrtsp="-1" FahrtspStrecke="-1" FahrtspSignal="-1" FahrtspZugsicherung="-1" FahrtHLDruck="-1" FahrtParameter="16" FahrtFBSchalter="-10000"/>
<FahrtEintrag FahrtWeg="1819.426" FahrtZeit="2023-02-14 10:00:01" Kennung_FahrtZeitms="2023-02-14 10:00:01:740" Fahrtsp="8.673" FahrtspStrecke="11.1111" FahrtspSignal="11.1111" FahrtspZugsicherung="12.5" Fahrtkm="49.6524" FahrtHLDruck="5"/>
<FahrtEintrag FahrtWeg="1844.4589" FahrtZeit="2023-02-14 10:00:07" Kennung_FahrtZeitms="2023-02-14 10:00:07:515" Fahrtsp="8.6135" FahrtspStrecke="11.1111" FahrtspSignal="11.1111" FahrtspZugsicherung="12.5" Fahrtkm="49.715" FahrtHLDruck="5"/>
<FahrtEintrag FahrtWeg="1869.6652" FahrtZeit="2023-02-14 10:00:09" Kennung_FahrtZeitms="2023-02-14 10:00:09:130" Fahrtsp="8.5573" FahrtspStrecke="11.1111" FahrtspSignal="11.1111" FahrtspZugsicherung="12.5" Fahrtkm="49.7412" FahrtHLDruck="5"/>
<FahrtEintrag FahrtWeg="1894.938" FahrtZeit="2023-02-14 10:00:11" Kennung_FahrtZeitms="2023-02-14 10:00:11:760" Fahrtsp="8.5221" FahrtspStrecke="11.1111" FahrtspSignal="11.1111" FahrtspZugsicherung="12.5" Fahrtkm="49.7648" FahrtHLDruck="5"/>
<FahrtEintrag FahrtWeg="1920.1086" FahrtZeit="2023-02-14 10:00:14" Kennung_FahrtZeitms="2023-02-14 10:00:14:403" Fahrtsp="8.5985" FahrtspStrecke="11.1111" FahrtspSignal="11.1111" FahrtspZugsicherung="12.5" Fahrtkm="49.7902" FahrtHLDruck="5" FahrtFBSchalter="2"/>
<FahrtEintrag FahrtWeg="1945.2089" FahrtZeit="2023-02-14 10:00:17" Kennung_FahrtZeitms="2023-02-14 10:00:17:180" Fahrtsp="8.7179" FahrtspStrecke="11.1111" FahrtspSignal="11.1111" FahrtspZugsicherung="12.5" Fahrtkm="49.8156" FahrtHLDruck="5" FahrtFBSchalter="2"/>
<FahrtEintrag FahrtWeg="1970.261" FahrtZeit="2023-02-14 10:00:19" Kennung_FahrtZeitms="2023-02-14 10:00:19:800" Fahrtsp="8.8346" FahrtspStrecke="11.1111" FahrtspSignal="11.1111" FahrtspZugsicherung="12.5" Fahrtkm="49.8391" FahrtHLDruck="5" FahrtFBSchalter="2"/>
<FahrtEintrag FahrtWeg="1995.4535" FahrtZeit="2023-02-14 10:00:22" Kennung_FahrtZeitms="2023-02-14 10:00:22:471" Fahrtsp="8.9495" FahrtspStrecke="11.1111" FahrtspSignal="11.1111" FahrtspZugsicherung="12.5" Fahrtkm="49.8654" FahrtHLDruck="5" FahrtFBSchalter="2"/>
<FahrtEintrag FahrtTyp="5" FahrtWeg="-1" FahrtZeit="2023-02-14 10:00:24" Kennung_FahrtZeitms="2023-02-14 10:00:24:120" Fahrtsp="-1" FahrtspStrecke="-1" FahrtspSignal="-1" FahrtspZugsicherung="-1" FahrtText="Zugende passiert Ende Weichenbereich" FahrtHLDruck="-1" FahrtParameter="4" FahrtFBSchalter="-10000"/>
<FahrtEintrag FahrtWeg="2015.5131" FahrtZeit="2023-02-14 10:00:24" Kennung_FahrtZeitms="2023-02-14 10:00:24:340" Fahrtsp="9.0394" FahrtspStrecke="11.1111" FahrtspSignal="-1" FahrtspZugsicherung="12.5" Fahrtkm="49.8678" FahrtHLDruck="5" FahrtFBSchalter="2"/>
<FahrtEintrag FahrtWeg="2040.7473" FahrtZeit="2023-02-14 10:00:27" Kennung_FahrtZeitms="2023-02-14 10:00:27:170" Fahrtsp="9.0774" FahrtspStrecke="11.1111" FahrtspSignal="-1" FahrtspZugsicherung="12.5" Fahrtkm="49.8678" FahrtHLDruck="5"/>
<FahrtEintrag FahrtWeg="2065.7666" FahrtZeit="2023-02-14 10:00:30" Kennung_FahrtZeitms="2023-02-14 10:00:30:000" Fahrtsp="9.0458" FahrtspStrecke="11.1111" FahrtspSignal="-1" FahrtspZugsicherung="12.5" Fahrtkm="49.8678" FahrtHLDruck="5"/>
<FahrtEintrag FahrtWeg="2090.7959" FahrtZeit="2023-02-14 10:00:33" Kennung_FahrtZeitms="2023-02-14 10:00:33:805" Fahrtsp="9.0142" FahrtspStrecke="11.1111" FahrtspSignal="-1" FahrtspZugsicherung="45.8333" Fahrtkm="49.8678" FahrtHLDruck="5"/>
<FahrtEintrag FahrtWeg="2116.1121" FahrtZeit="2023-02-14 10:00:36" Kennung_FahrtZeitms="2023-02-14 10:00:36:641" Fahrtsp="8.9822" FahrtspStrecke="11.1111" FahrtspSignal="-1" FahrtspZugsicherung="45.8333" Fahrtkm="49.9673" FahrtHLDruck="5"/>
<FahrtEintrag FahrtWeg="2141.2275" FahrtZeit="2023-02-14 10:00:38" Kennung_FahrtZeitms="2023-02-14 10:00:38:370" Fahrtsp="8.9503" FahrtspStrecke="11.1111" FahrtspSignal="-1" FahrtspZugsicherung="45.8333" Fahrtkm="49.9673" FahrtHLDruck="5"/>
<FahrtEintrag FahrtWeg="2166.4778" FahrtZeit="2023-02-14 10:00:41" Kennung_FahrtZeitms="2023-02-14 10:00:41:192" Fahrtsp="8.9183" FahrtspStrecke="11.1111" FahrtspSignal="-1" FahrtspZugsicherung="45.8333" Fahrtkm="49.9673" FahrtHLDruck="5"/>
<FahrtEintrag FahrtWeg="2191.6597" FahrtZeit="2023-02-14 10:00:44" Kennung_FahrtZeitms="2023-02-14 10:00:44:045" Fahrtsp="8.8862" FahrtspStrecke="11.1111" FahrtspSignal="-1" FahrtspZugsicherung="45.8333" Fahrtkm="50.0543" FahrtHLDruck="5"/>
<FahrtEintrag FahrtWeg="2216.845" FahrtZeit="2023-02-14 10:00:47" Kennung_FahrtZeitms="2023-02-14 10:00:47:010" Fahrtsp="8.8541" FahrtspStrecke="11.1111" FahrtspSignal="-1" FahrtspZugsicherung="45.8333" Fahrtkm="50.0669" FahrtHLDruck="5"/>
<FahrtEintrag FahrtWeg="2241.8618" FahrtZeit="2023-02-14 10:00:50" Kennung_FahrtZeitms="2023-02-14 10:00:50:043" Fahrtsp="8.8221" FahrtspStrecke="11.1111" FahrtspSignal="-1" FahrtspZugsicherung="45.8333" Fahrtkm="50.0669" FahrtHLDruck="5"/>
<FahrtEintrag FahrtWeg="2266.9036" FahrtZeit="2023-02-14 10:00:52" Kennung_FahrtZeitms="2023-02-14 10:00:52:730" Fahrtsp="8.7901" FahrtspStrecke="11.1111" FahrtspSignal="-1" FahrtspZugsicherung="45.8333" Fahrtkm="50.0669" FahrtHLDruck="5"/>
<FahrtEintrag FahrtWeg="2292.1353" FahrtZeit="2023-02-14 10:00:55" Kennung_FahrtZeitms="2023-02-14 10:00:55:321" Fahrtsp="8.7577" FahrtspStrecke="11.1111" FahrtspSignal="-1" FahrtspZugsicherung="45.8333" Fahrtkm="50.0669" FahrtHLDruck="5"/>
<FahrtEintrag FahrtWeg="2317.397" FahrtZeit="2023-02-14 10:00:58" Kennung_FahrtZeitms="2023-02-14 10:00:58:130" Fahrtsp="8.7252" FahrtspStrecke="11.1111" FahrtspSignal="-1" FahrtspZugsicherung="45.8333" Fahrtkm="50.1664" FahrtHLDruck="5"/>
<FahrtEintrag FahrtWeg="2342.6277" FahrtZeit="2023-02-14 10:01:01" Kennung_FahrtZeitms="2023-02-14 10:01:01:065" Fahrtsp="8.6955" FahrtspStrecke="11.1111" FahrtspSignal="-1" FahrtspZugsicherung="45.8333" Fahrtkm="50.1664" FahrtHLDruck="5" FahrtFBSchalter="1"/>
<FahrtEintrag FahrtWeg="2367.7571" FahrtZeit="2023-02-14 10:01:04" Kennung_FahrtZeitms="2023-02-14 10:01:04:553" Fahrtsp="8.9783" FahrtspStrecke="11.1111" FahrtspSignal="-1" FahrtspZugsicherung="45.8333" Fahrtkm="50.1664" FahrtHLDruck="5" FahrtFBSchalter="6"/>
<FahrtEintrag FahrtWeg="2392.8782" FahrtZeit="2023-02-14 10:01:07" Kennung_FahrtZeitms="2023-02-14 10:01:07:185" Fahrtsp="9.3684" FahrtspStrecke="11.1111" FahrtspSignal="-1" FahrtspZugsicherung="45.8333" Fahrtkm="50.1664" FahrtHLDruck="5" FahrtFBSchalter="6"/>
<FahrtEintrag FahrtWeg="2417.926" FahrtZeit="2023-02-14 10:01:09" Kennung_FahrtZeitms="2023-02-14 10:01:09:905" Fahrtsp="9.6635" FahrtspStrecke="11.1111" FahrtspSignal="-1" FahrtspZugsicherung="45.8333" Fahrtkm="50.1908" FahrtHLDruck="5"/>
<FahrtEintrag FahrtWeg="2442.937" FahrtZeit="2023-02-14 10:01:12" Kennung_FahrtZeitms="2023-02-14 10:01:12:605" Fahrtsp="9.6328" FahrtspStrecke="11.1111" FahrtspSignal="-1" FahrtspZugsicherung="45.8333" Fahrtkm="50.266" FahrtHLDruck="5"/>
<FahrtEintrag FahrtWeg="2468.0146" FahrtZeit="2023-02-14 10:01:14" Kennung_FahrtZeitms="2023-02-14 10:01:14:275" Fahrtsp="9.6021" FahrtspStrecke="11.1111" FahrtspSignal="-1" FahrtspZugsicherung="45.8333" Fahrtkm="50.266" FahrtHLDruck="5"/>
<FahrtEintrag FahrtWeg="2493.1824" FahrtZeit="2023-02-14 10:01:17" Kennung_FahrtZeitms="2023-02-14 10:01:17:041" Fahrtsp="9.5712" FahrtspStrecke="11.1111" FahrtspSignal="-1" FahrtspZugsicherung="45.8333" Fahrtkm="50.266" FahrtHLDruck="5"/>
<FahrtEintrag FahrtWeg="2518.2261" FahrtZeit="2023-02-14 10:01:20" Kennung_FahrtZeitms="2023-02-14 10:01:20:025" Fahrtsp="9.5405" FahrtspStrecke="11.1111" FahrtspSignal="-1" FahrtspZugsicherung="45.8333" Fahrtkm="50.3655" FahrtHLDruck="5"/>
<FahrtEintrag FahrtWeg="2543.3945" FahrtZeit="2023-02-14 10:01:22" Kennung_FahrtZeitms="2023-02-14 10:01:22:562" Fahrtsp="9.5095" FahrtspStrecke="11.1111" FahrtspSignal="-1" FahrtspZugsicherung="45.8333" Fahrtkm="50.3655" FahrtHLDruck="5"/>
<FahrtEintrag FahrtWeg="2568.4512" FahrtZeit="2023-02-14 10:01:25" Kennung_FahrtZeitms="2023-02-14 10:01:25:360" Fahrtsp="9.4786" FahrtspStrecke="11.1111" FahrtspSignal="-1" FahrtspZugsicherung="45.8333" Fahrtkm="50.3655" FahrtHLDruck="5"/>
<FahrtEintrag FahrtWeg="2593.5464" FahrtZeit="2023-02-14 10:01:28" Kennung_FahrtZeitms="2023-02-14 10:01:28:205" Fahrtsp="9.4477" FahrtspStrecke="11.1111" FahrtspSignal="-1" FahrtspZugsicherung="45.8333" Fahrtkm="50.4651" FahrtHLDruck="5"/>
<FahrtEintrag FahrtWeg="2618.55" FahrtZeit="2023-02-14 10:01:30" Kennung_FahrtZeitms="2023-02-14 10:01:30:820" Fahrtsp="9.4167" FahrtspStrecke="11.1111" FahrtspSignal="-1" FahrtspZugsicherung="45.8333" Fahrtkm="50.4651" FahrtHLDruck="5"/>
<FahrtEintrag FahrtWeg="2643.6995" FahrtZeit="2023-02-14 10:01:33" Kennung_FahrtZeitms="2023-02-14 10:01:33:470" Fahrtsp="9.3856" FahrtspStrecke="11.1111" FahrtspSignal="-1" FahrtspZugsicherung="45.8333" Fahrtkm="50.4651" FahrtHLDruck="5"/>
<FahrtEintrag FahrtWeg="2668.8442" FahrtZeit="2023-02-14 10:01:36" Kennung_FahrtZeitms="2023-02-14 10:01:36:151" Fahrtsp="9.3544" FahrtspStrecke="11.1111" FahrtspSignal="-1" FahrtspZugsicherung="45.8333" Fahrtkm="50.5393" FahrtHLDruck="5"/>
<FahrtEintrag FahrtWeg="2703.0165" FahrtZeit="2023-02-14 10:01:39" Kennung_FahrtZeitms="2023-02-14 10:01:39:814" Fahrtsp="9.3232" FahrtspStrecke="11.1111" FahrtspSignal="-1" FahrtspZugsicherung="45.8333" Fahrtkm="50.5647" FahrtHLDruck="5"/>
<FahrtEintrag FahrtWeg="2719.1172" FahrtZeit="2023-02-14 10:01:41" Kennung_FahrtZeitms="2023-02-14 10:01:41:302" Fahrtsp="9.2919" FahrtspStrecke="11.1111" FahrtspSignal="-1" FahrtspZugsicherung="45.8333" Fahrtkm="50.5647" FahrtHLDruck="5"/>
<FahrtEintrag FahrtWeg="2744.3757" FahrtZeit="2023-02-14 10:01:44" Kennung_FahrtZeitms="2023-02-14 10:01:44:025" Fahrtsp="9.2605" FahrtspStrecke="11.1111" FahrtspSignal="-1" FahrtspZugsicherung="45.8333" Fahrtkm="50.5647" FahrtHLDruck="5"/>
<FahrtEintrag FahrtTyp="8" FahrtWeg="-1" FahrtZeit="2023-02-14 10:01:44" Kennung_FahrtZeitms="2023-02-14 10:01:44:618" Fahrtsp="-1" FahrtspStrecke="-1" FahrtspSignal="-1" FahrtspZugsicherung="-1" FahrtHLDruck="-1" FahrtParameter="48" FahrtFBSchalter="-10000"/>
<FahrtEintrag FahrtWeg="2749.4342" FahrtZeit="2023-02-14 10:01:44" Kennung_FahrtZeitms="2023-02-14 10:01:44:723" Fahrtsp="9.2392" FahrtspStrecke="11.1111" FahrtspSignal="-1" FahrtspZugsicherung="45.8333" Fahrtkm="50.6112" FahrtHLDruck="5"/>
<FahrtEintrag FahrtTyp="8" FahrtWeg="-1" FahrtZeit="2023-02-14 10:01:44" Kennung_FahrtZeitms="2023-02-14 10:01:44:723" Fahrtsp="-1" FahrtspStrecke="-1" FahrtspSignal="-1" FahrtspZugsicherung="-1" FahrtHLDruck="-1" FahrtParameter="16" FahrtFBSchalter="-10000"/>
<FahrtEintrag FahrtWeg="2761.427" FahrtZeit="2023-02-14 10:01:46" Kennung_FahrtZeitms="2023-02-14 10:01:46:022" Fahrtsp="9.2382" FahrtspStrecke="11.1111" FahrtspSignal="-1" FahrtspZugsicherung="45.8333" Fahrtkm="50.6247" FahrtHLDruck="5"/>
<FahrtEintrag FahrtWeg="2763.9277" FahrtZeit="2023-02-14 10:01:46" Kennung_FahrtZeitms="2023-02-14 10:01:46:293" Fahrtsp="9.2361" FahrtspStrecke="11.1111" FahrtspSignal="-1" FahrtspZugsicherung="45.8333" Fahrtkm="50.6247" FahrtHLDruck="5"/>
<FahrtEintrag FahrtWeg="2789.0706" FahrtZeit="2023-02-14 10:01:49" Kennung_FahrtZeitms="2023-02-14 10:01:49:020" Fahrtsp="9.2046" FahrtspStrecke="11.1111" FahrtspSignal="-1" FahrtspZugsicherung="45.8333" Fahrtkm="50.6247" FahrtHLDruck="5"/>
<FahrtEintrag FahrtWeg="2814.3352" FahrtZeit="2023-02-14 10:01:51" Kennung_FahrtZeitms="2023-02-14 10:01:51:576" Fahrtsp="9.173" FahrtspStrecke="11.1111" FahrtspSignal="-1" FahrtspZugsicherung="45.8333" Fahrtkm="50.6642" FahrtHLDruck="5"/>
<FahrtEintrag FahrtWeg="2839.5581" FahrtZeit="2023-02-14 10:01:54" Kennung_FahrtZeitms="2023-02-14 10:01:54:378" Fahrtsp="9.1414" FahrtspStrecke="11.1111" FahrtspSignal="-1" FahrtspZugsicherung="45.8333" Fahrtkm="50.6642" FahrtHLDruck="5"/>
<FahrtEintrag FahrtWeg="2864.7388" FahrtZeit="2023-02-14 10:01:57" Kennung_FahrtZeitms="2023-02-14 10:01:57:644" Fahrtsp="9.1097" FahrtspStrecke="11.1111" FahrtspSignal="-1" FahrtspZugsicherung="45.8333" Fahrtkm="50.6642" FahrtHLDruck="5"/>
<FahrtEintrag FahrtWeg="2889.9875" FahrtZeit="2023-02-14 10:02:00" Kennung_FahrtZeitms="2023-02-14 10:02:00:891" Fahrtsp="9.2228" FahrtspStrecke="11.1111" FahrtspSignal="-1" FahrtspZugsicherung="45.8333" Fahrtkm="50.6642" FahrtHLDruck="5" FahrtFBSchalter="3"/>
<FahrtEintrag FahrtWeg="2915.2017" FahrtZeit="2023-02-14 10:02:02" Kennung_FahrtZeitms="2023-02-14 10:02:02:483" Fahrtsp="9.4586" FahrtspStrecke="11.1111" FahrtspSignal="-1" FahrtspZugsicherung="45.8333" Fahrtkm="50.7638" FahrtHLDruck="5" FahrtFBSchalter="4"/>
<FahrtEintrag FahrtWeg="2940.355" FahrtZeit="2023-02-14 10:02:05" Kennung_FahrtZeitms="2023-02-14 10:02:05:624" Fahrtsp="9.7619" FahrtspStrecke="11.1111" FahrtspSignal="-1" FahrtspZugsicherung="45.8333" Fahrtkm="50.7638" FahrtHLDruck="5" FahrtFBSchalter="6"/>
<FahrtEintrag FahrtWeg="2965.4846" FahrtZeit="2023-02-14 10:02:07" Kennung_FahrtZeitms="2023-02-14 10:02:07:681" Fahrtsp="9.9996" FahrtspStrecke="11.1111" FahrtspSignal="-1" FahrtspZugsicherung="45.8333" Fahrtkm="50.7638" FahrtHLDruck="5"/>
<FahrtEintrag FahrtWeg="2990.5178" FahrtZeit="2023-02-14 10:02:10" Kennung_FahrtZeitms="2023-02-14 10:02:10:679" Fahrtsp="9.9695" FahrtspStrecke="11.1111" FahrtspSignal="-1" FahrtspZugsicherung="45.8333" Fahrtkm="50.7638" FahrtHLDruck="5"/>
<FahrtEintrag FahrtWeg="3015.7263" FahrtZeit="2023-02-14 10:02:13" Kennung_FahrtZeitms="2023-02-14 10:02:13:653" Fahrtsp="9.9391" FahrtspStrecke="11.1111" FahrtspSignal="-1" FahrtspZugsicherung="45.8333" Fahrtkm="50.8633" FahrtHLDruck="5"/>
<FahrtEintrag FahrtWeg="3040.7559" FahrtZeit="2023-02-14 10:02:15" Kennung_FahrtZeitms="2023-02-14 10:02:15:599" Fahrtsp="9.9089" FahrtspStrecke="11.1111" FahrtspSignal="-1" FahrtspZugsicherung="45.8333" Fahrtkm="50.8633" FahrtHLDruck="5"/>
<FahrtEintrag FahrtWeg="3065.8779" FahrtZeit="2023-02-14 10:02:18" Kennung_FahrtZeitms="2023-02-14 10:02:18:694" Fahrtsp="9.8785" FahrtspStrecke="11.1111" FahrtspSignal="-1" FahrtspZugsicherung="45.8333" Fahrtkm="50.8633" FahrtHLDruck="5"/>
<FahrtEintrag FahrtWeg="3090.9897" FahrtZeit="2023-02-14 10:02:20" Kennung_FahrtZeitms="2023-02-14 10:02:20:628" Fahrtsp="9.8481" FahrtspStrecke="11.1111" FahrtspSignal="-1" FahrtspZugsicherung="45.8333" Fahrtkm="50.9629" FahrtHLDruck="5"/>
<FahrtEintrag FahrtWeg="3116.1804" FahrtZeit="2023-02-14 10:02:23" Kennung_FahrtZeitms="2023-02-14 10:02:23:575" Fahrtsp="9.8176" FahrtspStrecke="11.1111" FahrtspSignal="-1" FahrtspZugsicherung="45.8333" Fahrtkm="50.9629" FahrtHLDruck="5"/>
<FahrtEintrag FahrtWeg="3141.4504" FahrtZeit="2023-02-14 10:02:25" Kennung_FahrtZeitms="2023-02-14 10:02:25:639" Fahrtsp="9.7869" FahrtspStrecke="11.1111" FahrtspSignal="-1" FahrtspZugsicherung="45.8333" Fahrtkm="50.9629" FahrtHLDruck="5"/>
<FahrtEintrag FahrtWeg="3166.5564" FahrtZeit="2023-02-14 10:02:28" Kennung_FahrtZeitms="2023-02-14 10:02:28:695" Fahrtsp="9.7563" FahrtspStrecke="11.1111" FahrtspSignal="-1" FahrtspZugsicherung="45.8333" Fahrtkm="51.0379" FahrtHLDruck="5"/>
<FahrtEintrag FahrtWeg="3191.8569" FahrtZeit="2023-02-14 10:02:30" Kennung_FahrtZeitms="2023-02-14 10:02:30:519" Fahrtsp="9.7255" FahrtspStrecke="11.1111" FahrtspSignal="-1" FahrtspZugsicherung="45.8333" Fahrtkm="51.0625" FahrtHLDruck="5"/>
<FahrtEintrag FahrtWeg="3217.0227" FahrtZeit="2023-02-14 10:02:33" Kennung_FahrtZeitms="2023-02-14 10:02:33:612" Fahrtsp="9.6948" FahrtspStrecke="11.1111" FahrtspSignal="-1" FahrtspZugsicherung="45.8333" Fahrtkm="51.0625" FahrtHLDruck="5"/>
<FahrtEintrag FahrtWeg="3242.1736" FahrtZeit="2023-02-14 10:02:36" Kennung_FahrtZeitms="2023-02-14 10:02:36:592" Fahrtsp="9.6641" FahrtspStrecke="11.1111" FahrtspSignal="-1" FahrtspZugsicherung="45.8333" Fahrtkm="51.0625" FahrtHLDruck="5"/>
<FahrtEintrag FahrtWeg="3267.3796" FahrtZeit="2023-02-14 10:02:38" Kennung_FahrtZeitms="2023-02-14 10:02:38:639" Fahrtsp="9.6333" FahrtspStrecke="11.1111" FahrtspSignal="-1" FahrtspZugsicherung="45.8333" Fahrtkm="51.1379" FahrtHLDruck="5"/>
<FahrtEintrag FahrtWeg="3292.5459" FahrtZeit="2023-02-14 10:02:41" Kennung_FahrtZeitms="2023-02-14 10:02:41:611" Fahrtsp="9.6025" FahrtspStrecke="11.1111" FahrtspSignal="-1" FahrtspZugsicherung="45.8333" Fahrtkm="51.162" FahrtHLDruck="5"/>
<FahrtEintrag FahrtWeg="3317.8123" FahrtZeit="2023-02-14 10:02:44" Kennung_FahrtZeitms="2023-02-14 10:02:44:631" Fahrtsp="9.5715" FahrtspStrecke="11.1111" FahrtspSignal="-1" FahrtspZugsicherung="45.8333" Fahrtkm="51.162" FahrtHLDruck="5"/>
<FahrtEintrag FahrtWeg="3342.9517" FahrtZeit="2023-02-14 10:02:46" Kennung_FahrtZeitms="2023-02-14 10:02:46:589" Fahrtsp="9.5406" FahrtspStrecke="11.1111" FahrtspSignal="-1" FahrtspZugsicherung="45.8333" Fahrtkm="51.2129" FahrtHLDruck="5"/>
<FahrtEintrag FahrtWeg="3368.2224" FahrtZeit="2023-02-14 10:02:49" Kennung_FahrtZeitms="2023-02-14 10:02:49:621" Fahrtsp="9.5246" FahrtspStrecke="11.1111" FahrtspSignal="-1" FahrtspZugsicherung="45.8333" Fahrtkm="51.2129" FahrtHLDruck="5" FahrtFBSchalter="1"/>
<FahrtEintrag FahrtWeg="3393.3853" FahrtZeit="2023-02-14 10:02:51" Kennung_FahrtZeitms="2023-02-14 10:02:51:488" Fahrtsp="9.6077" FahrtspStrecke="11.1111" FahrtspSignal="-1" FahrtspZugsicherung="45.8333" Fahrtkm="51.2616" FahrtHLDruck="5" FahrtFBSchalter="3"/>
<FahrtEintrag FahrtWeg="3418.4602" FahrtZeit="2023-02-14 10:02:54" Kennung_FahrtZeitms="2023-02-14 10:02:54:622" Fahrtsp="9.7723" FahrtspStrecke="11.1111" FahrtspSignal="-1" FahrtspZugsicherung="45.8333" Fahrtkm="51.2879" FahrtHLDruck="5" FahrtFBSchalter="3"/>
<FahrtEintrag FahrtWeg="3443.5571" FahrtZeit="2023-02-14 10:02:57" Kennung_FahrtZeitms="2023-02-14 10:02:57:646" Fahrtsp="9.9328" FahrtspStrecke="11.1111" FahrtspSignal="-1" FahrtspZugsicherung="45.8333" Fahrtkm="51.2879" FahrtHLDruck="5" FahrtFBSchalter="3"/>
<FahrtEintrag FahrtWeg="3468.8179" FahrtZeit="2023-02-14 10:02:59" Kennung_FahrtZeitms="2023-02-14 10:02:59:453" Fahrtsp="10.056" FahrtspStrecke="11.1111" FahrtspSignal="-1" FahrtspZugsicherung="45.8333" Fahrtkm="51.2879" FahrtHLDruck="5"/>
<FahrtEintrag FahrtWeg="3494.1272" FahrtZeit="2023-02-14 10:03:02" Kennung_FahrtZeitms="2023-02-14 10:03:02:671" Fahrtsp="10.0256" FahrtspStrecke="11.1111" FahrtspSignal="-1" FahrtspZugsicherung="45.8333" Fahrtkm="51.3521" FahrtHLDruck="5"/>
<FahrtEintrag FahrtWeg="3500.0747" FahrtZeit="2023-02-14 10:03:03" Kennung_FahrtZeitms="2023-02-14 10:03:03:276" Fahrtsp="9.9652" FahrtspStrecke="11.1111" FahrtspSignal="-1" FahrtspZugsicherung="45.8333" Fahrtkm="51.3611" FahrtHLDruck="5"/>
<FahrtEintrag FahrtTyp="8" FahrtWeg="-1" FahrtZeit="2023-02-14 10:03:05" Kennung_FahrtZeitms="2023-02-14 10:03:05:280" Fahrtsp="-1" FahrtspStrecke="-1" FahrtspSignal="-1" FahrtspZugsicherung="-1" FahrtHLDruck="-1" FahrtParameter="48" FahrtFBSchalter="-10000"/>
<FahrtEintrag FahrtWeg="3520.4271" FahrtZeit="2023-02-14 10:03:05" Kennung_FahrtZeitms="2023-02-14 10:03:05:301" Fahrtsp="9.9285" FahrtspStrecke="11.1111" FahrtspSignal="-1" FahrtspZugsicherung="45.8333" Fahrtkm="51.3812" FahrtHLDruck="5"/>
<FahrtEintrag FahrtTyp="8" FahrtWeg="-1" FahrtZeit="2023-02-14 10:03:05" Kennung_FahrtZeitms="2023-02-14 10:03:05:422" Fahrtsp="-1" FahrtspStrecke="-1" FahrtspSignal="-1" FahrtspZugsicherung="-1" FahrtHLDruck="-1" FahrtParameter="16" FahrtFBSchalter="-10000"/>
<FahrtEintrag FahrtWeg="3544.5544" FahrtZeit="2023-02-14 10:03:07" Kennung_FahrtZeitms="2023-02-14 10:03:07:699" Fahrtsp="9.9349" FahrtspStrecke="11.1111" FahrtspSignal="-1" FahrtspZugsicherung="45.8333" Fahrtkm="51.3812" FahrtHLDruck="5"/>
<FahrtEintrag FahrtWeg="3569.8428" FahrtZeit="2023-02-14 10:03:09" Kennung_FahrtZeitms="2023-02-14 10:03:09:568" Fahrtsp="9.9344" FahrtspStrecke="11.1111" FahrtspSignal="-1" FahrtspZugsicherung="45.8333" Fahrtkm="51.3945" FahrtHLDruck="5"/>
<FahrtEintrag FahrtWeg="3574.7026" FahrtZeit="2023-02-14 10:03:10" Kennung_FahrtZeitms="2023-02-14 10:03:10:057" Fahrtsp="9.9285" FahrtspStrecke="11.1111" FahrtspSignal="-1" FahrtspZugsicherung="45.8333" Fahrtkm="51.3945" FahrtHLDruck="5"/>
<FahrtEintrag FahrtWeg="3576.9695" FahrtZeit="2023-02-14 10:03:10" Kennung_FahrtZeitms="2023-02-14 10:03:10:322" Fahrtsp="9.9258" FahrtspStrecke="11.1111" FahrtspSignal="-1" FahrtspZugsicherung="45.8333" Fahrtkm="51.3945" FahrtHLDruck="5"/>
<FahrtEintrag FahrtWeg="3602.0806" FahrtZeit="2023-02-14 10:03:12" Kennung_FahrtZeitms="2023-02-14 10:03:12:512" Fahrtsp="9.8955" FahrtspStrecke="11.1111" FahrtspSignal="-1" FahrtspZugsicherung="45.8333" Fahrtkm="51.4607" FahrtHLDruck="5"/>
<FahrtEintrag FahrtWeg="3627.2493" FahrtZeit="2023-02-14 10:03:15" Kennung_FahrtZeitms="2023-02-14 10:03:15:591" Fahrtsp="9.865" FahrtspStrecke="11.1111" FahrtspSignal="-1" FahrtspZugsicherung="45.8333" Fahrtkm="51.4607" FahrtHLDruck="5"/>
<FahrtEintrag FahrtWeg="3652.4197" FahrtZeit="2023-02-14 10:03:18" Kennung_FahrtZeitms="2023-02-14 10:03:18:687" Fahrtsp="9.8345" FahrtspStrecke="11.1111" FahrtspSignal="-1" FahrtspZugsicherung="45.8333" Fahrtkm="51.4607" FahrtHLDruck="5"/>
<FahrtEintrag FahrtWeg="3677.6824" FahrtZeit="2023-02-14 10:03:20" Kennung_FahrtZeitms="2023-02-14 10:03:20:516" Fahrtsp="9.8039" FahrtspStrecke="11.1111" FahrtspSignal="-1" FahrtspZugsicherung="45.8333" Fahrtkm="51.4607" FahrtHLDruck="5"/>
<FahrtEintrag FahrtTyp="5" FahrtWeg="3687.9126" FahrtZeit="2023-02-14 10:03:21" Kennung_FahrtZeitms="2023-02-14 10:03:21:475" Fahrtsp="9.7911" FahrtspStrecke="11.1111" FahrtspSignal="-1" FahrtspZugsicherung="45.8333" FahrtText="LZB-Bk 21/22/121/122 LZB-Bk 21" Fahrtkm="51.4607" FahrtHLDruck="5"/>
<FahrtEintrag FahrtTyp="5" FahrtWeg="-1" FahrtZeit="2023-02-14 10:03:21" Kennung_FahrtZeitms="2023-02-14 10:03:21:555" Fahrtsp="-1" FahrtspStrecke="-1" FahrtspSignal="-1" FahrtspZugsicherung="-1" FahrtText="Zugende passiert Ende Weichenbereich" FahrtHLDruck="-1" FahrtParameter="4" FahrtFBSchalter="-10000"/>
<FahrtEintrag FahrtWeg="3688.2224" FahrtZeit="2023-02-14 10:03:21" Kennung_FahrtZeitms="2023-02-14 10:03:21:681" Fahrtsp="9.7911" FahrtspStrecke="11.1111" FahrtspSignal="-1" FahrtspZugsicherung="45.8333" Fahrtkm="51.5602" FahrtHLDruck="5"/>
<FahrtEintrag FahrtTyp="5" FahrtWeg="-1" FahrtZeit="2023-02-14 10:03:23" Kennung_FahrtZeitms="2023-02-14 10:03:23:398" Fahrtsp="-1" FahrtspStrecke="-1" FahrtspSignal="-1" FahrtspZugsicherung="-1" FahrtText="Zugende passiert Ende Weichenbereich" FahrtHLDruck="-1" FahrtParameter="4" FahrtFBSchalter="-10000"/>
<FahrtEintrag FahrtWeg="3708.0403" FahrtZeit="2023-02-14 10:03:23" Kennung_FahrtZeitms="2023-02-14 10:03:23:652" Fahrtsp="9.7671" FahrtspStrecke="11.1111" FahrtspSignal="-1" FahrtspZugsicherung="45.8333" Fahrtkm="51.5682" FahrtHLDruck="5"/>
<FahrtEintrag FahrtWeg="3733.3298" FahrtZeit="2023-02-14 10:03:26" Kennung_FahrtZeitms="2023-02-14 10:03:26:618" Fahrtsp="9.7363" FahrtspStrecke="11.1111" FahrtspSignal="-1" FahrtspZugsicherung="45.8333" Fahrtkm="51.5682" FahrtHLDruck="5"/>
<FahrtEintrag FahrtWeg="3758.5198" FahrtZeit="2023-02-14 10:03:28" Kennung_FahrtZeitms="2023-02-14 10:03:28:546" Fahrtsp="9.7056" FahrtspStrecke="11.1111" FahrtspSignal="-1" FahrtspZugsicherung="45.8333" Fahrtkm="51.626" FahrtHLDruck="5"/>
<FahrtEintrag FahrtWeg="3783.8181" FahrtZeit="2023-02-14 10:03:31" Kennung_FahrtZeitms="2023-02-14 10:03:31:654" Fahrtsp="9.6747" FahrtspStrecke="11.1111" FahrtspSignal="-1" FahrtspZugsicherung="45.8333" Fahrtkm="51.626" FahrtHLDruck="5"/>
<FahrtEintrag FahrtWeg="3809.0662" FahrtZeit="2023-02-14 10:03:34" Kennung_FahrtZeitms="2023-02-14 10:03:34:573" Fahrtsp="9.6438" FahrtspStrecke="11.1111" FahrtspSignal="-1" FahrtspZugsicherung="45.8333" Fahrtkm="51.6598" FahrtHLDruck="5"/>
<FahrtEintrag FahrtWeg="3834.0962" FahrtZeit="2023-02-14 10:03:36" Kennung_FahrtZeitms="2023-02-14 10:03:36:657" Fahrtsp="9.6132" FahrtspStrecke="11.1111" FahrtspSignal="-1" FahrtspZugsicherung="45.8333" Fahrtkm="51.6598" FahrtHLDruck="5"/>
<FahrtEintrag FahrtWeg="3859.3809" FahrtZeit="2023-02-14 10:03:39" Kennung_FahrtZeitms="2023-02-14 10:03:39:598" Fahrtsp="9.5822" FahrtspStrecke="11.1111" FahrtspSignal="-1" FahrtspZugsicherung="45.8333" Fahrtkm="51.6598" FahrtHLDruck="5"/>
<FahrtEintrag FahrtWeg="3884.6472" FahrtZeit="2023-02-14 10:03:41" Kennung_FahrtZeitms="2023-02-14 10:03:41:642" Fahrtsp="9.6675" FahrtspStrecke="11.1111" FahrtspSignal="-1" FahrtspZugsicherung="45.8333" Fahrtkm="51.6598" FahrtHLDruck="5" FahrtFBSchalter="4"/>
<FahrtEintrag FahrtWeg="3909.8489" FahrtZeit="2023-02-14 10:03:44" Kennung_FahrtZeitms="2023-02-14 10:03:44:621" Fahrtsp="9.8819" FahrtspStrecke="11.1111" FahrtspSignal="-1" FahrtspZugsicherung="45.8333" Fahrtkm="51.7594" FahrtHLDruck="5" FahrtFBSchalter="3"/>
<FahrtEintrag FahrtWeg="3935.1018" FahrtZeit="2023-02-14 10:03:47" Kennung_FahrtZeitms="2023-02-14 10:03:47:572" Fahrtsp="9.9569" FahrtspStrecke="11.1111" FahrtspSignal="-1" FahrtspZugsicherung="45.8333" Fahrtkm="51.7594" FahrtHLDruck="5"/>
<FahrtEintrag FahrtWeg="3960.4153" FahrtZeit="2023-02-14 10:03:49" Kennung_FahrtZeitms="2023-02-14 10:03:49:658" Fahrtsp="9.9263" FahrtspStrecke="11.1111" FahrtspSignal="-1" FahrtspZugsicherung="45.8333" Fahrtkm="51.7594" FahrtHLDruck="5"/>
<FahrtEintrag FahrtWeg="3985.6914" FahrtZeit="2023-02-14 10:03:52" Kennung_FahrtZeitms="2023-02-14 10:03:52:634" Fahrtsp="9.8958" FahrtspStrecke="11.1111" FahrtspSignal="-1" FahrtspZugsicherung="45.8333" Fahrtkm="51.7594" FahrtHLDruck="5"/>
<FahrtEintrag FahrtWeg="4010.7805" FahrtZeit="2023-02-14 10:03:54" Kennung_FahrtZeitms="2023-02-14 10:03:54:602" Fahrtsp="9.8654" FahrtspStrecke="11.1111" FahrtspSignal="-1" FahrtspZugsicherung="45.8333" Fahrtkm="51.8589" FahrtHLDruck="5"/>
<FahrtEintrag FahrtWeg="4035.9253" FahrtZeit="2023-02-14 10:03:57" Kennung_FahrtZeitms="2023-02-14 10:03:57:679" Fahrtsp="9.835" FahrtspStrecke="11.1111" FahrtspSignal="-1" FahrtspZugsicherung="45.8333" Fahrtkm="51.8589" FahrtHLDruck="5"/>
<FahrtEintrag FahrtWeg="4061.2061" FahrtZeit="2023-02-14 10:03:59" Kennung_FahrtZeitms="2023-02-14 10:03:59:615" Fahrtsp="9.8043" FahrtspStrecke="11.1111" FahrtspSignal="-1" FahrtspZugsicherung="45.8333" Fahrtkm="51.8589" FahrtHLDruck="5"/>
<FahrtEintrag FahrtWeg="4086.5005" FahrtZeit="2023-02-14 10:04:02" Kennung_FahrtZeitms="2023-02-14 10:04:02:618" Fahrtsp="9.7735" FahrtspStrecke="11.1111" FahrtspSignal="-1" FahrtspZugsicherung="45.8333" Fahrtkm="51.9585" FahrtHLDruck="5"/>
<FahrtEintrag FahrtWeg="4111.7397" FahrtZeit="2023-02-14 10:04:04" Kennung_FahrtZeitms="2023-02-14 10:04:04:589" Fahrtsp="9.7428" FahrtspStrecke="11.1111" FahrtspSignal="-1" FahrtspZugsicherung="45.8333" Fahrtkm="51.9585" FahrtHLDruck="5"/>
<FahrtEintrag FahrtWeg="4136.8545" FahrtZeit="2023-02-14 10:04:07" Kennung_FahrtZeitms="2023-02-14 10:04:07:172" Fahrtsp="9.7122" FahrtspStrecke="11.1111" FahrtspSignal="-1" FahrtspZugsicherung="45.8333" Fahrtkm="51.9585" FahrtHLDruck="5"/>
<FahrtEintrag FahrtWeg="4161.9702" FahrtZeit="2023-02-14 10:04:10" Kennung_FahrtZeitms="2023-02-14 10:04:10:755" Fahrtsp="9.6816" FahrtspStrecke="11.1111" FahrtspSignal="-1" FahrtspZugsicherung="45.8333" Fahrtkm="51.9585" FahrtHLDruck="5"/>
<FahrtEintrag FahrtWeg="4186.9902" FahrtZeit="2023-02-14 10:04:12" Kennung_FahrtZeitms="2023-02-14 10:04:12:222" Fahrtsp="9.651" FahrtspStrecke="11.1111" FahrtspSignal="-1" FahrtspZugsicherung="45.8333" Fahrtkm="52.058" FahrtHLDruck="5"/>
<FahrtEintrag FahrtWeg="4212.2075" FahrtZeit="2023-02-14 10:04:15" Kennung_FahrtZeitms="2023-02-14 10:04:15:046" Fahrtsp="9.6202" FahrtspStrecke="11.1111" FahrtspSignal="-1" FahrtspZugsicherung="45.8333" Fahrtkm="52.0719" FahrtHLDruck="5"/>
<FahrtEintrag FahrtWeg="4237.4844" FahrtZeit="2023-02-14 10:04:18" Kennung_FahrtZeitms="2023-02-14 10:04:18:890" Fahrtsp="9.5892" FahrtspStrecke="11.1111" FahrtspSignal="-1" FahrtspZugsicherung="45.8333" Fahrtkm="52.0719" FahrtHLDruck="5"/>
<FahrtEintrag FahrtWeg="4262.7007" FahrtZeit="2023-02-14 10:04:20" Kennung_FahrtZeitms="2023-02-14 10:04:20:399" Fahrtsp="9.5582" FahrtspStrecke="11.1111" FahrtspSignal="-1" FahrtspZugsicherung="45.8333" Fahrtkm="52.0719" FahrtHLDruck="5"/>
<FahrtEintrag FahrtWeg="4287.9321" FahrtZeit="2023-02-14 10:04:23" Kennung_FahrtZeitms="2023-02-14 10:04:23:156" Fahrtsp="9.5272" FahrtspStrecke="11.1111" FahrtspSignal="-1" FahrtspZugsicherung="45.8333" Fahrtkm="52.1576" FahrtHLDruck="5"/>
<FahrtEintrag FahrtWeg="4313.0947" FahrtZeit="2023-02-14 10:04:26" Kennung_FahrtZeitms="2023-02-14 10:04:26:015" Fahrtsp="9.4962" FahrtspStrecke="11.1111" FahrtspSignal="-1" FahrtspZugsicherung="45.8333" Fahrtkm="52.1576" FahrtHLDruck="5"/>
<FahrtEintrag FahrtWeg="4338.3916" FahrtZeit="2023-02-14 10:04:28" Kennung_FahrtZeitms="2023-02-14 10:04:28:632" Fahrtsp="9.465" FahrtspStrecke="11.1111" FahrtspSignal="-1" FahrtspZugsicherung="45.8333" Fahrtkm="52.1576" FahrtHLDruck="5"/>
<FahrtEintrag FahrtWeg="4363.5269" FahrtZeit="2023-02-14 10:04:31" Kennung_FahrtZeitms="2023-02-14 10:04:31:492" Fahrtsp="9.434" FahrtspStrecke="11.1111" FahrtspSignal="-1" FahrtspZugsicherung="45.8333" Fahrtkm="52.2219" FahrtHLDruck="5"/>
<FahrtEintrag FahrtWeg="4388.7197" FahrtZeit="2023-02-14 10:04:34" Kennung_FahrtZeitms="2023-02-14 10:04:34:320" Fahrtsp="9.4028" FahrtspStrecke="11.1111" FahrtspSignal="-1" FahrtspZugsicherung="45.8333" Fahrtkm="52.2571" FahrtHLDruck="5"/>
<FahrtEintrag FahrtWeg="4413.9277" FahrtZeit="2023-02-14 10:04:36" Kennung_FahrtZeitms="2023-02-14 10:04:36:652" Fahrtsp="9.3716" FahrtspStrecke="11.1111" FahrtspSignal="-1" FahrtspZugsicherung="45.8333" Fahrtkm="52.2571" FahrtHLDruck="5"/>
<FahrtEintrag FahrtWeg="4438.937" FahrtZeit="2023-02-14 10:04:39" Kennung_FahrtZeitms="2023-02-14 10:04:39:414" Fahrtsp="9.465" FahrtspStrecke="11.1111" FahrtspSignal="-1" FahrtspZugsicherung="45.8333" Fahrtkm="52.2571" FahrtHLDruck="5" FahrtFBSchalter="3"/>
<FahrtEintrag FahrtWeg="4464.2227" FahrtZeit="2023-02-14 10:04:42" Kennung_FahrtZeitms="2023-02-14 10:04:42:142" Fahrtsp="9.631" FahrtspStrecke="11.1111" FahrtspSignal="-1" FahrtspZugsicherung="45.8333" Fahrtkm="52.3354" FahrtHLDruck="5" FahrtFBSchalter="5"/>
<FahrtEintrag FahrtWeg="4489.5024" FahrtZeit="2023-02-14 10:04:44" Kennung_FahrtZeitms="2023-02-14 10:04:44:720" Fahrtsp="9.6444" FahrtspStrecke="11.1111" FahrtspSignal="-1" FahrtspZugsicherung="45.8333" Fahrtkm="52.3567" FahrtHLDruck="5"/>
<FahrtEintrag FahrtWeg="4514.6704" FahrtZeit="2023-02-14 10:04:47" Kennung_FahrtZeitms="2023-02-14 10:04:47:612" Fahrtsp="9.33" FahrtspStrecke="11.1111" FahrtspSignal="-1" FahrtspZugsicherung="45.8333" Fahrtkm="52.3567" FahrtHLDruck="5" FahrtFBSchalter="2"/>
<FahrtEintrag FahrtWeg="4539.9512" FahrtZeit="2023-02-14 10:04:50" Kennung_FahrtZeitms="2023-02-14 10:04:50:278" Fahrtsp="9.2142" FahrtspStrecke="11.1111" FahrtspSignal="-1" FahrtspZugsicherung="45.8333" Fahrtkm="52.3567" FahrtHLDruck="5" FahrtFBSchalter="4"/>
<FahrtEintrag FahrtWeg="4565.1992" FahrtZeit="2023-02-14 10:04:52" Kennung_FahrtZeitms="2023-02-14 10:04:52:951" Fahrtsp="9.3434" FahrtspStrecke="11.1111" FahrtspSignal="-1" FahrtspZugsicherung="45.8333" Fahrtkm="52.3567" FahrtHLDruck="5" FahrtFBSchalter="10"/>
<FahrtEintrag FahrtWeg="4590.4648" FahrtZeit="2023-02-14 10:04:55" Kennung_FahrtZeitms="2023-02-14 10:04:55:412" Fahrtsp="9.7484" FahrtspStrecke="11.1111" FahrtspSignal="-1" FahrtspZugsicherung="45.8333" Fahrtkm="52.4563" FahrtHLDruck="5" FahrtFBSchalter="12"/>
<FahrtEintrag FahrtWeg="4615.4897" FahrtZeit="2023-02-14 10:04:57" Kennung_FahrtZeitms="2023-02-14 10:04:57:081" Fahrtsp="9.8139" FahrtspStrecke="11.1111" FahrtspSignal="-1" FahrtspZugsicherung="45.8333" Fahrtkm="52.4563" FahrtHLDruck="5"/>
<FahrtEintrag FahrtWeg="4640.8018" FahrtZeit="2023-02-14 10:05:00" Kennung_FahrtZeitms="2023-02-14 10:05:00:787" Fahrtsp="9.471" FahrtspStrecke="11.1111" FahrtspSignal="-1" FahrtspZugsicherung="45.8333" Fahrtkm="52.4563" FahrtHLDruck="5"/>
<FahrtEintrag FahrtWeg="4665.8311" FahrtZeit="2023-02-14 10:05:03" Kennung_FahrtZeitms="2023-02-14 10:05:03:932" Fahrtsp="9.2006" FahrtspStrecke="11.1111" FahrtspSignal="-1" FahrtspZugsicherung="45.8333" Fahrtkm="52.4563" FahrtHLDruck="5" FahrtFBSchalter="3"/>
<FahrtEintrag FahrtWeg="4690.8477" FahrtZeit="2023-02-14 10:05:05" Kennung_FahrtZeitms="2023-02-14 10:05:05:891" Fahrtsp="9.1813" FahrtspStrecke="11.1111" FahrtspSignal="-1" FahrtspZugsicherung="45.8333" Fahrtkm="52.5558" FahrtHLDruck="5" FahrtFBSchalter="7"/>
<FahrtEintrag FahrtWeg="4715.9102" FahrtZeit="2023-02-14 10:05:08" Kennung_FahrtZeitms="2023-02-14 10:05:08:283" Fahrtsp="9.5006" FahrtspStrecke="11.1111" FahrtspSignal="-1" FahrtspZugsicherung="45.8333" Fahrtkm="52.5558" FahrtHLDruck="5" FahrtFBSchalter="10"/>
<FahrtEintrag FahrtWeg="4741.2021" FahrtZeit="2023-02-14 10:05:11" Kennung_FahrtZeitms="2023-02-14 10:05:11:202" Fahrtsp="9.8178" FahrtspStrecke="11.1111" FahrtspSignal="-1" FahrtspZugsicherung="45.8333" Fahrtkm="52.5558" FahrtHLDruck="5" FahrtFBSchalter="10"/>
<FahrtEintrag FahrtWeg="4766.4263" FahrtZeit="2023-02-14 10:05:13" Kennung_FahrtZeitms="2023-02-14 10:05:13:882" Fahrtsp="10.0858" FahrtspStrecke="11.1111" FahrtspSignal="-1" FahrtspZugsicherung="45.8333" Fahrtkm="52.5558" FahrtHLDruck="5" FahrtFBSchalter="3"/>
<FahrtEintrag FahrtWeg="4791.6909" FahrtZeit="2023-02-14 10:05:16" Kennung_FahrtZeitms="2023-02-14 10:05:16:309" Fahrtsp="9.7566" FahrtspStrecke="11.1111" FahrtspSignal="-1" FahrtspZugsicherung="45.8333" Fahrtkm="52.6554" FahrtHLDruck="5"/>
<FahrtEintrag FahrtWeg="4816.9868" FahrtZeit="2023-02-14 10:05:18" Kennung_FahrtZeitms="2023-02-14 10:05:18:743" Fahrtsp="9.4119" FahrtspStrecke="11.1111" FahrtspSignal="-1" FahrtspZugsicherung="45.8333" Fahrtkm="52.6554" FahrtHLDruck="5"/>
<FahrtEintrag FahrtWeg="4842.1729" FahrtZeit="2023-02-14 10:05:21" Kennung_FahrtZeitms="2023-02-14 10:05:21:125" Fahrtsp="9.067" FahrtspStrecke="11.1111" FahrtspSignal="-1" FahrtspZugsicherung="45.8333" Fahrtkm="52.6554" FahrtHLDruck="5" FahrtFBSchalter="3"/>
<FahrtEintrag FahrtWeg="4867.2773" FahrtZeit="2023-02-14 10:05:24" Kennung_FahrtZeitms="2023-02-14 10:05:24:082" Fahrtsp="9.1257" FahrtspStrecke="11.1111" FahrtspSignal="-1" FahrtspZugsicherung="45.8333" Fahrtkm="52.6554" FahrtHLDruck="5" FahrtFBSchalter="7"/>
<FahrtEintrag FahrtWeg="4892.5342" FahrtZeit="2023-02-14 10:05:26" Kennung_FahrtZeitms="2023-02-14 10:05:26:901" Fahrtsp="9.3289" FahrtspStrecke="11.1111" FahrtspSignal="-1" FahrtspZugsicherung="45.8333" Fahrtkm="52.7549" FahrtHLDruck="5" FahrtFBSchalter="8"/>
<FahrtEintrag FahrtWeg="4917.8057" FahrtZeit="2023-02-14 10:05:29" Kennung_FahrtZeitms="2023-02-14 10:05:29:480" Fahrtsp="9.5241" FahrtspStrecke="11.1111" FahrtspSignal="-1" FahrtspZugsicherung="45.8333" Fahrtkm="52.7549" FahrtHLDruck="5" FahrtFBSchalter="8"/>
<FahrtEintrag FahrtWeg="4942.8428" FahrtZeit="2023-02-14 10:05:32" Kennung_FahrtZeitms="2023-02-14 10:05:32:733" Fahrtsp="9.7094" FahrtspStrecke="11.1111" FahrtspSignal="-1" FahrtspZugsicherung="45.8333" Fahrtkm="52.7549" FahrtHLDruck="5" FahrtFBSchalter="8"/>
<FahrtEintrag FahrtWeg="4968.0405" FahrtZeit="2023-02-14 10:05:35" Kennung_FahrtZeitms="2023-02-14 10:05:35:841" Fahrtsp="9.8884" FahrtspStrecke="11.1111" FahrtspSignal="-1" FahrtspZugsicherung="45.8333" Fahrtkm="52.7549" FahrtHLDruck="5" FahrtFBSchalter="8"/>
<FahrtEintrag FahrtWeg="4993.2705" FahrtZeit="2023-02-14 10:05:37" Kennung_FahrtZeitms="2023-02-14 10:05:38:020" Fahrtsp="10.0567" FahrtspStrecke="11.1111" FahrtspSignal="-1" FahrtspZugsicherung="45.8333" Fahrtkm="52.8245" FahrtHLDruck="5" FahrtFBSchalter="7"/>
<FahrtEintrag FahrtWeg="5018.3315" FahrtZeit="2023-02-14 10:05:40" Kennung_FahrtZeitms="2023-02-14 10:05:40:731" Fahrtsp="9.8611" FahrtspStrecke="11.1111" FahrtspSignal="-1" FahrtspZugsicherung="45.8333" Fahrtkm="52.8245" FahrtHLDruck="5"/>
<FahrtEintrag FahrtWeg="5038.9087" FahrtZeit="2023-02-14 10:05:42" Kennung_FahrtZeitms="2023-02-14 10:05:42:348" Fahrtsp="9.5205" FahrtspStrecke="11.1111" FahrtspSignal="-1" FahrtspZugsicherung="45.8333" Fahrtkm="52.8545" FahrtHLDruck="5"/>
<FahrtEintrag FahrtWeg="5068.7793" FahrtZeit="2023-02-14 10:05:45" Kennung_FahrtZeitms="2023-02-14 10:05:45:721" Fahrtsp="9.1688" FahrtspStrecke="11.1111" FahrtspSignal="-1" FahrtspZugsicherung="45.8333" Fahrtkm="52.8545" FahrtHLDruck="5"/>
<FahrtEintrag FahrtWeg="5093.9102" FahrtZeit="2023-02-14 10:05:48" Kennung_FahrtZeitms="2023-02-14 10:05:48:965" Fahrtsp="9.0128" FahrtspStrecke="11.1111" FahrtspSignal="-1" FahrtspZugsicherung="45.8333" Fahrtkm="52.9541" FahrtHLDruck="5" FahrtFBSchalter="3"/>
<FahrtEintrag FahrtWeg="5119.1196" FahrtZeit="2023-02-14 10:05:50" Kennung_FahrtZeitms="2023-02-14 10:05:50:626" Fahrtsp="9.2695" FahrtspStrecke="11.1111" FahrtspSignal="-1" FahrtspZugsicherung="45.8333" Fahrtkm="52.9541" FahrtHLDruck="5" FahrtFBSchalter="10"/>
<FahrtEintrag FahrtTyp="8" FahrtWeg="-1" FahrtZeit="2023-02-14 10:05:53" Kennung_FahrtZeitms="2023-02-14 10:05:53:550" Fahrtsp="-1" FahrtspStrecke="-1" FahrtspSignal="-1" FahrtspZugsicherung="-1" FahrtHLDruck="-1" FahrtParameter="48" FahrtFBSchalter="-10000"/>
<FahrtEintrag FahrtWeg="5148.9584" FahrtZeit="2023-02-14 10:05:53" Kennung_FahrtZeitms="2023-02-14 10:05:53:672" Fahrtsp="9.2908" FahrtspStrecke="11.1111" FahrtspSignal="-1" FahrtspZugsicherung="45.8333" Fahrtkm="52.9541" FahrtHLDruck="5"/>
<FahrtEintrag FahrtTyp="8" FahrtWeg="-1" FahrtZeit="2023-02-14 10:05:53" Kennung_FahrtZeitms="2023-02-14 10:05:53:790" Fahrtsp="-1" FahrtspStrecke="-1" FahrtspSignal="-1" FahrtspZugsicherung="-1" FahrtHLDruck="-1" FahrtParameter="16" FahrtFBSchalter="-10000"/>
<FahrtEintrag FahrtWeg="5151.561" FahrtZeit="2023-02-14 10:05:54" Kennung_FahrtZeitms="2023-02-14 10:05:54:002" Fahrtsp="9.2499" FahrtspStrecke="11.1111" FahrtspSignal="-1" FahrtspZugsicherung="45.8333" Fahrtkm="52.9541" FahrtHLDruck="5"/>
<FahrtEintrag FahrtWeg="5176.813" FahrtZeit="2023-02-14 10:05:56" Kennung_FahrtZeitms="2023-02-14 10:05:56:703" Fahrtsp="8.8871" FahrtspStrecke="11.1111" FahrtspSignal="-1" FahrtspZugsicherung="45.8333" Fahrtkm="53.0374" FahrtHLDruck="5"/>
<FahrtEintrag FahrtWeg="5201.9067" FahrtZeit="2023-02-14 10:05:59" Kennung_FahrtZeitms="2023-02-14 10:05:59:480" Fahrtsp="8.624" FahrtspStrecke="11.1111" FahrtspSignal="-1" FahrtspZugsicherung="45.8333" Fahrtkm="53.0581" FahrtHLDruck="5" FahrtFBSchalter="2"/>
<FahrtEintrag FahrtWeg="5227.1553" FahrtZeit="2023-02-14 10:06:02" Kennung_FahrtZeitms="2023-02-14 10:06:02:216" Fahrtsp="8.7043" FahrtspStrecke="11.1111" FahrtspSignal="-1" FahrtspZugsicherung="45.8333" Fahrtkm="53.0833" FahrtHLDruck="5" FahrtFBSchalter="7"/>
<FahrtEintrag FahrtWeg="5252.3403" FahrtZeit="2023-02-14 10:06:05" Kennung_FahrtZeitms="2023-02-14 10:06:05:002" Fahrtsp="8.9836" FahrtspStrecke="11.1111" FahrtspSignal="-1" FahrtspZugsicherung="45.8333" Fahrtkm="53.0536" FahrtHLDruck="5" FahrtFBSchalter="10"/>
<FahrtEintrag FahrtWeg="5277.4458" FahrtZeit="2023-02-14 10:06:08" Kennung_FahrtZeitms="2023-02-14 10:06:08:674" Fahrtsp="9.3303" FahrtspStrecke="11.1111" FahrtspSignal="-1" FahrtspZugsicherung="45.8333" Fahrtkm="53.0536" FahrtHLDruck="5" FahrtFBSchalter="10"/>
<FahrtEintrag FahrtWeg="5302.6865" FahrtZeit="2023-02-14 10:06:11" Kennung_FahrtZeitms="2023-02-14 10:06:11:301" Fahrtsp="9.6571" FahrtspStrecke="11.1111" FahrtspSignal="-1" FahrtspZugsicherung="45.8333" Fahrtkm="53.1532" FahrtHLDruck="5" FahrtFBSchalter="10"/>
<FahrtEintrag FahrtWeg="5327.9736" FahrtZeit="2023-02-14 10:06:13" Kennung_FahrtZeitms="2023-02-14 10:06:13:883" Fahrtsp="9.9651" FahrtspStrecke="11.1111" FahrtspSignal="-1" FahrtspZugsicherung="45.8333" Fahrtkm="53.1532" FahrtHLDruck="5" FahrtFBSchalter="10"/>
<FahrtEintrag FahrtWeg="5352.998" FahrtZeit="2023-02-14 10:06:16" Kennung_FahrtZeitms="2023-02-14 10:06:16:404" Fahrtsp="10.1453" FahrtspStrecke="11.1111" FahrtspSignal="-1" FahrtspZugsicherung="45.8333" Fahrtkm="53.1532" FahrtHLDruck="5" FahrtFBSchalter="7"/>
<FahrtEintrag FahrtWeg="5378.04" FahrtZeit="2023-02-14 10:06:18" Kennung_FahrtZeitms="2023-02-14 10:06:18:621" Fahrtsp="10.1042" FahrtspStrecke="11.1111" FahrtspSignal="-1" FahrtspZugsicherung="45.8333" Fahrtkm="53.1532" FahrtHLDruck="5" FahrtFBSchalter="4"/>
<FahrtEintrag FahrtWeg="5403.311" FahrtZeit="2023-02-14 10:06:21" Kennung_FahrtZeitms="2023-02-14 10:06:21:002" Fahrtsp="10.0243" FahrtspStrecke="11.1111" FahrtspSignal="-1" FahrtspZugsicherung="45.8333" Fahrtkm="53.2528" FahrtHLDruck="5" FahrtFBSchalter="4"/>
<FahrtEintrag FahrtWeg="5428.583" FahrtZeit="2023-02-14 10:06:23" Kennung_FahrtZeitms="2023-02-14 10:06:23:583" Fahrtsp="9.9447" FahrtspStrecke="11.1111" FahrtspSignal="-1" FahrtspZugsicherung="45.8333" Fahrtkm="53.2528" FahrtHLDruck="5" FahrtFBSchalter="4"/>
<FahrtEintrag FahrtWeg="5453.6064" FahrtZeit="2023-02-14 10:06:26" Kennung_FahrtZeitms="2023-02-14 10:06:26:904" Fahrtsp="9.8662" FahrtspStrecke="11.1111" FahrtspSignal="-1" FahrtspZugsicherung="45.8333" Fahrtkm="53.2528" FahrtHLDruck="5" FahrtFBSchalter="4"/>
<FahrtEintrag FahrtWeg="5478.8687" FahrtZeit="2023-02-14 10:06:28" Kennung_FahrtZeitms="2023-02-14 10:06:28:862" Fahrtsp="9.7872" FahrtspStrecke="11.1111" FahrtspSignal="-1" FahrtspZugsicherung="45.8333" Fahrtkm="53.2528" FahrtHLDruck="5" FahrtFBSchalter="4"/>
<FahrtEintrag FahrtTyp="5" FahrtWeg="5479.561" FahrtZeit="2023-02-14 10:06:29" Kennung_FahrtZeitms="2023-02-14 10:06:29:210" Fahrtsp="9.784" FahrtspStrecke="11.1111" FahrtspSignal="-1" FahrtspZugsicherung="45.8333" FahrtText="Üst Moorrasen A" Fahrtkm="53.2528" FahrtHLDruck="5" FahrtFBSchalter="4"/>
<FahrtEintrag FahrtWeg="5504.9072" FahrtZeit="2023-02-14 10:06:31" Kennung_FahrtZeitms="2023-02-14 10:06:31:556" Fahrtsp="9.7062" FahrtspStrecke="11.1111" FahrtspSignal="-1" FahrtspZugsicherung="45.8333" Fahrtkm="53.3523" FahrtHLDruck="5" FahrtFBSchalter="4"/>
<FahrtEintrag FahrtWeg="5530.0093" FahrtZeit="2023-02-14 10:06:34" Kennung_FahrtZeitms="2023-02-14 10:06:34:204" Fahrtsp="9.6284" FahrtspStrecke="11.1111" FahrtspSignal="-1" FahrtspZugsicherung="45.8333" Fahrtkm="53.3524" FahrtHLDruck="5" FahrtFBSchalter="4"/>
<FahrtEintrag FahrtWeg="5555.2568" FahrtZeit="2023-02-14 10:06:36" Kennung_FahrtZeitms="2023-02-14 10:06:36:632" Fahrtsp="9.5505" FahrtspStrecke="11.1111" FahrtspSignal="-1" FahrtspZugsicherung="45.8333" Fahrtkm="53.3524" FahrtHLDruck="5" FahrtFBSchalter="4"/>
<FahrtEintrag FahrtWeg="5580.4624" FahrtZeit="2023-02-14 10:06:39" Kennung_FahrtZeitms="2023-02-14 10:06:39:401" Fahrtsp="9.473" FahrtspStrecke="11.1111" FahrtspSignal="-1" FahrtspZugsicherung="45.8333" Fahrtkm="53.452" FahrtHLDruck="5" FahrtFBSchalter="4"/>
<FahrtEintrag FahrtWeg="5605.7983" FahrtZeit="2023-02-14 10:06:42" Kennung_FahrtZeitms="2023-02-14 10:06:42:316" Fahrtsp="9.3955" FahrtspStrecke="11.1111" FahrtspSignal="-1" FahrtspZugsicherung="45.8333" Fahrtkm="53.452" FahrtHLDruck="5" FahrtFBSchalter="4"/>
<FahrtEintrag FahrtWeg="5631.0513" FahrtZeit="2023-02-14 10:06:45" Kennung_FahrtZeitms="2023-02-14 10:06:45:507" Fahrtsp="9.3185" FahrtspStrecke="11.1111" FahrtspSignal="-1" FahrtspZugsicherung="45.8333" Fahrtkm="53.452" FahrtHLDruck="5" FahrtFBSchalter="4"/>
<FahrtEintrag FahrtWeg="5656.2446" FahrtZeit="2023-02-14 10:06:47" Kennung_FahrtZeitms="2023-02-14 10:06:47:904" Fahrtsp="9.2421" FahrtspStrecke="11.1111" FahrtspSignal="-1" FahrtspZugsicherung="45.8333" Fahrtkm="53.452" FahrtHLDruck="5" FahrtFBSchalter="4"/>
<FahrtEintrag FahrtWeg="5681.3994" FahrtZeit="2023-02-14 10:06:50" Kennung_FahrtZeitms="2023-02-14 10:06:50:412" Fahrtsp="9.1661" FahrtspStrecke="11.1111" FahrtspSignal="-1" FahrtspZugsicherung="45.8333" Fahrtkm="53.5516" FahrtHLDruck="5" FahrtFBSchalter="4"/>
<FahrtEintrag FahrtWeg="5706.6953" FahrtZeit="2023-02-14 10:06:53" Kennung_FahrtZeitms="2023-02-14 10:06:53:808" Fahrtsp="9.09" FahrtspStrecke="11.1111" FahrtspSignal="-1" FahrtspZugsicherung="45.8333" Fahrtkm="53.5516" FahrtHLDruck="5" FahrtFBSchalter="4"/>
<FahrtEintrag FahrtWeg="5731.8535" FahrtZeit="2023-02-14 10:06:55" Kennung_FahrtZeitms="2023-02-14 10:06:55:886" Fahrtsp="9.1441" FahrtspStrecke="11.1111" FahrtspSignal="-1" FahrtspZugsicherung="45.8333" Fahrtkm="53.5516" FahrtHLDruck="5" FahrtFBSchalter="7"/>
<FahrtEintrag FahrtWeg="5756.9717" FahrtZeit="2023-02-14 10:06:58" Kennung_FahrtZeitms="2023-02-14 10:06:58:732" Fahrtsp="9.2199" FahrtspStrecke="11.1111" FahrtspSignal="-1" FahrtspZugsicherung="45.8333" Fahrtkm="53.5516" FahrtHLDruck="5"/>
<FahrtEintrag FahrtWeg="5782.1387" FahrtZeit="2023-02-14 10:07:01" Kennung_FahrtZeitms="2023-02-14 10:07:01:644" Fahrtsp="8.8572" FahrtspStrecke="11.1111" FahrtspSignal="-1" FahrtspZugsicherung="45.8333" Fahrtkm="53.6522" FahrtHLDruck="5"/>
<FahrtEintrag FahrtWeg="5807.2192" FahrtZeit="2023-02-14 10:07:04" Kennung_FahrtZeitms="2023-02-14 10:07:04:528" Fahrtsp="8.481" FahrtspStrecke="11.1111" FahrtspSignal="-1" FahrtspZugsicherung="45.8333" Fahrtkm="53.6739" FahrtHLDruck="5"/>
<FahrtEintrag FahrtWeg="5832.4644" FahrtZeit="2023-02-14 10:07:07" Kennung_FahrtZeitms="2023-02-14 10:07:07:302" Fahrtsp="7.9126" FahrtspStrecke="11.1111" FahrtspSignal="-1" FahrtspZugsicherung="45.8333" Fahrtkm="53.6739" FahrtHLDruck="5" FahrtFBSchalter="-5"/>
<FahrtEintrag FahrtWeg="5857.5698" FahrtZeit="2023-02-14 10:07:10" Kennung_FahrtZeitms="2023-02-14 10:07:10:988" Fahrtsp="7.3429" FahrtspStrecke="11.1111" FahrtspSignal="-1" FahrtspZugsicherung="45.8333" Fahrtkm="53.6739" FahrtHLDruck="5" FahrtFBSchalter="-1"/>
<FahrtEintrag FahrtTyp="7" FahrtWeg="5879.7456" FahrtZeit="2023-02-14 10:07:13" Kennung_FahrtZeitms="2023-02-14 10:07:13:479" Fahrtsp="6.1792" FahrtspStrecke="11.1111" FahrtspSignal="-1" FahrtspZugsicherung="45.8333" Fahrtkm="53.7324" FahrtHLDruck="5" FahrtFBSchalter="-40"/>
<FahrtEintrag FahrtWeg="5898.5732" FahrtZeit="2023-02-14 10:07:18" Kennung_FahrtZeitms="2023-02-14 10:07:18:356" Fahrtsp="1.5878" FahrtspStrecke="11.1111" FahrtspSignal="-1" FahrtspZugsicherung="45.8333" Fahrtkm="53.7323" FahrtHLDruck="5" FahrtFBSchalter="-46"/>
<FahrtEintrag FahrtTyp="1" FahrtWeg="5901.5693" FahrtZeit="2023-02-14 10:07:23" Kennung_FahrtZeitms="2023-02-14 10:07:23:901" FahrtspStrecke="11.1111" FahrtspSignal="-1" FahrtspZugsicherung="45.8333" Fahrtkm="53.7322" FahrtHLDruck="5"/>
</result>
</Zusi>
