﻿<?xml version="1.0" encoding="UTF-8"?>
<Zusi>
<Info DateiTyp="result" Version="A.1" MinVersion="A.0"/>
<result Zugnummer="4711 (FaS)" Datum="2023-02-21 10:20:46" Verbrauch="139059456">
<FahrtEintrag FahrtTyp="2" FahrtWeg="1516.7542" FahrtZeit="2023-02-21 09:50:00" Kennung_FahrtZeitms="2023-02-21 09:50:00:093" FahrtspStrecke="11.1111" FahrtspSignal="-1" FahrtspZugsicherung="-1" FahrtText="Allenbach" Fahrtkm="49.3855" FahrtHLDruck="5" FahrtFplAnk="44978.410156" FahrtFplAbf="44978.417969" FahrtFBSchalter="-100"/>
<FahrtEintrag FahrtWeg="1516.7542" FahrtZeit="2023-02-21 09:50:05" Kennung_FahrtZeitms="2023-02-21 09:50:05:120" FahrtspStrecke="11.1111" FahrtspSignal="-1" FahrtspZugsicherung="45.8333" Fahrtkm="49.3855" FahrtHLDruck="5"/>
<FahrtEintrag FahrtWeg="1516.7542" FahrtZeit="2023-02-21 09:50:10" Kennung_FahrtZeitms="2023-02-21 09:50:10:139" FahrtspStrecke="11.1111" FahrtspSignal="-1" FahrtspZugsicherung="45.8333" Fahrtkm="49.3855" FahrtHLDruck="5" FahrtFBSchalter="-39"/>
<FahrtEintrag FahrtWeg="1516.7542" FahrtZeit="2023-02-21 09:50:15" Kennung_FahrtZeitms="2023-02-21 09:50:15:142" FahrtspStrecke="11.1111" FahrtspSignal="-1" FahrtspZugsicherung="45.8333" Fahrtkm="49.3855" FahrtHLDruck="5"/>
<FahrtEintrag FahrtWeg="1516.7542" FahrtZeit="2023-02-21 09:50:20" Kennung_FahrtZeitms="2023-02-21 09:50:20:516" FahrtspStrecke="11.1111" FahrtspSignal="-1" FahrtspZugsicherung="45.8333" Fahrtkm="49.3855" FahrtHLDruck="5"/>
<FahrtEintrag FahrtWeg="1516.7542" FahrtZeit="2023-02-21 09:50:25" Kennung_FahrtZeitms="2023-02-21 09:50:25:519" FahrtspStrecke="11.1111" FahrtspSignal="-1" FahrtspZugsicherung="45.8333" Fahrtkm="49.3855" FahrtHLDruck="5"/>
<FahrtEintrag FahrtWeg="1516.7542" FahrtZeit="2023-02-21 09:50:30" Kennung_FahrtZeitms="2023-02-21 09:50:30:520" FahrtspStrecke="11.1111" FahrtspSignal="-1" FahrtspZugsicherung="45.8333" Fahrtkm="49.3855" FahrtHLDruck="5"/>
<FahrtEintrag FahrtWeg="1516.7542" FahrtZeit="2023-02-21 09:50:35" Kennung_FahrtZeitms="2023-02-21 09:50:35:521" FahrtspStrecke="11.1111" FahrtspSignal="-1" FahrtspZugsicherung="45.8333" Fahrtkm="49.3855" FahrtHLDruck="5"/>
<FahrtEintrag FahrtWeg="1516.7542" FahrtZeit="2023-02-21 09:50:40" Kennung_FahrtZeitms="2023-02-21 09:50:40:523" FahrtspStrecke="11.1111" FahrtspSignal="-1" FahrtspZugsicherung="45.8333" Fahrtkm="49.3855" FahrtHLDruck="5"/>
<FahrtEintrag FahrtWeg="1516.7542" FahrtZeit="2023-02-21 09:50:45" Kennung_FahrtZeitms="2023-02-21 09:50:45:524" FahrtspStrecke="11.1111" FahrtspSignal="-1" FahrtspZugsicherung="45.8333" Fahrtkm="49.3855" FahrtHLDruck="5"/>
<FahrtEintrag FahrtWeg="1516.7542" FahrtZeit="2023-02-21 09:50:50" Kennung_FahrtZeitms="2023-02-21 09:50:50:525" FahrtspStrecke="11.1111" FahrtspSignal="-1" FahrtspZugsicherung="45.8333" Fahrtkm="49.3855" FahrtHLDruck="5"/>
<FahrtEintrag FahrtWeg="1516.7542" FahrtZeit="2023-02-21 09:50:55" Kennung_FahrtZeitms="2023-02-21 09:50:55:526" FahrtspStrecke="11.1111" FahrtspSignal="-1" FahrtspZugsicherung="45.8333" Fahrtkm="49.3855" FahrtHLDruck="5"/>
<FahrtEintrag FahrtWeg="1516.7542" FahrtZeit="2023-02-21 09:51:00" Kennung_FahrtZeitms="2023-02-21 09:51:00:528" FahrtspStrecke="11.1111" FahrtspSignal="-1" FahrtspZugsicherung="45.8333" Fahrtkm="49.3855" FahrtHLDruck="5"/>
<FahrtEintrag FahrtWeg="1516.7542" FahrtZeit="2023-02-21 09:51:05" Kennung_FahrtZeitms="2023-02-21 09:51:05:529" FahrtspStrecke="11.1111" FahrtspSignal="-1" FahrtspZugsicherung="45.8333" Fahrtkm="49.3855" FahrtHLDruck="5"/>
<FahrtEintrag FahrtWeg="1516.7542" FahrtZeit="2023-02-21 09:51:10" Kennung_FahrtZeitms="2023-02-21 09:51:10:530" FahrtspStrecke="11.1111" FahrtspSignal="-1" FahrtspZugsicherung="45.8333" Fahrtkm="49.3855" FahrtHLDruck="5"/>
<FahrtEintrag FahrtWeg="1516.7542" FahrtZeit="2023-02-21 09:51:15" Kennung_FahrtZeitms="2023-02-21 09:51:15:531" FahrtspStrecke="11.1111" FahrtspSignal="-1" FahrtspZugsicherung="45.8333" Fahrtkm="49.3855" FahrtHLDruck="5"/>
<FahrtEintrag FahrtWeg="1516.7542" FahrtZeit="2023-02-21 09:51:20" Kennung_FahrtZeitms="2023-02-21 09:51:20:533" FahrtspStrecke="11.1111" FahrtspSignal="-1" FahrtspZugsicherung="45.8333" Fahrtkm="49.3855" FahrtHLDruck="5"/>
<FahrtEintrag FahrtWeg="1516.7542" FahrtZeit="2023-02-21 09:51:25" Kennung_FahrtZeitms="2023-02-21 09:51:25:534" FahrtspStrecke="11.1111" FahrtspSignal="-1" FahrtspZugsicherung="45.8333" Fahrtkm="49.3855" FahrtHLDruck="5"/>
<FahrtEintrag FahrtWeg="1516.7542" FahrtZeit="2023-02-21 09:51:30" Kennung_FahrtZeitms="2023-02-21 09:51:30:535" FahrtspStrecke="11.1111" FahrtspSignal="-1" FahrtspZugsicherung="45.8333" Fahrtkm="49.3855" FahrtHLDruck="5"/>
<FahrtEintrag FahrtWeg="1516.7542" FahrtZeit="2023-02-21 09:51:35" Kennung_FahrtZeitms="2023-02-21 09:51:35:536" FahrtspStrecke="11.1111" FahrtspSignal="-1" FahrtspZugsicherung="45.8333" Fahrtkm="49.3855" FahrtHLDruck="5"/>
<FahrtEintrag FahrtWeg="1516.7542" FahrtZeit="2023-02-21 09:51:40" Kennung_FahrtZeitms="2023-02-21 09:51:40:537" FahrtspStrecke="11.1111" FahrtspSignal="-1" FahrtspZugsicherung="45.8333" Fahrtkm="49.3855" FahrtHLDruck="5"/>
<FahrtEintrag FahrtWeg="1516.7542" FahrtZeit="2023-02-21 09:51:45" Kennung_FahrtZeitms="2023-02-21 09:51:45:539" FahrtspStrecke="11.1111" FahrtspSignal="-1" FahrtspZugsicherung="45.8333" Fahrtkm="49.3855" FahrtHLDruck="5"/>
<FahrtEintrag FahrtWeg="1516.7542" FahrtZeit="2023-02-21 09:51:50" Kennung_FahrtZeitms="2023-02-21 09:51:50:540" FahrtspStrecke="11.1111" FahrtspSignal="-1" FahrtspZugsicherung="45.8333" Fahrtkm="49.3855" FahrtHLDruck="5"/>
<FahrtEintrag FahrtWeg="1516.7542" FahrtZeit="2023-02-21 09:51:55" Kennung_FahrtZeitms="2023-02-21 09:51:55:541" FahrtspStrecke="11.1111" FahrtspSignal="-1" FahrtspZugsicherung="45.8333" Fahrtkm="49.3855" FahrtHLDruck="5"/>
<FahrtEintrag FahrtWeg="1516.7542" FahrtZeit="2023-02-21 09:52:00" Kennung_FahrtZeitms="2023-02-21 09:52:00:542" FahrtspStrecke="11.1111" FahrtspSignal="-1" FahrtspZugsicherung="45.8333" Fahrtkm="49.3855" FahrtHLDruck="5"/>
<FahrtEintrag FahrtWeg="1516.7542" FahrtZeit="2023-02-21 09:52:05" Kennung_FahrtZeitms="2023-02-21 09:52:05:544" FahrtspStrecke="11.1111" FahrtspSignal="-1" FahrtspZugsicherung="45.8333" Fahrtkm="49.3855" FahrtHLDruck="5"/>
<FahrtEintrag FahrtWeg="1516.7542" FahrtZeit="2023-02-21 09:52:10" Kennung_FahrtZeitms="2023-02-21 09:52:10:545" FahrtspStrecke="11.1111" FahrtspSignal="-1" FahrtspZugsicherung="45.8333" Fahrtkm="49.3855" FahrtHLDruck="5"/>
<FahrtEintrag FahrtWeg="1516.7542" FahrtZeit="2023-02-21 09:52:15" Kennung_FahrtZeitms="2023-02-21 09:52:15:546" FahrtspStrecke="11.1111" FahrtspSignal="-1" FahrtspZugsicherung="45.8333" Fahrtkm="49.3855" FahrtHLDruck="5"/>
<FahrtEintrag FahrtWeg="1516.7542" FahrtZeit="2023-02-21 09:52:20" Kennung_FahrtZeitms="2023-02-21 09:52:20:547" FahrtspStrecke="11.1111" FahrtspSignal="-1" FahrtspZugsicherung="45.8333" Fahrtkm="49.3855" FahrtHLDruck="5"/>
<FahrtEintrag FahrtWeg="1516.7542" FahrtZeit="2023-02-21 09:52:25" Kennung_FahrtZeitms="2023-02-21 09:52:25:548" FahrtspStrecke="11.1111" FahrtspSignal="-1" FahrtspZugsicherung="45.8333" Fahrtkm="49.3855" FahrtHLDruck="5"/>
<FahrtEintrag FahrtWeg="1516.7542" FahrtZeit="2023-02-21 09:52:30" Kennung_FahrtZeitms="2023-02-21 09:52:30:549" FahrtspStrecke="11.1111" FahrtspSignal="-1" FahrtspZugsicherung="45.8333" Fahrtkm="49.3855" FahrtHLDruck="5"/>
<FahrtEintrag FahrtWeg="1516.7542" FahrtZeit="2023-02-21 09:52:35" Kennung_FahrtZeitms="2023-02-21 09:52:35:551" FahrtspStrecke="11.1111" FahrtspSignal="-1" FahrtspZugsicherung="45.8333" Fahrtkm="49.3855" FahrtHLDruck="5"/>
<FahrtEintrag FahrtWeg="1516.7542" FahrtZeit="2023-02-21 09:52:40" Kennung_FahrtZeitms="2023-02-21 09:52:40:553" FahrtspStrecke="11.1111" FahrtspSignal="-1" FahrtspZugsicherung="45.8333" Fahrtkm="49.3855" FahrtHLDruck="5"/>
<FahrtEintrag FahrtWeg="1516.7542" FahrtZeit="2023-02-21 09:52:45" Kennung_FahrtZeitms="2023-02-21 09:52:45:554" FahrtspStrecke="11.1111" FahrtspSignal="-1" FahrtspZugsicherung="45.8333" Fahrtkm="49.3855" FahrtHLDruck="5"/>
<FahrtEintrag FahrtWeg="1516.7542" FahrtZeit="2023-02-21 09:52:50" Kennung_FahrtZeitms="2023-02-21 09:52:50:555" FahrtspStrecke="11.1111" FahrtspSignal="-1" FahrtspZugsicherung="45.8333" Fahrtkm="49.3855" FahrtHLDruck="5"/>
<FahrtEintrag FahrtWeg="1516.7542" FahrtZeit="2023-02-21 09:52:55" Kennung_FahrtZeitms="2023-02-21 09:52:55:557" FahrtspStrecke="11.1111" FahrtspSignal="-1" FahrtspZugsicherung="45.8333" Fahrtkm="49.3855" FahrtHLDruck="5"/>
<FahrtEintrag FahrtWeg="1516.7542" FahrtZeit="2023-02-21 09:53:00" Kennung_FahrtZeitms="2023-02-21 09:53:00:558" FahrtspStrecke="11.1111" FahrtspSignal="-1" FahrtspZugsicherung="45.8333" Fahrtkm="49.3855" FahrtHLDruck="5"/>
<FahrtEintrag FahrtWeg="1516.7542" FahrtZeit="2023-02-21 09:53:05" Kennung_FahrtZeitms="2023-02-21 09:53:05:559" FahrtspStrecke="11.1111" FahrtspSignal="-1" FahrtspZugsicherung="45.8333" Fahrtkm="49.3855" FahrtHLDruck="5"/>
<FahrtEintrag FahrtWeg="1516.7542" FahrtZeit="2023-02-21 09:53:10" Kennung_FahrtZeitms="2023-02-21 09:53:10:561" FahrtspStrecke="11.1111" FahrtspSignal="-1" FahrtspZugsicherung="45.8333" Fahrtkm="49.3855" FahrtHLDruck="5"/>
<FahrtEintrag FahrtWeg="1516.7542" FahrtZeit="2023-02-21 09:53:15" Kennung_FahrtZeitms="2023-02-21 09:53:15:562" FahrtspStrecke="11.1111" FahrtspSignal="-1" FahrtspZugsicherung="45.8333" Fahrtkm="49.3855" FahrtHLDruck="5"/>
<FahrtEintrag FahrtWeg="1516.7542" FahrtZeit="2023-02-21 09:53:20" Kennung_FahrtZeitms="2023-02-21 09:53:20:563" FahrtspStrecke="11.1111" FahrtspSignal="-1" FahrtspZugsicherung="45.8333" Fahrtkm="49.3855" FahrtHLDruck="5"/>
<FahrtEintrag FahrtWeg="1516.7542" FahrtZeit="2023-02-21 09:53:25" Kennung_FahrtZeitms="2023-02-21 09:53:25:565" FahrtspStrecke="11.1111" FahrtspSignal="-1" FahrtspZugsicherung="45.8333" Fahrtkm="49.3855" FahrtHLDruck="5"/>
<FahrtEintrag FahrtWeg="1516.7542" FahrtZeit="2023-02-21 09:53:30" Kennung_FahrtZeitms="2023-02-21 09:53:30:566" FahrtspStrecke="11.1111" FahrtspSignal="-1" FahrtspZugsicherung="45.8333" Fahrtkm="49.3855" FahrtHLDruck="5"/>
<FahrtEintrag FahrtWeg="1516.7542" FahrtZeit="2023-02-21 09:53:35" Kennung_FahrtZeitms="2023-02-21 09:53:35:567" FahrtspStrecke="11.1111" FahrtspSignal="-1" FahrtspZugsicherung="45.8333" Fahrtkm="49.3855" FahrtHLDruck="5"/>
<FahrtEintrag FahrtWeg="1516.7542" FahrtZeit="2023-02-21 09:53:40" Kennung_FahrtZeitms="2023-02-21 09:53:40:568" FahrtspStrecke="11.1111" FahrtspSignal="-1" FahrtspZugsicherung="45.8333" Fahrtkm="49.3855" FahrtHLDruck="5"/>
<FahrtEintrag FahrtWeg="1516.7542" FahrtZeit="2023-02-21 09:53:45" Kennung_FahrtZeitms="2023-02-21 09:53:45:569" FahrtspStrecke="11.1111" FahrtspSignal="-1" FahrtspZugsicherung="45.8333" Fahrtkm="49.3855" FahrtHLDruck="5"/>
<FahrtEintrag FahrtWeg="1516.7542" FahrtZeit="2023-02-21 09:53:50" Kennung_FahrtZeitms="2023-02-21 09:53:50:572" FahrtspStrecke="11.1111" FahrtspSignal="-1" FahrtspZugsicherung="45.8333" Fahrtkm="49.3855" FahrtHLDruck="5"/>
<FahrtEintrag FahrtWeg="1516.7542" FahrtZeit="2023-02-21 09:53:55" Kennung_FahrtZeitms="2023-02-21 09:53:55:573" FahrtspStrecke="11.1111" FahrtspSignal="-1" FahrtspZugsicherung="45.8333" Fahrtkm="49.3855" FahrtHLDruck="5"/>
<FahrtEintrag FahrtWeg="1516.7542" FahrtZeit="2023-02-21 09:54:00" Kennung_FahrtZeitms="2023-02-21 09:54:00:574" FahrtspStrecke="11.1111" FahrtspSignal="-1" FahrtspZugsicherung="45.8333" Fahrtkm="49.3855" FahrtHLDruck="5"/>
<FahrtEintrag FahrtWeg="1516.7542" FahrtZeit="2023-02-21 09:54:05" Kennung_FahrtZeitms="2023-02-21 09:54:05:575" FahrtspStrecke="11.1111" FahrtspSignal="-1" FahrtspZugsicherung="45.8333" Fahrtkm="49.3855" FahrtHLDruck="5"/>
<FahrtEintrag FahrtWeg="1516.7542" FahrtZeit="2023-02-21 09:54:10" Kennung_FahrtZeitms="2023-02-21 09:54:10:577" FahrtspStrecke="11.1111" FahrtspSignal="-1" FahrtspZugsicherung="45.8333" Fahrtkm="49.3855" FahrtHLDruck="5"/>
<FahrtEintrag FahrtWeg="1516.7542" FahrtZeit="2023-02-21 09:54:15" Kennung_FahrtZeitms="2023-02-21 09:54:15:578" FahrtspStrecke="11.1111" FahrtspSignal="-1" FahrtspZugsicherung="45.8333" Fahrtkm="49.3855" FahrtHLDruck="5"/>
<FahrtEintrag FahrtWeg="1516.7542" FahrtZeit="2023-02-21 09:54:20" Kennung_FahrtZeitms="2023-02-21 09:54:20:579" FahrtspStrecke="11.1111" FahrtspSignal="-1" FahrtspZugsicherung="45.8333" Fahrtkm="49.3855" FahrtHLDruck="5"/>
<FahrtEintrag FahrtWeg="1516.7542" FahrtZeit="2023-02-21 09:54:25" Kennung_FahrtZeitms="2023-02-21 09:54:25:581" FahrtspStrecke="11.1111" FahrtspSignal="-1" FahrtspZugsicherung="45.8333" Fahrtkm="49.3855" FahrtHLDruck="5"/>
<FahrtEintrag FahrtWeg="1516.7542" FahrtZeit="2023-02-21 09:54:30" Kennung_FahrtZeitms="2023-02-21 09:54:30:582" FahrtspStrecke="11.1111" FahrtspSignal="-1" FahrtspZugsicherung="45.8333" Fahrtkm="49.3855" FahrtHLDruck="5"/>
<FahrtEintrag FahrtWeg="1516.7542" FahrtZeit="2023-02-21 09:54:35" Kennung_FahrtZeitms="2023-02-21 09:54:35:583" FahrtspStrecke="11.1111" FahrtspSignal="-1" FahrtspZugsicherung="45.8333" Fahrtkm="49.3855" FahrtHLDruck="5"/>
<FahrtEintrag FahrtWeg="1516.7542" FahrtZeit="2023-02-21 09:54:40" Kennung_FahrtZeitms="2023-02-21 09:54:40:585" FahrtspStrecke="11.1111" FahrtspSignal="-1" FahrtspZugsicherung="45.8333" Fahrtkm="49.3855" FahrtHLDruck="5"/>
<FahrtEintrag FahrtWeg="1516.7542" FahrtZeit="2023-02-21 09:54:45" Kennung_FahrtZeitms="2023-02-21 09:54:45:586" FahrtspStrecke="11.1111" FahrtspSignal="-1" FahrtspZugsicherung="45.8333" Fahrtkm="49.3855" FahrtHLDruck="5"/>
<FahrtEintrag FahrtWeg="1516.7542" FahrtZeit="2023-02-21 09:54:50" Kennung_FahrtZeitms="2023-02-21 09:54:50:587" FahrtspStrecke="11.1111" FahrtspSignal="-1" FahrtspZugsicherung="45.8333" Fahrtkm="49.3855" FahrtHLDruck="5"/>
<FahrtEintrag FahrtWeg="1516.7542" FahrtZeit="2023-02-21 09:54:55" Kennung_FahrtZeitms="2023-02-21 09:54:55:588" FahrtspStrecke="11.1111" FahrtspSignal="-1" FahrtspZugsicherung="45.8333" Fahrtkm="49.3855" FahrtHLDruck="5"/>
<FahrtEintrag FahrtWeg="1516.7542" FahrtZeit="2023-02-21 09:55:00" Kennung_FahrtZeitms="2023-02-21 09:55:00:590" FahrtspStrecke="11.1111" FahrtspSignal="-1" FahrtspZugsicherung="45.8333" Fahrtkm="49.3855" FahrtHLDruck="5"/>
<FahrtEintrag FahrtWeg="1516.7542" FahrtZeit="2023-02-21 09:55:05" Kennung_FahrtZeitms="2023-02-21 09:55:05:591" FahrtspStrecke="11.1111" FahrtspSignal="-1" FahrtspZugsicherung="45.8333" Fahrtkm="49.3855" FahrtHLDruck="5"/>
<FahrtEintrag FahrtWeg="1516.7542" FahrtZeit="2023-02-21 09:55:10" Kennung_FahrtZeitms="2023-02-21 09:55:10:592" FahrtspStrecke="11.1111" FahrtspSignal="-1" FahrtspZugsicherung="45.8333" Fahrtkm="49.3855" FahrtHLDruck="5"/>
<FahrtEintrag FahrtWeg="1516.7542" FahrtZeit="2023-02-21 09:55:15" Kennung_FahrtZeitms="2023-02-21 09:55:15:593" FahrtspStrecke="11.1111" FahrtspSignal="-1" FahrtspZugsicherung="45.8333" Fahrtkm="49.3855" FahrtHLDruck="5"/>
<FahrtEintrag FahrtWeg="1516.7542" FahrtZeit="2023-02-21 09:55:20" Kennung_FahrtZeitms="2023-02-21 09:55:20:595" FahrtspStrecke="11.1111" FahrtspSignal="-1" FahrtspZugsicherung="45.8333" Fahrtkm="49.3855" FahrtHLDruck="5"/>
<FahrtEintrag FahrtWeg="1516.7542" FahrtZeit="2023-02-21 09:55:25" Kennung_FahrtZeitms="2023-02-21 09:55:25:596" FahrtspStrecke="11.1111" FahrtspSignal="-1" FahrtspZugsicherung="45.8333" Fahrtkm="49.3855" FahrtHLDruck="5"/>
<FahrtEintrag FahrtWeg="1516.7542" FahrtZeit="2023-02-21 09:55:30" Kennung_FahrtZeitms="2023-02-21 09:55:30:597" FahrtspStrecke="11.1111" FahrtspSignal="-1" FahrtspZugsicherung="45.8333" Fahrtkm="49.3855" FahrtHLDruck="5"/>
<FahrtEintrag FahrtWeg="1516.7542" FahrtZeit="2023-02-21 09:55:35" Kennung_FahrtZeitms="2023-02-21 09:55:35:599" FahrtspStrecke="11.1111" FahrtspSignal="-1" FahrtspZugsicherung="45.8333" Fahrtkm="49.3855" FahrtHLDruck="5"/>
<FahrtEintrag FahrtWeg="1516.7542" FahrtZeit="2023-02-21 09:55:40" Kennung_FahrtZeitms="2023-02-21 09:55:40:600" FahrtspStrecke="11.1111" FahrtspSignal="-1" FahrtspZugsicherung="45.8333" Fahrtkm="49.3855" FahrtHLDruck="5"/>
<FahrtEintrag FahrtWeg="1516.7542" FahrtZeit="2023-02-21 09:55:45" Kennung_FahrtZeitms="2023-02-21 09:55:45:601" FahrtspStrecke="11.1111" FahrtspSignal="-1" FahrtspZugsicherung="45.8333" Fahrtkm="49.3855" FahrtHLDruck="5"/>
<FahrtEintrag FahrtWeg="1516.7542" FahrtZeit="2023-02-21 09:55:50" Kennung_FahrtZeitms="2023-02-21 09:55:50:603" FahrtspStrecke="11.1111" FahrtspSignal="-1" FahrtspZugsicherung="45.8333" Fahrtkm="49.3855" FahrtHLDruck="5"/>
<FahrtEintrag FahrtWeg="1516.7542" FahrtZeit="2023-02-21 09:55:55" Kennung_FahrtZeitms="2023-02-21 09:55:55:604" FahrtspStrecke="11.1111" FahrtspSignal="-1" FahrtspZugsicherung="45.8333" Fahrtkm="49.3855" FahrtHLDruck="5"/>
<FahrtEintrag FahrtWeg="1516.7542" FahrtZeit="2023-02-21 09:56:00" Kennung_FahrtZeitms="2023-02-21 09:56:00:605" FahrtspStrecke="11.1111" FahrtspSignal="-1" FahrtspZugsicherung="45.8333" Fahrtkm="49.3855" FahrtHLDruck="5"/>
<FahrtEintrag FahrtWeg="1516.7542" FahrtZeit="2023-02-21 09:56:05" Kennung_FahrtZeitms="2023-02-21 09:56:05:606" FahrtspStrecke="11.1111" FahrtspSignal="-1" FahrtspZugsicherung="45.8333" Fahrtkm="49.3855" FahrtHLDruck="5"/>
<FahrtEintrag FahrtWeg="1516.7542" FahrtZeit="2023-02-21 09:56:10" Kennung_FahrtZeitms="2023-02-21 09:56:10:607" FahrtspStrecke="11.1111" FahrtspSignal="-1" FahrtspZugsicherung="45.8333" Fahrtkm="49.3855" FahrtHLDruck="5"/>
<FahrtEintrag FahrtWeg="1516.7542" FahrtZeit="2023-02-21 09:56:15" Kennung_FahrtZeitms="2023-02-21 09:56:15:609" FahrtspStrecke="11.1111" FahrtspSignal="-1" FahrtspZugsicherung="45.8333" Fahrtkm="49.3855" FahrtHLDruck="5"/>
<FahrtEintrag FahrtWeg="1516.7542" FahrtZeit="2023-02-21 09:56:20" Kennung_FahrtZeitms="2023-02-21 09:56:20:610" FahrtspStrecke="11.1111" FahrtspSignal="-1" FahrtspZugsicherung="45.8333" Fahrtkm="49.3855" FahrtHLDruck="5"/>
<FahrtEintrag FahrtWeg="1516.7542" FahrtZeit="2023-02-21 09:56:25" Kennung_FahrtZeitms="2023-02-21 09:56:25:611" FahrtspStrecke="11.1111" FahrtspSignal="-1" FahrtspZugsicherung="45.8333" Fahrtkm="49.3855" FahrtHLDruck="5"/>
<FahrtEintrag FahrtWeg="1516.7542" FahrtZeit="2023-02-21 09:56:30" Kennung_FahrtZeitms="2023-02-21 09:56:30:614" FahrtspStrecke="11.1111" FahrtspSignal="-1" FahrtspZugsicherung="45.8333" Fahrtkm="49.3855" FahrtHLDruck="5"/>
<FahrtEintrag FahrtWeg="1516.7542" FahrtZeit="2023-02-21 09:56:35" Kennung_FahrtZeitms="2023-02-21 09:56:35:615" FahrtspStrecke="11.1111" FahrtspSignal="-1" FahrtspZugsicherung="45.8333" Fahrtkm="49.3855" FahrtHLDruck="5"/>
<FahrtEintrag FahrtWeg="1516.7542" FahrtZeit="2023-02-21 09:56:40" Kennung_FahrtZeitms="2023-02-21 09:56:40:616" FahrtspStrecke="11.1111" FahrtspSignal="-1" FahrtspZugsicherung="45.8333" Fahrtkm="49.3855" FahrtHLDruck="5"/>
<FahrtEintrag FahrtWeg="1516.7542" FahrtZeit="2023-02-21 09:56:45" Kennung_FahrtZeitms="2023-02-21 09:56:45:617" FahrtspStrecke="11.1111" FahrtspSignal="-1" FahrtspZugsicherung="45.8333" Fahrtkm="49.3855" FahrtHLDruck="5"/>
<FahrtEintrag FahrtWeg="1516.7542" FahrtZeit="2023-02-21 09:56:50" Kennung_FahrtZeitms="2023-02-21 09:56:50:619" FahrtspStrecke="11.1111" FahrtspSignal="-1" FahrtspZugsicherung="45.8333" Fahrtkm="49.3855" FahrtHLDruck="5"/>
<FahrtEintrag FahrtWeg="1516.7542" FahrtZeit="2023-02-21 09:56:55" Kennung_FahrtZeitms="2023-02-21 09:56:55:620" FahrtspStrecke="11.1111" FahrtspSignal="-1" FahrtspZugsicherung="45.8333" Fahrtkm="49.3855" FahrtHLDruck="5"/>
<FahrtEintrag FahrtWeg="1516.7542" FahrtZeit="2023-02-21 09:57:00" Kennung_FahrtZeitms="2023-02-21 09:57:00:621" FahrtspStrecke="11.1111" FahrtspSignal="-1" FahrtspZugsicherung="45.8333" Fahrtkm="49.3855" FahrtHLDruck="5"/>
<FahrtEintrag FahrtWeg="1516.7542" FahrtZeit="2023-02-21 09:57:05" Kennung_FahrtZeitms="2023-02-21 09:57:05:623" FahrtspStrecke="11.1111" FahrtspSignal="-1" FahrtspZugsicherung="45.8333" Fahrtkm="49.3855" FahrtHLDruck="5"/>
<FahrtEintrag FahrtWeg="1516.7542" FahrtZeit="2023-02-21 09:57:10" Kennung_FahrtZeitms="2023-02-21 09:57:10:624" FahrtspStrecke="11.1111" FahrtspSignal="-1" FahrtspZugsicherung="45.8333" Fahrtkm="49.3855" FahrtHLDruck="5"/>
<FahrtEintrag FahrtWeg="1516.7542" FahrtZeit="2023-02-21 09:57:15" Kennung_FahrtZeitms="2023-02-21 09:57:15:625" FahrtspStrecke="11.1111" FahrtspSignal="-1" FahrtspZugsicherung="45.8333" Fahrtkm="49.3855" FahrtHLDruck="5"/>
<FahrtEintrag FahrtWeg="1516.7542" FahrtZeit="2023-02-21 09:57:20" Kennung_FahrtZeitms="2023-02-21 09:57:20:626" FahrtspStrecke="11.1111" FahrtspSignal="-1" FahrtspZugsicherung="45.8333" Fahrtkm="49.3855" FahrtHLDruck="5"/>
<FahrtEintrag FahrtWeg="1516.7542" FahrtZeit="2023-02-21 09:57:25" Kennung_FahrtZeitms="2023-02-21 09:57:25:627" FahrtspStrecke="11.1111" FahrtspSignal="-1" FahrtspZugsicherung="45.8333" Fahrtkm="49.3855" FahrtHLDruck="5"/>
<FahrtEintrag FahrtWeg="1516.7542" FahrtZeit="2023-02-21 09:57:30" Kennung_FahrtZeitms="2023-02-21 09:57:30:629" FahrtspStrecke="11.1111" FahrtspSignal="-1" FahrtspZugsicherung="45.8333" Fahrtkm="49.3855" FahrtHLDruck="5"/>
<FahrtEintrag FahrtWeg="1516.7542" FahrtZeit="2023-02-21 09:57:35" Kennung_FahrtZeitms="2023-02-21 09:57:35:630" FahrtspStrecke="11.1111" FahrtspSignal="-1" FahrtspZugsicherung="45.8333" Fahrtkm="49.3855" FahrtHLDruck="5"/>
<FahrtEintrag FahrtWeg="1516.7542" FahrtZeit="2023-02-21 09:57:40" Kennung_FahrtZeitms="2023-02-21 09:57:40:632" FahrtspStrecke="11.1111" FahrtspSignal="-1" FahrtspZugsicherung="45.8333" Fahrtkm="49.3855" FahrtHLDruck="5"/>
<FahrtEintrag FahrtWeg="1516.7542" FahrtZeit="2023-02-21 09:57:45" Kennung_FahrtZeitms="2023-02-21 09:57:45:633" FahrtspStrecke="11.1111" FahrtspSignal="-1" FahrtspZugsicherung="45.8333" Fahrtkm="49.3855" FahrtHLDruck="5"/>
<FahrtEintrag FahrtWeg="1516.7542" FahrtZeit="2023-02-21 09:57:50" Kennung_FahrtZeitms="2023-02-21 09:57:50:635" FahrtspStrecke="11.1111" FahrtspSignal="-1" FahrtspZugsicherung="45.8333" Fahrtkm="49.3855" FahrtHLDruck="5"/>
<FahrtEintrag FahrtWeg="1516.7542" FahrtZeit="2023-02-21 09:57:55" Kennung_FahrtZeitms="2023-02-21 09:57:55:636" FahrtspStrecke="11.1111" FahrtspSignal="-1" FahrtspZugsicherung="45.8333" Fahrtkm="49.3855" FahrtHLDruck="5"/>
<FahrtEintrag FahrtWeg="1516.7542" FahrtZeit="2023-02-21 09:58:00" Kennung_FahrtZeitms="2023-02-21 09:58:00:637" FahrtspStrecke="11.1111" FahrtspSignal="-1" FahrtspZugsicherung="45.8333" Fahrtkm="49.3855" FahrtHLDruck="5"/>
<FahrtEintrag FahrtWeg="1516.7542" FahrtZeit="2023-02-21 09:58:05" Kennung_FahrtZeitms="2023-02-21 09:58:05:639" FahrtspStrecke="11.1111" FahrtspSignal="-1" FahrtspZugsicherung="45.8333" Fahrtkm="49.3855" FahrtHLDruck="5"/>
<FahrtEintrag FahrtWeg="1516.7542" FahrtZeit="2023-02-21 09:58:10" Kennung_FahrtZeitms="2023-02-21 09:58:10:640" FahrtspStrecke="11.1111" FahrtspSignal="-1" FahrtspZugsicherung="45.8333" Fahrtkm="49.3855" FahrtHLDruck="5"/>
<FahrtEintrag FahrtWeg="1516.7542" FahrtZeit="2023-02-21 09:58:15" Kennung_FahrtZeitms="2023-02-21 09:58:15:641" FahrtspStrecke="11.1111" FahrtspSignal="-1" FahrtspZugsicherung="45.8333" Fahrtkm="49.3855" FahrtHLDruck="5"/>
<FahrtEintrag FahrtWeg="1516.7542" FahrtZeit="2023-02-21 09:58:20" Kennung_FahrtZeitms="2023-02-21 09:58:20:643" FahrtspStrecke="11.1111" FahrtspSignal="-1" FahrtspZugsicherung="45.8333" Fahrtkm="49.3855" FahrtHLDruck="5"/>
<FahrtEintrag FahrtWeg="1516.7542" FahrtZeit="2023-02-21 09:58:25" Kennung_FahrtZeitms="2023-02-21 09:58:25:644" FahrtspStrecke="11.1111" FahrtspSignal="-1" FahrtspZugsicherung="45.8333" Fahrtkm="49.3855" FahrtHLDruck="5"/>
<FahrtEintrag FahrtWeg="1516.7542" FahrtZeit="2023-02-21 09:58:30" Kennung_FahrtZeitms="2023-02-21 09:58:30:645" FahrtspStrecke="11.1111" FahrtspSignal="-1" FahrtspZugsicherung="45.8333" Fahrtkm="49.3855" FahrtHLDruck="5"/>
<FahrtEintrag FahrtWeg="1516.7542" FahrtZeit="2023-02-21 09:58:35" Kennung_FahrtZeitms="2023-02-21 09:58:35:647" FahrtspStrecke="11.1111" FahrtspSignal="-1" FahrtspZugsicherung="45.8333" Fahrtkm="49.3855" FahrtHLDruck="5"/>
<FahrtEintrag FahrtWeg="1516.7542" FahrtZeit="2023-02-21 09:58:40" Kennung_FahrtZeitms="2023-02-21 09:58:40:648" FahrtspStrecke="11.1111" FahrtspSignal="-1" FahrtspZugsicherung="45.8333" Fahrtkm="49.3855" FahrtHLDruck="5"/>
<FahrtEintrag FahrtWeg="1516.7542" FahrtZeit="2023-02-21 09:58:45" Kennung_FahrtZeitms="2023-02-21 09:58:45:649" FahrtspStrecke="11.1111" FahrtspSignal="-1" FahrtspZugsicherung="45.8333" Fahrtkm="49.3855" FahrtHLDruck="5"/>
<FahrtEintrag FahrtWeg="1516.7542" FahrtZeit="2023-02-21 09:58:50" Kennung_FahrtZeitms="2023-02-21 09:58:50:650" FahrtspStrecke="11.1111" FahrtspSignal="-1" FahrtspZugsicherung="45.8333" Fahrtkm="49.3855" FahrtHLDruck="5"/>
<FahrtEintrag FahrtWeg="1516.7542" FahrtZeit="2023-02-21 09:58:55" Kennung_FahrtZeitms="2023-02-21 09:58:55:651" FahrtspStrecke="11.1111" FahrtspSignal="-1" FahrtspZugsicherung="45.8333" Fahrtkm="49.3855" FahrtHLDruck="5"/>
<FahrtEintrag FahrtWeg="1516.7542" FahrtZeit="2023-02-21 09:59:00" Kennung_FahrtZeitms="2023-02-21 09:59:00:653" FahrtspStrecke="11.1111" FahrtspSignal="-1" FahrtspZugsicherung="45.8333" Fahrtkm="49.3855" FahrtHLDruck="5"/>
<FahrtEintrag FahrtWeg="1516.7542" FahrtZeit="2023-02-21 09:59:05" Kennung_FahrtZeitms="2023-02-21 09:59:05:673" FahrtspStrecke="11.1111" FahrtspSignal="-1" FahrtspZugsicherung="45.8333" Fahrtkm="49.3855" FahrtHLDruck="5"/>
<FahrtEintrag FahrtWeg="1517.4717" FahrtZeit="2023-02-21 09:59:10" Kennung_FahrtZeitms="2023-02-21 09:59:10:675" Fahrtsp="0.8451" FahrtspStrecke="11.1111" FahrtspSignal="-1" FahrtspZugsicherung="45.8333" Fahrtkm="49.3799" FahrtHLDruck="5" FahrtFBSchalter="18"/>
<FahrtEintrag FahrtWeg="1531.6134" FahrtZeit="2023-02-21 09:59:15" Kennung_FahrtZeitms="2023-02-21 09:59:15:683" Fahrtsp="4.3582" FahrtspStrecke="11.1111" FahrtspSignal="-1" FahrtspZugsicherung="12.5" Fahrtkm="49.393" FahrtHLDruck="5" FahrtFBSchalter="16"/>
<FahrtEintrag FahrtTyp="8" FahrtWeg="-1" FahrtZeit="2023-02-21 09:59:17" Kennung_FahrtZeitms="2023-02-21 09:59:17:320" Fahrtsp="-1" FahrtspStrecke="-1" FahrtspSignal="-1" FahrtspZugsicherung="-1" FahrtHLDruck="-1" FahrtParameter="9" FahrtFBSchalter="-10000"/>
<FahrtEintrag FahrtWeg="1539.1337" FahrtZeit="2023-02-21 09:59:17" Kennung_FahrtZeitms="2023-02-21 09:59:17:348" Fahrtsp="4.6356" FahrtspStrecke="11.1111" FahrtspSignal="-1" FahrtspZugsicherung="12.5" Fahrtkm="49.4061" FahrtHLDruck="5" FahrtFBSchalter="4"/>
<FahrtEintrag FahrtTyp="5" FahrtWeg="1549.9276" FahrtZeit="2023-02-21 09:59:19" Kennung_FahrtZeitms="2023-02-21 09:59:19:614" Fahrtsp="4.8552" FahrtspStrecke="11.1111" FahrtspSignal="11.1111" FahrtspZugsicherung="12.5" FahrtText="Allenbach N1" Fahrtkm="49.4061" FahrtHLDruck="5" FahrtFBSchalter="4"/>
<FahrtEintrag FahrtTyp="6" FahrtWeg="1549.9276" FahrtZeit="2023-02-21 09:59:19" Kennung_FahrtZeitms="2023-02-21 09:59:19:614" Fahrtsp="4.8552" FahrtspStrecke="11.1111" FahrtspSignal="11.1111" FahrtspZugsicherung="12.5" Fahrtkm="49.4061" FahrtHLDruck="5" FahrtFBSchalter="4"/>
<FahrtEintrag FahrtTyp="8" FahrtWeg="-1" FahrtZeit="2023-02-21 09:59:20" Kennung_FahrtZeitms="2023-02-21 09:59:20:720" Fahrtsp="-1" FahrtspStrecke="-1" FahrtspSignal="-1" FahrtspZugsicherung="-1" FahrtHLDruck="-1" FahrtParameter="1" FahrtFBSchalter="-10000"/>
<FahrtEintrag FahrtWeg="1555.5347" FahrtZeit="2023-02-21 09:59:20" Kennung_FahrtZeitms="2023-02-21 09:59:20:748" Fahrtsp="4.9603" FahrtspStrecke="11.1111" FahrtspSignal="11.1111" FahrtspZugsicherung="12.5" Fahrtkm="49.419" FahrtHLDruck="5" FahrtFBSchalter="4"/>
<FahrtEintrag FahrtWeg="1580.6306" FahrtZeit="2023-02-21 09:59:25" Kennung_FahrtZeitms="2023-02-21 09:59:25:576" Fahrtsp="5.5729" FahrtspStrecke="11.1111" FahrtspSignal="11.1111" FahrtspZugsicherung="12.5" Fahrtkm="49.4422" FahrtHLDruck="5" FahrtFBSchalter="6"/>
<FahrtEintrag FahrtWeg="1605.7384" FahrtZeit="2023-02-21 09:59:29" Kennung_FahrtZeitms="2023-02-21 09:59:29:863" Fahrtsp="6.2299" FahrtspStrecke="11.1111" FahrtspSignal="11.1111" FahrtspZugsicherung="12.5" Fahrtkm="49.4681" FahrtHLDruck="5" FahrtFBSchalter="6"/>
<FahrtEintrag FahrtWeg="1630.7896" FahrtZeit="2023-02-21 09:59:33" Kennung_FahrtZeitms="2023-02-21 09:59:33:752" Fahrtsp="6.7115" FahrtspStrecke="11.1111" FahrtspSignal="11.1111" FahrtspZugsicherung="12.5" Fahrtkm="49.4681" FahrtHLDruck="5" FahrtFBSchalter="5"/>
<FahrtEintrag FahrtWeg="1655.8018" FahrtZeit="2023-02-21 09:59:37" Kennung_FahrtZeitms="2023-02-21 09:59:37:358" Fahrtsp="7.0638" FahrtspStrecke="11.1111" FahrtspSignal="11.1111" FahrtspZugsicherung="12.5" Fahrtkm="49.5242" FahrtHLDruck="5" FahrtFBSchalter="3"/>
<FahrtEintrag FahrtWeg="1680.8685" FahrtZeit="2023-02-21 09:59:40" Kennung_FahrtZeitms="2023-02-21 09:59:40:894" Fahrtsp="7.041" FahrtspStrecke="11.1111" FahrtspSignal="11.1111" FahrtspZugsicherung="12.5" Fahrtkm="49.5408" FahrtHLDruck="5"/>
<FahrtEintrag FahrtWeg="1686.017" FahrtZeit="2023-02-21 09:59:42" Kennung_FahrtZeitms="2023-02-21 09:59:42:482" Fahrtsp="7.001" FahrtspStrecke="11.1111" FahrtspSignal="11.1111" FahrtspZugsicherung="12.5" Fahrtkm="49.5528" FahrtHLDruck="5"/>
<FahrtEintrag FahrtWeg="1731.0913" FahrtZeit="2023-02-21 09:59:48" Kennung_FahrtZeitms="2023-02-21 09:59:48:208" Fahrtsp="6.8766" FahrtspStrecke="11.1111" FahrtspSignal="11.1111" FahrtspZugsicherung="12.5" Fahrtkm="49.5923" FahrtHLDruck="5" FahrtFBSchalter="1"/>
<FahrtEintrag FahrtWeg="1756.2612" FahrtZeit="2023-02-21 09:59:51" Kennung_FahrtZeitms="2023-02-21 09:59:51:932" Fahrtsp="6.9062" FahrtspStrecke="11.1111" FahrtspSignal="11.1111" FahrtspZugsicherung="12.5" Fahrtkm="49.5923" FahrtHLDruck="5" FahrtFBSchalter="1"/>
<FahrtEintrag FahrtWeg="1781.3126" FahrtZeit="2023-02-21 09:59:55" Kennung_FahrtZeitms="2023-02-21 09:59:55:598" Fahrtsp="6.9362" FahrtspStrecke="11.1111" FahrtspSignal="11.1111" FahrtspZugsicherung="12.5" Fahrtkm="49.6524" FahrtHLDruck="5" FahrtFBSchalter="1"/>
<FahrtEintrag FahrtTyp="8" FahrtWeg="-1" FahrtZeit="2023-02-21 09:59:57" Kennung_FahrtZeitms="2023-02-21 09:59:57:282" Fahrtsp="-1" FahrtspStrecke="-1" FahrtspSignal="-1" FahrtspZugsicherung="-1" FahrtHLDruck="-1" FahrtParameter="48" FahrtFBSchalter="-10000"/>
<FahrtEintrag FahrtWeg="1834.5563" FahrtZeit="2023-02-21 09:59:57" Kennung_FahrtZeitms="2023-02-21 09:59:57:315" Fahrtsp="6.9508" FahrtspStrecke="11.1111" FahrtspSignal="11.1111" FahrtspZugsicherung="12.5" Fahrtkm="49.7015" FahrtHLDruck="5" FahrtFBSchalter="1"/>
<FahrtEintrag FahrtTyp="8" FahrtWeg="-1" FahrtZeit="2023-02-21 09:59:57" Kennung_FahrtZeitms="2023-02-21 09:59:57:470" Fahrtsp="-1" FahrtspStrecke="-1" FahrtspSignal="-1" FahrtspZugsicherung="-1" FahrtHLDruck="-1" FahrtParameter="16" FahrtFBSchalter="-10000"/>
<FahrtEintrag FahrtWeg="1845.396" FahrtZeit="2023-02-21 09:09:59" Kennung_FahrtZeitms="2023-02-21 09:59:59:100" Fahrtsp="6.8683" FahrtspStrecke="11.1111" FahrtspSignal="11.1111" FahrtspZugsicherung="12.5" Fahrtkm="49.715" FahrtHLDruck="5"/>
<FahrtEintrag FahrtWeg="1870.6282" FahrtZeit="2023-02-21 10:00:08" Kennung_FahrtZeitms="2023-02-21 10:00:08:462" Fahrtsp="6.8351" FahrtspStrecke="11.1111" FahrtspSignal="11.1111" FahrtspZugsicherung="12.5" Fahrtkm="49.7412" FahrtHLDruck="5"/>
<FahrtEintrag FahrtWeg="1895.8647" FahrtZeit="2023-02-21 10:00:12" Kennung_FahrtZeitms="2023-02-21 10:00:12:235" Fahrtsp="6.7915" FahrtspStrecke="11.1111" FahrtspSignal="11.1111" FahrtspZugsicherung="12.5" Fahrtkm="49.7648" FahrtHLDruck="5" FahrtFBSchalter="1"/>
<FahrtEintrag FahrtWeg="1921.0652" FahrtZeit="2023-02-21 10:00:15" Kennung_FahrtZeitms="2023-02-21 10:00:15:955" Fahrtsp="6.7567" FahrtspStrecke="11.1111" FahrtspSignal="11.1111" FahrtspZugsicherung="12.5" Fahrtkm="49.7902" FahrtHLDruck="5"/>
<FahrtEintrag FahrtWeg="1946.2941" FahrtZeit="2023-02-21 10:00:19" Kennung_FahrtZeitms="2023-02-21 10:00:19:713" Fahrtsp="6.7267" FahrtspStrecke="11.1111" FahrtspSignal="11.1111" FahrtspZugsicherung="12.5" Fahrtkm="49.8155" FahrtHLDruck="5"/>
<FahrtEintrag FahrtWeg="1971.4921" FahrtZeit="2023-02-21 10:00:23" Kennung_FahrtZeitms="2023-02-21 10:00:23:469" Fahrtsp="6.6893" FahrtspStrecke="11.1111" FahrtspSignal="11.1111" FahrtspZugsicherung="12.5" Fahrtkm="49.8391" FahrtHLDruck="5"/>
<FahrtEintrag FahrtWeg="1996.7323" FahrtZeit="2023-02-21 10:00:27" Kennung_FahrtZeitms="2023-02-21 10:00:27:227" Fahrtsp="6.6500" FahrtspStrecke="11.1111" FahrtspSignal="11.1111" FahrtspZugsicherung="12.5" Fahrtkm="49.8678" FahrtHLDruck="5"/>
<FahrtEintrag FahrtTyp="8" FahrtWeg="-1" FahrtZeit="2023-02-21 10:00:29" Kennung_FahrtZeitms="2023-02-21 10:00:29:215" Fahrtsp="-1" FahrtspStrecke="-1" FahrtspSignal="-1" FahrtspZugsicherung="-1" FahrtHLDruck="-1" FahrtParameter="5" FahrtFBSchalter="-10000"/>
<FahrtEintrag FahrtWeg="2010.4802" FahrtZeit="2023-02-21 10:00:29" Kennung_FahrtZeitms="2023-02-21 10:00:29:257" Fahrtsp="6.6203" FahrtspStrecke="11.1111" FahrtspSignal="11.1111" FahrtspZugsicherung="12.5" Fahrtkm="49.8677" FahrtHLDruck="5"/>
<FahrtEintrag FahrtTyp="8" FahrtWeg="-1" FahrtZeit="2023-02-21 10:00:29" Kennung_FahrtZeitms="2023-02-21 10:00:29:587" Fahrtsp="-1" FahrtspStrecke="-1" FahrtspSignal="-1" FahrtspZugsicherung="-1" FahrtHLDruck="-1" FahrtParameter="1" FahrtFBSchalter="-10000"/>
<FahrtEintrag FahrtWeg="2012.953" FahrtZeit="2023-02-21 10:00:29" Kennung_FahrtZeitms="2023-02-21 10:00:29:626" Fahrtsp="6.6159" FahrtspStrecke="11.1111" FahrtspSignal="11.1111" FahrtspZugsicherung="45.8333" Fahrtkm="49.8677" FahrtHLDruck="5"/>
<FahrtEintrag FahrtTyp="5" FahrtWeg="-1" FahrtZeit="2023-02-21 10:00:29" Kennung_FahrtZeitms="2023-02-21 10:00:29:994" Fahrtsp="-1" FahrtspStrecke="-1" FahrtspSignal="-1" FahrtspZugsicherung="-1" FahrtText="Zugende passiert Ende Weichenbereich" FahrtHLDruck="-1" FahrtParameter="4" FahrtFBSchalter="-10000"/>
<FahrtEintrag FahrtWeg="2015.6702" FahrtZeit="2023-02-21 10:00:30" Kennung_FahrtZeitms="2023-02-21 10:00:30:042" Fahrtsp="6.6107" FahrtspStrecke="11.1111" FahrtspSignal="-1" FahrtspZugsicherung="45.8333" Fahrtkm="49.8677" FahrtHLDruck="5"/>
<FahrtEintrag FahrtWeg="2040.8241" FahrtZeit="2023-02-21 10:00:33" Kennung_FahrtZeitms="2023-02-21 10:00:33:570" Fahrtsp="8.4208" FahrtspStrecke="11.1111" FahrtspSignal="-1" FahrtspZugsicherung="45.8333" Fahrtkm="49.8678" FahrtHLDruck="5" FahrtFBSchalter="46"/>
<FahrtEintrag FahrtWeg="2065.8254" FahrtZeit="2023-02-21 10:00:36" Kennung_FahrtZeitms="2023-02-21 10:00:36:062" Fahrtsp="11.2800" FahrtspStrecke="11.1111" FahrtspSignal="-1" FahrtspZugsicherung="45.8333" Fahrtkm="49.8679" FahrtHLDruck="5" FahrtFBSchalter="46"/>
<FahrtEintrag FahrtWeg="2090.9995" FahrtZeit="2023-02-21 10:00:38" Kennung_FahrtZeitms="2023-02-21 10:00:38:081" Fahrtsp="13.3528" FahrtspStrecke="11.1111" FahrtspSignal="-1" FahrtspZugsicherung="45.8333" Fahrtkm="49.868" FahrtHLDruck="5" FahrtFBSchalter="46"/>
<FahrtEintrag FahrtWeg="2116.2813" FahrtZeit="2023-02-21 10:00:39" Kennung_FahrtZeitms="2023-02-21 10:00:39:867" Fahrtsp="14.9476" FahrtspStrecke="11.1111" FahrtspSignal="-1" FahrtspZugsicherung="45.8333" Fahrtkm="49.9675" FahrtHLDruck="5" FahrtFBSchalter="46"/>
<FahrtEintrag FahrtWeg="2141.8335" FahrtZeit="2023-02-21 10:00:41" Kennung_FahrtZeitms="2023-02-21 10:00:41:466" Fahrtsp="16.2662" FahrtspStrecke="11.1111" FahrtspSignal="-1" FahrtspZugsicherung="45.8333" Fahrtkm="49.9676" FahrtHLDruck="5" FahrtFBSchalter="46"/>
<FahrtEintrag FahrtWeg="2167.1497" FahrtZeit="2023-02-21 10:00:42" Kennung_FahrtZeitms="2023-02-21 10:00:42:979" Fahrtsp="17.3724" FahrtspStrecke="11.1111" FahrtspSignal="-1" FahrtspZugsicherung="45.8333" Fahrtkm="49.9676" FahrtHLDruck="5" FahrtFBSchalter="45"/>
<FahrtEintrag FahrtWeg="2192.6523" FahrtZeit="2023-02-21 10:00:44" Kennung_FahrtZeitms="2023-02-21 10:00:44:380" Fahrtsp="18.2704" FahrtspStrecke="11.1111" FahrtspSignal="-1" FahrtspZugsicherung="45.8333" Fahrtkm="50.0546" FahrtHLDruck="5" FahrtFBSchalter="41"/>
<FahrtEintrag FahrtWeg="2217.7336" FahrtZeit="2023-02-21 10:00:45" Kennung_FahrtZeitms="2023-02-21 10:00:45:719" Fahrtsp="19.0679" FahrtspStrecke="11.1111" FahrtspSignal="-1" FahrtspZugsicherung="45.8333" Fahrtkm="50.0673" FahrtHLDruck="5" FahrtFBSchalter="41"/>
<FahrtEintrag FahrtWeg="2243.1978" FahrtZeit="2023-02-21 10:00:47" Kennung_FahrtZeitms="2023-02-21 10:00:47:033" Fahrtsp="19.812" FahrtspStrecke="11.1111" FahrtspSignal="-1" FahrtspZugsicherung="45.8333" Fahrtkm="50.0673" FahrtHLDruck="5" FahrtFBSchalter="41"/>
<FahrtEintrag FahrtWeg="2268.8142" FahrtZeit="2023-02-21 10:00:48" Kennung_FahrtZeitms="2023-02-21 10:00:48:296" Fahrtsp="20.5076" FahrtspStrecke="11.1111" FahrtspSignal="-1" FahrtspZugsicherung="45.8333" Fahrtkm="50.0673" FahrtHLDruck="5" FahrtFBSchalter="41"/>
<FahrtEintrag FahrtWeg="2293.8325" FahrtZeit="2023-02-21 10:00:49" Kennung_FahrtZeitms="2023-02-21 10:00:49:488" Fahrtsp="21.1186" FahrtspStrecke="11.1111" FahrtspSignal="-1" FahrtspZugsicherung="45.8333" Fahrtkm="50.0673" FahrtHLDruck="5" FahrtFBSchalter="32"/>
<FahrtEintrag FahrtWeg="2318.9871" FahrtZeit="2023-02-21 10:00:50" Kennung_FahrtZeitms="2023-02-21 10:00:50:681" Fahrtsp="21.5844" FahrtspStrecke="11.1111" FahrtspSignal="-1" FahrtspZugsicherung="45.8333" Fahrtkm="50.1668" FahrtHLDruck="5" FahrtFBSchalter="32"/>
<FahrtEintrag FahrtWeg="2344.3198" FahrtZeit="2023-02-21 10:00:51" Kennung_FahrtZeitms="2023-02-21 10:00:51:862" Fahrtsp="22.0317" FahrtspStrecke="11.1111" FahrtspSignal="-1" FahrtspZugsicherung="45.8333" Fahrtkm="50.1669" FahrtHLDruck="5" FahrtFBSchalter="32"/>
<FahrtEintrag FahrtWeg="2356.5908" FahrtZeit="2023-02-21 10:00:52" Kennung_FahrtZeitms="2023-02-21 10:00:52:429" Fahrtsp="22.202" FahrtspStrecke="11.1111" FahrtspSignal="-1" FahrtspZugsicherung="45.8333" Fahrtkm="50.1669" FahrtHLDruck="5" FahrtFBSchalter="16"/>
<FahrtEintrag FahrtWeg="2362.031" FahrtZeit="2023-02-21 10:00:52" Kennung_FahrtZeitms="2023-02-21 10:00:52:685" Fahrtsp="22.2477" FahrtspStrecke="11.1111" FahrtspSignal="-1" FahrtspZugsicherung="45.8333" Fahrtkm="50.1669" FahrtHLDruck="5" FahrtFBSchalter="16"/>
<FahrtEintrag FahrtWeg="2387.3298" FahrtZeit="2023-02-21 10:00:53" Kennung_FahrtZeitms="2023-02-21 10:00:53:816" Fahrtsp="22.4456" FahrtspStrecke="11.1111" FahrtspSignal="-1" FahrtspZugsicherung="45.8333" Fahrtkm="50.1669" FahrtHLDruck="5" FahrtFBSchalter="16"/>
<FahrtEintrag FahrtWeg="2412.5203" FahrtZeit="2023-02-21 10:00:54" Kennung_FahrtZeitms="2023-02-21 10:00:54:908" Fahrtsp="22.6388" FahrtspStrecke="11.1111" FahrtspSignal="-1" FahrtspZugsicherung="45.8333" Fahrtkm="50.1858" FahrtHLDruck="5" FahrtFBSchalter="16"/>
<FahrtEintrag FahrtWeg="2437.833" FahrtZeit="2023-02-21 10:00:55" Kennung_FahrtZeitms="2023-02-21 10:00:55:971" Fahrtsp="22.8292" FahrtspStrecke="11.1111" FahrtspSignal="-1" FahrtspZugsicherung="45.8333" Fahrtkm="50.2665" FahrtHLDruck="5" FahrtFBSchalter="16"/>
<FahrtEintrag FahrtWeg="2463.3066" FahrtZeit="2023-02-21 10:00:57" Kennung_FahrtZeitms="2023-02-21 10:00:57:029" Fahrtsp="22.9783" FahrtspStrecke="11.1111" FahrtspSignal="-1" FahrtspZugsicherung="45.8333" Fahrtkm="50.2664" FahrtHLDruck="5"/>
<FahrtEintrag FahrtWeg="2488.4717" FahrtZeit="2023-02-21 10:00:58" Kennung_FahrtZeitms="2023-02-21 10:00:58:103" Fahrtsp="22.9493" FahrtspStrecke="11.1111" FahrtspSignal="-1" FahrtspZugsicherung="45.8333" Fahrtkm="50.2664" FahrtHLDruck="5"/>
<FahrtEintrag FahrtWeg="2513.9778" FahrtZeit="2023-02-21 10:00:59" Kennung_FahrtZeitms="2023-02-21 10:00:59:200" Fahrtsp="22.9199" FahrtspStrecke="11.1111" FahrtspSignal="-1" FahrtspZugsicherung="45.8333" Fahrtkm="50.3659" FahrtHLDruck="5"/>
<FahrtEintrag FahrtWeg="2539.2556" FahrtZeit="2023-02-21 10:01:00" Kennung_FahrtZeitms="2023-02-21 10:01:00:308" Fahrtsp="22.8907" FahrtspStrecke="11.1111" FahrtspSignal="-1" FahrtspZugsicherung="45.8333" Fahrtkm="50.3659" FahrtHLDruck="5"/>
<FahrtEintrag FahrtWeg="2564.592" FahrtZeit="2023-02-21 10:01:01" Kennung_FahrtZeitms="2023-02-21 10:01:01:418" Fahrtsp="22.8616" FahrtspStrecke="11.1111" FahrtspSignal="-1" FahrtspZugsicherung="45.8333" Fahrtkm="50.3659" FahrtHLDruck="5"/>
<FahrtEintrag FahrtWeg="2589.9155" FahrtZeit="2023-02-21 10:01:02" Kennung_FahrtZeitms="2023-02-21 10:01:02:527" Fahrtsp="22.8925" FahrtspStrecke="11.1111" FahrtspSignal="-1" FahrtspZugsicherung="45.8333" Fahrtkm="50.3659" FahrtHLDruck="5" FahrtFBSchalter="11"/>
<FahrtEintrag FahrtWeg="2614.9368" FahrtZeit="2023-02-21 10:01:03" Kennung_FahrtZeitms="2023-02-21 10:01:03:618" Fahrtsp="23.0101" FahrtspStrecke="11.1111" FahrtspSignal="-1" FahrtspZugsicherung="45.8333" Fahrtkm="50.4655" FahrtHLDruck="5" FahrtFBSchalter="11"/>
<FahrtEintrag FahrtWeg="2640.3167" FahrtZeit="2023-02-21 10:01:04" Kennung_FahrtZeitms="2023-02-21 10:01:04:717" Fahrtsp="23.1279" FahrtspStrecke="11.1111" FahrtspSignal="-1" FahrtspZugsicherung="45.8333" Fahrtkm="50.4655" FahrtHLDruck="5" FahrtFBSchalter="11"/>
<FahrtEintrag FahrtWeg="2665.625" FahrtZeit="2023-02-21 10:01:05" Kennung_FahrtZeitms="2023-02-21 10:01:05:803" Fahrtsp="23.2438" FahrtspStrecke="11.1111" FahrtspSignal="-1" FahrtspZugsicherung="45.8333" Fahrtkm="50.4655" FahrtHLDruck="5" FahrtFBSchalter="11"/>
<FahrtEintrag FahrtWeg="2691.1882" FahrtZeit="2023-02-21 10:01:06" Kennung_FahrtZeitms="2023-02-21 10:01:06:913" Fahrtsp="23.3594" FahrtspStrecke="11.1111" FahrtspSignal="-1" FahrtspZugsicherung="45.8333" Fahrtkm="50.5397" FahrtHLDruck="5" FahrtFBSchalter="11"/>
<FahrtEintrag FahrtWeg="2716.2427" FahrtZeit="2023-02-21 10:01:07" Kennung_FahrtZeitms="2023-02-21 10:01:07:970" Fahrtsp="23.4713" FahrtspStrecke="11.1111" FahrtspSignal="-1" FahrtspZugsicherung="45.8333" Fahrtkm="50.5651" FahrtHLDruck="5" FahrtFBSchalter="11"/>
<FahrtEintrag FahrtWeg="2741.2493" FahrtZeit="2023-02-21 10:01:09" Kennung_FahrtZeitms="2023-02-21 10:01:09:036" Fahrtsp="23.5816" FahrtspStrecke="11.1111" FahrtspSignal="-1" FahrtspZugsicherung="45.8333" Fahrtkm="50.5651" FahrtHLDruck="5" FahrtFBSchalter="11"/>
<FahrtEintrag FahrtWeg="2766.4087" FahrtZeit="2023-02-21 10:01:10" Kennung_FahrtZeitms="2023-02-21 10:01:10:086" Fahrtsp="23.6913" FahrtspStrecke="11.1111" FahrtspSignal="-1" FahrtspZugsicherung="45.8333" Fahrtkm="50.5651" FahrtHLDruck="5" FahrtFBSchalter="11"/>
<FahrtEintrag FahrtWeg="2791.4546" FahrtZeit="2023-02-21 10:01:11" Kennung_FahrtZeitms="2023-02-21 10:01:11:149" Fahrtsp="23.7991" FahrtspStrecke="11.1111" FahrtspSignal="-1" FahrtspZugsicherung="45.8333" Fahrtkm="50.5651" FahrtHLDruck="5" FahrtFBSchalter="11"/>
<FahrtEintrag FahrtWeg="2816.6733" FahrtZeit="2023-02-21 10:01:12" Kennung_FahrtZeitms="2023-02-21 10:01:12:208" Fahrtsp="23.9064" FahrtspStrecke="11.1111" FahrtspSignal="-1" FahrtspZugsicherung="45.8333" Fahrtkm="50.6646" FahrtHLDruck="5" FahrtFBSchalter="11"/>
<FahrtEintrag FahrtWeg="2842.0667" FahrtZeit="2023-02-21 10:01:13" Kennung_FahrtZeitms="2023-02-21 10:01:13:262" Fahrtsp="24.0131" FahrtspStrecke="11.1111" FahrtspSignal="-1" FahrtspZugsicherung="45.8333" Fahrtkm="50.6646" FahrtHLDruck="5" FahrtFBSchalter="11"/>
<FahrtEintrag FahrtWeg="2867.2554" FahrtZeit="2023-02-21 10:01:14" Kennung_FahrtZeitms="2023-02-21 10:01:14:290" Fahrtsp="24.1177" FahrtspStrecke="11.1111" FahrtspSignal="-1" FahrtspZugsicherung="45.8333" Fahrtkm="50.6646" FahrtHLDruck="5" FahrtFBSchalter="11"/>
<FahrtEintrag FahrtWeg="2892.5955" FahrtZeit="2023-02-21 10:01:15" Kennung_FahrtZeitms="2023-02-21 10:01:15:358" Fahrtsp="24.2216" FahrtspStrecke="11.1111" FahrtspSignal="-1" FahrtspZugsicherung="45.8333" Fahrtkm="50.7642" FahrtHLDruck="5" FahrtFBSchalter="11"/>
<FahrtEintrag FahrtWeg="2918.1843" FahrtZeit="2023-02-21 10:01:16" Kennung_FahrtZeitms="2023-02-21 10:01:16:413" Fahrtsp="24.3254" FahrtspStrecke="11.1111" FahrtspSignal="-1" FahrtspZugsicherung="45.8333" Fahrtkm="50.7642" FahrtHLDruck="5" FahrtFBSchalter="11"/>
<FahrtEintrag FahrtWeg="2943.4233" FahrtZeit="2023-02-21 10:01:17" Kennung_FahrtZeitms="2023-02-21 10:01:17:463" Fahrtsp="24.4266" FahrtspStrecke="11.1111" FahrtspSignal="-1" FahrtspZugsicherung="45.8333" Fahrtkm="50.7643" FahrtHLDruck="5" FahrtFBSchalter="11"/>
<FahrtEintrag FahrtWeg="2969.0535" FahrtZeit="2023-02-21 10:01:18" Kennung_FahrtZeitms="2023-02-21 10:01:18:511" Fahrtsp="24.5281" FahrtspStrecke="11.1111" FahrtspSignal="-1" FahrtspZugsicherung="45.8333" Fahrtkm="50.7643" FahrtHLDruck="5" FahrtFBSchalter="11"/>
<FahrtEintrag FahrtWeg="2994.1462" FahrtZeit="2023-02-21 10:01:19" Kennung_FahrtZeitms="2023-02-21 10:01:19:549" Fahrtsp="24.6264" FahrtspStrecke="11.1111" FahrtspSignal="-1" FahrtspZugsicherung="45.8333" Fahrtkm="50.8638" FahrtHLDruck="5" FahrtFBSchalter="11"/>
<FahrtEintrag FahrtWeg="3019.7939" FahrtZeit="2023-02-21 10:01:20" Kennung_FahrtZeitms="2023-02-21 10:01:20:601" Fahrtsp="24.7256" FahrtspStrecke="11.1111" FahrtspSignal="-1" FahrtspZugsicherung="45.8333" Fahrtkm="50.8638" FahrtHLDruck="5" FahrtFBSchalter="11"/>
<FahrtEintrag FahrtWeg="3045.0325" FahrtZeit="2023-02-21 10:01:21" Kennung_FahrtZeitms="2023-02-21 10:01:21:623" Fahrtsp="24.8222" FahrtspStrecke="11.1111" FahrtspSignal="-1" FahrtspZugsicherung="45.8333" Fahrtkm="50.8638" FahrtHLDruck="5" FahrtFBSchalter="11"/>
<FahrtEintrag FahrtWeg="3060.1541" FahrtZeit="2023-02-21 10:01:22" Kennung_FahrtZeitms="2023-02-21 10:01:22:244" Fahrtsp="24.8796" FahrtspStrecke="11.1111" FahrtspSignal="-1" FahrtspZugsicherung="45.8333" Fahrtkm="50.8638" FahrtHLDruck="5" FahrtFBSchalter="11"/>
<FahrtEintrag FahrtWeg="3065.7649" FahrtZeit="2023-02-21 10:01:22" Kennung_FahrtZeitms="2023-02-21 10:01:22:467" Fahrtsp="24.9008" FahrtspStrecke="11.1111" FahrtspSignal="-1" FahrtspZugsicherung="45.8333" Fahrtkm="50.8638" FahrtHLDruck="5" FahrtFBSchalter="11"/>
<FahrtEintrag FahrtWeg="3090.8574" FahrtZeit="2023-02-21 10:01:23" Kennung_FahrtZeitms="2023-02-21 10:01:23:488" Fahrtsp="24.9949" FahrtspStrecke="11.1111" FahrtspSignal="-1" FahrtspZugsicherung="45.8333" Fahrtkm="50.9629" FahrtHLDruck="5" FahrtFBSchalter="11"/>
<FahrtEintrag FahrtWeg="3116.1616" FahrtZeit="2023-02-21 10:01:24" Kennung_FahrtZeitms="2023-02-21 10:01:24:496" Fahrtsp="24.0808" FahrtspStrecke="11.1111" FahrtspSignal="-1" FahrtspZugsicherung="45.8333" Fahrtkm="50.9634" FahrtHLDruck="5" FahrtFBSchalter="10"/>
<FahrtEintrag FahrtWeg="3140.374" FahrtZeit="2023-02-21 10:01:25" Kennung_FahrtZeitms="2023-02-21 10:01:25:521" Fahrtsp="23.163" FahrtspStrecke="11.1111" FahrtspSignal="-1" FahrtspZugsicherung="45.8333" Fahrtkm="50.9634" FahrtHLDruck="5" FahrtFBSchalter="10"/>
<FahrtEintrag FahrtWeg="3163.6338" FahrtZeit="2023-02-21 10:01:26" Kennung_FahrtZeitms="2023-02-21 10:01:26:513" Fahrtsp="23.2435" FahrtspStrecke="11.1111" FahrtspSignal="-1" FahrtspZugsicherung="45.8333" Fahrtkm="51.0384" FahrtHLDruck="5" FahrtFBSchalter="10"/>
<FahrtEintrag FahrtWeg="3186.4089" FahrtZeit="2023-02-21 10:01:27" Kennung_FahrtZeitms="2023-02-21 10:01:27:515" Fahrtsp="22.3247" FahrtspStrecke="11.1111" FahrtspSignal="-1" FahrtspZugsicherung="45.8333" Fahrtkm="51.063" FahrtHLDruck="5" FahrtFBSchalter="10"/>
<FahrtEintrag FahrtWeg="3208.1892" FahrtZeit="2023-02-21 10:01:28" Kennung_FahrtZeitms="2023-02-21 10:01:28:540" Fahrtsp="21.0058" FahrtspStrecke="11.1111" FahrtspSignal="-1" FahrtspZugsicherung="45.8333" Fahrtkm="51.063" FahrtHLDruck="5" FahrtFBSchalter="10"/>
<FahrtEintrag FahrtWeg="3229.6724" FahrtZeit="2023-02-21 10:01:29" Kennung_FahrtZeitms="2023-02-21 10:01:29:542" Fahrtsp="20.4154" FahrtspStrecke="11.1111" FahrtspSignal="-1" FahrtspZugsicherung="45.8333" Fahrtkm="51.063" FahrtHLDruck="5"/>
<FahrtEintrag FahrtWeg="3249.3672" FahrtZeit="2023-02-21 10:01:30" Kennung_FahrtZeitms="2023-02-21 10:01:30:570" Fahrtsp="18.9846" FahrtspStrecke="11.1111" FahrtspSignal="-1" FahrtspZugsicherung="45.8333" Fahrtkm="51.1384" FahrtHLDruck="5"/>
<FahrtEintrag FahrtWeg="3267.488" FahrtZeit="2023-02-21 10:01:31" Kennung_FahrtZeitms="2023-02-21 10:01:31:564" Fahrtsp="18.3545" FahrtspStrecke="11.1111" FahrtspSignal="-1" FahrtspZugsicherung="45.8333" Fahrtkm="51.1625" FahrtHLDruck="5"/>
<FahrtEintrag FahrtWeg="3285.4893" FahrtZeit="2023-02-21 10:01:32" Kennung_FahrtZeitms="2023-02-21 10:01:32:555" Fahrtsp="17.8245" FahrtspStrecke="11.1111" FahrtspSignal="-1" FahrtspZugsicherung="45.8333" Fahrtkm="51.1625" FahrtHLDruck="5"/>
<FahrtEintrag FahrtWeg="3303.7451" FahrtZeit="2023-02-21 10:01:33" Kennung_FahrtZeitms="2023-02-21 10:01:33:563" Fahrtsp="17.043" FahrtspStrecke="11.1111" FahrtspSignal="-1" FahrtspZugsicherung="45.8333" Fahrtkm="51.2134" FahrtHLDruck="5"/>
<FahrtEintrag FahrtWeg="3320.9658" FahrtZeit="2023-02-21 10:01:34" Kennung_FahrtZeitms="2023-02-21 10:01:34:558" Fahrtsp="16.2641" FahrtspStrecke="11.1111" FahrtspSignal="-1" FahrtspZugsicherung="45.8333" Fahrtkm="51.2134" FahrtHLDruck="5"/>
<FahrtEintrag FahrtWeg="3336.5908" FahrtZeit="2023-02-21 10:01:35" Kennung_FahrtZeitms="2023-02-21 10:01:35:577" Fahrtsp="15.9335" FahrtspStrecke="11.1111" FahrtspSignal="-1" FahrtspZugsicherung="45.8333" Fahrtkm="51.2622" FahrtHLDruck="5"/>
<FahrtEintrag FahrtWeg="3351.0088" FahrtZeit="2023-02-21 10:01:36" Kennung_FahrtZeitms="2023-02-21 10:01:36:567" Fahrtsp="15.2031" FahrtspStrecke="11.1111" FahrtspSignal="-1" FahrtspZugsicherung="45.8333" Fahrtkm="51.2885" FahrtHLDruck="5"/>
<FahrtEintrag FahrtWeg="3366.7932" FahrtZeit="2023-02-21 10:01:37" Kennung_FahrtZeitms="2023-02-21 10:01:37:577" Fahrtsp="14.1723" FahrtspStrecke="11.1111" FahrtspSignal="-1" FahrtspZugsicherung="45.8333" Fahrtkm="51.2885" FahrtHLDruck="5"/>
<FahrtEintrag FahrtWeg="3380.406" FahrtZeit="2023-02-21 10:01:38" Kennung_FahrtZeitms="2023-02-21 10:01:38:597" Fahrtsp="13.1417" FahrtspStrecke="11.1111" FahrtspSignal="-1" FahrtspZugsicherung="45.8333" Fahrtkm="51.2885" FahrtHLDruck="5"/>
<FahrtEintrag FahrtWeg="3393.9084" FahrtZeit="2023-02-21 10:01:39" Kennung_FahrtZeitms="2023-02-21 10:01:39:601" Fahrtsp="12.0112" FahrtspStrecke="11.1111" FahrtspSignal="-1" FahrtspZugsicherung="45.8333" Fahrtkm="51.2885" FahrtHLDruck="5"/>
<FahrtEintrag FahrtWeg="3410.9328" FahrtZeit="2023-02-21 10:01:39" Kennung_FahrtZeitms="2023-02-21 10:01:41:093" Fahrtsp="12.0112" FahrtspStrecke="11.1111" FahrtspSignal="-1" FahrtspZugsicherung="45.8333" Fahrtkm="51.2885" FahrtHLDruck="5"/>
<FahrtEintrag FahrtWeg="3416.3105" FahrtZeit="2023-02-21 10:01:41" Kennung_FahrtZeitms="2023-02-21 10:01:41:598" Fahrtsp="11.0511" FahrtspStrecke="11.1111" FahrtspSignal="-1" FahrtspZugsicherung="45.8333" Fahrtkm="51.2885" FahrtHLDruck="5"/>
<FahrtEintrag FahrtWeg="3428.8149" FahrtZeit="2023-02-21 10:01:42" Kennung_FahrtZeitms="2023-02-21 10:01:42:618" Fahrtsp="11.0207" FahrtspStrecke="11.1111" FahrtspSignal="-1" FahrtspZugsicherung="45.8333" Fahrtkm="51.2885" FahrtHLDruck="5"/>
<FahrtEintrag FahrtWeg="3439.2485" FahrtZeit="2023-02-21 10:01:43" Kennung_FahrtZeitms="2023-02-21 10:01:43:639" Fahrtsp="10.9904" FahrtspStrecke="11.1111" FahrtspSignal="-1" FahrtspZugsicherung="45.8333" Fahrtkm="51.2885" FahrtHLDruck="5"/>
<FahrtEintrag FahrtWeg="3450.6108" FahrtZeit="2023-02-21 10:01:44" Kennung_FahrtZeitms="2023-02-21 10:01:44:638" Fahrtsp="10.9602" FahrtspStrecke="11.1111" FahrtspSignal="-1" FahrtspZugsicherung="45.8333" Fahrtkm="51.2885" FahrtHLDruck="5"/>
<FahrtEintrag FahrtWeg="3461.1389" FahrtZeit="2023-02-21 10:01:45" Kennung_FahrtZeitms="2023-02-21 10:01:45:648" Fahrtsp="10.9299" FahrtspStrecke="11.1111" FahrtspSignal="-1" FahrtspZugsicherung="45.8333" Fahrtkm="51.2616" FahrtHLDruck="5"/>
<FahrtEintrag FahrtWeg="3472.6924" FahrtZeit="2023-02-21 10:01:46" Kennung_FahrtZeitms="2023-02-21 10:01:46:680" Fahrtsp="10.8995" FahrtspStrecke="11.1111" FahrtspSignal="-1" FahrtspZugsicherung="45.8333" Fahrtkm="51.2616" FahrtHLDruck="5"/>
<FahrtEintrag FahrtWeg="3478.3943" FahrtZeit="2023-02-21 10:01:47" Kennung_FahrtZeitms="2023-02-21 10:01:47:184" Fahrtsp="10.8844" FahrtspStrecke="11.1111" FahrtspSignal="-1" FahrtspZugsicherung="45.8333" Fahrtkm="51.3561" FahrtHLDruck="5"/>
<FahrtEintrag FahrtWeg="3488.499" FahrtZeit="2023-02-21 10:01:48" Kennung_FahrtZeitms="2023-02-21 10:01:48:999" Fahrtsp="11.8308" FahrtspStrecke="11.1111" FahrtspSignal="-1" FahrtspZugsicherung="45.8333" Fahrtkm="51.3561" FahrtHLDruck="5"/>
<FahrtEintrag FahrtWeg="3500.0747" FahrtZeit="2023-02-21 10:01:50" Kennung_FahrtZeitms="2023-02-21 10:01:50:042" Fahrtsp="11.1008" FahrtspStrecke="11.1111" FahrtspSignal="-1" FahrtspZugsicherung="45.8333" Fahrtkm="51.3611" FahrtHLDruck="5"/>
<FahrtEintrag FahrtWeg="3510.7764" FahrtZeit="2023-02-21 10:01:51" Kennung_FahrtZeitms="2023-02-21 10:01:51:015" Fahrtsp="10.7711" FahrtspStrecke="11.1111" FahrtspSignal="-1" FahrtspZugsicherung="45.8333" Fahrtkm="51.3611" FahrtHLDruck="5"/>
<FahrtEintrag FahrtWeg="3521.9763" FahrtZeit="2023-02-21 10:01:52" Kennung_FahrtZeitms="2023-02-21 10:01:52:038" Fahrtsp="10.7412" FahrtspStrecke="11.1111" FahrtspSignal="-1" FahrtspZugsicherung="45.8333" Fahrtkm="51.3611" FahrtHLDruck="5"/>
<FahrtEintrag FahrtWeg="3530.0981" FahrtZeit="2023-02-21 10:01:53" Kennung_FahrtZeitms="2023-02-21 10:01:53:053" Fahrtsp="10.7114" FahrtspStrecke="11.1111" FahrtspSignal="-1" FahrtspZugsicherung="45.8333" Fahrtkm="51.3611" FahrtHLDruck="5"/>
<FahrtEintrag FahrtWeg="3532.8049" FahrtZeit="2023-02-21 10:01:53" Kennung_FahrtZeitms="2023-02-21 10:01:53:865" Fahrtsp="10.6881" FahrtspStrecke="11.1111" FahrtspSignal="-1" FahrtspZugsicherung="45.8333" Fahrtkm="51.3611" FahrtHLDruck="5"/>
<FahrtEintrag FahrtWeg="3543.772" FahrtZeit="2023-02-21 10:01:54" Kennung_FahrtZeitms="2023-02-21 10:01:54:024" Fahrtsp="10.6834" FahrtspStrecke="11.1111" FahrtspSignal="-1" FahrtspZugsicherung="45.8333" Fahrtkm="51.3611" FahrtHLDruck="5"/>
<FahrtEintrag FahrtWeg="3574.4622" FahrtZeit="2023-02-21 10:01:57" Kennung_FahrtZeitms="2023-02-21 10:01:57:179" Fahrtsp="10.8926" FahrtspStrecke="11.1111" FahrtspSignal="-1" FahrtspZugsicherung="45.8333" Fahrtkm="51.4207" FahrtHLDruck="5"/>
<FahrtEintrag FahrtWeg="3595.6191" FahrtZeit="2023-02-21 10:01:58" Kennung_FahrtZeitms="2023-02-21 10:01:58:176" Fahrtsp="10.5629" FahrtspStrecke="11.1111" FahrtspSignal="-1" FahrtspZugsicherung="45.8333" Fahrtkm="51.4207" FahrtHLDruck="5"/>
<FahrtEintrag FahrtWeg="3606.1824" FahrtZeit="2023-02-21 10:01:59" Kennung_FahrtZeitms="2023-02-21 10:01:59:207" Fahrtsp="10.9326" FahrtspStrecke="11.1111" FahrtspSignal="-1" FahrtspZugsicherung="45.8333" Fahrtkm="51.4207" FahrtHLDruck="5"/>
<FahrtEintrag FahrtWeg="3619.3865" FahrtZeit="2023-02-21 10:02:00" Kennung_FahrtZeitms="2023-02-21 10:02:00:220" Fahrtsp="11.5029" FahrtspStrecke="11.1111" FahrtspSignal="-1" FahrtspZugsicherung="45.8333" Fahrtkm="51.4207" FahrtHLDruck="5"/>
<FahrtEintrag FahrtWeg="3631.0295" FahrtZeit="2023-02-21 10:02:01" Kennung_FahrtZeitms="2023-02-21 10:02:01:264" Fahrtsp="11.9726" FahrtspStrecke="11.1111" FahrtspSignal="-1" FahrtspZugsicherung="45.8333" Fahrtkm="51.4501" FahrtHLDruck="5"/>
<FahrtEintrag FahrtWeg="3643.489" FahrtZeit="2023-02-21 10:02:02" Kennung_FahrtZeitms="2023-02-21 10:02:02:296" Fahrtsp="12.0425" FahrtspStrecke="11.1111" FahrtspSignal="-1" FahrtspZugsicherung="45.8333" Fahrtkm="51.4501" FahrtHLDruck="5"/>
<FahrtEintrag FahrtWeg="3657.5388" FahrtZeit="2023-02-21 10:02:03" Kennung_FahrtZeitms="2023-02-21 10:02:03:306" Fahrtsp="12.4129" FahrtspStrecke="11.1111" FahrtspSignal="-1" FahrtspZugsicherung="45.8333" Fahrtkm="51.4501" FahrtHLDruck="5"/>
<FahrtEintrag FahrtTyp="8" FahrtWeg="-1" FahrtZeit="2023-02-21 10:02:06" Kennung_FahrtZeitms="2023-02-21 10:02:06:043" Fahrtsp="-1" FahrtspStrecke="-1" FahrtspSignal="-1" FahrtspZugsicherung="-1" FahrtHLDruck="-1" FahrtParameter="48" FahrtFBSchalter="-10000"/>
<FahrtEintrag FahrtWeg="3660.515" FahrtZeit="2023-02-21 10:02:06" Kennung_FahrtZeitms="2023-02-21 10:02:06:120" Fahrtsp="12.828" FahrtspStrecke="11.1111" FahrtspSignal="-1" FahrtspZugsicherung="45.8333" Fahrtkm="51.4607" FahrtHLDruck="5"/>
<FahrtEintrag FahrtTyp="8" FahrtWeg="-1" FahrtZeit="2023-02-21 10:02:06" Kennung_FahrtZeitms="2023-02-21 10:01:06:901" Fahrtsp="-1" FahrtspStrecke="-1" FahrtspSignal="-1" FahrtspZugsicherung="-1" FahrtHLDruck="-1" FahrtParameter="16" FahrtFBSchalter="-10000"/>
<FahrtEintrag FahrtWeg="3670.1206" FahrtZeit="2023-02-21 10:02:07" Kennung_FahrtZeitms="2023-02-21 10:02:07:359" Fahrtsp="12.828" FahrtspStrecke="11.1111" FahrtspSignal="-1" FahrtspZugsicherung="45.8333" Fahrtkm="51.4607" FahrtHLDruck="5"/>
<FahrtEintrag FahrtWeg="3685.8486" FahrtZeit="2023-02-21 10:02:08" Kennung_FahrtZeitms="2023-02-21 10:02:08:417" Fahrtsp="13.0524" FahrtspStrecke="11.1111" FahrtspSignal="-1" FahrtspZugsicherung="45.8333" Fahrtkm="51.4607" FahrtHLDruck="5"/>
<FahrtEintrag FahrtTyp="5" FahrtWeg="3687.9021" FahrtZeit="2023-02-21 10:02:08" Kennung_FahrtZeitms="2023-02-21 10:02:08:560" Fahrtsp="9.8512" FahrtspStrecke="11.1111" FahrtspSignal="-1" FahrtspZugsicherung="45.8333" FahrtText="LZB-Bk 21/22/121/122 LZB-Bk 21" Fahrtkm="51.4607" FahrtHLDruck="5" FahrtFBSchalter="1"/>
<FahrtEintrag FahrtTyp="5" FahrtWeg="-1" FahrtZeit="2023-02-21 10:02:08" Kennung_FahrtZeitms="2023-02-21 10:02:08:646" Fahrtsp="-1" FahrtspStrecke="-1" FahrtspSignal="-1" FahrtspZugsicherung="-1" FahrtText="Zugende passiert Ende Weichenbereich" FahrtHLDruck="-1" FahrtParameter="4" FahrtFBSchalter="-10000"/>
<FahrtEintrag FahrtWeg="3699.0688" FahrtZeit="2023-02-21 10:02:09" Kennung_FahrtZeitms="2023-02-21 10:02:09:685" Fahrtsp="14.0321" FahrtspStrecke="11.1111" FahrtspSignal="-1" FahrtspZugsicherung="45.8333" Fahrtkm="51.5682" FahrtHLDruck="5"/>
<FahrtEintrag FahrtWeg="3713.4014" FahrtZeit="2023-02-21 10:02:10" Kennung_FahrtZeitms="2023-02-21 10:02:10:729" Fahrtsp="14.7023" FahrtspStrecke="11.1111" FahrtspSignal="-1" FahrtspZugsicherung="45.8333" Fahrtkm="51.5682" FahrtHLDruck="5"/>
<FahrtEintrag FahrtWeg="3728.8721" FahrtZeit="2023-02-21 10:02:11" Kennung_FahrtZeitms="2023-02-21 10:02:11:801" Fahrtsp="15.0024" FahrtspStrecke="11.1111" FahrtspSignal="-1" FahrtspZugsicherung="45.8333" Fahrtkm="51.5682" FahrtHLDruck="5"/>
<FahrtEintrag FahrtWeg="3743.9194" FahrtZeit="2023-02-21 10:02:12" Kennung_FahrtZeitms="2023-02-21 10:02:12:857" Fahrtsp="15.7143" FahrtspStrecke="11.1111" FahrtspSignal="-1" FahrtspZugsicherung="45.8333" Fahrtkm="51.5682" FahrtHLDruck="5"/>
<FahrtEintrag FahrtWeg="3759.1963" FahrtZeit="2023-02-21 10:02:13" Kennung_FahrtZeitms="2023-02-21 10:02:13:896" Fahrtsp="16.0133" FahrtspStrecke="11.1111" FahrtspSignal="-1" FahrtspZugsicherung="45.8333" Fahrtkm="51.626" FahrtHLDruck="5"/>
<FahrtEintrag FahrtWeg="3776.8335" FahrtZeit="2023-02-21 10:02:14" Kennung_FahrtZeitms="2023-02-21 10:02:14:974" Fahrtsp="17.0832" FahrtspStrecke="11.1111" FahrtspSignal="-1" FahrtspZugsicherung="45.8333" Fahrtkm="51.626" FahrtHLDruck="5"/>
<FahrtEintrag FahrtWeg="3797.1768" FahrtZeit="2023-02-21 10:02:16" Kennung_FahrtZeitms="2023-02-21 10:02:16:052" Fahrtsp="17.435" FahrtspStrecke="11.1111" FahrtspSignal="-1" FahrtspZugsicherung="45.8333" Fahrtkm="51.6589" FahrtHLDruck="5"/>
<FahrtEintrag FahrtWeg="3815.5864" FahrtZeit="2023-02-21 10:02:17" Kennung_FahrtZeitms="2023-02-21 10:02:17:103" Fahrtsp="18.0237" FahrtspStrecke="11.1111" FahrtspSignal="-1" FahrtspZugsicherung="45.8333" Fahrtkm="51.6589" FahrtHLDruck="5"/>
<FahrtEintrag FahrtTyp="8" FahrtWeg="-1" FahrtZeit="2023-02-21 10:02:17" Kennung_FahrtZeitms="2023-02-21 10:02:17:801" Fahrtsp="-1" FahrtspStrecke="-1" FahrtspSignal="-1" FahrtspZugsicherung="-1" FahrtHLDruck="-1" FahrtParameter="3" FahrtFBSchalter="-10000"/>
<FahrtEintrag FahrtWeg="3820.0815" FahrtZeit="2023-02-21 10:02:17" Kennung_FahrtZeitms="2023-02-21 10:02:17:833" Fahrtsp="18.4032" FahrtspStrecke="11.1111" FahrtspSignal="-1" FahrtspZugsicherung="45.8333" Fahrtkm="51.6589" FahrtHLDruck="5"/>
<FahrtEintrag FahrtWeg="3839.4902" FahrtZeit="2023-02-21 10:02:18" Kennung_FahrtZeitms="2023-02-21 10:02:18:886" Fahrtsp="20.0715" FahrtspStrecke="11.1111" FahrtspSignal="-1" FahrtspZugsicherung="45.8333" Fahrtkm="51.6589" FahrtHLDruck="5"/>
<FahrtEintrag FahrtTyp="8" FahrtWeg="-1" FahrtZeit="2023-02-21 10:02:19" Kennung_FahrtZeitms="2023-02-21 10:02:19:922" Fahrtsp="-1" FahrtspStrecke="-1" FahrtspSignal="-1" FahrtspZugsicherung="-1" FahrtHLDruck="-1" FahrtParameter="1" FahrtFBSchalter="-10000"/>
<FahrtEintrag FahrtWeg="3860.29" FahrtZeit="2023-02-21 10:02:19" Kennung_FahrtZeitms="2023-02-21 10:02:19:954" Fahrtsp="21.0724" FahrtspStrecke="11.1111" FahrtspSignal="-1" FahrtspZugsicherung="45.8333" Fahrtkm="51.6589" FahrtHLDruck="5"/>
<FahrtEintrag FahrtWeg="3881.2092" FahrtZeit="2023-02-21 10:02:21" Kennung_FahrtZeitms="2023-02-21 10:02:21:052" Fahrtsp="22.0154" FahrtspStrecke="11.1111" FahrtspSignal="-1" FahrtspZugsicherung="45.8333" Fahrtkm="51.6589" FahrtHLDruck="5"/>
<FahrtEintrag FahrtWeg="3923.4761" FahrtZeit="2023-02-21 10:02:22" Kennung_FahrtZeitms="2023-02-21 10:02:22:130" Fahrtsp="21.957" FahrtspStrecke="11.1111" FahrtspSignal="-1" FahrtspZugsicherung="45.8333" Fahrtkm="51.7594" FahrtHLDruck="5"/>
<FahrtEintrag FahrtWeg="3946.5576" FahrtZeit="2023-02-21 10:02:23" Kennung_FahrtZeitms="2023-02-21 10:02:23:210" Fahrtsp="20.4009" FahrtspStrecke="11.1111" FahrtspSignal="-1" FahrtspZugsicherung="45.8333" Fahrtkm="51.7594" FahrtHLDruck="5"/>
<FahrtEintrag FahrtWeg="3968.7915" FahrtZeit="2023-02-21 10:02:24" Kennung_FahrtZeitms="2023-02-21 10:02:24:300" Fahrtsp="20.0031" FahrtspStrecke="11.1111" FahrtspSignal="-1" FahrtspZugsicherung="45.8333" Fahrtkm="51.7594" FahrtHLDruck="5"/>
<FahrtEintrag FahrtWeg="3990.4478" FahrtZeit="2023-02-21 10:02:25" Kennung_FahrtZeitms="2023-02-21 10:02:25:409" Fahrtsp="19.2818" FahrtspStrecke="11.1111" FahrtspSignal="-1" FahrtspZugsicherung="45.8333" Fahrtkm="51.8589" FahrtHLDruck="5"/>
<FahrtEintrag FahrtWeg="4010.6865" FahrtZeit="2023-02-21 10:02:26" Kennung_FahrtZeitms="2023-02-21 10:02:26:488" Fahrtsp="18.9223" FahrtspStrecke="11.1111" FahrtspSignal="-1" FahrtspZugsicherung="45.8333" Fahrtkm="51.8589" FahrtHLDruck="5"/>
<FahrtEintrag FahrtWeg="4030.9224" FahrtZeit="2023-02-21 10:02:27" Kennung_FahrtZeitms="2023-02-21 10:02:27:549" Fahrtsp="18.0619" FahrtspStrecke="11.1111" FahrtspSignal="-1" FahrtspZugsicherung="45.8333" Fahrtkm="51.8589" FahrtHLDruck="5"/>
<FahrtEintrag FahrtWeg="4050.6729" FahrtZeit="2023-02-21 10:02:28" Kennung_FahrtZeitms="2023-02-21 10:02:28:669" Fahrtsp="17.3974" FahrtspStrecke="11.1111" FahrtspSignal="-1" FahrtspZugsicherung="45.8333" Fahrtkm="51.8589" FahrtHLDruck="5"/>
<FahrtEintrag FahrtWeg="4069.1772" FahrtZeit="2023-02-21 10:02:29" Kennung_FahrtZeitms="2023-02-21 10:02:29:800" Fahrtsp="17.0036" FahrtspStrecke="11.1111" FahrtspSignal="-1" FahrtspZugsicherung="45.8333" Fahrtkm="51.8589" FahrtHLDruck="5"/>
<FahrtEintrag FahrtWeg="4088.772" FahrtZeit="2023-02-21 10:02:30" Kennung_FahrtZeitms="2023-02-21 10:02:30:925" Fahrtsp="16.5682" FahrtspStrecke="11.1111" FahrtspSignal="-1" FahrtspZugsicherung="45.8333" Fahrtkm="51.878" FahrtHLDruck="5"/>
<FahrtEintrag FahrtWeg="4106.7852" FahrtZeit="2023-02-21 10:02:32" Kennung_FahrtZeitms="2023-02-21 10:02:32:045" Fahrtsp="16.057" FahrtspStrecke="11.1111" FahrtspSignal="-1" FahrtspZugsicherung="45.8333" Fahrtkm="51.9589" FahrtHLDruck="5"/>
<FahrtEintrag FahrtWeg="4124.1836" FahrtZeit="2023-02-21 10:02:33" Kennung_FahrtZeitms="2023-02-21 10:02:33:185" Fahrtsp="15.4398" FahrtspStrecke="11.1111" FahrtspSignal="-1" FahrtspZugsicherung="45.8333" Fahrtkm="51.9589" FahrtHLDruck="5"/>
<FahrtEintrag FahrtWeg="4142.2524" FahrtZeit="2023-02-21 10:02:34" Kennung_FahrtZeitms="2023-02-21 10:02:34:337" Fahrtsp="14.9751" FahrtspStrecke="11.1111" FahrtspSignal="-1" FahrtspZugsicherung="45.8333" Fahrtkm="51.9589" FahrtHLDruck="5"/>
<FahrtEintrag FahrtWeg="4159.4717" FahrtZeit="2023-02-21 10:02:35" Kennung_FahrtZeitms="2023-02-21 10:02:35:499" Fahrtsp="14.1083" FahrtspStrecke="11.1111" FahrtspSignal="-1" FahrtspZugsicherung="45.8333" Fahrtkm="51.9589" FahrtHLDruck="5"/>
<FahrtEintrag FahrtWeg="4175.6372" FahrtZeit="2023-02-21 10:02:36" Kennung_FahrtZeitms="2023-02-21 10:02:36:652" Fahrtsp="13.741" FahrtspStrecke="11.1111" FahrtspSignal="-1" FahrtspZugsicherung="45.8333" Fahrtkm="52.058" FahrtHLDruck="5"/>
<FahrtEintrag FahrtWeg="4190.9971" FahrtZeit="2023-02-21 10:02:37" Kennung_FahrtZeitms="2023-02-21 10:02:37:833" Fahrtsp="12.2713" FahrtspStrecke="11.1111" FahrtspSignal="-1" FahrtspZugsicherung="45.8333" Fahrtkm="52.058" FahrtHLDruck="5"/>
<FahrtEintrag FahrtWeg="4204.5684" FahrtZeit="2023-02-21 10:02:39" Kennung_FahrtZeitms="2023-02-21 10:02:39:031" Fahrtsp="11.099" FahrtspStrecke="11.1111" FahrtspSignal="-1" FahrtspZugsicherung="45.8333" Fahrtkm="52.0719" FahrtHLDruck="5"/>
<FahrtEintrag FahrtWeg="4217.6763" FahrtZeit="2023-02-21 10:02:40" Kennung_FahrtZeitms="2023-02-21 10:02:40:218" Fahrtsp="10.9289" FahrtspStrecke="11.1111" FahrtspSignal="-1" FahrtspZugsicherung="45.8333" Fahrtkm="52.0719" FahrtHLDruck="5"/>
<FahrtEintrag FahrtWeg="4230.71" FahrtZeit="2023-02-21 10:02:41" Kennung_FahrtZeitms="2023-02-21 10:02:41:437" Fahrtsp="9.581" FahrtspStrecke="11.1111" FahrtspSignal="-1" FahrtspZugsicherung="45.8333" Fahrtkm="52.0719" FahrtHLDruck="5"/>
<FahrtEintrag FahrtWeg="4241.2144" FahrtZeit="2023-02-21 10:02:42" Kennung_FahrtZeitms="2023-02-21 10:02:42:663" Fahrtsp="9.0583" FahrtspStrecke="11.1111" FahrtspSignal="-1" FahrtspZugsicherung="45.8333" Fahrtkm="52.0719" FahrtHLDruck="5"/>
<FahrtEintrag FahrtWeg="4252.499" FahrtZeit="2023-02-21 10:02:43" Kennung_FahrtZeitms="2023-02-21 10:02:43:906" Fahrtsp="8.4081" FahrtspStrecke="11.1111" FahrtspSignal="-1" FahrtspZugsicherung="45.8333" Fahrtkm="52.1023" FahrtHLDruck="5"/>
<FahrtEintrag FahrtWeg="4262.7461" FahrtZeit="2023-02-21 10:02:45" Kennung_FahrtZeitms="2023-02-21 10:02:45:142" Fahrtsp="8.2324" FahrtspStrecke="11.1111" FahrtspSignal="-1" FahrtspZugsicherung="45.8333" Fahrtkm="52.1023" FahrtHLDruck="5"/>
<FahrtEintrag FahrtWeg="4272.9565" FahrtZeit="2023-02-21 10:02:46" Kennung_FahrtZeitms="2023-02-21 10:02:46:376" Fahrtsp="7.0556" FahrtspStrecke="11.1111" FahrtspSignal="-1" FahrtspZugsicherung="45.8333" Fahrtkm="52.1469" FahrtHLDruck="5"/>
<FahrtEintrag FahrtWeg="4281.9956" FahrtZeit="2023-02-21 10:02:47" Kennung_FahrtZeitms="2023-02-21 10:02:47:652" Fahrtsp="6.8789" FahrtspStrecke="11.1111" FahrtspSignal="-1" FahrtspZugsicherung="45.8333" Fahrtkm="52.1469" FahrtHLDruck="5"/>
<FahrtEintrag FahrtWeg="4289.5469" FahrtZeit="2023-02-21 10:02:48" Kennung_FahrtZeitms="2023-02-21 10:02:48:916" Fahrtsp="6.1972" FahrtspStrecke="11.1111" FahrtspSignal="-1" FahrtspZugsicherung="45.8333" Fahrtkm="52.1469" FahrtHLDruck="5"/>
<FahrtEintrag FahrtWeg="4297.6548" FahrtZeit="2023-02-21 10:02:50" Kennung_FahrtZeitms="2023-02-21 10:02:50:223" Fahrtsp="5.5199" FahrtspStrecke="11.1111" FahrtspSignal="-1" FahrtspZugsicherung="45.8333" Fahrtkm="52.1576" FahrtHLDruck="5" FahrtFBSchalter="7"/>
<FahrtEintrag FahrtWeg="4303.1489" FahrtZeit="2023-02-21 10:02:51" Kennung_FahrtZeitms="2023-02-21 10:02:51:519" Fahrtsp="4.5145" FahrtspStrecke="11.1111" FahrtspSignal="-1" FahrtspZugsicherung="45.8333" Fahrtkm="52.1576" FahrtHLDruck="5" FahrtFBSchalter="21"/>
<FahrtEintrag FahrtWeg="4308.5566" FahrtZeit="2023-02-21 10:02:52" Kennung_FahrtZeitms="2023-02-21 10:02:52:827" Fahrtsp="3.7192" FahrtspStrecke="11.1111" FahrtspSignal="-1" FahrtspZugsicherung="45.8333" Fahrtkm="52.222" FahrtHLDruck="5" FahrtFBSchalter="21"/>
<FahrtEintrag FahrtWeg="4311.0356" FahrtZeit="2023-02-21 10:02:54" Kennung_FahrtZeitms="2023-02-21 10:02:54:120" Fahrtsp="0.9197" FahrtspStrecke="11.1111" FahrtspSignal="-1" FahrtspZugsicherung="45.8333" Fahrtkm="52.222" FahrtHLDruck="5" FahrtFBSchalter="21"/>
</result>
</Zusi>
