﻿<?xml version="1.0" encoding="UTF-8"?>
<Zusi>
<Info DateiTyp="result" Version="A.1" MinVersion="A.0"/>
<result Zugnummer="4711 (FaS)" Datum="2023-02-21 14:46:48" Verbrauch="152973008">
<FahrtEintrag FahrtTyp="2" FahrtWeg="1516.7542" FahrtZeit="2023-02-21 09:50:00" Kennung_FahrtZeitms="2023-02-21 09:50:00:099" FahrtspStrecke="11.1111" FahrtspSignal="-1" FahrtspZugsicherung="-1" FahrtText="" Fahrtkm="49.3855" FahrtHLDruck="5" FahrtFplAnk="44978.410156" FahrtFplAbf="44978.417969"/>
<FahrtEintrag FahrtWeg="1516.7542" FahrtZeit="2023-02-21 09:50:05" Kennung_FahrtZeitms="2023-02-21 09:50:05:105" FahrtspStrecke="11.1111" FahrtspSignal="-1" FahrtspZugsicherung="45.8333" Fahrtkm="49.3855" FahrtHLDruck="5"/>
<FahrtEintrag FahrtWeg="1516.7542" FahrtZeit="2023-02-21 09:50:10" Kennung_FahrtZeitms="2023-02-21 09:50:10:209" FahrtspStrecke="11.1111" FahrtspSignal="-1" FahrtspZugsicherung="45.8333" Fahrtkm="49.3855" FahrtHLDruck="5"/>
<FahrtEintrag FahrtWeg="1516.7542" FahrtZeit="2023-02-21 09:50:15" Kennung_FahrtZeitms="2023-02-21 09:50:15:211" FahrtspStrecke="11.1111" FahrtspSignal="-1" FahrtspZugsicherung="45.8333" Fahrtkm="49.3855" FahrtHLDruck="5"/>
<FahrtEintrag FahrtWeg="1516.7542" FahrtZeit="2023-02-21 09:50:20" Kennung_FahrtZeitms="2023-02-21 09:50:20:212" FahrtspStrecke="11.1111" FahrtspSignal="-1" FahrtspZugsicherung="45.8333" Fahrtkm="49.3855" FahrtHLDruck="5"/>
<FahrtEintrag FahrtWeg="1516.7542" FahrtZeit="2023-02-21 09:50:25" Kennung_FahrtZeitms="2023-02-21 09:50:25:213" FahrtspStrecke="11.1111" FahrtspSignal="-1" FahrtspZugsicherung="45.8333" Fahrtkm="49.3855" FahrtHLDruck="5"/>
<FahrtEintrag FahrtWeg="1516.7542" FahrtZeit="2023-02-21 09:50:30" Kennung_FahrtZeitms="2023-02-21 09:50:30:214" FahrtspStrecke="11.1111" FahrtspSignal="-1" FahrtspZugsicherung="45.8333" Fahrtkm="49.3855" FahrtHLDruck="5"/>
<FahrtEintrag FahrtWeg="1516.7542" FahrtZeit="2023-02-21 09:50:35" Kennung_FahrtZeitms="2023-02-21 09:50:35:216" FahrtspStrecke="11.1111" FahrtspSignal="-1" FahrtspZugsicherung="45.8333" Fahrtkm="49.3855" FahrtHLDruck="5"/>
<FahrtEintrag FahrtWeg="1516.7542" FahrtZeit="2023-02-21 09:50:40" Kennung_FahrtZeitms="2023-02-21 09:50:40:217" FahrtspStrecke="11.1111" FahrtspSignal="-1" FahrtspZugsicherung="45.8333" Fahrtkm="49.3855" FahrtHLDruck="5"/>
<FahrtEintrag FahrtWeg="1516.7542" FahrtZeit="2023-02-21 09:50:45" Kennung_FahrtZeitms="2023-02-21 09:50:45:218" FahrtspStrecke="11.1111" FahrtspSignal="-1" FahrtspZugsicherung="45.8333" Fahrtkm="49.3855" FahrtHLDruck="5"/>
<FahrtEintrag FahrtWeg="1516.7542" FahrtZeit="2023-02-21 09:50:50" Kennung_FahrtZeitms="2023-02-21 09:50:50:219" FahrtspStrecke="11.1111" FahrtspSignal="-1" FahrtspZugsicherung="45.8333" Fahrtkm="49.3855" FahrtHLDruck="5"/>
<FahrtEintrag FahrtWeg="1516.7542" FahrtZeit="2023-02-21 09:50:55" Kennung_FahrtZeitms="2023-02-21 09:50:55:220" FahrtspStrecke="11.1111" FahrtspSignal="-1" FahrtspZugsicherung="45.8333" Fahrtkm="49.3855" FahrtHLDruck="5"/>
<FahrtEintrag FahrtWeg="1516.7542" FahrtZeit="2023-02-21 09:51:00" Kennung_FahrtZeitms="2023-02-21 09:51:00:222" FahrtspStrecke="11.1111" FahrtspSignal="-1" FahrtspZugsicherung="45.8333" Fahrtkm="49.3855" FahrtHLDruck="5"/>
<FahrtEintrag FahrtWeg="1516.7542" FahrtZeit="2023-02-21 09:51:05" Kennung_FahrtZeitms="2023-02-21 09:51:05:223" FahrtspStrecke="11.1111" FahrtspSignal="-1" FahrtspZugsicherung="45.8333" Fahrtkm="49.3855" FahrtHLDruck="5"/>
<FahrtEintrag FahrtWeg="1516.7542" FahrtZeit="2023-02-21 09:51:10" Kennung_FahrtZeitms="2023-02-21 09:51:10:224" FahrtspStrecke="11.1111" FahrtspSignal="-1" FahrtspZugsicherung="45.8333" Fahrtkm="49.3855" FahrtHLDruck="5"/>
<FahrtEintrag FahrtWeg="1516.7542" FahrtZeit="2023-02-21 09:51:15" Kennung_FahrtZeitms="2023-02-21 09:51:15:225" FahrtspStrecke="11.1111" FahrtspSignal="-1" FahrtspZugsicherung="45.8333" Fahrtkm="49.3855" FahrtHLDruck="5"/>
<FahrtEintrag FahrtWeg="1516.7542" FahrtZeit="2023-02-21 09:51:20" Kennung_FahrtZeitms="2023-02-21 09:51:20:227" FahrtspStrecke="11.1111" FahrtspSignal="-1" FahrtspZugsicherung="45.8333" Fahrtkm="49.3855" FahrtHLDruck="5"/>
<FahrtEintrag FahrtWeg="1516.7542" FahrtZeit="2023-02-21 09:51:25" Kennung_FahrtZeitms="2023-02-21 09:51:25:228" FahrtspStrecke="11.1111" FahrtspSignal="-1" FahrtspZugsicherung="45.8333" Fahrtkm="49.3855" FahrtHLDruck="5"/>
<FahrtEintrag FahrtWeg="1516.7542" FahrtZeit="2023-02-21 09:51:30" Kennung_FahrtZeitms="2023-02-21 09:51:30:229" FahrtspStrecke="11.1111" FahrtspSignal="-1" FahrtspZugsicherung="45.8333" Fahrtkm="49.3855" FahrtHLDruck="5"/>
<FahrtEintrag FahrtWeg="1516.7542" FahrtZeit="2023-02-21 09:51:35" Kennung_FahrtZeitms="2023-02-21 09:51:35:230" FahrtspStrecke="11.1111" FahrtspSignal="-1" FahrtspZugsicherung="45.8333" Fahrtkm="49.3855" FahrtHLDruck="5"/>
<FahrtEintrag FahrtWeg="1516.7542" FahrtZeit="2023-02-21 09:51:40" Kennung_FahrtZeitms="2023-02-21 09:51:40:231" FahrtspStrecke="11.1111" FahrtspSignal="-1" FahrtspZugsicherung="45.8333" Fahrtkm="49.3855" FahrtHLDruck="5"/>
<FahrtEintrag FahrtWeg="1516.7542" FahrtZeit="2023-02-21 09:51:45" Kennung_FahrtZeitms="2023-02-21 09:51:45:233" FahrtspStrecke="11.1111" FahrtspSignal="-1" FahrtspZugsicherung="45.8333" Fahrtkm="49.3855" FahrtHLDruck="5"/>
<FahrtEintrag FahrtWeg="1516.7542" FahrtZeit="2023-02-21 09:51:50" Kennung_FahrtZeitms="2023-02-21 09:51:50:735" FahrtspStrecke="11.1111" FahrtspSignal="-1" FahrtspZugsicherung="45.8333" Fahrtkm="49.3855" FahrtHLDruck="5"/>
<FahrtEintrag FahrtWeg="1516.7542" FahrtZeit="2023-02-21 09:51:55" Kennung_FahrtZeitms="2023-02-21 09:51:55:736" FahrtspStrecke="11.1111" FahrtspSignal="-1" FahrtspZugsicherung="45.8333" Fahrtkm="49.3855" FahrtHLDruck="5"/>
<FahrtEintrag FahrtWeg="1516.7542" FahrtZeit="2023-02-21 09:52:00" Kennung_FahrtZeitms="2023-02-21 09:52:00:737" FahrtspStrecke="11.1111" FahrtspSignal="-1" FahrtspZugsicherung="45.8333" Fahrtkm="49.3855" FahrtHLDruck="5"/>
<FahrtEintrag FahrtWeg="1516.7542" FahrtZeit="2023-02-21 09:52:05" Kennung_FahrtZeitms="2023-02-21 09:52:05:738" FahrtspStrecke="11.1111" FahrtspSignal="-1" FahrtspZugsicherung="45.8333" Fahrtkm="49.3855" FahrtHLDruck="5"/>
<FahrtEintrag FahrtWeg="1516.7542" FahrtZeit="2023-02-21 09:52:10" Kennung_FahrtZeitms="2023-02-21 09:52:10:740" FahrtspStrecke="11.1111" FahrtspSignal="-1" FahrtspZugsicherung="45.8333" Fahrtkm="49.3855" FahrtHLDruck="5"/>
<FahrtEintrag FahrtWeg="1516.7542" FahrtZeit="2023-02-21 09:52:15" Kennung_FahrtZeitms="2023-02-21 09:52:15:741" FahrtspStrecke="11.1111" FahrtspSignal="-1" FahrtspZugsicherung="45.8333" Fahrtkm="49.3855" FahrtHLDruck="5"/>
<FahrtEintrag FahrtWeg="1516.7542" FahrtZeit="2023-02-21 09:52:20" Kennung_FahrtZeitms="2023-02-21 09:52:20:742" FahrtspStrecke="11.1111" FahrtspSignal="-1" FahrtspZugsicherung="45.8333" Fahrtkm="49.3855" FahrtHLDruck="5"/>
<FahrtEintrag FahrtWeg="1516.7542" FahrtZeit="2023-02-21 09:52:25" Kennung_FahrtZeitms="2023-02-21 09:52:25:743" FahrtspStrecke="11.1111" FahrtspSignal="-1" FahrtspZugsicherung="45.8333" Fahrtkm="49.3855" FahrtHLDruck="5"/>
<FahrtEintrag FahrtWeg="1516.7542" FahrtZeit="2023-02-21 09:52:30" Kennung_FahrtZeitms="2023-02-21 09:52:30:744" FahrtspStrecke="11.1111" FahrtspSignal="-1" FahrtspZugsicherung="45.8333" Fahrtkm="49.3855" FahrtHLDruck="5"/>
<FahrtEintrag FahrtWeg="1516.7542" FahrtZeit="2023-02-21 09:52:35" Kennung_FahrtZeitms="2023-02-21 09:52:35:746" FahrtspStrecke="11.1111" FahrtspSignal="-1" FahrtspZugsicherung="45.8333" Fahrtkm="49.3855" FahrtHLDruck="5"/>
<FahrtEintrag FahrtWeg="1516.7542" FahrtZeit="2023-02-21 09:52:40" Kennung_FahrtZeitms="2023-02-21 09:52:40:747" FahrtspStrecke="11.1111" FahrtspSignal="-1" FahrtspZugsicherung="45.8333" Fahrtkm="49.3855" FahrtHLDruck="5"/>
<FahrtEintrag FahrtWeg="1516.7542" FahrtZeit="2023-02-21 09:52:45" Kennung_FahrtZeitms="2023-02-21 09:52:45:748" FahrtspStrecke="11.1111" FahrtspSignal="-1" FahrtspZugsicherung="45.8333" Fahrtkm="49.3855" FahrtHLDruck="5"/>
<FahrtEintrag FahrtWeg="1516.7542" FahrtZeit="2023-02-21 09:52:50" Kennung_FahrtZeitms="2023-02-21 09:52:50:749" FahrtspStrecke="11.1111" FahrtspSignal="-1" FahrtspZugsicherung="45.8333" Fahrtkm="49.3855" FahrtHLDruck="5"/>
<FahrtEintrag FahrtWeg="1516.7542" FahrtZeit="2023-02-21 09:52:55" Kennung_FahrtZeitms="2023-02-21 09:52:55:750" FahrtspStrecke="11.1111" FahrtspSignal="-1" FahrtspZugsicherung="45.8333" Fahrtkm="49.3855" FahrtHLDruck="5"/>
<FahrtEintrag FahrtWeg="1516.7542" FahrtZeit="2023-02-21 09:53:00" Kennung_FahrtZeitms="2023-02-21 09:53:00:751" FahrtspStrecke="11.1111" FahrtspSignal="-1" FahrtspZugsicherung="45.8333" Fahrtkm="49.3855" FahrtHLDruck="5"/>
<FahrtEintrag FahrtWeg="1516.7542" FahrtZeit="2023-02-21 09:53:05" Kennung_FahrtZeitms="2023-02-21 09:53:05:753" FahrtspStrecke="11.1111" FahrtspSignal="-1" FahrtspZugsicherung="45.8333" Fahrtkm="49.3855" FahrtHLDruck="5"/>
<FahrtEintrag FahrtWeg="1516.7542" FahrtZeit="2023-02-21 09:53:10" Kennung_FahrtZeitms="2023-02-21 09:53:10:754" FahrtspStrecke="11.1111" FahrtspSignal="-1" FahrtspZugsicherung="45.8333" Fahrtkm="49.3855" FahrtHLDruck="5"/>
<FahrtEintrag FahrtWeg="1516.7542" FahrtZeit="2023-02-21 09:53:15" Kennung_FahrtZeitms="2023-02-21 09:53:15:755" FahrtspStrecke="11.1111" FahrtspSignal="-1" FahrtspZugsicherung="45.8333" Fahrtkm="49.3855" FahrtHLDruck="5"/>
<FahrtEintrag FahrtWeg="1516.7542" FahrtZeit="2023-02-21 09:53:20" Kennung_FahrtZeitms="2023-02-21 09:53:20:757" FahrtspStrecke="11.1111" FahrtspSignal="-1" FahrtspZugsicherung="45.8333" Fahrtkm="49.3855" FahrtHLDruck="5"/>
<FahrtEintrag FahrtWeg="1516.7542" FahrtZeit="2023-02-21 09:53:25" Kennung_FahrtZeitms="2023-02-21 09:53:25:758" FahrtspStrecke="11.1111" FahrtspSignal="-1" FahrtspZugsicherung="45.8333" Fahrtkm="49.3855" FahrtHLDruck="5"/>
<FahrtEintrag FahrtWeg="1516.7542" FahrtZeit="2023-02-21 09:53:30" Kennung_FahrtZeitms="2023-02-21 09:53:30:759" FahrtspStrecke="11.1111" FahrtspSignal="-1" FahrtspZugsicherung="45.8333" Fahrtkm="49.3855" FahrtHLDruck="5"/>
<FahrtEintrag FahrtWeg="1516.7542" FahrtZeit="2023-02-21 09:53:35" Kennung_FahrtZeitms="2023-02-21 09:53:35:761" FahrtspStrecke="11.1111" FahrtspSignal="-1" FahrtspZugsicherung="45.8333" Fahrtkm="49.3855" FahrtHLDruck="5"/>
<FahrtEintrag FahrtWeg="1516.7542" FahrtZeit="2023-02-21 09:53:40" Kennung_FahrtZeitms="2023-02-21 09:53:40:762" FahrtspStrecke="11.1111" FahrtspSignal="-1" FahrtspZugsicherung="45.8333" Fahrtkm="49.3855" FahrtHLDruck="5"/>
<FahrtEintrag FahrtWeg="1516.7542" FahrtZeit="2023-02-21 09:53:45" Kennung_FahrtZeitms="2023-02-21 09:53:45:763" FahrtspStrecke="11.1111" FahrtspSignal="-1" FahrtspZugsicherung="45.8333" Fahrtkm="49.3855" FahrtHLDruck="5"/>
<FahrtEintrag FahrtWeg="1516.7542" FahrtZeit="2023-02-21 09:53:50" Kennung_FahrtZeitms="2023-02-21 09:53:50:764" FahrtspStrecke="11.1111" FahrtspSignal="-1" FahrtspZugsicherung="45.8333" Fahrtkm="49.3855" FahrtHLDruck="5"/>
<FahrtEintrag FahrtWeg="1516.7542" FahrtZeit="2023-02-21 09:53:55" Kennung_FahrtZeitms="2023-02-21 09:53:55:766" FahrtspStrecke="11.1111" FahrtspSignal="-1" FahrtspZugsicherung="45.8333" Fahrtkm="49.3855" FahrtHLDruck="5"/>
<FahrtEintrag FahrtWeg="1516.7542" FahrtZeit="2023-02-21 09:54:01" Kennung_FahrtZeitms="2023-02-21 09:54:01:267" FahrtspStrecke="11.1111" FahrtspSignal="-1" FahrtspZugsicherung="45.8333" Fahrtkm="49.3855" FahrtHLDruck="5"/>
<FahrtEintrag FahrtWeg="1516.7542" FahrtZeit="2023-02-21 09:54:06" Kennung_FahrtZeitms="2023-02-21 09:54:06:268" FahrtspStrecke="11.1111" FahrtspSignal="-1" FahrtspZugsicherung="45.8333" Fahrtkm="49.3855" FahrtHLDruck="5"/>
<FahrtEintrag FahrtWeg="1516.7542" FahrtZeit="2023-02-21 09:54:11" Kennung_FahrtZeitms="2023-02-21 09:54:11:269" FahrtspStrecke="11.1111" FahrtspSignal="-1" FahrtspZugsicherung="45.8333" Fahrtkm="49.3855" FahrtHLDruck="5"/>
<FahrtEintrag FahrtWeg="1516.7542" FahrtZeit="2023-02-21 09:54:16" Kennung_FahrtZeitms="2023-02-21 09:54:16:270" FahrtspStrecke="11.1111" FahrtspSignal="-1" FahrtspZugsicherung="45.8333" Fahrtkm="49.3855" FahrtHLDruck="5"/>
<FahrtEintrag FahrtWeg="1516.7542" FahrtZeit="2023-02-21 09:54:21" Kennung_FahrtZeitms="2023-02-21 09:54:21:272" FahrtspStrecke="11.1111" FahrtspSignal="-1" FahrtspZugsicherung="45.8333" Fahrtkm="49.3855" FahrtHLDruck="5"/>
<FahrtEintrag FahrtWeg="1516.7542" FahrtZeit="2023-02-21 09:54:26" Kennung_FahrtZeitms="2023-02-21 09:54:26:273" FahrtspStrecke="11.1111" FahrtspSignal="-1" FahrtspZugsicherung="45.8333" Fahrtkm="49.3855" FahrtHLDruck="5"/>
<FahrtEintrag FahrtWeg="1516.7542" FahrtZeit="2023-02-21 09:54:31" Kennung_FahrtZeitms="2023-02-21 09:54:31:274" FahrtspStrecke="11.1111" FahrtspSignal="-1" FahrtspZugsicherung="45.8333" Fahrtkm="49.3855" FahrtHLDruck="5"/>
<FahrtEintrag FahrtWeg="1516.7542" FahrtZeit="2023-02-21 09:54:36" Kennung_FahrtZeitms="2023-02-21 09:54:36:275" FahrtspStrecke="11.1111" FahrtspSignal="-1" FahrtspZugsicherung="45.8333" Fahrtkm="49.3855" FahrtHLDruck="5"/>
<FahrtEintrag FahrtWeg="1516.7542" FahrtZeit="2023-02-21 09:54:41" Kennung_FahrtZeitms="2023-02-21 09:54:41:276" FahrtspStrecke="11.1111" FahrtspSignal="-1" FahrtspZugsicherung="45.8333" Fahrtkm="49.3855" FahrtHLDruck="5"/>
<FahrtEintrag FahrtWeg="1516.7542" FahrtZeit="2023-02-21 09:54:46" Kennung_FahrtZeitms="2023-02-21 09:54:46:278" FahrtspStrecke="11.1111" FahrtspSignal="-1" FahrtspZugsicherung="45.8333" Fahrtkm="49.3855" FahrtHLDruck="5"/>
<FahrtEintrag FahrtWeg="1516.7542" FahrtZeit="2023-02-21 09:54:51" Kennung_FahrtZeitms="2023-02-21 09:54:51:279" FahrtspStrecke="11.1111" FahrtspSignal="-1" FahrtspZugsicherung="45.8333" Fahrtkm="49.3855" FahrtHLDruck="5"/>
<FahrtEintrag FahrtWeg="1516.7542" FahrtZeit="2023-02-21 09:54:56" Kennung_FahrtZeitms="2023-02-21 09:54:56:281" FahrtspStrecke="11.1111" FahrtspSignal="-1" FahrtspZugsicherung="45.8333" Fahrtkm="49.3855" FahrtHLDruck="5"/>
<FahrtEintrag FahrtWeg="1516.7542" FahrtZeit="2023-02-21 09:55:01" Kennung_FahrtZeitms="2023-02-21 09:55:01:282" FahrtspStrecke="11.1111" FahrtspSignal="-1" FahrtspZugsicherung="45.8333" Fahrtkm="49.3855" FahrtHLDruck="5"/>
<FahrtEintrag FahrtWeg="1516.7542" FahrtZeit="2023-02-21 09:55:06" Kennung_FahrtZeitms="2023-02-21 09:55:06:284" FahrtspStrecke="11.1111" FahrtspSignal="-1" FahrtspZugsicherung="45.8333" Fahrtkm="49.3855" FahrtHLDruck="5"/>
<FahrtEintrag FahrtWeg="1516.7542" FahrtZeit="2023-02-21 09:55:11" Kennung_FahrtZeitms="2023-02-21 09:55:11:285" FahrtspStrecke="11.1111" FahrtspSignal="-1" FahrtspZugsicherung="45.8333" Fahrtkm="49.3855" FahrtHLDruck="5"/>
<FahrtEintrag FahrtWeg="1516.7542" FahrtZeit="2023-02-21 09:55:16" Kennung_FahrtZeitms="2023-02-21 09:55:16:286" FahrtspStrecke="11.1111" FahrtspSignal="-1" FahrtspZugsicherung="45.8333" Fahrtkm="49.3855" FahrtHLDruck="5"/>
<FahrtEintrag FahrtWeg="1516.7542" FahrtZeit="2023-02-21 09:55:21" Kennung_FahrtZeitms="2023-02-21 09:55:21:287" FahrtspStrecke="11.1111" FahrtspSignal="-1" FahrtspZugsicherung="45.8333" Fahrtkm="49.3855" FahrtHLDruck="5"/>
<FahrtEintrag FahrtWeg="1516.7542" FahrtZeit="2023-02-21 09:55:26" Kennung_FahrtZeitms="2023-02-21 09:55:26:289" FahrtspStrecke="11.1111" FahrtspSignal="-1" FahrtspZugsicherung="45.8333" Fahrtkm="49.3855" FahrtHLDruck="5"/>
<FahrtEintrag FahrtWeg="1516.7542" FahrtZeit="2023-02-21 09:55:31" Kennung_FahrtZeitms="2023-02-21 09:55:31:290" FahrtspStrecke="11.1111" FahrtspSignal="-1" FahrtspZugsicherung="45.8333" Fahrtkm="49.3855" FahrtHLDruck="5"/>
<FahrtEintrag FahrtWeg="1516.7542" FahrtZeit="2023-02-21 09:55:36" Kennung_FahrtZeitms="2023-02-21 09:55:36:291" FahrtspStrecke="11.1111" FahrtspSignal="-1" FahrtspZugsicherung="45.8333" Fahrtkm="49.3855" FahrtHLDruck="5"/>
<FahrtEintrag FahrtWeg="1516.7542" FahrtZeit="2023-02-21 09:55:41" Kennung_FahrtZeitms="2023-02-21 09:55:41:292" FahrtspStrecke="11.1111" FahrtspSignal="-1" FahrtspZugsicherung="45.8333" Fahrtkm="49.3855" FahrtHLDruck="5"/>
<FahrtEintrag FahrtWeg="1516.7542" FahrtZeit="2023-02-21 09:55:46" Kennung_FahrtZeitms="2023-02-21 09:55:46:293" FahrtspStrecke="11.1111" FahrtspSignal="-1" FahrtspZugsicherung="45.8333" Fahrtkm="49.3855" FahrtHLDruck="5"/>
<FahrtEintrag FahrtWeg="1516.7542" FahrtZeit="2023-02-21 09:55:51" Kennung_FahrtZeitms="2023-02-21 09:55:51:295" FahrtspStrecke="11.1111" FahrtspSignal="-1" FahrtspZugsicherung="45.8333" Fahrtkm="49.3855" FahrtHLDruck="5"/>
<FahrtEintrag FahrtWeg="1516.7542" FahrtZeit="2023-02-21 09:55:56" Kennung_FahrtZeitms="2023-02-21 09:55:56:296" FahrtspStrecke="11.1111" FahrtspSignal="-1" FahrtspZugsicherung="45.8333" Fahrtkm="49.3855" FahrtHLDruck="5"/>
<FahrtEintrag FahrtWeg="1516.7542" FahrtZeit="2023-02-21 09:56:01" Kennung_FahrtZeitms="2023-02-21 09:56:01:297" FahrtspStrecke="11.1111" FahrtspSignal="-1" FahrtspZugsicherung="45.8333" Fahrtkm="49.3855" FahrtHLDruck="5"/>
<FahrtEintrag FahrtWeg="1516.7542" FahrtZeit="2023-02-21 09:56:06" Kennung_FahrtZeitms="2023-02-21 09:56:06:298" FahrtspStrecke="11.1111" FahrtspSignal="-1" FahrtspZugsicherung="45.8333" Fahrtkm="49.3855" FahrtHLDruck="5"/>
<FahrtEintrag FahrtWeg="1516.7542" FahrtZeit="2023-02-21 09:56:11" Kennung_FahrtZeitms="2023-02-21 09:56:11:300" FahrtspStrecke="11.1111" FahrtspSignal="-1" FahrtspZugsicherung="45.8333" Fahrtkm="49.3855" FahrtHLDruck="5"/>
<FahrtEintrag FahrtWeg="1516.7542" FahrtZeit="2023-02-21 09:56:16" Kennung_FahrtZeitms="2023-02-21 09:56:16:301" FahrtspStrecke="11.1111" FahrtspSignal="-1" FahrtspZugsicherung="45.8333" Fahrtkm="49.3855" FahrtHLDruck="5"/>
<FahrtEintrag FahrtWeg="1516.7542" FahrtZeit="2023-02-21 09:56:21" Kennung_FahrtZeitms="2023-02-21 09:56:21:302" FahrtspStrecke="11.1111" FahrtspSignal="-1" FahrtspZugsicherung="45.8333" Fahrtkm="49.3855" FahrtHLDruck="5"/>
<FahrtEintrag FahrtWeg="1516.7542" FahrtZeit="2023-02-21 09:56:26" Kennung_FahrtZeitms="2023-02-21 09:56:26:304" FahrtspStrecke="11.1111" FahrtspSignal="-1" FahrtspZugsicherung="45.8333" Fahrtkm="49.3855" FahrtHLDruck="5"/>
<FahrtEintrag FahrtWeg="1516.7542" FahrtZeit="2023-02-21 09:56:31" Kennung_FahrtZeitms="2023-02-21 09:56:31:305" FahrtspStrecke="11.1111" FahrtspSignal="-1" FahrtspZugsicherung="45.8333" Fahrtkm="49.3855" FahrtHLDruck="5"/>
<FahrtEintrag FahrtWeg="1516.7542" FahrtZeit="2023-02-21 09:56:36" Kennung_FahrtZeitms="2023-02-21 09:56:36:306" FahrtspStrecke="11.1111" FahrtspSignal="-1" FahrtspZugsicherung="45.8333" Fahrtkm="49.3855" FahrtHLDruck="5"/>
<FahrtEintrag FahrtWeg="1516.7542" FahrtZeit="2023-02-21 09:56:41" Kennung_FahrtZeitms="2023-02-21 09:56:41:307" FahrtspStrecke="11.1111" FahrtspSignal="-1" FahrtspZugsicherung="45.8333" Fahrtkm="49.3855" FahrtHLDruck="5"/>
<FahrtEintrag FahrtWeg="1516.7542" FahrtZeit="2023-02-21 09:56:46" Kennung_FahrtZeitms="2023-02-21 09:56:46:309" FahrtspStrecke="11.1111" FahrtspSignal="-1" FahrtspZugsicherung="45.8333" Fahrtkm="49.3855" FahrtHLDruck="5"/>
<FahrtEintrag FahrtWeg="1516.7542" FahrtZeit="2023-02-21 09:56:51" Kennung_FahrtZeitms="2023-02-21 09:56:51:311" FahrtspStrecke="11.1111" FahrtspSignal="-1" FahrtspZugsicherung="45.8333" Fahrtkm="49.3855" FahrtHLDruck="5"/>
<FahrtEintrag FahrtWeg="1516.7542" FahrtZeit="2023-02-21 09:56:56" Kennung_FahrtZeitms="2023-02-21 09:56:56:312" FahrtspStrecke="11.1111" FahrtspSignal="-1" FahrtspZugsicherung="45.8333" Fahrtkm="49.3855" FahrtHLDruck="5"/>
<FahrtEintrag FahrtWeg="1516.7542" FahrtZeit="2023-02-21 09:57:01" Kennung_FahrtZeitms="2023-02-21 09:57:01:314" FahrtspStrecke="11.1111" FahrtspSignal="-1" FahrtspZugsicherung="45.8333" Fahrtkm="49.3855" FahrtHLDruck="5"/>
<FahrtEintrag FahrtWeg="1516.7542" FahrtZeit="2023-02-21 09:57:06" Kennung_FahrtZeitms="2023-02-21 09:57:06:315" FahrtspStrecke="11.1111" FahrtspSignal="-1" FahrtspZugsicherung="45.8333" Fahrtkm="49.3855" FahrtHLDruck="5"/>
<FahrtEintrag FahrtWeg="1516.7542" FahrtZeit="2023-02-21 09:57:11" Kennung_FahrtZeitms="2023-02-21 09:57:11:316" FahrtspStrecke="11.1111" FahrtspSignal="-1" FahrtspZugsicherung="45.8333" Fahrtkm="49.3855" FahrtHLDruck="5"/>
<FahrtEintrag FahrtWeg="1516.7542" FahrtZeit="2023-02-21 09:57:16" Kennung_FahrtZeitms="2023-02-21 09:57:16:317" FahrtspStrecke="11.1111" FahrtspSignal="-1" FahrtspZugsicherung="45.8333" Fahrtkm="49.3855" FahrtHLDruck="5"/>
<FahrtEintrag FahrtWeg="1516.7542" FahrtZeit="2023-02-21 09:57:21" Kennung_FahrtZeitms="2023-02-21 09:57:21:319" FahrtspStrecke="11.1111" FahrtspSignal="-1" FahrtspZugsicherung="45.8333" Fahrtkm="49.3855" FahrtHLDruck="5"/>
<FahrtEintrag FahrtWeg="1516.7542" FahrtZeit="2023-02-21 09:57:26" Kennung_FahrtZeitms="2023-02-21 09:57:26:320" FahrtspStrecke="11.1111" FahrtspSignal="-1" FahrtspZugsicherung="45.8333" Fahrtkm="49.3855" FahrtHLDruck="5"/>
<FahrtEintrag FahrtWeg="1516.7542" FahrtZeit="2023-02-21 09:57:31" Kennung_FahrtZeitms="2023-02-21 09:57:31:321" FahrtspStrecke="11.1111" FahrtspSignal="-1" FahrtspZugsicherung="45.8333" Fahrtkm="49.3855" FahrtHLDruck="5"/>
<FahrtEintrag FahrtWeg="1516.7542" FahrtZeit="2023-02-21 09:57:36" Kennung_FahrtZeitms="2023-02-21 09:57:36:322" FahrtspStrecke="11.1111" FahrtspSignal="-1" FahrtspZugsicherung="45.8333" Fahrtkm="49.3855" FahrtHLDruck="5"/>
<FahrtEintrag FahrtWeg="1516.7542" FahrtZeit="2023-02-21 09:57:41" Kennung_FahrtZeitms="2023-02-21 09:57:41:324" FahrtspStrecke="11.1111" FahrtspSignal="-1" FahrtspZugsicherung="45.8333" Fahrtkm="49.3855" FahrtHLDruck="5"/>
<FahrtEintrag FahrtWeg="1516.7542" FahrtZeit="2023-02-21 09:57:46" Kennung_FahrtZeitms="2023-02-21 09:57:46:325" FahrtspStrecke="11.1111" FahrtspSignal="-1" FahrtspZugsicherung="45.8333" Fahrtkm="49.3855" FahrtHLDruck="5"/>
<FahrtEintrag FahrtWeg="1516.7542" FahrtZeit="2023-02-21 09:57:51" Kennung_FahrtZeitms="2023-02-21 09:57:51:326" FahrtspStrecke="11.1111" FahrtspSignal="-1" FahrtspZugsicherung="45.8333" Fahrtkm="49.3855" FahrtHLDruck="5"/>
<FahrtEintrag FahrtWeg="1516.7542" FahrtZeit="2023-02-21 09:57:56" Kennung_FahrtZeitms="2023-02-21 09:57:56:327" FahrtspStrecke="11.1111" FahrtspSignal="-1" FahrtspZugsicherung="45.8333" Fahrtkm="49.3855" FahrtHLDruck="5"/>
<FahrtEintrag FahrtWeg="1516.7542" FahrtZeit="2023-02-21 09:58:01" Kennung_FahrtZeitms="2023-02-21 09:58:01:329" FahrtspStrecke="11.1111" FahrtspSignal="-1" FahrtspZugsicherung="45.8333" Fahrtkm="49.3855" FahrtHLDruck="5"/>
<FahrtEintrag FahrtWeg="1516.7542" FahrtZeit="2023-02-21 09:58:06" Kennung_FahrtZeitms="2023-02-21 09:58:06:330" FahrtspStrecke="11.1111" FahrtspSignal="-1" FahrtspZugsicherung="45.8333" Fahrtkm="49.3855" FahrtHLDruck="5"/>
<FahrtEintrag FahrtWeg="1516.7542" FahrtZeit="2023-02-21 09:58:11" Kennung_FahrtZeitms="2023-02-21 09:58:11:331" FahrtspStrecke="11.1111" FahrtspSignal="-1" FahrtspZugsicherung="45.8333" Fahrtkm="49.3855" FahrtHLDruck="5"/>
<FahrtEintrag FahrtWeg="1516.7542" FahrtZeit="2023-02-21 09:58:16" Kennung_FahrtZeitms="2023-02-21 09:58:16:332" FahrtspStrecke="11.1111" FahrtspSignal="-1" FahrtspZugsicherung="45.8333" Fahrtkm="49.3855" FahrtHLDruck="5"/>
<FahrtEintrag FahrtWeg="1516.7542" FahrtZeit="2023-02-21 09:58:21" Kennung_FahrtZeitms="2023-02-21 09:58:21:333" FahrtspStrecke="11.1111" FahrtspSignal="-1" FahrtspZugsicherung="45.8333" Fahrtkm="49.3855" FahrtHLDruck="5"/>
<FahrtEintrag FahrtWeg="1516.7542" FahrtZeit="2023-02-21 09:58:26" Kennung_FahrtZeitms="2023-02-21 09:58:26:336" FahrtspStrecke="11.1111" FahrtspSignal="-1" FahrtspZugsicherung="45.8333" Fahrtkm="49.3855" FahrtHLDruck="5"/>
<FahrtEintrag FahrtWeg="1516.7542" FahrtZeit="2023-02-21 09:58:31" Kennung_FahrtZeitms="2023-02-21 09:58:31:337" FahrtspStrecke="11.1111" FahrtspSignal="-1" FahrtspZugsicherung="45.8333" Fahrtkm="49.3855" FahrtHLDruck="5"/>
<FahrtEintrag FahrtWeg="1516.7542" FahrtZeit="2023-02-21 09:58:36" Kennung_FahrtZeitms="2023-02-21 09:58:36:338" FahrtspStrecke="11.1111" FahrtspSignal="-1" FahrtspZugsicherung="45.8333" Fahrtkm="49.3855" FahrtHLDruck="5"/>
<FahrtEintrag FahrtWeg="1516.7542" FahrtZeit="2023-02-21 09:58:41" Kennung_FahrtZeitms="2023-02-21 09:58:41:339" FahrtspStrecke="11.1111" FahrtspSignal="-1" FahrtspZugsicherung="45.8333" Fahrtkm="49.3855" FahrtHLDruck="5"/>
<FahrtEintrag FahrtWeg="1516.7542" FahrtZeit="2023-02-21 09:58:46" Kennung_FahrtZeitms="2023-02-21 09:58:46:341" FahrtspStrecke="11.1111" FahrtspSignal="-1" FahrtspZugsicherung="45.8333" Fahrtkm="49.3855" FahrtHLDruck="5"/>
<FahrtEintrag FahrtWeg="1516.7542" FahrtZeit="2023-02-21 09:58:51" Kennung_FahrtZeitms="2023-02-21 09:58:51:342" FahrtspStrecke="11.1111" FahrtspSignal="-1" FahrtspZugsicherung="45.8333" Fahrtkm="49.3855" FahrtHLDruck="5"/>
<FahrtEintrag FahrtWeg="1516.7542" FahrtZeit="2023-02-21 09:58:56" Kennung_FahrtZeitms="2023-02-21 09:58:56:343" FahrtspStrecke="11.1111" FahrtspSignal="-1" FahrtspZugsicherung="45.8333" Fahrtkm="49.3855" FahrtHLDruck="5"/>
<FahrtEintrag FahrtWeg="1516.7542" FahrtZeit="2023-02-21 09:59:01" Kennung_FahrtZeitms="2023-02-21 09:59:01:345" FahrtspStrecke="11.1111" FahrtspSignal="-1" FahrtspZugsicherung="45.8333" Fahrtkm="49.3855" FahrtHLDruck="5"/>
<FahrtEintrag FahrtWeg="1516.7542" FahrtZeit="2023-02-21 09:59:06" Kennung_FahrtZeitms="2023-02-21 09:59:06:353" FahrtspStrecke="11.1111" FahrtspSignal="-1" FahrtspZugsicherung="45.8333" Fahrtkm="49.3855" FahrtHLDruck="5"/>
<FahrtEintrag FahrtWeg="1516.7542" FahrtZeit="2023-02-21 09:59:11" Kennung_FahrtZeitms="2023-02-21 09:59:11:357" FahrtspStrecke="11.1111" FahrtspSignal="-1" FahrtspZugsicherung="45.8333" Fahrtkm="49.3855" FahrtHLDruck="5"/>
<FahrtEintrag FahrtWeg="1519.1499" FahrtZeit="2023-02-21 09:59:16" Kennung_FahrtZeitms="2023-02-21 09:59:16:373" Fahrtsp="2.1042" FahrtspStrecke="11.1111" FahrtspSignal="-1" FahrtspZugsicherung="12.5" Fahrtkm="49.38" FahrtHLDruck="5" FahrtFBSchalter="30"/>
<FahrtEintrag FahrtTyp="8" FahrtWeg="-1" FahrtZeit="2023-02-21 09:59:18" Kennung_FahrtZeitms="2023-02-21 09:59:18:747" Fahrtsp="-1" FahrtspStrecke="-1" FahrtspSignal="-1" FahrtspZugsicherung="-1" FahrtHLDruck="-1" FahrtParameter="5" FahrtFBSchalter="-10000"/>
<FahrtEintrag FahrtWeg="1526.1874" FahrtZeit="2023-02-21 09:59:18" Kennung_FahrtZeitms="2023-02-21 09:59:18:785" Fahrtsp="3.1273" FahrtspStrecke="11.1111" FahrtspSignal="-1" FahrtspZugsicherung="12.5" Fahrtkm="49.393" FahrtHLDruck="5"/>
<FahrtEintrag FahrtTyp="8" FahrtWeg="-1" FahrtZeit="2023-02-21 09:59:18" Kennung_FahrtZeitms="2023-02-21 09:59:18:982" Fahrtsp="-1" FahrtspStrecke="-1" FahrtspSignal="-1" FahrtspZugsicherung="-1" FahrtHLDruck="-1" FahrtParameter="1" FahrtFBSchalter="-10000"/>
<FahrtEintrag FahrtWeg="1526.901" FahrtZeit="2023-02-21 09:59:19" Kennung_FahrtZeitms="2023-02-21 09:59:19:010" Fahrtsp="3.1218" FahrtspStrecke="11.1111" FahrtspSignal="-1" FahrtspZugsicherung="45.8333" Fahrtkm="49.393" FahrtHLDruck="5"/>
<FahrtEintrag FahrtTyp="4" FahrtWeg="-1" FahrtZeit="2023-02-21 09:59:20" Kennung_FahrtZeitms="2023-02-21 09:59:20:629" Fahrtsp="-1" FahrtspStrecke="-1" FahrtspSignal="-1" FahrtspZugsicherung="-1" FahrtText="Sifa" FahrtHLDruck="-1" FahrtParameter="1" FahrtFBSchalter="-10000"/>
<FahrtEintrag FahrtWeg="1531.9838" FahrtZeit="2023-02-21 09:59:20" Kennung_FahrtZeitms="2023-02-21 09:59:20:657" Fahrtsp="3.0817" FahrtspStrecke="11.1111" FahrtspSignal="-1" FahrtspZugsicherung="45.8333" Fahrtkm="49.393" FahrtHLDruck="5"/>
<FahrtEintrag FahrtTyp="8" FahrtWeg="-1" FahrtZeit="2023-02-21 09:59:22" Kennung_FahrtZeitms="2023-02-21 09:59:22:824" Fahrtsp="-1" FahrtspStrecke="-1" FahrtspSignal="-1" FahrtspZugsicherung="-1" FahrtHLDruck="-1" FahrtParameter="9" FahrtFBSchalter="-10000"/>
<FahrtEintrag FahrtWeg="1538.6909" FahrtZeit="2023-02-21 09:59:22" Kennung_FahrtZeitms="2023-02-21 09:59:22:853" Fahrtsp="3.2033" FahrtspStrecke="11.1111" FahrtspSignal="-1" FahrtspZugsicherung="45.8333" Fahrtkm="49.406" FahrtHLDruck="4.9995" FahrtFBSchalter="16"/>
<FahrtEintrag FahrtTyp="5" FahrtWeg="1549.9558" FahrtZeit="2023-02-21 09:59:25" Kennung_FahrtZeitms="2023-02-21 09:59:25:738" Fahrtsp="4.5584" FahrtspStrecke="11.1111" FahrtspSignal="11.1111" FahrtspZugsicherung="45.8333" FahrtText="Allenbach N1" Fahrtkm="49.406" FahrtHLDruck="5" FahrtFBSchalter="16"/>
<FahrtEintrag FahrtTyp="6" FahrtWeg="1549.9558" FahrtZeit="2023-02-21 09:59:25" Kennung_FahrtZeitms="2023-02-21 09:59:25:738" Fahrtsp="4.5584" FahrtspStrecke="11.1111" FahrtspSignal="11.1111" FahrtspZugsicherung="45.8333" Fahrtkm="49.406" FahrtHLDruck="5" FahrtFBSchalter="16"/>
<FahrtEintrag FahrtTyp="8" FahrtWeg="-1" FahrtZeit="2023-02-21 09:59:26" Kennung_FahrtZeitms="2023-02-21 09:59:26:973" Fahrtsp="-1" FahrtspStrecke="-1" FahrtspSignal="-1" FahrtspZugsicherung="-1" FahrtHLDruck="-1" FahrtParameter="1" FahrtFBSchalter="-10000"/>
<FahrtEintrag FahrtWeg="1556.1069" FahrtZeit="2023-02-21 09:59:27" Kennung_FahrtZeitms="2023-02-21 09:59:27:011" Fahrtsp="5.1177" FahrtspStrecke="11.1111" FahrtspSignal="11.1111" FahrtspZugsicherung="45.8333" Fahrtkm="49.419" FahrtHLDruck="5" FahrtFBSchalter="16"/>
<FahrtEintrag FahrtWeg="1581.1945" FahrtZeit="2023-02-21 09:59:31" Kennung_FahrtZeitms="2023-02-21 09:59:31:408" Fahrtsp="5.8877" FahrtspStrecke="11.1111" FahrtspSignal="11.1111" FahrtspZugsicherung="45.8333" Fahrtkm="49.4422" FahrtHLDruck="5"/>
<FahrtEintrag FahrtWeg="1606.3828" FahrtZeit="2023-02-21 09:59:35" Kennung_FahrtZeitms="2023-02-21 09:59:35:747" Fahrtsp="5.7974" FahrtspStrecke="11.1111" FahrtspSignal="11.1111" FahrtspZugsicherung="45.8333" Fahrtkm="49.4681" FahrtHLDruck="5"/>
<FahrtEintrag FahrtWeg="1631.5028" FahrtZeit="2023-02-21 09:59:40" Kennung_FahrtZeitms="2023-02-21 09:59:40:130" Fahrtsp="5.706" FahrtspStrecke="11.1111" FahrtspSignal="11.1111" FahrtspZugsicherung="45.8333" Fahrtkm="49.4681" FahrtHLDruck="5"/>
<FahrtEintrag FahrtWeg="1656.6166" FahrtZeit="2023-02-21 09:59:44" Kennung_FahrtZeitms="2023-02-21 09:59:44:486" Fahrtsp="5.8468" FahrtspStrecke="11.1111" FahrtspSignal="11.1111" FahrtspZugsicherung="45.8333" Fahrtkm="49.5242" FahrtHLDruck="5" FahrtFBSchalter="4"/>
<FahrtEintrag FahrtWeg="1681.7991" FahrtZeit="2023-02-21 09:59:48" Kennung_FahrtZeitms="2023-02-21 09:59:48:580" Fahrtsp="6.3683" FahrtspStrecke="11.1111" FahrtspSignal="11.1111" FahrtspZugsicherung="45.8333" Fahrtkm="49.5408" FahrtHLDruck="5" FahrtFBSchalter="2"/>
<FahrtEintrag FahrtWeg="1686.117" FahrtZeit="2023-02-21 09:59:49" Kennung_FahrtZeitms="2023-02-21 09:59:49:257" Fahrtsp="6.4083" FahrtspStrecke="11.1111" FahrtspSignal="11.1111" FahrtspZugsicherung="45.8333" Fahrtkm="49.5529" FahrtHLDruck="5" FahrtFBSchalter="2"/>
<FahrtEintrag FahrtWeg="1716.8589" FahrtZeit="2023-02-21 09:59:53" Kennung_FahrtZeitms="2023-02-21 09:59:53:980" Fahrtsp="6.6533" FahrtspStrecke="11.1111" FahrtspSignal="11.1111" FahrtspZugsicherung="45.8333" Fahrtkm="49.5649" FahrtHLDruck="5" FahrtFBSchalter="4"/>
<FahrtEintrag FahrtWeg="1741.9578" FahrtZeit="2023-02-21 09:59:56" Kennung_FahrtZeitms="2023-02-21 09:59:57:075" Fahrtsp="6.6599" FahrtspStrecke="11.1111" FahrtspSignal="11.1111" FahrtspZugsicherung="45.8333" Fahrtkm="49.5923" FahrtHLDruck="5" FahrtFBSchalter="1"/>
<FahrtEintrag FahrtWeg="1767.2538" FahrtZeit="2023-02-21 09:59:59" Kennung_FahrtZeitms="2023-02-21 09:59:00:681" Fahrtsp="7.4581" FahrtspStrecke="11.1111" FahrtspSignal="11.1111" FahrtspZugsicherung="45.8333" Fahrtkm="49.5923" FahrtHLDruck="5" FahrtFBSchalter="11"/>
<FahrtEintrag FahrtWeg="1799.3347" FahrtZeit="2023-02-21 10:00:03" Kennung_FahrtZeitms="2023-02-21 10:00:04:829" Fahrtsp="7.7571" FahrtspStrecke="11.1111" FahrtspSignal="11.1111" FahrtspZugsicherung="45.8333" Fahrtkm="49.6524" FahrtHLDruck="5" FahrtFBSchalter="2"/>
<FahrtEintrag FahrtWeg="1817.3777" FahrtZeit="2023-02-21 10:00:06" Kennung_FahrtZeitms="2023-02-21 10:00:07:172" Fahrtsp="8.8605" FahrtspStrecke="11.1111" FahrtspSignal="11.1111" FahrtspZugsicherung="45.8333" Fahrtkm="49.6524" FahrtHLDruck="5" FahrtFBSchalter="2"/>
<FahrtEintrag FahrtWeg="1825.2897" FahrtZeit="2023-02-21 10:00:09" Kennung_FahrtZeitms="2023-02-21 10:00:07:661" Fahrtsp="8.8462" FahrtspStrecke="11.1111" FahrtspSignal="11.1111" FahrtspZugsicherung="45.8333" Fahrtkm="49.6524" FahrtHLDruck="5"/>
<FahrtEintrag FahrtTyp="8" FahrtWeg="-1" FahrtZeit="2023-02-21 10:00:12" Kennung_FahrtZeitms="2023-02-21 10:00:12:377" Fahrtsp="-1" FahrtspStrecke="-1" FahrtspSignal="-1" FahrtspZugsicherung="-1" FahrtHLDruck="-1" FahrtParameter="48" FahrtFBSchalter="-10000"/>
<FahrtEintrag FahrtWeg="1830.1095" FahrtZeit="2023-02-21 10:00:12" Kennung_FahrtZeitms="2023-02-21 10:00:12:410" Fahrtsp="7.7873" FahrtspStrecke="11.1111" FahrtspSignal="11.1111" FahrtspZugsicherung="45.8333" Fahrtkm="49.7392" FahrtHLDruck="5"/>
<FahrtEintrag FahrtTyp="8" FahrtWeg="-1" FahrtZeit="2023-02-21 10:00:12" Kennung_FahrtZeitms="2023-02-21 10:00:12:873" Fahrtsp="-1" FahrtspStrecke="-1" FahrtspSignal="-1" FahrtspZugsicherung="-1" FahrtHLDruck="-1" FahrtParameter="16" FahrtFBSchalter="-10000"/>
<FahrtEintrag FahrtWeg="1878.9" FahrtZeit="2023-02-21 10:00:15" Kennung_FahrtZeitms="2023-02-21 10:00:15:603" Fahrtsp="7.8013" FahrtspStrecke="11.1111" FahrtspSignal="11.1111" FahrtspZugsicherung="45.8333" Fahrtkm="49.7412" FahrtHLDruck="5" FahrtFBSchalter="2"/>
<FahrtEintrag FahrtWeg="1881.9918" FahrtZeit="2023-02-21 10:00:16" Kennung_FahrtZeitms="2023-02-21 10:00:16:008" Fahrtsp="7.8037" FahrtspStrecke="11.1111" FahrtspSignal="11.1111" FahrtspZugsicherung="45.8333" Fahrtkm="49.7533" FahrtHLDruck="5" FahrtFBSchalter="2"/>
<FahrtEintrag FahrtWeg="1907.1681" FahrtZeit="2023-02-21 10:00:19" Kennung_FahrtZeitms="2023-02-21 10:00:19:210" Fahrtsp="7.862" FahrtspStrecke="11.1111" FahrtspSignal="11.1111" FahrtspZugsicherung="45.8333" Fahrtkm="49.7774" FahrtHLDruck="5" FahrtFBSchalter="1"/>
<FahrtEintrag FahrtWeg="1932.1819" FahrtZeit="2023-02-21 10:00:22" Kennung_FahrtZeitms="2023-02-21 10:00:22:345" Fahrtsp="7.9078" FahrtspStrecke="11.1111" FahrtspSignal="11.1111" FahrtspZugsicherung="45.8333" Fahrtkm="49.8042" FahrtHLDruck="5" FahrtFBSchalter="1"/>
<FahrtEintrag FahrtWeg="1957.3334" FahrtZeit="2023-02-21 10:00:25" Kennung_FahrtZeitms="2023-02-21 10:00:25:497" Fahrtsp="7.9533" FahrtspStrecke="11.1111" FahrtspSignal="11.1111" FahrtspZugsicherung="45.8333" Fahrtkm="49.8271" FahrtHLDruck="5" FahrtFBSchalter="1"/>
<FahrtEintrag FahrtWeg="1982.4894" FahrtZeit="2023-02-21 10:00:28" Kennung_FahrtZeitms="2023-02-21 10:00:28:665" Fahrtsp="7.9984" FahrtspStrecke="11.1111" FahrtspSignal="11.1111" FahrtspZugsicherung="45.8333" Fahrtkm="49.8512" FahrtHLDruck="5" FahrtFBSchalter="1"/>
<FahrtEintrag FahrtWeg="2007.5146" FahrtZeit="2023-02-21 10:00:31" Kennung_FahrtZeitms="2023-02-21 10:00:31:768" Fahrtsp="8.0994" FahrtspStrecke="11.1111" FahrtspSignal="11.1111" FahrtspZugsicherung="45.8333" Fahrtkm="49.8678" FahrtHLDruck="5" FahrtFBSchalter="2"/>
<FahrtEintrag FahrtTyp="5" FahrtWeg="-1" FahrtZeit="2023-02-21 10:00:32" Kennung_FahrtZeitms="2023-02-21 10:00:32:738" Fahrtsp="-1" FahrtspStrecke="-1" FahrtspSignal="-1" FahrtspZugsicherung="-1" FahrtText="Zugende passiert Ende Weichenbereich" FahrtHLDruck="-1" FahrtParameter="4" FahrtFBSchalter="-10000"/>
<FahrtEintrag FahrtWeg="2015.7524" FahrtZeit="2023-02-21 10:00:32" Kennung_FahrtZeitms="2023-02-21 10:00:32:780" Fahrtsp="8.1408" FahrtspStrecke="11.1111" FahrtspSignal="-1" FahrtspZugsicherung="45.8333" Fahrtkm="49.8678" FahrtHLDruck="5" FahrtFBSchalter="2"/>
<FahrtEintrag FahrtWeg="2041.0206" FahrtZeit="2023-02-21 10:00:35" Kennung_FahrtZeitms="2023-02-21 10:00:35:858" Fahrtsp="8.2867" FahrtspStrecke="11.1111" FahrtspSignal="-1" FahrtspZugsicherung="45.8333" Fahrtkm="49.8678" FahrtHLDruck="5" FahrtFBSchalter="3"/>
<FahrtEintrag FahrtWeg="2066.052" FahrtZeit="2023-02-21 10:00:38" Kennung_FahrtZeitms="2023-02-21 10:00:38:804" Fahrtsp="8.4787" FahrtspStrecke="11.1111" FahrtspSignal="-1" FahrtspZugsicherung="45.8333" Fahrtkm="49.8678" FahrtHLDruck="5" FahrtFBSchalter="3"/>
<FahrtEintrag FahrtWeg="2091.1372" FahrtZeit="2023-02-21 10:00:41" Kennung_FahrtZeitms="2023-02-21 10:00:41:724" Fahrtsp="8.6714" FahrtspStrecke="11.1111" FahrtspSignal="-1" FahrtspZugsicherung="45.8333" Fahrtkm="49.8678" FahrtHLDruck="5" FahrtFBSchalter="3"/>
<FahrtEintrag FahrtWeg="2116.1736" FahrtZeit="2023-02-21 10:00:44" Kennung_FahrtZeitms="2023-02-21 10:00:44:590" Fahrtsp="8.8064" FahrtspStrecke="11.1111" FahrtspSignal="-1" FahrtspZugsicherung="45.8333" Fahrtkm="49.9673" FahrtHLDruck="5" FahrtFBSchalter="2"/>
<FahrtEintrag FahrtWeg="2141.3059" FahrtZeit="2023-02-21 10:00:47" Kennung_FahrtZeitms="2023-02-21 10:00:47:386" Fahrtsp="8.9167" FahrtspStrecke="11.1111" FahrtspSignal="-1" FahrtspZugsicherung="45.8333" Fahrtkm="49.9673" FahrtHLDruck="5" FahrtFBSchalter="2"/>
<FahrtEintrag FahrtWeg="2166.3584" FahrtZeit="2023-02-21 10:00:50" Kennung_FahrtZeitms="2023-02-21 10:00:50:190" Fahrtsp="9.0244" FahrtspStrecke="11.1111" FahrtspSignal="-1" FahrtspZugsicherung="45.8333" Fahrtkm="49.9673" FahrtHLDruck="5" FahrtFBSchalter="2"/>
<FahrtEintrag FahrtWeg="2191.5803" FahrtZeit="2023-02-21 10:00:52" Kennung_FahrtZeitms="2023-02-21 10:00:52:959" Fahrtsp="9.0058" FahrtspStrecke="11.1111" FahrtspSignal="-1" FahrtspZugsicherung="45.8333" Fahrtkm="50.0543" FahrtHLDruck="5"/>
<FahrtEintrag FahrtWeg="2216.7454" FahrtZeit="2023-02-21 10:00:55" Kennung_FahrtZeitms="2023-02-21 10:00:55:760" Fahrtsp="8.969" FahrtspStrecke="11.1111" FahrtspSignal="-1" FahrtspZugsicherung="45.8333" Fahrtkm="50.0669" FahrtHLDruck="5"/>
<FahrtEintrag FahrtWeg="2241.8398" FahrtZeit="2023-02-21 10:00:58" Kennung_FahrtZeitms="2023-02-21 10:00:58:588" Fahrtsp="8.9321" FahrtspStrecke="11.1111" FahrtspSignal="-1" FahrtspZugsicherung="45.8333" Fahrtkm="50.0669" FahrtHLDruck="5"/>
<FahrtEintrag FahrtWeg="2266.8748" FahrtZeit="2023-02-21 10:01:01" Kennung_FahrtZeitms="2023-02-21 10:01:01:358" Fahrtsp="8.8953" FahrtspStrecke="11.1111" FahrtspSignal="-1" FahrtspZugsicherung="45.8333" Fahrtkm="50.0669" FahrtHLDruck="5"/>
<FahrtEintrag FahrtWeg="2291.9722" FahrtZeit="2023-02-21 10:01:04" Kennung_FahrtZeitms="2023-02-21 10:01:04:190" Fahrtsp="8.8582" FahrtspStrecke="11.1111" FahrtspSignal="-1" FahrtspZugsicherung="45.8333" Fahrtkm="50.0669" FahrtHLDruck="5"/>
<FahrtEintrag FahrtWeg="2317.0234" FahrtZeit="2023-02-21 10:01:07" Kennung_FahrtZeitms="2023-02-21 10:01:07:039" Fahrtsp="8.8212" FahrtspStrecke="11.1111" FahrtspSignal="-1" FahrtspZugsicherung="45.8333" Fahrtkm="50.1664" FahrtHLDruck="5"/>
<FahrtEintrag FahrtWeg="2341.6274" FahrtZeit="2023-02-21 10:01:09" Kennung_FahrtZeitms="2023-02-21 10:01:09:845" Fahrtsp="8.7847" FahrtspStrecke="11.1111" FahrtspSignal="-1" FahrtspZugsicherung="45.8333" Fahrtkm="50.1664" FahrtHLDruck="5"/>
<FahrtEintrag FahrtWeg="2344.6831" FahrtZeit="2023-02-21 10:01:10" Kennung_FahrtZeitms="2023-02-21 10:01:10:195" Fahrtsp="8.7802" FahrtspStrecke="11.1111" FahrtspSignal="-1" FahrtspZugsicherung="45.8333" Fahrtkm="50.1664" FahrtHLDruck="5"/>
<FahrtEintrag FahrtWeg="2369.7661" FahrtZeit="2023-02-21 10:01:13" Kennung_FahrtZeitms="2023-02-21 10:01:13:090" Fahrtsp="8.7429" FahrtspStrecke="11.1111" FahrtspSignal="-1" FahrtspZugsicherung="45.8333" Fahrtkm="50.1664" FahrtHLDruck="5"/>
<FahrtEintrag FahrtWeg="2394.8464" FahrtZeit="2023-02-21 10:01:15" Kennung_FahrtZeitms="2023-02-21 10:01:15:911" Fahrtsp="8.9342" FahrtspStrecke="11.1111" FahrtspSignal="-1" FahrtspZugsicherung="45.8333" Fahrtkm="50.1677" FahrtHLDruck="5" FahrtFBSchalter="4"/>
<FahrtEintrag FahrtWeg="2420.0583" FahrtZeit="2023-02-21 10:01:18" Kennung_FahrtZeitms="2023-02-21 10:01:18:642" Fahrtsp="9.1844" FahrtspStrecke="11.1111" FahrtspSignal="-1" FahrtspZugsicherung="45.8333" Fahrtkm="50.1929" FahrtHLDruck="5" FahrtFBSchalter="4"/>
<FahrtEintrag FahrtWeg="2445.198" FahrtZeit="2023-02-21 10:01:21" Kennung_FahrtZeitms="2023-02-21 10:01:21:275" Fahrtsp="9.3858" FahrtspStrecke="11.1111" FahrtspSignal="-1" FahrtspZugsicherung="45.8333" Fahrtkm="50.266" FahrtHLDruck="5" FahrtFBSchalter="3"/>
<FahrtEintrag FahrtWeg="2470.3823" FahrtZeit="2023-02-21 10:01:23" Kennung_FahrtZeitms="2023-02-21 10:01:23:905" Fahrtsp="9.5524" FahrtspStrecke="11.1111" FahrtspSignal="-1" FahrtspZugsicherung="45.8333" Fahrtkm="50.266" FahrtHLDruck="5" FahrtFBSchalter="3"/>
<FahrtEintrag FahrtWeg="2495.4697" FahrtZeit="2023-02-21 10:01:26" Kennung_FahrtZeitms="2023-02-21 10:01:26:528" Fahrtsp="9.538" FahrtspStrecke="11.1111" FahrtspSignal="-1" FahrtspZugsicherung="45.8333" Fahrtkm="50.3655" FahrtHLDruck="5"/>
<FahrtEintrag FahrtWeg="2520.6868" FahrtZeit="2023-02-21 10:01:29" Kennung_FahrtZeitms="2023-02-21 10:01:29:180" Fahrtsp="9.5023" FahrtspStrecke="11.1111" FahrtspSignal="-1" FahrtspZugsicherung="45.8333" Fahrtkm="50.3655" FahrtHLDruck="5"/>
<FahrtEintrag FahrtWeg="2545.7686" FahrtZeit="2023-02-21 10:01:31" Kennung_FahrtZeitms="2023-02-21 10:01:31:825" Fahrtsp="9.4666" FahrtspStrecke="11.1111" FahrtspSignal="-1" FahrtspZugsicherung="45.8333" Fahrtkm="50.3655" FahrtHLDruck="5"/>
<FahrtEintrag FahrtWeg="2571.0063" FahrtZeit="2023-02-21 10:01:34" Kennung_FahrtZeitms="2023-02-21 10:01:34:501" Fahrtsp="9.4307" FahrtspStrecke="11.1111" FahrtspSignal="-1" FahrtspZugsicherung="45.8333" Fahrtkm="50.3655" FahrtHLDruck="5"/>
<FahrtEintrag FahrtWeg="2596.2793" FahrtZeit="2023-02-21 10:01:37" Kennung_FahrtZeitms="2023-02-21 10:01:37:191" Fahrtsp="9.3947" FahrtspStrecke="11.1111" FahrtspSignal="-1" FahrtspZugsicherung="45.8333" Fahrtkm="50.4651" FahrtHLDruck="5"/>
<FahrtEintrag FahrtWeg="2621.5291" FahrtZeit="2023-02-21 10:01:39" Kennung_FahrtZeitms="2023-02-21 10:01:39:894" Fahrtsp="9.3586" FahrtspStrecke="11.1111" FahrtspSignal="-1" FahrtspZugsicherung="45.8333" Fahrtkm="50.4651" FahrtHLDruck="5"/>
<FahrtEintrag FahrtWeg="2646.7896" FahrtZeit="2023-02-21 10:01:42" Kennung_FahrtZeitms="2023-02-21 10:01:42:596" Fahrtsp="9.3224" FahrtspStrecke="11.1111" FahrtspSignal="-1" FahrtspZugsicherung="45.8333" Fahrtkm="50.4651" FahrtHLDruck="5"/>
<FahrtEintrag FahrtWeg="2671.8765" FahrtZeit="2023-02-21 10:01:45" Kennung_FahrtZeitms="2023-02-21 10:01:45:284" Fahrtsp="9.3534" FahrtspStrecke="11.1111" FahrtspSignal="-1" FahrtspZugsicherung="45.8333" Fahrtkm="50.5393" FahrtHLDruck="5" FahrtFBSchalter="1"/>
<FahrtEintrag FahrtWeg="2697.0684" FahrtZeit="2023-02-21 10:01:47" Kennung_FahrtZeitms="2023-02-21 10:01:47:992" Fahrtsp="9.3196" FahrtspStrecke="11.1111" FahrtspSignal="-1" FahrtspZugsicherung="45.8333" Fahrtkm="50.5547" FahrtHLDruck="5"/>
<FahrtEintrag FahrtWeg="2702.9166" FahrtZeit="2023-02-21 10:01:48" Kennung_FahrtZeitms="2023-02-21 10:01:48:741" Fahrtsp="9.9031" FahrtspStrecke="11.1111" FahrtspSignal="-1" FahrtspZugsicherung="45.8333" Fahrtkm="50.5647" FahrtHLDruck="5"/>
<FahrtEintrag FahrtWeg="2722.1365" FahrtZeit="2023-02-21 10:01:50" Kennung_FahrtZeitms="2023-02-21 10:01:50:680" Fahrtsp="10.1837" FahrtspStrecke="11.1111" FahrtspSignal="-1" FahrtspZugsicherung="45.8333" Fahrtkm="50.5647" FahrtHLDruck="5"/>
<FahrtEintrag FahrtWeg="2747.384" FahrtZeit="2023-02-21 10:01:53" Kennung_FahrtZeitms="2023-02-21 10:01:53:409" Fahrtsp="10.2473" FahrtspStrecke="11.1111" FahrtspSignal="-1" FahrtspZugsicherung="45.8333" Fahrtkm="50.5647" FahrtHLDruck="5"/>
<FahrtEintrag FahrtWeg="2772.4993" FahrtZeit="2023-02-21 10:01:56" Kennung_FahrtZeitms="2023-02-21 10:01:56:118" Fahrtsp="10.5111" FahrtspStrecke="11.1111" FahrtspSignal="-1" FahrtspZugsicherung="45.8333" Fahrtkm="50.5647" FahrtHLDruck="5"/>
<FahrtEintrag FahrtWeg="2797.6011" FahrtZeit="2023-02-21 10:01:58" Kennung_FahrtZeitms="2023-02-21 10:01:58:848" Fahrtsp="10.748" FahrtspStrecke="11.1111" FahrtspSignal="-1" FahrtspZugsicherung="45.8333" Fahrtkm="50.6642" FahrtHLDruck="5"/>
<FahrtEintrag FahrtWeg="2822.6917" FahrtZeit="2023-02-21 10:02:01" Kennung_FahrtZeitms="2023-02-21 10:02:00:592" Fahrtsp="10.932" FahrtspStrecke="11.1111" FahrtspSignal="-1" FahrtspZugsicherung="45.8333" Fahrtkm="50.6642" FahrtHLDruck="5" FahrtFBSchalter="1"/>
<FahrtEintrag FahrtWeg="2865.8828" FahrtZeit="2023-02-21 10:02:04" Kennung_FahrtZeitms="2023-02-21 10:02:04:303" Fahrtsp="10.584" FahrtspStrecke="11.1111" FahrtspSignal="-1" FahrtspZugsicherung="45.8333" Fahrtkm="50.6642" FahrtHLDruck="5" FahrtFBSchalter="1"/>
<FahrtEintrag FahrtWeg="2874.949" FahrtZeit="2023-02-21 10:02:06" Kennung_FahrtZeitms="2023-02-21 10:02:05:401" Fahrtsp="10.3332" FahrtspStrecke="11.1111" FahrtspSignal="-1" FahrtspZugsicherung="45.8333" Fahrtkm="50.6642" FahrtHLDruck="5" FahrtFBSchalter="4"/>
<FahrtEintrag FahrtTyp="8" FahrtWeg="-1" FahrtZeit="2023-02-21 10:02:08" Kennung_FahrtZeitms="2023-02-21 10:02:08:631" Fahrtsp="-1" FahrtspStrecke="-1" FahrtspSignal="-1" FahrtspZugsicherung="-1" FahrtHLDruck="-1" FahrtParameter="48" FahrtFBSchalter="-10000"/>
<FahrtEintrag FahrtWeg="2908.4019" FahrtZeit="2023-02-21 10:02:08" Kennung_FahrtZeitms="2023-02-21 10:02:08:808" Fahrtsp="10.2618" FahrtspStrecke="11.1111" FahrtspSignal="-1" FahrtspZugsicherung="45.8333" Fahrtkm="50.771" FahrtHLDruck="5" FahrtFBSchalter="4"/>
<FahrtEintrag FahrtTyp="8" FahrtWeg="-1" FahrtZeit="2023-02-21 10:02:08" Kennung_FahrtZeitms="2023-02-21 10:02:08:951" Fahrtsp="-1" FahrtspStrecke="-1" FahrtspSignal="-1" FahrtspZugsicherung="-1" FahrtHLDruck="-1" FahrtParameter="16" FahrtFBSchalter="-10000"/>
<FahrtEintrag FahrtWeg="2923.1001" FahrtZeit="2023-02-21 10:02:12" Kennung_FahrtZeitms="2023-02-21 10:02:11:006" Fahrtsp="10.0025" FahrtspStrecke="11.1111" FahrtspSignal="-1" FahrtspZugsicherung="45.8333" Fahrtkm="50.771" FahrtHLDruck="5" FahrtFBSchalter="4"/>
<FahrtEintrag FahrtWeg="2948.3799" FahrtZeit="2023-02-21 10:02:14" Kennung_FahrtZeitms="2023-02-21 10:02:14:839" Fahrtsp="10.0002" FahrtspStrecke="11.1111" FahrtspSignal="-1" FahrtspZugsicherung="45.8333" Fahrtkm="50.771" FahrtHLDruck="5" FahrtFBSchalter="4"/>
<FahrtEintrag FahrtWeg="2973.6348" FahrtZeit="2023-02-21 10:02:17" Kennung_FahrtZeitms="2023-02-21 10:02:17:324" Fahrtsp="09.502" FahrtspStrecke="11.1111" FahrtspSignal="-1" FahrtspZugsicherung="45.8333" Fahrtkm="50.771" FahrtHLDruck="5" FahrtFBSchalter="3"/>
<FahrtEintrag FahrtWeg="2998.9148" FahrtZeit="2023-02-21 10:02:19" Kennung_FahrtZeitms="2023-02-21 10:02:19:810" Fahrtsp="10.042" FahrtspStrecke="11.1111" FahrtspSignal="-1" FahrtspZugsicherung="45.8333" Fahrtkm="50.8633" FahrtHLDruck="5"/>
<FahrtEintrag FahrtWeg="3024.1816" FahrtZeit="2023-02-21 10:02:22" Kennung_FahrtZeitms="2023-02-21 10:02:22:273" Fahrtsp="10.2698" FahrtspStrecke="11.1111" FahrtspSignal="-1" FahrtspZugsicherung="45.8333" Fahrtkm="50.8633" FahrtHLDruck="5"/>
<FahrtEintrag FahrtWeg="3030.0745" FahrtZeit="2023-02-21 10:02:22" Kennung_FahrtZeitms="2023-02-21 10:02:22:845" Fahrtsp="10.2628" FahrtspStrecke="11.1111" FahrtspSignal="-1" FahrtspZugsicherung="45.8333" Fahrtkm="50.8633" FahrtHLDruck="5"/>
<FahrtEintrag FahrtWeg="3036.6096" FahrtZeit="2023-02-21 10:02:23" Kennung_FahrtZeitms="2023-02-21 10:02:23:483" Fahrtsp="10.2528" FahrtspStrecke="11.1111" FahrtspSignal="-1" FahrtspZugsicherung="45.8333" Fahrtkm="50.8633" FahrtHLDruck="5"/>
<FahrtEintrag FahrtWeg="3061.8821" FahrtZeit="2023-02-21 10:02:25" Kennung_FahrtZeitms="2023-02-21 10:02:25:966" Fahrtsp="10.2184" FahrtspStrecke="11.1111" FahrtspSignal="-1" FahrtspZugsicherung="45.8333" Fahrtkm="50.8633" FahrtHLDruck="5"/>
<FahrtEintrag FahrtWeg="3087.1477" FahrtZeit="2023-02-21 10:02:28" Kennung_FahrtZeitms="2023-02-21 10:02:28:459" Fahrtsp="10.1838" FahrtspStrecke="11.1111" FahrtspSignal="-1" FahrtspZugsicherung="45.8333" Fahrtkm="50.8633" FahrtHLDruck="5"/>
<FahrtEintrag FahrtWeg="3112.2578" FahrtZeit="2023-02-21 10:02:30" Kennung_FahrtZeitms="2023-02-21 10:02:30:920" Fahrtsp="10.1494" FahrtspStrecke="11.1111" FahrtspSignal="-1" FahrtspZugsicherung="45.8333" Fahrtkm="50.9629" FahrtHLDruck="5"/>
<FahrtEintrag FahrtWeg="3137.4736" FahrtZeit="2023-02-21 10:02:33" Kennung_FahrtZeitms="2023-02-21 10:02:33:411" Fahrtsp="10.2436" FahrtspStrecke="11.1111" FahrtspSignal="-1" FahrtspZugsicherung="45.8333" Fahrtkm="50.9629" FahrtHLDruck="5" FahrtFBSchalter="3"/>
<FahrtEintrag FahrtWeg="3162.6575" FahrtZeit="2023-02-21 10:02:35" Kennung_FahrtZeitms="2023-02-21 10:02:35:868" Fahrtsp="10.3889" FahrtspStrecke="11.1111" FahrtspSignal="-1" FahrtspZugsicherung="45.8333" Fahrtkm="50.9629" FahrtHLDruck="5" FahrtFBSchalter="3"/>
<FahrtEintrag FahrtWeg="3187.762" FahrtZeit="2023-02-21 10:02:38" Kennung_FahrtZeitms="2023-02-21 10:02:38:248" Fahrtsp="10.5073" FahrtspStrecke="11.1111" FahrtspSignal="-1" FahrtspZugsicherung="45.8333" Fahrtkm="51.0379" FahrtHLDruck="5"/>
<FahrtEintrag FahrtWeg="3212.8462" FahrtZeit="2023-02-21 10:02:40" Kennung_FahrtZeitms="2023-02-21 10:02:40:654" Fahrtsp="10.4735" FahrtspStrecke="11.1111" FahrtspSignal="-1" FahrtspZugsicherung="45.8333" Fahrtkm="51.0625" FahrtHLDruck="5"/>
<FahrtEintrag FahrtWeg="3238.0581" FahrtZeit="2023-02-21 10:02:43" Kennung_FahrtZeitms="2023-02-21 10:02:43:050" Fahrtsp="10.4395" FahrtspStrecke="11.1111" FahrtspSignal="-1" FahrtspZugsicherung="45.8333" Fahrtkm="51.0625" FahrtHLDruck="5"/>
<FahrtEintrag FahrtWeg="3263.2114" FahrtZeit="2023-02-21 10:02:45" Kennung_FahrtZeitms="2023-02-21 10:02:45:476" Fahrtsp="10.4054" FahrtspStrecke="11.1111" FahrtspSignal="-1" FahrtspZugsicherung="45.8333" Fahrtkm="51.0625" FahrtHLDruck="5"/>
<FahrtEintrag FahrtWeg="3288.375" FahrtZeit="2023-02-21 10:02:47" Kennung_FahrtZeitms="2023-02-21 10:02:47:902" Fahrtsp="10.3713" FahrtspStrecke="11.1111" FahrtspSignal="-1" FahrtspZugsicherung="45.8333" Fahrtkm="51.1379" FahrtHLDruck="5"/>
<FahrtEintrag FahrtWeg="3313.4138" FahrtZeit="2023-02-21 10:02:50" Kennung_FahrtZeitms="2023-02-21 10:02:50:314" Fahrtsp="10.3374" FahrtspStrecke="11.1111" FahrtspSignal="-1" FahrtspZugsicherung="45.8333" Fahrtkm="51.162" FahrtHLDruck="5"/>
<FahrtEintrag FahrtWeg="3338.4417" FahrtZeit="2023-02-21 10:02:52" Kennung_FahrtZeitms="2023-02-21 10:02:52:754" Fahrtsp="10.3033" FahrtspStrecke="11.1111" FahrtspSignal="-1" FahrtspZugsicherung="45.8333" Fahrtkm="51.162" FahrtHLDruck="5"/>
<FahrtEintrag FahrtWeg="3363.7312" FahrtZeit="2023-02-21 10:02:55" Kennung_FahrtZeitms="2023-02-21 10:02:55:200" Fahrtsp="10.2689" FahrtspStrecke="11.1111" FahrtspSignal="-1" FahrtspZugsicherung="45.8333" Fahrtkm="51.2129" FahrtHLDruck="5"/>
<FahrtEintrag FahrtWeg="3388.7991" FahrtZeit="2023-02-21 10:02:57" Kennung_FahrtZeitms="2023-02-21 10:02:57:660" Fahrtsp="10.2347" FahrtspStrecke="11.1111" FahrtspSignal="-1" FahrtspZugsicherung="45.8333" Fahrtkm="51.2129" FahrtHLDruck="5"/>
<FahrtEintrag FahrtWeg="3413.8845" FahrtZeit="2023-02-21 10:03:00" Kennung_FahrtZeitms="2023-02-21 10:03:00:105" Fahrtsp="10.2005" FahrtspStrecke="11.1111" FahrtspSignal="-1" FahrtspZugsicherung="45.8333" Fahrtkm="51.2616" FahrtHLDruck="5"/>
<FahrtEintrag FahrtWeg="3438.9331" FahrtZeit="2023-02-21 10:03:02" Kennung_FahrtZeitms="2023-02-21 10:03:02:539" Fahrtsp="10.1662" FahrtspStrecke="11.1111" FahrtspSignal="-1" FahrtspZugsicherung="45.8333" Fahrtkm="51.2879" FahrtHLDruck="5"/>
<FahrtEintrag FahrtWeg="3464.2153" FahrtZeit="2023-02-21 10:03:05" Kennung_FahrtZeitms="2023-02-21 10:03:05:043" Fahrtsp="10.1315" FahrtspStrecke="11.1111" FahrtspSignal="-1" FahrtspZugsicherung="45.8333" Fahrtkm="51.2879" FahrtHLDruck="5"/>
<FahrtEintrag FahrtWeg="3489.5" FahrtZeit="2023-02-21 10:03:07" Kennung_FahrtZeitms="2023-02-21 10:03:07:530" Fahrtsp="10.0968" FahrtspStrecke="11.1111" FahrtspSignal="-1" FahrtspZugsicherung="45.8333" Fahrtkm="51.3611" FahrtHLDruck="5"/>
<FahrtEintrag FahrtWeg="3514.7322" FahrtZeit="2023-02-21 10:03:10" Kennung_FahrtZeitms="2023-02-21 10:03:10:034" Fahrtsp="10.0621" FahrtspStrecke="11.1111" FahrtspSignal="-1" FahrtspZugsicherung="45.8333" Fahrtkm="51.3611" FahrtHLDruck="5"/>
<FahrtEintrag FahrtWeg="3539.8975" FahrtZeit="2023-02-21 10:03:12" Kennung_FahrtZeitms="2023-02-21 10:03:12:532" Fahrtsp="10.0274" FahrtspStrecke="11.1111" FahrtspSignal="-1" FahrtspZugsicherung="45.8333" Fahrtkm="51.3611" FahrtHLDruck="5"/>
<FahrtEintrag FahrtWeg="3565.1389" FahrtZeit="2023-02-21 10:03:15" Kennung_FahrtZeitms="2023-02-21 10:03:15:040" Fahrtsp="9.9926" FahrtspStrecke="11.1111" FahrtspSignal="-1" FahrtspZugsicherung="45.8333" Fahrtkm="51.3611" FahrtHLDruck="5"/>
<FahrtEintrag FahrtWeg="3590.386" FahrtZeit="2023-02-21 10:03:17" Kennung_FahrtZeitms="2023-02-21 10:03:17:568" Fahrtsp="9.9577" FahrtspStrecke="11.1111" FahrtspSignal="-1" FahrtspZugsicherung="45.8333" Fahrtkm="51.4607" FahrtHLDruck="5"/>
<FahrtEintrag FahrtWeg="3615.5564" FahrtZeit="2023-02-21 10:03:20" Kennung_FahrtZeitms="2023-02-21 10:03:20:079" Fahrtsp="9.9228" FahrtspStrecke="11.1111" FahrtspSignal="-1" FahrtspZugsicherung="45.8333" Fahrtkm="51.4607" FahrtHLDruck="5"/>
<FahrtEintrag FahrtWeg="3640.6731" FahrtZeit="2023-02-21 10:03:22" Kennung_FahrtZeitms="2023-02-21 10:03:22:596" Fahrtsp="9.888" FahrtspStrecke="11.1111" FahrtspSignal="-1" FahrtspZugsicherung="45.8333" Fahrtkm="51.4607" FahrtHLDruck="5"/>
<FahrtEintrag FahrtWeg="3665.8782" FahrtZeit="2023-02-21 10:03:25" Kennung_FahrtZeitms="2023-02-21 10:03:25:175" Fahrtsp="9.8529" FahrtspStrecke="11.1111" FahrtspSignal="-1" FahrtspZugsicherung="45.8333" Fahrtkm="51.4607" FahrtHLDruck="5"/>
<FahrtEintrag FahrtTyp="5" FahrtWeg="3687.9021" FahrtZeit="2023-02-21 10:03:27" Kennung_FahrtZeitms="2023-02-21 10:03:27:389" Fahrtsp="9.8512" FahrtspStrecke="11.1111" FahrtspSignal="-1" FahrtspZugsicherung="45.8333" FahrtText="LZB-Bk 21/22/121/122 LZB-Bk 21" Fahrtkm="51.4607" FahrtHLDruck="5" FahrtFBSchalter="1"/>
<FahrtEintrag FahrtTyp="5" FahrtWeg="-1" FahrtZeit="2023-02-21 10:03:27" Kennung_FahrtZeitms="2023-02-21 10:03:27:389" Fahrtsp="-1" FahrtspStrecke="-1" FahrtspSignal="-1" FahrtspZugsicherung="-1" FahrtText="Zugende passiert Ende Weichenbereich" FahrtHLDruck="-1" FahrtParameter="4" FahrtFBSchalter="-10000"/>
<FahrtEintrag FahrtWeg="3688.2141" FahrtZeit="2023-02-21 10:03:27" Kennung_FahrtZeitms="2023-02-21 10:03:27:417" Fahrtsp="9.8512" FahrtspStrecke="11.1111" FahrtspSignal="-1" FahrtspZugsicherung="45.8333" Fahrtkm="51.5601" FahrtHLDruck="5" FahrtFBSchalter="1"/>
<FahrtEintrag FahrtTyp="5" FahrtWeg="-1" FahrtZeit="2023-02-21 10:03:29" Kennung_FahrtZeitms="2023-02-21 10:03:29:424" Fahrtsp="-1" FahrtspStrecke="-1" FahrtspSignal="-1" FahrtspZugsicherung="-1" FahrtText="Zugende passiert Ende Weichenbereich" FahrtHLDruck="-1" FahrtParameter="4" FahrtFBSchalter="-10000"/>
<FahrtEintrag FahrtWeg="3708.1902" FahrtZeit="2023-02-21 10:03:29" Kennung_FahrtZeitms="2023-02-21 10:03:29:451" Fahrtsp="9.8408" FahrtspStrecke="11.1111" FahrtspSignal="-1" FahrtspZugsicherung="45.8333" Fahrtkm="51.5682" FahrtHLDruck="5"/>
<FahrtEintrag FahrtWeg="3733.3455" FahrtZeit="2023-02-21 10:03:32" Kennung_FahrtZeitms="2023-02-21 10:03:32:022" Fahrtsp="9.8057" FahrtspStrecke="11.1111" FahrtspSignal="-1" FahrtspZugsicherung="45.8333" Fahrtkm="51.5682" FahrtHLDruck="5"/>
<FahrtEintrag FahrtWeg="3758.4058" FahrtZeit="2023-02-21 10:03:34" Kennung_FahrtZeitms="2023-02-21 10:03:34:561" Fahrtsp="9.7707" FahrtspStrecke="11.1111" FahrtspSignal="-1" FahrtspZugsicherung="45.8333" Fahrtkm="51.626" FahrtHLDruck="5"/>
<FahrtEintrag FahrtWeg="3783.6208" FahrtZeit="2023-02-21 10:03:37" Kennung_FahrtZeitms="2023-02-21 10:03:37:154" Fahrtsp="9.7354" FahrtspStrecke="11.1111" FahrtspSignal="-1" FahrtspZugsicherung="45.8333" Fahrtkm="51.626" FahrtHLDruck="5"/>
<FahrtEintrag FahrtWeg="3808.7212" FahrtZeit="2023-02-21 10:03:39" Kennung_FahrtZeitms="2023-02-21 10:03:39:743" Fahrtsp="9.7146" FahrtspStrecke="11.1111" FahrtspSignal="-1" FahrtspZugsicherung="45.8333" Fahrtkm="51.6598" FahrtHLDruck="5"/>
<FahrtEintrag FahrtWeg="3833.9104" FahrtZeit="2023-02-21 10:03:42" Kennung_FahrtZeitms="2023-02-21 10:03:42:334" Fahrtsp="9.6792" FahrtspStrecke="11.1111" FahrtspSignal="-1" FahrtspZugsicherung="45.8333" Fahrtkm="51.6598" FahrtHLDruck="5"/>
<FahrtEintrag FahrtWeg="3859.0278" FahrtZeit="2023-02-21 10:03:44" Kennung_FahrtZeitms="2023-02-21 10:03:44:965" Fahrtsp="9.6439" FahrtspStrecke="11.1111" FahrtspSignal="-1" FahrtspZugsicherung="45.8333" Fahrtkm="51.6598" FahrtHLDruck="5"/>
<FahrtEintrag FahrtWeg="3884.0737" FahrtZeit="2023-02-21 10:03:47" Kennung_FahrtZeitms="2023-02-21 10:03:47:568" Fahrtsp="9.6086" FahrtspStrecke="11.1111" FahrtspSignal="-1" FahrtspZugsicherung="45.8333" Fahrtkm="51.6598" FahrtHLDruck="5"/>
<FahrtEintrag FahrtWeg="3909.3765" FahrtZeit="2023-02-21 10:03:50" Kennung_FahrtZeitms="2023-02-21 10:03:50:230" Fahrtsp="9.5729" FahrtspStrecke="11.1111" FahrtspSignal="-1" FahrtspZugsicherung="45.8333" Fahrtkm="51.7594" FahrtHLDruck="5"/>
<FahrtEintrag FahrtWeg="3934.627" FahrtZeit="2023-02-21 10:03:52" Kennung_FahrtZeitms="2023-02-21 10:03:52:869" Fahrtsp="9.5501" FahrtspStrecke="11.1111" FahrtspSignal="-1" FahrtspZugsicherung="45.8333" Fahrtkm="51.7594" FahrtHLDruck="5"/>
<FahrtEintrag FahrtWeg="3959.8362" FahrtZeit="2023-02-21 10:03:55" Kennung_FahrtZeitms="2023-02-21 10:03:55:482" Fahrtsp="9.5144" FahrtspStrecke="11.1111" FahrtspSignal="-1" FahrtspZugsicherung="45.8333" Fahrtkm="51.7594" FahrtHLDruck="5"/>
<FahrtEintrag FahrtWeg="3985.0127" FahrtZeit="2023-02-21 10:03:58" Kennung_FahrtZeitms="2023-02-21 10:03:58:122" Fahrtsp="9.5381" FahrtspStrecke="11.1111" FahrtspSignal="-1" FahrtspZugsicherung="45.8333" Fahrtkm="51.7594" FahrtHLDruck="5" FahrtFBSchalter="4"/>
<FahrtEintrag FahrtWeg="4010.2561" FahrtZeit="2023-02-21 10:04:00" Kennung_FahrtZeitms="2023-02-21 10:04:00:722" Fahrtsp="9.7661" FahrtspStrecke="11.1111" FahrtspSignal="-1" FahrtspZugsicherung="45.8333" Fahrtkm="51.8589" FahrtHLDruck="5" FahrtFBSchalter="4"/>
<FahrtEintrag FahrtWeg="4035.5212" FahrtZeit="2023-02-21 10:04:03" Kennung_FahrtZeitms="2023-02-21 10:04:03:279" Fahrtsp="9.9863" FahrtspStrecke="11.1111" FahrtspSignal="-1" FahrtspZugsicherung="45.8333" Fahrtkm="51.8589" FahrtHLDruck="5" FahrtFBSchalter="4"/>
<FahrtEintrag FahrtWeg="4060.6782" FahrtZeit="2023-02-21 10:04:05" Kennung_FahrtZeitms="2023-02-21 10:04:05:791" Fahrtsp="9.9821" FahrtspStrecke="11.1111" FahrtspSignal="-1" FahrtspZugsicherung="45.8333" Fahrtkm="51.8589" FahrtHLDruck="5"/>
<FahrtEintrag FahrtWeg="4085.8479" FahrtZeit="2023-02-21 10:04:08" Kennung_FahrtZeitms="2023-02-21 10:04:08:296" Fahrtsp="9.9472" FahrtspStrecke="11.1111" FahrtspSignal="-1" FahrtspZugsicherung="45.8333" Fahrtkm="51.8589" FahrtHLDruck="5"/>
<FahrtEintrag FahrtWeg="4110.9233" FahrtZeit="2023-02-21 10:04:10" Kennung_FahrtZeitms="2023-02-21 10:04:10:834" Fahrtsp="9.9125" FahrtspStrecke="11.1111" FahrtspSignal="-1" FahrtspZugsicherung="45.8333" Fahrtkm="51.9585" FahrtHLDruck="5"/>
<FahrtEintrag FahrtWeg="4135.9248" FahrtZeit="2023-02-21 10:04:13" Kennung_FahrtZeitms="2023-02-21 10:04:13:356" Fahrtsp="9.8777" FahrtspStrecke="11.1111" FahrtspSignal="-1" FahrtspZugsicherung="45.8333" Fahrtkm="51.9585" FahrtHLDruck="5"/>
<FahrtEintrag FahrtWeg="4161.0923" FahrtZeit="2023-02-21 10:04:15" Kennung_FahrtZeitms="2023-02-21 10:04:15:925" Fahrtsp="9.8427" FahrtspStrecke="11.1111" FahrtspSignal="-1" FahrtspZugsicherung="45.8333" Fahrtkm="51.9585" FahrtHLDruck="5"/>
<FahrtEintrag FahrtWeg="4186.1348" FahrtZeit="2023-02-21 10:04:18" Kennung_FahrtZeitms="2023-02-21 10:04:18:500" Fahrtsp="9.8078" FahrtspStrecke="11.1111" FahrtspSignal="-1" FahrtspZugsicherung="45.8333" Fahrtkm="52.058" FahrtHLDruck="5"/>
<FahrtEintrag FahrtWeg="4205.1357" FahrtZeit="2023-02-21 10:04:20" Kennung_FahrtZeitms="2023-02-21 10:04:20:442" Fahrtsp="9.7813" FahrtspStrecke="11.1111" FahrtspSignal="-1" FahrtspZugsicherung="45.8333" Fahrtkm="52.0719" FahrtHLDruck="5"/>
<FahrtEintrag FahrtWeg="4207.6709" FahrtZeit="2023-02-21 10:04:20" Kennung_FahrtZeitms="2023-02-21 10:04:20:705" Fahrtsp="9.7778" FahrtspStrecke="11.1111" FahrtspSignal="-1" FahrtspZugsicherung="45.8333" Fahrtkm="52.0719" FahrtHLDruck="5"/>
<FahrtEintrag FahrtWeg="4232.9678" FahrtZeit="2023-02-21 10:04:23" Kennung_FahrtZeitms="2023-02-21 10:04:23:314" Fahrtsp="9.7424" FahrtspStrecke="11.1111" FahrtspSignal="-1" FahrtspZugsicherung="45.8333" Fahrtkm="52.0719" FahrtHLDruck="5"/>
<FahrtEintrag FahrtWeg="4258.1797" FahrtZeit="2023-02-21 10:04:25" Kennung_FahrtZeitms="2023-02-21 10:04:25:922" Fahrtsp="9.707" FahrtspStrecke="11.1111" FahrtspSignal="-1" FahrtspZugsicherung="45.8333" Fahrtkm="52.0719" FahrtHLDruck="5"/>
<FahrtEintrag FahrtWeg="4283.2051" FahrtZeit="2023-02-21 10:04:28" Kennung_FahrtZeitms="2023-02-21 10:04:28:523" Fahrtsp="9.6719" FahrtspStrecke="11.1111" FahrtspSignal="-1" FahrtspZugsicherung="45.8333" Fahrtkm="52.1469" FahrtHLDruck="5"/>
<FahrtEintrag FahrtWeg="4308.353" FahrtZeit="2023-02-21 10:04:31" Kennung_FahrtZeitms="2023-02-21 10:04:31:141" Fahrtsp="9.6981" FahrtspStrecke="11.1111" FahrtspSignal="-1" FahrtspZugsicherung="45.8333" Fahrtkm="52.1576" FahrtHLDruck="5" FahrtFBSchalter="3"/>
<FahrtEintrag FahrtWeg="4333.5884" FahrtZeit="2023-02-21 10:04:33" Kennung_FahrtZeitms="2023-02-21 10:04:33:708" Fahrtsp="10.0204" FahrtspStrecke="11.1111" FahrtspSignal="-1" FahrtspZugsicherung="45.8333" Fahrtkm="52.1576" FahrtHLDruck="5" FahrtFBSchalter="7"/>
<FahrtEintrag FahrtWeg="4358.7437" FahrtZeit="2023-02-21 10:04:36" Kennung_FahrtZeitms="2023-02-21 10:04:36:185" Fahrtsp="10.3342" FahrtspStrecke="11.1111" FahrtspSignal="-1" FahrtspZugsicherung="45.8333" Fahrtkm="52.222" FahrtHLDruck="5" FahrtFBSchalter="1"/>
<FahrtEintrag FahrtWeg="4383.9766" FahrtZeit="2023-02-21 10:04:38" Kennung_FahrtZeitms="2023-02-21 10:04:38:660" Fahrtsp="10.3017" FahrtspStrecke="11.1111" FahrtspSignal="-1" FahrtspZugsicherung="45.8333" Fahrtkm="52.222" FahrtHLDruck="5"/>
<FahrtEintrag FahrtWeg="4408.9771" FahrtZeit="2023-02-21 10:04:41" Kennung_FahrtZeitms="2023-02-21 10:04:41:068" Fahrtsp="10.2677" FahrtspStrecke="11.1111" FahrtspSignal="-1" FahrtspZugsicherung="45.8333" Fahrtkm="52.2572" FahrtHLDruck="5"/>
<FahrtEintrag FahrtWeg="4434.0044" FahrtZeit="2023-02-21 10:04:43" Kennung_FahrtZeitms="2023-02-21 10:04:43:517" Fahrtsp="10.2335" FahrtspStrecke="11.1111" FahrtspSignal="-1" FahrtspZugsicherung="45.8333" Fahrtkm="52.2572" FahrtHLDruck="5"/>
<FahrtEintrag FahrtWeg="4459.3413" FahrtZeit="2023-02-21 10:04:45" Kennung_FahrtZeitms="2023-02-21 10:04:45:970" Fahrtsp="10.1955" FahrtspStrecke="11.1111" FahrtspSignal="-1" FahrtspZugsicherung="45.8333" Fahrtkm="52.3312" FahrtHLDruck="5"/>
<FahrtEintrag FahrtWeg="4484.6704" FahrtZeit="2023-02-21 10:04:48" Kennung_FahrtZeitms="2023-02-21 10:04:48:484" Fahrtsp="10.0113" FahrtspStrecke="11.1111" FahrtspSignal="-1" FahrtspZugsicherung="45.8333" Fahrtkm="52.3566" FahrtHLDruck="5"/>
<FahrtEintrag FahrtWeg="4509.9556" FahrtZeit="2023-02-21 10:04:51" Kennung_FahrtZeitms="2023-02-21 10:04:51:074" Fahrtsp="9.6862" FahrtspStrecke="11.1111" FahrtspSignal="-1" FahrtspZugsicherung="45.8333" Fahrtkm="52.3568" FahrtHLDruck="5" FahrtFBSchalter="2"/>
<FahrtEintrag FahrtWeg="4535.0166" FahrtZeit="2023-02-21 10:04:53" Kennung_FahrtZeitms="2023-02-21 10:04:53:664" Fahrtsp="9.6406" FahrtspStrecke="11.1111" FahrtspSignal="-1" FahrtspZugsicherung="45.8333" Fahrtkm="52.3567" FahrtHLDruck="5" FahrtFBSchalter="12"/>
<FahrtEintrag FahrtWeg="4560.311" FahrtZeit="2023-02-21 10:04:56" Kennung_FahrtZeitms="2023-02-21 10:04:56:253" Fahrtsp="10.0822" FahrtspStrecke="11.1111" FahrtspSignal="-1" FahrtspZugsicherung="45.8333" Fahrtkm="52.3568" FahrtHLDruck="5" FahrtFBSchalter="13"/>
<FahrtEintrag FahrtWeg="4585.4761" FahrtZeit="2023-02-21 10:04:58" Kennung_FahrtZeitms="2023-02-21 10:04:58:695" Fahrtsp="10.5926" FahrtspStrecke="11.1111" FahrtspSignal="-1" FahrtspZugsicherung="45.8333" Fahrtkm="52.4564" FahrtHLDruck="5" FahrtFBSchalter="14"/>
<FahrtEintrag FahrtWeg="4610.5957" FahrtZeit="2023-02-21 10:05:01" Kennung_FahrtZeitms="2023-02-21 10:05:01:006" Fahrtsp="10.8983" FahrtspStrecke="11.1111" FahrtspSignal="-1" FahrtspZugsicherung="45.8333" Fahrtkm="52.4564" FahrtHLDruck="5"/>
<FahrtEintrag FahrtWeg="4635.9214" FahrtZeit="2023-02-21 10:05:03" Kennung_FahrtZeitms="2023-02-21 10:05:03:351" Fahrtsp="10.5843" FahrtspStrecke="11.1111" FahrtspSignal="-1" FahrtspZugsicherung="45.8333" Fahrtkm="52.4564" FahrtHLDruck="5"/>
<FahrtEintrag FahrtWeg="4661.1563" FahrtZeit="2023-02-21 10:05:05" Kennung_FahrtZeitms="2023-02-21 10:05:05:709" Fahrtsp="10.2829" FahrtspStrecke="11.1111" FahrtspSignal="-1" FahrtspZugsicherung="45.8333" Fahrtkm="52.4563" FahrtHLDruck="5" FahrtFBSchalter="2"/>
<FahrtEintrag FahrtWeg="4686.2993" FahrtZeit="2023-02-21 10:05:08" Kennung_FahrtZeitms="2023-02-21 10:05:08:184" Fahrtsp="10.0768" FahrtspStrecke="11.1111" FahrtspSignal="-1" FahrtspZugsicherung="45.8333" Fahrtkm="52.5558" FahrtHLDruck="5" FahrtFBSchalter="2"/>
<FahrtEintrag FahrtWeg="4711.5732" FahrtZeit="2023-02-21 10:05:10" Kennung_FahrtZeitms="2023-02-21 10:05:10:711" Fahrtsp="9.9557" FahrtspStrecke="11.1111" FahrtspSignal="-1" FahrtspZugsicherung="45.8333" Fahrtkm="52.5558" FahrtHLDruck="5" FahrtFBSchalter="4"/>
<FahrtEintrag FahrtWeg="4736.7412" FahrtZeit="2023-02-21 10:05:13" Kennung_FahrtZeitms="2023-02-21 10:05:13:216" Fahrtsp="9.9091" FahrtspStrecke="11.1111" FahrtspSignal="-1" FahrtspZugsicherung="45.8333" Fahrtkm="52.5558" FahrtHLDruck="5" FahrtFBSchalter="5"/>
<FahrtEintrag FahrtWeg="4761.7515" FahrtZeit="2023-02-21 10:05:15" Kennung_FahrtZeitms="2023-02-21 10:05:15:741" Fahrtsp="9.8892" FahrtspStrecke="11.1111" FahrtspSignal="-1" FahrtspZugsicherung="45.8333" Fahrtkm="52.5558" FahrtHLDruck="5" FahrtFBSchalter="5"/>
<FahrtEintrag FahrtWeg="4787.0313" FahrtZeit="2023-02-21 10:05:18" Kennung_FahrtZeitms="2023-02-21 10:05:18:284" Fahrtsp="9.8693" FahrtspStrecke="11.1111" FahrtspSignal="-1" FahrtspZugsicherung="45.8333" Fahrtkm="52.6554" FahrtHLDruck="5" FahrtFBSchalter="5"/>
<FahrtEintrag FahrtWeg="4812.1147" FahrtZeit="2023-02-21 10:05:20" Kennung_FahrtZeitms="2023-02-21 10:05:20:839" Fahrtsp="9.8498" FahrtspStrecke="11.1111" FahrtspSignal="-1" FahrtspZugsicherung="45.8333" Fahrtkm="52.6554" FahrtHLDruck="5" FahrtFBSchalter="5"/>
<FahrtEintrag FahrtWeg="4837.3364" FahrtZeit="2023-02-21 10:05:23" Kennung_FahrtZeitms="2023-02-21 10:05:23:416" Fahrtsp="9.8713" FahrtspStrecke="11.1111" FahrtspSignal="-1" FahrtspZugsicherung="45.8333" Fahrtkm="52.6554" FahrtHLDruck="5" FahrtFBSchalter="6"/>
<FahrtEintrag FahrtWeg="4862.3931" FahrtZeit="2023-02-21 10:05:25" Kennung_FahrtZeitms="2023-02-21 10:05:25:932" Fahrtsp="9.9784" FahrtspStrecke="11.1111" FahrtspSignal="-1" FahrtspZugsicherung="45.8333" Fahrtkm="52.6554" FahrtHLDruck="5" FahrtFBSchalter="8"/>
<FahrtEintrag FahrtWeg="4887.5156" FahrtZeit="2023-02-21 10:05:28" Kennung_FahrtZeitms="2023-02-21 10:05:28:424" Fahrtsp="10.142" FahrtspStrecke="11.1111" FahrtspSignal="-1" FahrtspZugsicherung="45.8333" Fahrtkm="52.7549" FahrtHLDruck="5" FahrtFBSchalter="8"/>
<FahrtEintrag FahrtWeg="4912.5171" FahrtZeit="2023-02-21 10:05:30" Kennung_FahrtZeitms="2023-02-21 10:05:30:858" Fahrtsp="10.2989" FahrtspStrecke="11.1111" FahrtspSignal="-1" FahrtspZugsicherung="45.8333" Fahrtkm="52.7549" FahrtHLDruck="5" FahrtFBSchalter="8"/>
<FahrtEintrag FahrtWeg="4937.585" FahrtZeit="2023-02-21 10:05:33" Kennung_FahrtZeitms="2023-02-21 10:05:33:269" Fahrtsp="10.4506" FahrtspStrecke="11.1111" FahrtspSignal="-1" FahrtspZugsicherung="45.8333" Fahrtkm="52.7549" FahrtHLDruck="5" FahrtFBSchalter="8"/>
<FahrtEintrag FahrtWeg="4962.9106" FahrtZeit="2023-02-21 10:05:35" Kennung_FahrtZeitms="2023-02-21 10:05:35:694" Fahrtsp="10.5985" FahrtspStrecke="11.1111" FahrtspSignal="-1" FahrtspZugsicherung="45.8333" Fahrtkm="52.7549" FahrtHLDruck="5" FahrtFBSchalter="8"/>
<FahrtEintrag FahrtWeg="4988.0171" FahrtZeit="2023-02-21 10:05:38" Kennung_FahrtZeitms="2023-02-21 10:05:38:034" Fahrtsp="10.7402" FahrtspStrecke="11.1111" FahrtspSignal="-1" FahrtspZugsicherung="45.8333" Fahrtkm="52.8245" FahrtHLDruck="5" FahrtFBSchalter="8"/>
<FahrtEintrag FahrtWeg="5013.3506" FahrtZeit="2023-02-21 10:05:40" Kennung_FahrtZeitms="2023-02-21 10:05:40:389" Fahrtsp="10.8526" FahrtspStrecke="11.1111" FahrtspSignal="-1" FahrtspZugsicherung="45.8333" Fahrtkm="52.8245" FahrtHLDruck="5" FahrtFBSchalter="7"/>
<FahrtEintrag FahrtWeg="5038.9087" FahrtZeit="2023-02-21 10:05:42" Kennung_FahrtZeitms="2023-02-21 10:05:42:786" Fahrtsp="10.8658" FahrtspStrecke="11.1111" FahrtspSignal="-1" FahrtspZugsicherung="45.8333" Fahrtkm="52.8545" FahrtHLDruck="5" FahrtFBSchalter="5"/>
<FahrtEintrag FahrtWeg="5063.4839" FahrtZeit="2023-02-21 10:05:44" Kennung_FahrtZeitms="2023-02-21 10:05:44:984" Fahrtsp="10.7725" FahrtspStrecke="11.1111" FahrtspSignal="-1" FahrtspZugsicherung="45.8333" Fahrtkm="52.8545" FahrtHLDruck="5" FahrtFBSchalter="2"/>
<FahrtEintrag FahrtWeg="5088.5908" FahrtZeit="2023-02-21 10:05:47" Kennung_FahrtZeitms="2023-02-21 10:05:47:362" Fahrtsp="10.573" FahrtspStrecke="11.1111" FahrtspSignal="-1" FahrtspZugsicherung="45.8333" Fahrtkm="52.9541" FahrtHLDruck="5" FahrtFBSchalter="2"/>
<FahrtEintrag FahrtWeg="5113.8447" FahrtZeit="2023-02-21 10:05:49" Kennung_FahrtZeitms="2023-02-21 10:05:49:762" Fahrtsp="10.3698" FahrtspStrecke="11.1111" FahrtspSignal="-1" FahrtspZugsicherung="45.8333" Fahrtkm="52.9541" FahrtHLDruck="5" FahrtFBSchalter="2"/>
<FahrtEintrag FahrtWeg="5139.0078" FahrtZeit="2023-02-21 10:05:52" Kennung_FahrtZeitms="2023-02-21 10:05:52:224" Fahrtsp="10.1761" FahrtspStrecke="11.1111" FahrtspSignal="-1" FahrtspZugsicherung="45.8333" Fahrtkm="52.9541" FahrtHLDruck="5" FahrtFBSchalter="4"/>
<FahrtEintrag FahrtWeg="5164.2964" FahrtZeit="2023-02-21 10:05:54" Kennung_FahrtZeitms="2023-02-21 10:05:54:687" Fahrtsp="10.269" FahrtspStrecke="11.1111" FahrtspSignal="-1" FahrtspZugsicherung="45.8333" Fahrtkm="52.9541" FahrtHLDruck="5" FahrtFBSchalter="7"/>
<FahrtEintrag FahrtWeg="5189.5342" FahrtZeit="2023-02-21 10:05:57" Kennung_FahrtZeitms="2023-02-21 10:05:57:141" Fahrtsp="10.339" FahrtspStrecke="11.1111" FahrtspSignal="-1" FahrtspZugsicherung="45.8333" Fahrtkm="53.0458" FahrtHLDruck="5" FahrtFBSchalter="6"/>
<FahrtEintrag FahrtWeg="5214.8467" FahrtZeit="2023-02-21 10:05:59" Kennung_FahrtZeitms="2023-02-21 10:05:59:603" Fahrtsp="10.3732" FahrtspStrecke="11.1111" FahrtspSignal="-1" FahrtspZugsicherung="45.8333" Fahrtkm="53.0536" FahrtHLDruck="5" FahrtFBSchalter="6"/>
<FahrtEintrag FahrtTyp="8" FahrtWeg="-1" FahrtZeit="2023-02-21 10:06:02" Kennung_FahrtZeitms="2023-02-21 10:06:02:096" Fahrtsp="-1" FahrtspStrecke="-1" FahrtspSignal="-1" FahrtspZugsicherung="-1" FahrtHLDruck="-1" FahrtParameter="48" FahrtFBSchalter="-10000"/>
<FahrtEintrag FahrtWeg="5249.1067" FahrtZeit="2023-02-21 10:06:02" Kennung_FahrtZeitms="2023-02-21 10:06:02:120" Fahrtsp="10.5567" FahrtspStrecke="11.1111" FahrtspSignal="-1" FahrtspZugsicherung="45.8333" Fahrtkm="53.0656" FahrtHLDruck="5" FahrtFBSchalter="7"/>
<FahrtEintrag FahrtTyp="8" FahrtWeg="-1" FahrtZeit="2023-02-21 10:06:02" Kennung_FahrtZeitms="2023-02-21 10:06:02:203" Fahrtsp="-1" FahrtspStrecke="-1" FahrtspSignal="-1" FahrtspZugsicherung="-1" FahrtHLDruck="-1" FahrtParameter="16" FahrtFBSchalter="-10000"/>
<FahrtEintrag FahrtWeg="5265.1958" FahrtZeit="2023-02-21 10:06:04" Kennung_FahrtZeitms="2023-02-21 10:06:04:412" Fahrtsp="10.5378" FahrtspStrecke="11.1111" FahrtspSignal="-1" FahrtspZugsicherung="45.8333" Fahrtkm="53.0656" FahrtHLDruck="5" FahrtFBSchalter="6"/>
<FahrtEintrag FahrtWeg="5280.957" FahrtZeit="2023-02-21 10:06:05" Kennung_FahrtZeitms="2023-02-21 10:06:05:925" Fahrtsp="10.556" FahrtspStrecke="11.1111" FahrtspSignal="-1" FahrtspZugsicherung="45.8333" Fahrtkm="53.0656" FahrtHLDruck="5" FahrtFBSchalter="6"/>
<FahrtEintrag FahrtWeg="5283.6763" FahrtZeit="2023-02-21 10:06:06" Kennung_FahrtZeitms="2023-02-21 10:06:06:189" Fahrtsp="10.56" FahrtspStrecke="11.1111" FahrtspSignal="-1" FahrtspZugsicherung="45.8333" Fahrtkm="53.1532" FahrtHLDruck="5" FahrtFBSchalter="6"/>
<FahrtEintrag FahrtWeg="5308.9995" FahrtZeit="2023-02-21 10:06:08" Kennung_FahrtZeitms="2023-02-21 10:06:08:586" Fahrtsp="10.5149" FahrtspStrecke="11.1111" FahrtspSignal="-1" FahrtspZugsicherung="45.8333" Fahrtkm="53.1532" FahrtHLDruck="5" FahrtFBSchalter="3"/>
<FahrtEintrag FahrtWeg="5334.0903" FahrtZeit="2023-02-21 10:06:10" Kennung_FahrtZeitms="2023-02-21 10:06:10:984" Fahrtsp="10.321" FahrtspStrecke="11.1111" FahrtspSignal="-1" FahrtspZugsicherung="45.8333" Fahrtkm="53.1532" FahrtHLDruck="5" FahrtFBSchalter="2"/>
<FahrtEintrag FahrtWeg="5359.2725" FahrtZeit="2023-02-21 10:06:13" Kennung_FahrtZeitms="2023-02-21 10:06:13:488" Fahrtsp="10.1151" FahrtspStrecke="11.1111" FahrtspSignal="-1" FahrtspZugsicherung="45.8333" Fahrtkm="53.1532" FahrtHLDruck="5" FahrtFBSchalter="2"/>
<FahrtEintrag FahrtWeg="5384.3105" FahrtZeit="2023-02-21 10:06:15" Kennung_FahrtZeitms="2023-02-21 10:06:15:975" Fahrtsp="9.9435" FahrtspStrecke="11.1111" FahrtspSignal="-1" FahrtspZugsicherung="45.8333" Fahrtkm="53.2528" FahrtHLDruck="5" FahrtFBSchalter="4"/>
<FahrtEintrag FahrtWeg="5409.624" FahrtZeit="2023-02-21 10:06:18" Kennung_FahrtZeitms="2023-02-21 10:06:18:541" Fahrtsp="9.8998" FahrtspStrecke="11.1111" FahrtspSignal="-1" FahrtspZugsicherung="45.8333" Fahrtkm="53.2528" FahrtHLDruck="5" FahrtFBSchalter="4"/>
<FahrtEintrag FahrtWeg="5434.6484" FahrtZeit="2023-02-21 10:06:21" Kennung_FahrtZeitms="2023-02-21 10:06:21:091" Fahrtsp="9.8169" FahrtspStrecke="11.1111" FahrtspSignal="-1" FahrtspZugsicherung="45.8333" Fahrtkm="53.2528" FahrtHLDruck="5" FahrtFBSchalter="4"/>
<FahrtEintrag FahrtWeg="5459.8062" FahrtZeit="2023-02-21 10:06:23" Kennung_FahrtZeitms="2023-02-21 10:06:23:696" Fahrtsp="9.7339" FahrtspStrecke="11.1111" FahrtspSignal="-1" FahrtspZugsicherung="45.8333" Fahrtkm="53.2528" FahrtHLDruck="5" FahrtFBSchalter="4"/>
<FahrtEintrag FahrtTyp="5" FahrtWeg="5479.7256" FahrtZeit="2023-02-21 10:06:25" Kennung_FahrtZeitms="2023-02-21 10:06:25:774" Fahrtsp="9.6673" FahrtspStrecke="11.1111" FahrtspSignal="-1" FahrtspZugsicherung="45.8333" FahrtText="Üst Moorrasen A" Fahrtkm="53.2528" FahrtHLDruck="5" FahrtFBSchalter="4"/>
<FahrtEintrag FahrtWeg="5505.061" FahrtZeit="2023-02-21 10:06:28" Kennung_FahrtZeitms="2023-02-21 10:06:28:412" Fahrtsp="9.5854" FahrtspStrecke="11.1111" FahrtspSignal="-1" FahrtspZugsicherung="45.8333" Fahrtkm="53.3523" FahrtHLDruck="5" FahrtFBSchalter="4"/>
<FahrtEintrag FahrtWeg="5530.188" FahrtZeit="2023-02-21 10:06:31" Kennung_FahrtZeitms="2023-02-21 10:06:31:063" Fahrtsp="9.5787" FahrtspStrecke="11.1111" FahrtspSignal="-1" FahrtspZugsicherung="45.8333" Fahrtkm="53.3523" FahrtHLDruck="5" FahrtFBSchalter="5"/>
<FahrtEintrag FahrtWeg="5555.2695" FahrtZeit="2023-02-21 10:06:33" Kennung_FahrtZeitms="2023-02-21 10:06:33:682" Fahrtsp="9.6393" FahrtspStrecke="11.1111" FahrtspSignal="-1" FahrtspZugsicherung="45.8333" Fahrtkm="53.3524" FahrtHLDruck="5" FahrtFBSchalter="7"/>
<FahrtEintrag FahrtWeg="5580.6006" FahrtZeit="2023-02-21 10:06:36" Kennung_FahrtZeitms="2023-02-21 10:06:36:332" Fahrtsp="9.7179" FahrtspStrecke="11.1111" FahrtspSignal="-1" FahrtspZugsicherung="45.8333" Fahrtkm="53.452" FahrtHLDruck="5" FahrtFBSchalter="6"/>
<FahrtEintrag FahrtWeg="5605.876" FahrtZeit="2023-02-21 10:06:38" Kennung_FahrtZeitms="2023-02-21 10:06:38:988" Fahrtsp="9.7762" FahrtspStrecke="11.1111" FahrtspSignal="-1" FahrtspZugsicherung="45.8333" Fahrtkm="53.452" FahrtHLDruck="5" FahrtFBSchalter="7"/>
<FahrtEintrag FahrtWeg="5631.1221" FahrtZeit="2023-02-21 10:06:41" Kennung_FahrtZeitms="2023-02-21 10:06:41:593" Fahrtsp="9.8812" FahrtspStrecke="11.1111" FahrtspSignal="-1" FahrtspZugsicherung="45.8333" Fahrtkm="53.452" FahrtHLDruck="5" FahrtFBSchalter="6"/>
<FahrtEintrag FahrtWeg="5656.3052" FahrtZeit="2023-02-21 10:06:44" Kennung_FahrtZeitms="2023-02-21 10:06:44:100" Fahrtsp="9.9245" FahrtspStrecke="11.1111" FahrtspSignal="-1" FahrtspZugsicherung="45.8333" Fahrtkm="53.452" FahrtHLDruck="5" FahrtFBSchalter="6"/>
<FahrtEintrag FahrtWeg="5681.4526" FahrtZeit="2023-02-21 10:06:46" Kennung_FahrtZeitms="2023-02-21 10:06:46:614" Fahrtsp="9.9668" FahrtspStrecke="11.1111" FahrtspSignal="-1" FahrtspZugsicherung="45.8333" Fahrtkm="53.5516" FahrtHLDruck="5" FahrtFBSchalter="6"/>
<FahrtEintrag FahrtWeg="5706.7349" FahrtZeit="2023-02-21 10:06:49" Kennung_FahrtZeitms="2023-02-21 10:06:49:080" Fahrtsp="10.0085" FahrtspStrecke="11.1111" FahrtspSignal="-1" FahrtspZugsicherung="45.8333" Fahrtkm="53.5516" FahrtHLDruck="5" FahrtFBSchalter="6"/>
<FahrtEintrag FahrtWeg="5732.0571" FahrtZeit="2023-02-21 10:06:51" Kennung_FahrtZeitms="2023-02-21 10:06:51:616" Fahrtsp="10.0262" FahrtspStrecke="11.1111" FahrtspSignal="-1" FahrtspZugsicherung="45.8333" Fahrtkm="53.5516" FahrtHLDruck="5" FahrtFBSchalter="3"/>
<FahrtEintrag FahrtWeg="5757.0889" FahrtZeit="2023-02-21 10:06:54" Kennung_FahrtZeitms="2023-02-21 10:06:54:128" Fahrtsp="9.7086" FahrtspStrecke="11.1111" FahrtspSignal="-1" FahrtspZugsicherung="45.8333" Fahrtkm="53.5516" FahrtHLDruck="5"/>
<FahrtEintrag FahrtWeg="5782.1235" FahrtZeit="2023-02-21 10:06:56" Kennung_FahrtZeitms="2023-02-21 10:06:56:750" Fahrtsp="9.3611" FahrtspStrecke="11.1111" FahrtspSignal="-1" FahrtspZugsicherung="45.8333" Fahrtkm="53.6523" FahrtHLDruck="5"/>
<FahrtEintrag FahrtWeg="5807.2905" FahrtZeit="2023-02-21 10:06:59" Kennung_FahrtZeitms="2023-02-21 10:06:59:485" Fahrtsp="8.9988" FahrtspStrecke="11.1111" FahrtspSignal="-1" FahrtspZugsicherung="45.8333" Fahrtkm="53.6739" FahrtHLDruck="5"/>
<FahrtEintrag FahrtWeg="5832.3096" FahrtZeit="2023-02-21 10:07:02" Kennung_FahrtZeitms="2023-02-21 10:07:02:363" Fahrtsp="7.8643" FahrtspStrecke="11.1111" FahrtspSignal="-1" FahrtspZugsicherung="45.8333" Fahrtkm="53.6739" FahrtHLDruck="5" FahrtFBSchalter="-35"/>
<FahrtEintrag FahrtWeg="5857.3936" FahrtZeit="2023-02-21 10:07:06" Kennung_FahrtZeitms="2023-02-21 10:07:06:435" Fahrtsp="4.2252" FahrtspStrecke="11.1111" FahrtspSignal="-1" FahrtspZugsicherung="45.8333" Fahrtkm="53.6738" FahrtHLDruck="5" FahrtFBSchalter="-47"/>
<FahrtEintrag FahrtWeg="5868.0806" FahrtZeit="2023-02-21 10:07:11" Kennung_FahrtZeitms="2023-02-21 10:07:11:463" Fahrtsp="0.6065" FahrtspStrecke="11.1111" FahrtspSignal="-1" FahrtspZugsicherung="45.8333" Fahrtkm="53.7322" FahrtHLDruck="5" FahrtFBSchalter="-84"/>
<FahrtEintrag FahrtTyp="1" FahrtWeg="5868.6367" FahrtZeit="2023-02-21 10:07:13" Kennung_FahrtZeitms="2023-02-21 10:07:13:692" FahrtspStrecke="11.1111" FahrtspSignal="-1" FahrtspZugsicherung="45.8333" Fahrtkm="53.7322" FahrtHLDruck="5" FahrtFBSchalter="-100"/>
<FahrtEintrag FahrtWeg="5868.2319" FahrtZeit="2023-02-21 10:07:18" Kennung_FahrtZeitms="2023-02-21 10:07:18:695" Fahrtsp="-0.124" FahrtspStrecke="11.1111" FahrtspSignal="-1" FahrtspZugsicherung="45.8333" Fahrtkm="53.7322" FahrtHLDruck="5"/>
<FahrtEintrag FahrtWeg="5867.2959" FahrtZeit="2023-02-21 10:07:23" Kennung_FahrtZeitms="2023-02-21 10:07:23:722" Fahrtsp="-0.2817" FahrtspStrecke="11.1111" FahrtspSignal="-1" FahrtspZugsicherung="45.8333" Fahrtkm="53.7322" FahrtHLDruck="5"/>
<FahrtEintrag FahrtTyp="1" FahrtWeg="5866.0757" FahrtZeit="2023-02-21 10:07:27" Kennung_FahrtZeitms="2023-02-21 10:07:27:765" FahrtspStrecke="11.1111" FahrtspSignal="-1" FahrtspZugsicherung="45.8333" Fahrtkm="53.7322" FahrtHLDruck="5"/>
<FahrtEintrag FahrtWeg="5866.0757" FahrtZeit="2023-02-21 10:07:32" Kennung_FahrtZeitms="2023-02-21 10:07:32:766" FahrtspStrecke="11.1111" FahrtspSignal="-1" FahrtspZugsicherung="45.8333" Fahrtkm="53.7322" FahrtHLDruck="5"/>
<FahrtEintrag FahrtWeg="5866.0757" FahrtZeit="2023-02-21 10:07:37" Kennung_FahrtZeitms="2023-02-21 10:07:37:786" FahrtspStrecke="11.1111" FahrtspSignal="-1" FahrtspZugsicherung="45.8333" Fahrtkm="53.7322" FahrtHLDruck="5"/>
</result>
</Zusi>
