﻿<?xml version="1.0" encoding="UTF-8"?>
<Zusi>
<Info DateiTyp="result" Version="A.1" MinVersion="A.0"/>
<result Zugnummer="4711 (FaS)" Datum="2023-02-22 14:28:37" Verbrauch="155806960">
<FahrtEintrag FahrtTyp="2" FahrtWeg="1516.7542" FahrtZeit="2023-02-22 09:50:00" Kennung_FahrtZeitms="2023-02-22 09:50:00:012" FahrtspStrecke="11.1111" FahrtspSignal="-1" FahrtspZugsicherung="-1" FahrtText="" Fahrtkm="49.3855" FahrtHLDruck="5" FahrtFplAnk="44979.410156" FahrtFplAbf="44979.417969" FahrtFBSchalter="-46"/>
<FahrtEintrag FahrtWeg="1516.7542" FahrtZeit="2023-02-22 09:50:05" Kennung_FahrtZeitms="2023-02-22 09:50:05:002" FahrtspStrecke="11.1111" FahrtspSignal="-1" FahrtspZugsicherung="45.8333" Fahrtkm="49.3855" FahrtHLDruck="5"/>
<FahrtEintrag FahrtWeg="1516.7542" FahrtZeit="2023-02-22 09:50:10" Kennung_FahrtZeitms="2023-02-22 09:50:10:004" FahrtspStrecke="11.1111" FahrtspSignal="-1" FahrtspZugsicherung="45.8333" Fahrtkm="49.3855" FahrtHLDruck="5"/>
<FahrtEintrag FahrtWeg="1516.7542" FahrtZeit="2023-02-22 09:50:15" Kennung_FahrtZeitms="2023-02-22 09:50:15:006" FahrtspStrecke="11.1111" FahrtspSignal="-1" FahrtspZugsicherung="45.8333" Fahrtkm="49.3855" FahrtHLDruck="5"/>
<FahrtEintrag FahrtWeg="1516.7542" FahrtZeit="2023-02-22 09:50:20" Kennung_FahrtZeitms="2023-02-22 09:50:20:008" FahrtspStrecke="11.1111" FahrtspSignal="-1" FahrtspZugsicherung="45.8333" Fahrtkm="49.3855" FahrtHLDruck="5"/>
<FahrtEintrag FahrtWeg="1516.7542" FahrtZeit="2023-02-22 09:50:25" Kennung_FahrtZeitms="2023-02-22 09:50:25:010" FahrtspStrecke="11.1111" FahrtspSignal="-1" FahrtspZugsicherung="45.8333" Fahrtkm="49.3855" FahrtHLDruck="5"/>
<FahrtEintrag FahrtWeg="1516.7542" FahrtZeit="2023-02-22 09:50:30" Kennung_FahrtZeitms="2023-02-22 09:50:30:012" FahrtspStrecke="11.1111" FahrtspSignal="-1" FahrtspZugsicherung="45.8333" Fahrtkm="49.3855" FahrtHLDruck="5"/>
<FahrtEintrag FahrtWeg="1516.7542" FahrtZeit="2023-02-22 09:50:35" Kennung_FahrtZeitms="2023-02-22 09:50:35:014" FahrtspStrecke="11.1111" FahrtspSignal="-1" FahrtspZugsicherung="45.8333" Fahrtkm="49.3855" FahrtHLDruck="5"/>
<FahrtEintrag FahrtWeg="1516.7542" FahrtZeit="2023-02-22 09:50:40" Kennung_FahrtZeitms="2023-02-22 09:50:40:016" FahrtspStrecke="11.1111" FahrtspSignal="-1" FahrtspZugsicherung="45.8333" Fahrtkm="49.3855" FahrtHLDruck="5"/>
<FahrtEintrag FahrtWeg="1516.7542" FahrtZeit="2023-02-22 09:50:45" Kennung_FahrtZeitms="2023-02-22 09:50:45:018" FahrtspStrecke="11.1111" FahrtspSignal="-1" FahrtspZugsicherung="45.8333" Fahrtkm="49.3855" FahrtHLDruck="5"/>
<FahrtEintrag FahrtWeg="1516.7542" FahrtZeit="2023-02-22 09:50:50" Kennung_FahrtZeitms="2023-02-22 09:50:50:021" FahrtspStrecke="11.1111" FahrtspSignal="-1" FahrtspZugsicherung="45.8333" Fahrtkm="49.3855" FahrtHLDruck="5"/>
<FahrtEintrag FahrtWeg="1516.7542" FahrtZeit="2023-02-22 09:50:55" Kennung_FahrtZeitms="2023-02-22 09:50:55:022" FahrtspStrecke="11.1111" FahrtspSignal="-1" FahrtspZugsicherung="45.8333" Fahrtkm="49.3855" FahrtHLDruck="5"/>
<FahrtEintrag FahrtWeg="1516.7542" FahrtZeit="2023-02-22 09:51:00" Kennung_FahrtZeitms="2023-02-22 09:51:00:024" FahrtspStrecke="11.1111" FahrtspSignal="-1" FahrtspZugsicherung="45.8333" Fahrtkm="49.3855" FahrtHLDruck="5"/>
<FahrtEintrag FahrtWeg="1516.7542" FahrtZeit="2023-02-22 09:51:05" Kennung_FahrtZeitms="2023-02-22 09:51:05:026" FahrtspStrecke="11.1111" FahrtspSignal="-1" FahrtspZugsicherung="45.8333" Fahrtkm="49.3855" FahrtHLDruck="5"/>
<FahrtEintrag FahrtWeg="1516.7542" FahrtZeit="2023-02-22 09:51:10" Kennung_FahrtZeitms="2023-02-22 09:51:10:028" FahrtspStrecke="11.1111" FahrtspSignal="-1" FahrtspZugsicherung="45.8333" Fahrtkm="49.3855" FahrtHLDruck="5"/>
<FahrtEintrag FahrtWeg="1516.7542" FahrtZeit="2023-02-22 09:51:15" Kennung_FahrtZeitms="2023-02-22 09:51:15:030" FahrtspStrecke="11.1111" FahrtspSignal="-1" FahrtspZugsicherung="45.8333" Fahrtkm="49.3855" FahrtHLDruck="5"/>
<FahrtEintrag FahrtWeg="1516.7542" FahrtZeit="2023-02-22 09:51:20" Kennung_FahrtZeitms="2023-02-22 09:51:20:033" FahrtspStrecke="11.1111" FahrtspSignal="-1" FahrtspZugsicherung="45.8333" Fahrtkm="49.3855" FahrtHLDruck="5"/>
<FahrtEintrag FahrtWeg="1516.7542" FahrtZeit="2023-02-22 09:51:25" Kennung_FahrtZeitms="2023-02-22 09:51:25:034" FahrtspStrecke="11.1111" FahrtspSignal="-1" FahrtspZugsicherung="45.8333" Fahrtkm="49.3855" FahrtHLDruck="5"/>
<FahrtEintrag FahrtWeg="1516.7542" FahrtZeit="2023-02-22 09:51:30" Kennung_FahrtZeitms="2023-02-22 09:51:30:036" FahrtspStrecke="11.1111" FahrtspSignal="-1" FahrtspZugsicherung="45.8333" Fahrtkm="49.3855" FahrtHLDruck="5"/>
<FahrtEintrag FahrtWeg="1516.7542" FahrtZeit="2023-02-22 09:51:35" Kennung_FahrtZeitms="2023-02-22 09:51:35:038" FahrtspStrecke="11.1111" FahrtspSignal="-1" FahrtspZugsicherung="45.8333" Fahrtkm="49.3855" FahrtHLDruck="5"/>
<FahrtEintrag FahrtWeg="1516.7542" FahrtZeit="2023-02-22 09:51:40" Kennung_FahrtZeitms="2023-02-22 09:51:40:040" FahrtspStrecke="11.1111" FahrtspSignal="-1" FahrtspZugsicherung="45.8333" Fahrtkm="49.3855" FahrtHLDruck="5"/>
<FahrtEintrag FahrtWeg="1516.7542" FahrtZeit="2023-02-22 09:51:45" Kennung_FahrtZeitms="2023-02-22 09:51:45:042" FahrtspStrecke="11.1111" FahrtspSignal="-1" FahrtspZugsicherung="45.8333" Fahrtkm="49.3855" FahrtHLDruck="5"/>
<FahrtEintrag FahrtWeg="1516.7542" FahrtZeit="2023-02-22 09:51:50" Kennung_FahrtZeitms="2023-02-22 09:51:50:045" FahrtspStrecke="11.1111" FahrtspSignal="-1" FahrtspZugsicherung="45.8333" Fahrtkm="49.3855" FahrtHLDruck="5"/>
<FahrtEintrag FahrtWeg="1516.7542" FahrtZeit="2023-02-22 09:51:55" Kennung_FahrtZeitms="2023-02-22 09:51:55:046" FahrtspStrecke="11.1111" FahrtspSignal="-1" FahrtspZugsicherung="45.8333" Fahrtkm="49.3855" FahrtHLDruck="5"/>
<FahrtEintrag FahrtWeg="1516.7542" FahrtZeit="2023-02-22 09:52:00" Kennung_FahrtZeitms="2023-02-22 09:52:00:048" FahrtspStrecke="11.1111" FahrtspSignal="-1" FahrtspZugsicherung="45.8333" Fahrtkm="49.3855" FahrtHLDruck="5"/>
<FahrtEintrag FahrtWeg="1516.7542" FahrtZeit="2023-02-22 09:52:05" Kennung_FahrtZeitms="2023-02-22 09:52:05:050" FahrtspStrecke="11.1111" FahrtspSignal="-1" FahrtspZugsicherung="45.8333" Fahrtkm="49.3855" FahrtHLDruck="5"/>
<FahrtEintrag FahrtWeg="1516.7542" FahrtZeit="2023-02-22 09:52:10" Kennung_FahrtZeitms="2023-02-22 09:52:10:052" FahrtspStrecke="11.1111" FahrtspSignal="-1" FahrtspZugsicherung="45.8333" Fahrtkm="49.3855" FahrtHLDruck="5"/>
<FahrtEintrag FahrtWeg="1516.7542" FahrtZeit="2023-02-22 09:52:15" Kennung_FahrtZeitms="2023-02-22 09:52:15:054" FahrtspStrecke="11.1111" FahrtspSignal="-1" FahrtspZugsicherung="45.8333" Fahrtkm="49.3855" FahrtHLDruck="5"/>
<FahrtEintrag FahrtWeg="1516.7542" FahrtZeit="2023-02-22 09:52:20" Kennung_FahrtZeitms="2023-02-22 09:52:20:056" FahrtspStrecke="11.1111" FahrtspSignal="-1" FahrtspZugsicherung="45.8333" Fahrtkm="49.3855" FahrtHLDruck="5"/>
<FahrtEintrag FahrtWeg="1516.7542" FahrtZeit="2023-02-22 09:52:25" Kennung_FahrtZeitms="2023-02-22 09:52:25:058" FahrtspStrecke="11.1111" FahrtspSignal="-1" FahrtspZugsicherung="45.8333" Fahrtkm="49.3855" FahrtHLDruck="5"/>
<FahrtEintrag FahrtWeg="1516.7542" FahrtZeit="2023-02-22 09:52:30" Kennung_FahrtZeitms="2023-02-22 09:52:30:061" FahrtspStrecke="11.1111" FahrtspSignal="-1" FahrtspZugsicherung="45.8333" Fahrtkm="49.3855" FahrtHLDruck="5"/>
<FahrtEintrag FahrtWeg="1516.7542" FahrtZeit="2023-02-22 09:52:35" Kennung_FahrtZeitms="2023-02-22 09:52:35:062" FahrtspStrecke="11.1111" FahrtspSignal="-1" FahrtspZugsicherung="45.8333" Fahrtkm="49.3855" FahrtHLDruck="5"/>
<FahrtEintrag FahrtWeg="1516.7542" FahrtZeit="2023-02-22 09:52:40" Kennung_FahrtZeitms="2023-02-22 09:52:40:064" FahrtspStrecke="11.1111" FahrtspSignal="-1" FahrtspZugsicherung="45.8333" Fahrtkm="49.3855" FahrtHLDruck="5"/>
<FahrtEintrag FahrtWeg="1516.7542" FahrtZeit="2023-02-22 09:52:45" Kennung_FahrtZeitms="2023-02-22 09:52:45:066" FahrtspStrecke="11.1111" FahrtspSignal="-1" FahrtspZugsicherung="45.8333" Fahrtkm="49.3855" FahrtHLDruck="5"/>
<FahrtEintrag FahrtWeg="1516.7542" FahrtZeit="2023-02-22 09:52:50" Kennung_FahrtZeitms="2023-02-22 09:52:50:068" FahrtspStrecke="11.1111" FahrtspSignal="-1" FahrtspZugsicherung="45.8333" Fahrtkm="49.3855" FahrtHLDruck="5"/>
<FahrtEintrag FahrtWeg="1516.7542" FahrtZeit="2023-02-22 09:52:55" Kennung_FahrtZeitms="2023-02-22 09:52:55:070" FahrtspStrecke="11.1111" FahrtspSignal="-1" FahrtspZugsicherung="45.8333" Fahrtkm="49.3855" FahrtHLDruck="5"/>
<FahrtEintrag FahrtWeg="1516.7542" FahrtZeit="2023-02-22 09:53:00" Kennung_FahrtZeitms="2023-02-22 09:53:00:072" FahrtspStrecke="11.1111" FahrtspSignal="-1" FahrtspZugsicherung="45.8333" Fahrtkm="49.3855" FahrtHLDruck="5"/>
<FahrtEintrag FahrtWeg="1516.7542" FahrtZeit="2023-02-22 09:53:05" Kennung_FahrtZeitms="2023-02-22 09:53:05:075" FahrtspStrecke="11.1111" FahrtspSignal="-1" FahrtspZugsicherung="45.8333" Fahrtkm="49.3855" FahrtHLDruck="5"/>
<FahrtEintrag FahrtWeg="1516.7542" FahrtZeit="2023-02-22 09:53:10" Kennung_FahrtZeitms="2023-02-22 09:53:10:076" FahrtspStrecke="11.1111" FahrtspSignal="-1" FahrtspZugsicherung="45.8333" Fahrtkm="49.3855" FahrtHLDruck="5"/>
<FahrtEintrag FahrtWeg="1516.7542" FahrtZeit="2023-02-22 09:53:15" Kennung_FahrtZeitms="2023-02-22 09:53:15:078" FahrtspStrecke="11.1111" FahrtspSignal="-1" FahrtspZugsicherung="45.8333" Fahrtkm="49.3855" FahrtHLDruck="5"/>
<FahrtEintrag FahrtWeg="1516.7542" FahrtZeit="2023-02-22 09:53:20" Kennung_FahrtZeitms="2023-02-22 09:53:20:080" FahrtspStrecke="11.1111" FahrtspSignal="-1" FahrtspZugsicherung="45.8333" Fahrtkm="49.3855" FahrtHLDruck="5"/>
<FahrtEintrag FahrtWeg="1516.7542" FahrtZeit="2023-02-22 09:53:25" Kennung_FahrtZeitms="2023-02-22 09:53:25:082" FahrtspStrecke="11.1111" FahrtspSignal="-1" FahrtspZugsicherung="45.8333" Fahrtkm="49.3855" FahrtHLDruck="5"/>
<FahrtEintrag FahrtWeg="1516.7542" FahrtZeit="2023-02-22 09:53:30" Kennung_FahrtZeitms="2023-02-22 09:53:30:084" FahrtspStrecke="11.1111" FahrtspSignal="-1" FahrtspZugsicherung="45.8333" Fahrtkm="49.3855" FahrtHLDruck="5"/>
<FahrtEintrag FahrtWeg="1516.7542" FahrtZeit="2023-02-22 09:53:35" Kennung_FahrtZeitms="2023-02-22 09:53:35:086" FahrtspStrecke="11.1111" FahrtspSignal="-1" FahrtspZugsicherung="45.8333" Fahrtkm="49.3855" FahrtHLDruck="5"/>
<FahrtEintrag FahrtWeg="1516.7542" FahrtZeit="2023-02-22 09:53:40" Kennung_FahrtZeitms="2023-02-22 09:53:40:088" FahrtspStrecke="11.1111" FahrtspSignal="-1" FahrtspZugsicherung="45.8333" Fahrtkm="49.3855" FahrtHLDruck="5"/>
<FahrtEintrag FahrtWeg="1516.7542" FahrtZeit="2023-02-22 09:53:45" Kennung_FahrtZeitms="2023-02-22 09:53:45:090" FahrtspStrecke="11.1111" FahrtspSignal="-1" FahrtspZugsicherung="45.8333" Fahrtkm="49.3855" FahrtHLDruck="5"/>
<FahrtEintrag FahrtWeg="1516.7542" FahrtZeit="2023-02-22 09:53:50" Kennung_FahrtZeitms="2023-02-22 09:53:50:092" FahrtspStrecke="11.1111" FahrtspSignal="-1" FahrtspZugsicherung="45.8333" Fahrtkm="49.3855" FahrtHLDruck="5"/>
<FahrtEintrag FahrtWeg="1516.7542" FahrtZeit="2023-02-22 09:53:55" Kennung_FahrtZeitms="2023-02-22 09:53:55:095" FahrtspStrecke="11.1111" FahrtspSignal="-1" FahrtspZugsicherung="45.8333" Fahrtkm="49.3855" FahrtHLDruck="5"/>
<FahrtEintrag FahrtWeg="1516.7542" FahrtZeit="2023-02-22 09:54:00" Kennung_FahrtZeitms="2023-02-22 09:54:00:096" FahrtspStrecke="11.1111" FahrtspSignal="-1" FahrtspZugsicherung="45.8333" Fahrtkm="49.3855" FahrtHLDruck="5"/>
<FahrtEintrag FahrtWeg="1516.7542" FahrtZeit="2023-02-22 09:54:05" Kennung_FahrtZeitms="2023-02-22 09:54:05:098" FahrtspStrecke="11.1111" FahrtspSignal="-1" FahrtspZugsicherung="45.8333" Fahrtkm="49.3855" FahrtHLDruck="5"/>
<FahrtEintrag FahrtWeg="1516.7542" FahrtZeit="2023-02-22 09:54:10" Kennung_FahrtZeitms="2023-02-22 09:54:10:100" FahrtspStrecke="11.1111" FahrtspSignal="-1" FahrtspZugsicherung="45.8333" Fahrtkm="49.3855" FahrtHLDruck="5"/>
<FahrtEintrag FahrtWeg="1516.7542" FahrtZeit="2023-02-22 09:54:15" Kennung_FahrtZeitms="2023-02-22 09:54:15:102" FahrtspStrecke="11.1111" FahrtspSignal="-1" FahrtspZugsicherung="45.8333" Fahrtkm="49.3855" FahrtHLDruck="5"/>
<FahrtEintrag FahrtWeg="1516.7542" FahrtZeit="2023-02-22 09:54:20" Kennung_FahrtZeitms="2023-02-22 09:54:20:104" FahrtspStrecke="11.1111" FahrtspSignal="-1" FahrtspZugsicherung="45.8333" Fahrtkm="49.3855" FahrtHLDruck="5"/>
<FahrtEintrag FahrtWeg="1516.7542" FahrtZeit="2023-02-22 09:54:25" Kennung_FahrtZeitms="2023-02-22 09:54:25:106" FahrtspStrecke="11.1111" FahrtspSignal="-1" FahrtspZugsicherung="45.8333" Fahrtkm="49.3855" FahrtHLDruck="5"/>
<FahrtEintrag FahrtWeg="1516.7542" FahrtZeit="2023-02-22 09:54:30" Kennung_FahrtZeitms="2023-02-22 09:54:30:109" FahrtspStrecke="11.1111" FahrtspSignal="-1" FahrtspZugsicherung="45.8333" Fahrtkm="49.3855" FahrtHLDruck="5"/>
<FahrtEintrag FahrtWeg="1516.7542" FahrtZeit="2023-02-22 09:54:35" Kennung_FahrtZeitms="2023-02-22 09:54:35:110" FahrtspStrecke="11.1111" FahrtspSignal="-1" FahrtspZugsicherung="45.8333" Fahrtkm="49.3855" FahrtHLDruck="5"/>
<FahrtEintrag FahrtWeg="1516.7542" FahrtZeit="2023-02-22 09:54:40" Kennung_FahrtZeitms="2023-02-22 09:54:40:112" FahrtspStrecke="11.1111" FahrtspSignal="-1" FahrtspZugsicherung="45.8333" Fahrtkm="49.3855" FahrtHLDruck="5"/>
<FahrtEintrag FahrtWeg="1516.7542" FahrtZeit="2023-02-22 09:54:45" Kennung_FahrtZeitms="2023-02-22 09:54:45:114" FahrtspStrecke="11.1111" FahrtspSignal="-1" FahrtspZugsicherung="45.8333" Fahrtkm="49.3855" FahrtHLDruck="5"/>
<FahrtEintrag FahrtWeg="1516.7542" FahrtZeit="2023-02-22 09:54:50" Kennung_FahrtZeitms="2023-02-22 09:54:50:116" FahrtspStrecke="11.1111" FahrtspSignal="-1" FahrtspZugsicherung="45.8333" Fahrtkm="49.3855" FahrtHLDruck="5"/>
<FahrtEintrag FahrtWeg="1516.7542" FahrtZeit="2023-02-22 09:54:55" Kennung_FahrtZeitms="2023-02-22 09:54:55:118" FahrtspStrecke="11.1111" FahrtspSignal="-1" FahrtspZugsicherung="45.8333" Fahrtkm="49.3855" FahrtHLDruck="5"/>
<FahrtEintrag FahrtWeg="1516.7542" FahrtZeit="2023-02-22 09:55:00" Kennung_FahrtZeitms="2023-02-22 09:55:00:120" FahrtspStrecke="11.1111" FahrtspSignal="-1" FahrtspZugsicherung="45.8333" Fahrtkm="49.3855" FahrtHLDruck="5"/>
<FahrtEintrag FahrtWeg="1516.7542" FahrtZeit="2023-02-22 09:55:05" Kennung_FahrtZeitms="2023-02-22 09:55:05:122" FahrtspStrecke="11.1111" FahrtspSignal="-1" FahrtspZugsicherung="45.8333" Fahrtkm="49.3855" FahrtHLDruck="5"/>
<FahrtEintrag FahrtWeg="1516.7542" FahrtZeit="2023-02-22 09:55:10" Kennung_FahrtZeitms="2023-02-22 09:55:10:124" FahrtspStrecke="11.1111" FahrtspSignal="-1" FahrtspZugsicherung="45.8333" Fahrtkm="49.3855" FahrtHLDruck="5"/>
<FahrtEintrag FahrtWeg="1516.7542" FahrtZeit="2023-02-22 09:55:15" Kennung_FahrtZeitms="2023-02-22 09:55:15:126" FahrtspStrecke="11.1111" FahrtspSignal="-1" FahrtspZugsicherung="45.8333" Fahrtkm="49.3855" FahrtHLDruck="5"/>
<FahrtEintrag FahrtWeg="1516.7542" FahrtZeit="2023-02-22 09:55:20" Kennung_FahrtZeitms="2023-02-22 09:55:20:128" FahrtspStrecke="11.1111" FahrtspSignal="-1" FahrtspZugsicherung="45.8333" Fahrtkm="49.3855" FahrtHLDruck="5"/>
<FahrtEintrag FahrtWeg="1516.7542" FahrtZeit="2023-02-22 09:55:25" Kennung_FahrtZeitms="2023-02-22 09:55:25:130" FahrtspStrecke="11.1111" FahrtspSignal="-1" FahrtspZugsicherung="45.8333" Fahrtkm="49.3855" FahrtHLDruck="5"/>
<FahrtEintrag FahrtWeg="1516.7542" FahrtZeit="2023-02-22 09:55:30" Kennung_FahrtZeitms="2023-02-22 09:55:30:132" FahrtspStrecke="11.1111" FahrtspSignal="-1" FahrtspZugsicherung="45.8333" Fahrtkm="49.3855" FahrtHLDruck="5"/>
<FahrtEintrag FahrtWeg="1516.7542" FahrtZeit="2023-02-22 09:55:35" Kennung_FahrtZeitms="2023-02-22 09:55:35:134" FahrtspStrecke="11.1111" FahrtspSignal="-1" FahrtspZugsicherung="45.8333" Fahrtkm="49.3855" FahrtHLDruck="5"/>
<FahrtEintrag FahrtWeg="1516.7542" FahrtZeit="2023-02-22 09:55:41" Kennung_FahrtZeitms="2023-02-22 09:55:41:136" FahrtspStrecke="11.1111" FahrtspSignal="-1" FahrtspZugsicherung="45.8333" Fahrtkm="49.3855" FahrtHLDruck="5"/>
<FahrtEintrag FahrtWeg="1516.7542" FahrtZeit="2023-02-22 09:55:46" Kennung_FahrtZeitms="2023-02-22 09:55:46:138" FahrtspStrecke="11.1111" FahrtspSignal="-1" FahrtspZugsicherung="45.8333" Fahrtkm="49.3855" FahrtHLDruck="5"/>
<FahrtEintrag FahrtWeg="1516.7542" FahrtZeit="2023-02-22 09:55:51" Kennung_FahrtZeitms="2023-02-22 09:55:51:140" FahrtspStrecke="11.1111" FahrtspSignal="-1" FahrtspZugsicherung="45.8333" Fahrtkm="49.3855" FahrtHLDruck="5"/>
<FahrtEintrag FahrtWeg="1516.7542" FahrtZeit="2023-02-22 09:55:56" Kennung_FahrtZeitms="2023-02-22 09:55:56:142" FahrtspStrecke="11.1111" FahrtspSignal="-1" FahrtspZugsicherung="45.8333" Fahrtkm="49.3855" FahrtHLDruck="5"/>
<FahrtEintrag FahrtWeg="1516.7542" FahrtZeit="2023-02-22 09:56:01" Kennung_FahrtZeitms="2023-02-22 09:56:01:144" FahrtspStrecke="11.1111" FahrtspSignal="-1" FahrtspZugsicherung="45.8333" Fahrtkm="49.3855" FahrtHLDruck="5"/>
<FahrtEintrag FahrtWeg="1516.7542" FahrtZeit="2023-02-22 09:56:06" Kennung_FahrtZeitms="2023-02-22 09:56:06:146" FahrtspStrecke="11.1111" FahrtspSignal="-1" FahrtspZugsicherung="45.8333" Fahrtkm="49.3855" FahrtHLDruck="5"/>
<FahrtEintrag FahrtWeg="1516.7542" FahrtZeit="2023-02-22 09:56:11" Kennung_FahrtZeitms="2023-02-22 09:56:11:148" FahrtspStrecke="11.1111" FahrtspSignal="-1" FahrtspZugsicherung="45.8333" Fahrtkm="49.3855" FahrtHLDruck="5"/>
<FahrtEintrag FahrtWeg="1516.7542" FahrtZeit="2023-02-22 09:56:16" Kennung_FahrtZeitms="2023-02-22 09:56:16:150" FahrtspStrecke="11.1111" FahrtspSignal="-1" FahrtspZugsicherung="45.8333" Fahrtkm="49.3855" FahrtHLDruck="5"/>
<FahrtEintrag FahrtWeg="1516.7542" FahrtZeit="2023-02-22 09:56:21" Kennung_FahrtZeitms="2023-02-22 09:56:21:152" FahrtspStrecke="11.1111" FahrtspSignal="-1" FahrtspZugsicherung="45.8333" Fahrtkm="49.3855" FahrtHLDruck="5"/>
<FahrtEintrag FahrtWeg="1516.7542" FahrtZeit="2023-02-22 09:56:26" Kennung_FahrtZeitms="2023-02-22 09:56:26:154" FahrtspStrecke="11.1111" FahrtspSignal="-1" FahrtspZugsicherung="45.8333" Fahrtkm="49.3855" FahrtHLDruck="5"/>
<FahrtEintrag FahrtWeg="1516.7542" FahrtZeit="2023-02-22 09:56:31" Kennung_FahrtZeitms="2023-02-22 09:56:31:156" FahrtspStrecke="11.1111" FahrtspSignal="-1" FahrtspZugsicherung="45.8333" Fahrtkm="49.3855" FahrtHLDruck="5"/>
<FahrtEintrag FahrtWeg="1516.7542" FahrtZeit="2023-02-22 09:56:36" Kennung_FahrtZeitms="2023-02-22 09:56:36:158" FahrtspStrecke="11.1111" FahrtspSignal="-1" FahrtspZugsicherung="45.8333" Fahrtkm="49.3855" FahrtHLDruck="5"/>
<FahrtEintrag FahrtWeg="1516.7542" FahrtZeit="2023-02-22 09:56:41" Kennung_FahrtZeitms="2023-02-22 09:56:41:160" FahrtspStrecke="11.1111" FahrtspSignal="-1" FahrtspZugsicherung="45.8333" Fahrtkm="49.3855" FahrtHLDruck="5"/>
<FahrtEintrag FahrtWeg="1516.7542" FahrtZeit="2023-02-22 09:56:46" Kennung_FahrtZeitms="2023-02-22 09:56:46:163" FahrtspStrecke="11.1111" FahrtspSignal="-1" FahrtspZugsicherung="45.8333" Fahrtkm="49.3855" FahrtHLDruck="5"/>
<FahrtEintrag FahrtWeg="1516.7542" FahrtZeit="2023-02-22 09:56:51" Kennung_FahrtZeitms="2023-02-22 09:56:51:164" FahrtspStrecke="11.1111" FahrtspSignal="-1" FahrtspZugsicherung="45.8333" Fahrtkm="49.3855" FahrtHLDruck="5"/>
<FahrtEintrag FahrtWeg="1516.7542" FahrtZeit="2023-02-22 09:56:56" Kennung_FahrtZeitms="2023-02-22 09:56:56:166" FahrtspStrecke="11.1111" FahrtspSignal="-1" FahrtspZugsicherung="45.8333" Fahrtkm="49.3855" FahrtHLDruck="5"/>
<FahrtEintrag FahrtWeg="1516.7542" FahrtZeit="2023-02-22 09:57:01" Kennung_FahrtZeitms="2023-02-22 09:57:01:168" FahrtspStrecke="11.1111" FahrtspSignal="-1" FahrtspZugsicherung="45.8333" Fahrtkm="49.3855" FahrtHLDruck="5"/>
<FahrtEintrag FahrtWeg="1516.7542" FahrtZeit="2023-02-22 09:57:06" Kennung_FahrtZeitms="2023-02-22 09:57:06:170" FahrtspStrecke="11.1111" FahrtspSignal="-1" FahrtspZugsicherung="45.8333" Fahrtkm="49.3855" FahrtHLDruck="5"/>
<FahrtEintrag FahrtWeg="1516.7542" FahrtZeit="2023-02-22 09:57:11" Kennung_FahrtZeitms="2023-02-22 09:57:11:172" FahrtspStrecke="11.1111" FahrtspSignal="-1" FahrtspZugsicherung="45.8333" Fahrtkm="49.3855" FahrtHLDruck="5"/>
<FahrtEintrag FahrtWeg="1516.7542" FahrtZeit="2023-02-22 09:57:16" Kennung_FahrtZeitms="2023-02-22 09:57:16:174" FahrtspStrecke="11.1111" FahrtspSignal="-1" FahrtspZugsicherung="45.8333" Fahrtkm="49.3855" FahrtHLDruck="5"/>
<FahrtEintrag FahrtWeg="1516.7542" FahrtZeit="2023-02-22 09:57:21" Kennung_FahrtZeitms="2023-02-22 09:57:21:176" FahrtspStrecke="11.1111" FahrtspSignal="-1" FahrtspZugsicherung="45.8333" Fahrtkm="49.3855" FahrtHLDruck="5"/>
<FahrtEintrag FahrtWeg="1516.7542" FahrtZeit="2023-02-22 09:57:26" Kennung_FahrtZeitms="2023-02-22 09:57:26:178" FahrtspStrecke="11.1111" FahrtspSignal="-1" FahrtspZugsicherung="45.8333" Fahrtkm="49.3855" FahrtHLDruck="5"/>
<FahrtEintrag FahrtWeg="1516.7542" FahrtZeit="2023-02-22 09:57:31" Kennung_FahrtZeitms="2023-02-22 09:57:31:180" FahrtspStrecke="11.1111" FahrtspSignal="-1" FahrtspZugsicherung="45.8333" Fahrtkm="49.3855" FahrtHLDruck="5"/>
<FahrtEintrag FahrtWeg="1516.7542" FahrtZeit="2023-02-22 09:57:36" Kennung_FahrtZeitms="2023-02-22 09:57:36:182" FahrtspStrecke="11.1111" FahrtspSignal="-1" FahrtspZugsicherung="45.8333" Fahrtkm="49.3855" FahrtHLDruck="5"/>
<FahrtEintrag FahrtWeg="1516.7542" FahrtZeit="2023-02-22 09:57:41" Kennung_FahrtZeitms="2023-02-22 09:57:41:184" FahrtspStrecke="11.1111" FahrtspSignal="-1" FahrtspZugsicherung="45.8333" Fahrtkm="49.3855" FahrtHLDruck="5"/>
<FahrtEintrag FahrtWeg="1516.7542" FahrtZeit="2023-02-22 09:57:46" Kennung_FahrtZeitms="2023-02-22 09:57:46:186" FahrtspStrecke="11.1111" FahrtspSignal="-1" FahrtspZugsicherung="45.8333" Fahrtkm="49.3855" FahrtHLDruck="5"/>
<FahrtEintrag FahrtWeg="1516.7542" FahrtZeit="2023-02-22 09:57:51" Kennung_FahrtZeitms="2023-02-22 09:57:51:188" FahrtspStrecke="11.1111" FahrtspSignal="-1" FahrtspZugsicherung="45.8333" Fahrtkm="49.3855" FahrtHLDruck="5"/>
<FahrtEintrag FahrtWeg="1516.7542" FahrtZeit="2023-02-22 09:57:56" Kennung_FahrtZeitms="2023-02-22 09:57:56:191" FahrtspStrecke="11.1111" FahrtspSignal="-1" FahrtspZugsicherung="45.8333" Fahrtkm="49.3855" FahrtHLDruck="5"/>
<FahrtEintrag FahrtWeg="1516.7542" FahrtZeit="2023-02-22 09:58:01" Kennung_FahrtZeitms="2023-02-22 09:58:01:192" FahrtspStrecke="11.1111" FahrtspSignal="-1" FahrtspZugsicherung="45.8333" Fahrtkm="49.3855" FahrtHLDruck="5"/>
<FahrtEintrag FahrtWeg="1516.7542" FahrtZeit="2023-02-22 09:58:06" Kennung_FahrtZeitms="2023-02-22 09:58:06:194" FahrtspStrecke="11.1111" FahrtspSignal="-1" FahrtspZugsicherung="45.8333" Fahrtkm="49.3855" FahrtHLDruck="5"/>
<FahrtEintrag FahrtWeg="1516.7542" FahrtZeit="2023-02-22 09:58:11" Kennung_FahrtZeitms="2023-02-22 09:58:11:196" FahrtspStrecke="11.1111" FahrtspSignal="-1" FahrtspZugsicherung="45.8333" Fahrtkm="49.3855" FahrtHLDruck="5"/>
<FahrtEintrag FahrtWeg="1516.7542" FahrtZeit="2023-02-22 09:58:16" Kennung_FahrtZeitms="2023-02-22 09:58:16:198" FahrtspStrecke="11.1111" FahrtspSignal="-1" FahrtspZugsicherung="45.8333" Fahrtkm="49.3855" FahrtHLDruck="5"/>
<FahrtEintrag FahrtWeg="1516.7542" FahrtZeit="2023-02-22 09:58:21" Kennung_FahrtZeitms="2023-02-22 09:58:21:200" FahrtspStrecke="11.1111" FahrtspSignal="-1" FahrtspZugsicherung="45.8333" Fahrtkm="49.3855" FahrtHLDruck="5"/>
<FahrtEintrag FahrtWeg="1516.7542" FahrtZeit="2023-02-22 09:58:26" Kennung_FahrtZeitms="2023-02-22 09:58:26:202" FahrtspStrecke="11.1111" FahrtspSignal="-1" FahrtspZugsicherung="45.8333" Fahrtkm="49.3855" FahrtHLDruck="5"/>
<FahrtEintrag FahrtWeg="1516.7542" FahrtZeit="2023-02-22 09:58:31" Kennung_FahrtZeitms="2023-02-22 09:58:31:205" FahrtspStrecke="11.1111" FahrtspSignal="-1" FahrtspZugsicherung="45.8333" Fahrtkm="49.3855" FahrtHLDruck="5"/>
<FahrtEintrag FahrtWeg="1516.7542" FahrtZeit="2023-02-22 09:58:36" Kennung_FahrtZeitms="2023-02-22 09:58:36:206" FahrtspStrecke="11.1111" FahrtspSignal="-1" FahrtspZugsicherung="45.8333" Fahrtkm="49.3855" FahrtHLDruck="5"/>
<FahrtEintrag FahrtWeg="1516.7542" FahrtZeit="2023-02-22 09:58:41" Kennung_FahrtZeitms="2023-02-22 09:58:41:208" FahrtspStrecke="11.1111" FahrtspSignal="-1" FahrtspZugsicherung="45.8333" Fahrtkm="49.3855" FahrtHLDruck="5"/>
<FahrtEintrag FahrtWeg="1516.7542" FahrtZeit="2023-02-22 09:58:46" Kennung_FahrtZeitms="2023-02-22 09:58:46:210" FahrtspStrecke="11.1111" FahrtspSignal="-1" FahrtspZugsicherung="45.8333" Fahrtkm="49.3855" FahrtHLDruck="5"/>
<FahrtEintrag FahrtWeg="1516.7542" FahrtZeit="2023-02-22 09:58:51" Kennung_FahrtZeitms="2023-02-22 09:58:51:212" FahrtspStrecke="11.1111" FahrtspSignal="-1" FahrtspZugsicherung="45.8333" Fahrtkm="49.3855" FahrtHLDruck="5"/>
<FahrtEintrag FahrtWeg="1516.7542" FahrtZeit="2023-02-22 09:58:56" Kennung_FahrtZeitms="2023-02-22 09:58:56:214" FahrtspStrecke="11.1111" FahrtspSignal="-1" FahrtspZugsicherung="45.8333" Fahrtkm="49.3855" FahrtHLDruck="5"/>
<FahrtEintrag FahrtWeg="1516.7542" FahrtZeit="2023-02-22 09:59:01" Kennung_FahrtZeitms="2023-02-22 09:59:01:216" FahrtspStrecke="11.1111" FahrtspSignal="-1" FahrtspZugsicherung="45.8333" Fahrtkm="49.3855" FahrtHLDruck="5"/>
<FahrtEintrag FahrtWeg="1516.7542" FahrtZeit="2023-02-22 09:59:06" Kennung_FahrtZeitms="2023-02-22 09:59:06:218" FahrtspStrecke="11.1111" FahrtspSignal="-1" FahrtspZugsicherung="45.8333" Fahrtkm="49.3855" FahrtHLDruck="5"/>
<FahrtEintrag FahrtWeg="1516.7542" FahrtZeit="2023-02-22 09:59:11" Kennung_FahrtZeitms="2023-02-22 09:59:11:220" FahrtspStrecke="11.1111" FahrtspSignal="-1" FahrtspZugsicherung="45.8333" Fahrtkm="49.3855" FahrtHLDruck="5"/>
<FahrtEintrag FahrtWeg="1516.7542" FahrtZeit="2023-02-22 09:59:16" Kennung_FahrtZeitms="2023-02-22 09:59:16:222" FahrtspStrecke="11.1111" FahrtspSignal="-1" FahrtspZugsicherung="45.8333" Fahrtkm="49.3855" FahrtHLDruck="5"/>
<FahrtEintrag FahrtWeg="1516.7542" FahrtZeit="2023-02-22 09:59:21" Kennung_FahrtZeitms="2023-02-22 09:59:21:224" FahrtspStrecke="11.1111" FahrtspSignal="-1" FahrtspZugsicherung="45.8333" Fahrtkm="49.3855" FahrtHLDruck="5"/>
<FahrtEintrag FahrtWeg="1518.0394" FahrtZeit="2023-02-22 09:59:26" Kennung_FahrtZeitms="2023-02-22 09:59:26:303" Fahrtsp="1.0249" FahrtspStrecke="11.1111" FahrtspSignal="-1" FahrtspZugsicherung="45.8333" Fahrtkm="49.3799" FahrtHLDruck="5" FahrtFBSchalter="13"/>
<FahrtEintrag FahrtWeg="1528.3905" FahrtZeit="2023-02-22 09:59:31" Kennung_FahrtZeitms="2023-02-22 09:59:31:503" Fahrtsp="3.0573" FahrtspStrecke="11.1111" FahrtspSignal="-1" FahrtspZugsicherung="12.5" Fahrtkm="49.393" FahrtHLDruck="5" FahrtFBSchalter="13"/>
<FahrtEintrag FahrtTyp="8" FahrtWeg="-1" FahrtZeit="2023-02-22 09:59:35" Kennung_FahrtZeitms="2023-02-22 09:59:35:021" Fahrtsp="-1" FahrtspStrecke="-1" FahrtspSignal="-1" FahrtspZugsicherung="-1" FahrtHLDruck="-1" FahrtParameter="9" FahrtFBSchalter="-10000"/>
<FahrtEintrag FahrtWeg="1541.7419" FahrtZeit="2023-02-22 09:59:35" Kennung_FahrtZeitms="2023-02-22 09:59:35:123" Fahrtsp="4.4129" FahrtspStrecke="11.1111" FahrtspSignal="-1" FahrtspZugsicherung="12.5" Fahrtkm="49.406" FahrtHLDruck="5" FahrtFBSchalter="13"/>
<FahrtEintrag FahrtTyp="5" FahrtWeg="1549.8403" FahrtZeit="2023-02-22 09:59:36" Kennung_FahrtZeitms="2023-02-22 09:59:36:982" Fahrtsp="5.0518" FahrtspStrecke="11.1111" FahrtspSignal="11.1111" FahrtspZugsicherung="12.5" FahrtText="Allenbach N1" Fahrtkm="49.4061" FahrtHLDruck="5" FahrtFBSchalter="13"/>
<FahrtEintrag FahrtTyp="6" FahrtWeg="1549.8403" FahrtZeit="2023-02-22 09:59:36" Kennung_FahrtZeitms="2023-02-22 09:59:36:982" Fahrtsp="5.0518" FahrtspStrecke="11.1111" FahrtspSignal="11.1111" FahrtspZugsicherung="12.5" Fahrtkm="49.4061" FahrtHLDruck="5" FahrtFBSchalter="13"/>
<FahrtEintrag FahrtTyp="8" FahrtWeg="-1" FahrtZeit="2023-02-22 09:59:40" Kennung_FahrtZeitms="2023-02-22 09:59:40:022" Fahrtsp="-1" FahrtspStrecke="-1" FahrtspSignal="-1" FahrtspZugsicherung="-1" FahrtHLDruck="-1" FahrtParameter="1" FahrtFBSchalter="-10000"/>
<FahrtEintrag FahrtWeg="1569.3892" FahrtZeit="2023-02-22 09:59:39" Kennung_FahrtZeitms="2023-02-22 09:59:39:736" Fahrtsp="6.2654" FahrtspStrecke="11.1111" FahrtspSignal="11.1111" FahrtspZugsicherung="12.5" Fahrtkm="49.432" FahrtHLDruck="5" FahrtFBSchalter="13"/>
<FahrtEintrag FahrtWeg="1594.5675" FahrtZeit="2023-02-22 09:59:42" Kennung_FahrtZeitms="2023-02-22 09:59:42:972" Fahrtsp="7.4166" FahrtspStrecke="11.1111" FahrtspSignal="11.1111" FahrtspZugsicherung="12.5" Fahrtkm="49.4621" FahrtHLDruck="5" FahrtFBSchalter="10"/>
<FahrtEintrag FahrtWeg="1619.8105" FahrtZeit="2023-02-22 09:59:46" Kennung_FahrtZeitms="2023-02-22 09:59:46:290" Fahrtsp="7.6877" FahrtspStrecke="11.1111" FahrtspSignal="11.1111" FahrtspZugsicherung="12.5" Fahrtkm="49.4682" FahrtHLDruck="5"/>
<FahrtEintrag FahrtWeg="1645.0563" FahrtZeit="2023-02-22 09:59:49" Kennung_FahrtZeitms="2023-02-22 09:59:49:622" Fahrtsp="7.6217" FahrtspStrecke="11.1111" FahrtspSignal="11.1111" FahrtspZugsicherung="12.5" Fahrtkm="49.4682" FahrtHLDruck="5"/>
<FahrtEintrag FahrtWeg="1670.1638" FahrtZeit="2023-02-22 09:59:52" Kennung_FahrtZeitms="2023-02-22 09:59:52:940" Fahrtsp="7.5537" FahrtspStrecke="11.1111" FahrtspSignal="11.1111" FahrtspZugsicherung="12.5" Fahrtkm="49.5354" FahrtHLDruck="5"/>
<FahrtEintrag FahrtWeg="1686.017" FahrtZeit="2023-02-22 09:59:57" Kennung_FahrtZeitms="2023-02-22 09:59:57:418" Fahrtsp="7.7756" FahrtspStrecke="11.1111" FahrtspSignal="11.1111" FahrtspZugsicherung="12.5" Fahrtkm="49.5528" FahrtHLDruck="5" FahrtFBSchalter="7"/>
<FahrtEintrag FahrtWeg="1720.5104" FahrtZeit="2023-02-22 10:00:00" Kennung_FahrtZeitms="2023-02-22 10:00:00:920" Fahrtsp="8.2817" FahrtspStrecke="11.1111" FahrtspSignal="11.1111" FahrtspZugsicherung="12.5" Fahrtkm="49.5923" FahrtHLDruck="5" FahrtFBSchalter="7"/>
<FahrtEintrag FahrtWeg="1745.7941" FahrtZeit="2023-02-22 10:00:03" Kennung_FahrtZeitms="2023-02-22 10:00:03:300" Fahrtsp="8.4927" FahrtspStrecke="11.1111" FahrtspSignal="11.1111" FahrtspZugsicherung="12.5" Fahrtkm="49.5923" FahrtHLDruck="5"/>
<FahrtEintrag FahrtWeg="1770.8767" FahrtZeit="2023-02-22 10:00:06" Kennung_FahrtZeitms="2023-02-22 10:00:06:032" Fahrtsp="8.4321" FahrtspStrecke="11.1111" FahrtspSignal="11.1111" FahrtspZugsicherung="12.5" Fahrtkm="49.5923" FahrtHLDruck="5"/>
<FahrtEintrag FahrtWeg="1796.0349" FahrtZeit="2023-02-22 10:00:09" Kennung_FahrtZeitms="2023-02-22 10:00:09:154" Fahrtsp="8.371" FahrtspStrecke="11.1111" FahrtspSignal="11.1111" FahrtspZugsicherung="12.5" Fahrtkm="49.6524" FahrtHLDruck="5"/>
<FahrtEintrag FahrtWeg="1821.149" FahrtZeit="2023-02-22 10:00:12" Kennung_FahrtZeitms="2023-02-22 10:00:12:282" Fahrtsp="8.3097" FahrtspStrecke="11.1111" FahrtspSignal="11.1111" FahrtspZugsicherung="12.5" Fahrtkm="49.6524" FahrtHLDruck="5"/>
<FahrtEintrag FahrtWeg="1846.4438" FahrtZeit="2023-02-22 10:00:15" Kennung_FahrtZeitms="2023-02-22 10:00:15:414" Fahrtsp="8.2476" FahrtspStrecke="11.1111" FahrtspSignal="11.1111" FahrtspZugsicherung="12.5" Fahrtkm="49.7184" FahrtHLDruck="5"/>
<FahrtEintrag FahrtWeg="1871.4911" FahrtZeit="2023-02-22 10:00:18" Kennung_FahrtZeitms="2023-02-22 10:00:18:424" Fahrtsp="8.1911" FahrtspStrecke="11.1111" FahrtspSignal="11.1111" FahrtspZugsicherung="12.5" Fahrtkm="49.7412" FahrtHLDruck="5"/>
<FahrtEintrag FahrtTyp="8" FahrtWeg="-1" FahrtZeit="2023-02-22 10:00:21" Kennung_FahrtZeitms="2023-02-22 10:00:21:450" Fahrtsp="-1" FahrtspStrecke="-1" FahrtspSignal="-1" FahrtspZugsicherung="-1" FahrtHLDruck="-1" FahrtParameter="48" FahrtFBSchalter="-10000"/>
<FahrtEintrag FahrtWeg="1893.5526" FahrtZeit="2023-02-22 10:00:21" Kennung_FahrtZeitms="2023-02-22 10:00:21:461" Fahrtsp="8.1603" FahrtspStrecke="11.1111" FahrtspSignal="11.1111" FahrtspZugsicherung="12.5" Fahrtkm="49.7648" FahrtHLDruck="5"/>
<FahrtEintrag FahrtTyp="8" FahrtWeg="-1" FahrtZeit="2023-02-22 10:00:21" Kennung_FahrtZeitms="2023-02-22 10:00:21:502" Fahrtsp="-1" FahrtspStrecke="-1" FahrtspSignal="-1" FahrtspZugsicherung="-1" FahrtHLDruck="-1" FahrtParameter="16" FahrtFBSchalter="-10000"/>
<FahrtEintrag FahrtWeg="1898.6677" FahrtZeit="2023-02-22 10:00:21" Kennung_FahrtZeitms="2023-02-22 10:00:21:992" Fahrtsp="8.1533" FahrtspStrecke="11.1111" FahrtspSignal="11.1111" FahrtspZugsicherung="12.5" Fahrtkm="49.7696" FahrtHLDruck="5"/>
<FahrtEintrag FahrtWeg="1923.839" FahrtZeit="2023-02-22 10:00:24" Kennung_FahrtZeitms="2023-02-22 10:00:24:980" Fahrtsp="8.1196" FahrtspStrecke="11.1111" FahrtspSignal="11.1111" FahrtspZugsicherung="12.5" Fahrtkm="49.7902" FahrtHLDruck="5"/>
<FahrtEintrag FahrtWeg="1949.0209" FahrtZeit="2023-02-22 10:00:28" Kennung_FahrtZeitms="2023-02-22 10:00:28:008" Fahrtsp="8.0858" FahrtspStrecke="11.1111" FahrtspSignal="11.1111" FahrtspZugsicherung="12.5" Fahrtkm="49.8156" FahrtHLDruck="5"/>
<FahrtEintrag FahrtWeg="1974.0632" FahrtZeit="2023-02-22 10:00:31" Kennung_FahrtZeitms="2023-02-22 10:00:31:084" Fahrtsp="8.0522" FahrtspStrecke="11.1111" FahrtspSignal="11.1111" FahrtspZugsicherung="12.5" Fahrtkm="49.8391" FahrtHLDruck="5"/>
<FahrtEintrag FahrtWeg="1999.3585" FahrtZeit="2023-02-22 10:00:34" Kennung_FahrtZeitms="2023-02-22 10:00:34:070" Fahrtsp="8.018" FahrtspStrecke="11.1111" FahrtspSignal="11.1111" FahrtspZugsicherung="12.5" Fahrtkm="49.8678" FahrtHLDruck="5"/>
<FahrtEintrag FahrtTyp="5" FahrtWeg="-1" FahrtZeit="2023-02-22 10:00:36" Kennung_FahrtZeitms="2023-02-22 10:00:36:512" Fahrtsp="-1" FahrtspStrecke="-1" FahrtspSignal="-1" FahrtspZugsicherung="-1" FahrtText="Zugende passiert Ende Weichenbereich" FahrtHLDruck="-1" FahrtParameter="4" FahrtFBSchalter="-10000"/>
<FahrtEintrag FahrtWeg="2015.656" FahrtZeit="2023-02-22 10:00:36" Kennung_FahrtZeitms="2023-02-22 10:00:36:994" Fahrtsp="7.996" FahrtspStrecke="11.1111" FahrtspSignal="-1" FahrtspZugsicherung="12.5" Fahrtkm="49.8678" FahrtHLDruck="5"/>
<FahrtEintrag FahrtWeg="2040.7549" FahrtZeit="2023-02-22 10:00:39" Kennung_FahrtZeitms="2023-02-22 10:00:39:854" Fahrtsp="7.962" FahrtspStrecke="11.1111" FahrtspSignal="-1" FahrtspZugsicherung="12.5" Fahrtkm="49.8678" FahrtHLDruck="5"/>
<FahrtEintrag FahrtWeg="2065.9209" FahrtZeit="2023-02-22 10:00:42" Kennung_FahrtZeitms="2023-02-22 10:00:42:620" Fahrtsp="7.9776" FahrtspStrecke="11.1111" FahrtspSignal="-1" FahrtspZugsicherung="12.5" Fahrtkm="49.8678" FahrtHLDruck="5" FahrtFBSchalter="3"/>
<FahrtEintrag FahrtWeg="2091.0645" FahrtZeit="2023-02-22 10:00:45" Kennung_FahrtZeitms="2023-02-22 10:00:45:272" Fahrtsp="8.1934" FahrtspStrecke="11.1111" FahrtspSignal="-1" FahrtspZugsicherung="45.8333" Fahrtkm="49.8678" FahrtHLDruck="5" FahrtFBSchalter="3"/>
<FahrtEintrag FahrtWeg="2116.3601" FahrtZeit="2023-02-22 10:00:48" Kennung_FahrtZeitms="2023-02-22 10:00:48:860" Fahrtsp="8.4027" FahrtspStrecke="11.1111" FahrtspSignal="-1" FahrtspZugsicherung="45.8333" Fahrtkm="49.9673" FahrtHLDruck="5" FahrtFBSchalter="3"/>
<FahrtEintrag FahrtWeg="2141.3801" FahrtZeit="2023-02-22 10:00:51" Kennung_FahrtZeitms="2023-02-22 10:00:51:462" Fahrtsp="8.6026" FahrtspStrecke="11.1111" FahrtspSignal="-1" FahrtspZugsicherung="45.8333" Fahrtkm="49.9673" FahrtHLDruck="5" FahrtFBSchalter="3"/>
<FahrtEintrag FahrtWeg="2166.5974" FahrtZeit="2023-02-22 10:00:54" Kennung_FahrtZeitms="2023-02-22 10:00:54:054" Fahrtsp="8.7975" FahrtspStrecke="11.1111" FahrtspSignal="-1" FahrtspZugsicherung="45.8333" Fahrtkm="49.9673" FahrtHLDruck="5" FahrtFBSchalter="3"/>
<FahrtEintrag FahrtWeg="2191.7461" FahrtZeit="2023-02-22 10:00:57" Kennung_FahrtZeitms="2023-02-22 10:00:57:613" Fahrtsp="8.9751" FahrtspStrecke="11.1111" FahrtspSignal="-1" FahrtspZugsicherung="45.8333" Fahrtkm="50.0543" FahrtHLDruck="5" FahrtFBSchalter="2"/>
<FahrtEintrag FahrtWeg="2216.9023" FahrtZeit="2023-02-22 10:01:00" Kennung_FahrtZeitms="2023-02-22 10:01:00:210" Fahrtsp="8.9732" FahrtspStrecke="11.1111" FahrtspSignal="-1" FahrtspZugsicherung="45.8333" Fahrtkm="50.0669" FahrtHLDruck="5"/>
<FahrtEintrag FahrtWeg="2241.9736" FahrtZeit="2023-02-22 10:01:02" Kennung_FahrtZeitms="2023-02-22 10:01:02:764" Fahrtsp="8.9414" FahrtspStrecke="11.1111" FahrtspSignal="-1" FahrtspZugsicherung="45.8333" Fahrtkm="50.0669" FahrtHLDruck="5"/>
<FahrtEintrag FahrtWeg="2267.0803" FahrtZeit="2023-02-22 10:01:05" Kennung_FahrtZeitms="2023-02-22 10:01:05:451" Fahrtsp="8.9095" FahrtspStrecke="11.1111" FahrtspSignal="-1" FahrtspZugsicherung="45.8333" Fahrtkm="50.0669" FahrtHLDruck="5"/>
<FahrtEintrag FahrtWeg="2292.1831" FahrtZeit="2023-02-22 10:01:08" Kennung_FahrtZeitms="2023-02-22 10:01:08:218" Fahrtsp="8.8775" FahrtspStrecke="11.1111" FahrtspSignal="-1" FahrtspZugsicherung="45.8333" Fahrtkm="50.0669" FahrtHLDruck="5"/>
<FahrtEintrag FahrtWeg="2317.2263" FahrtZeit="2023-02-22 10:01:11" Kennung_FahrtZeitms="2023-02-22 10:01:11:220" Fahrtsp="8.8455" FahrtspStrecke="11.1111" FahrtspSignal="-1" FahrtspZugsicherung="45.8333" Fahrtkm="50.1664" FahrtHLDruck="5"/>
<FahrtEintrag FahrtWeg="2324.1838" FahrtZeit="2023-02-22 10:01:12" Kennung_FahrtZeitms="2023-02-22 10:01:12:392" Fahrtsp="8.8367" FahrtspStrecke="11.1111" FahrtspSignal="-1" FahrtspZugsicherung="45.8333" Fahrtkm="50.1664" FahrtHLDruck="5"/>
<FahrtEintrag FahrtWeg="2335.4678" FahrtZeit="2023-02-22 10:01:13" Kennung_FahrtZeitms="2023-02-22 10:01:13:544" Fahrtsp="8.8222" FahrtspStrecke="11.1111" FahrtspSignal="-1" FahrtspZugsicherung="45.8333" Fahrtkm="50.1664" FahrtHLDruck="5"/>
<FahrtEintrag FahrtWeg="2360.7507" FahrtZeit="2023-02-22 10:01:16" Kennung_FahrtZeitms="2023-02-22 10:01:16:388" Fahrtsp="8.7899" FahrtspStrecke="11.1111" FahrtspSignal="-1" FahrtspZugsicherung="45.8333" Fahrtkm="50.1664" FahrtHLDruck="5"/>
<FahrtEintrag FahrtWeg="2385.9788" FahrtZeit="2023-02-22 10:01:19" Kennung_FahrtZeitms="2023-02-22 10:01:19:242" Fahrtsp="8.7575" FahrtspStrecke="11.1111" FahrtspSignal="-1" FahrtspZugsicherung="45.8333" Fahrtkm="50.1664" FahrtHLDruck="5"/>
<FahrtEintrag FahrtWeg="2411.0664" FahrtZeit="2023-02-22 10:01:22" Kennung_FahrtZeitms="2023-02-22 10:01:22:128" Fahrtsp="8.7253" FahrtspStrecke="11.1111" FahrtspSignal="-1" FahrtspZugsicherung="45.8333" Fahrtkm="50.1838" FahrtHLDruck="5"/>
<FahrtEintrag FahrtWeg="2436.3333" FahrtZeit="2023-02-22 10:01:24" Kennung_FahrtZeitms="2023-02-22 10:01:24:282" Fahrtsp="8.6927" FahrtspStrecke="11.1111" FahrtspSignal="-1" FahrtspZugsicherung="45.8333" Fahrtkm="50.266" FahrtHLDruck="5"/>
<FahrtEintrag FahrtWeg="2461.3457" FahrtZeit="2023-02-22 10:01:27" Kennung_FahrtZeitms="2023-02-22 10:01:27:148" Fahrtsp="8.6604" FahrtspStrecke="11.1111" FahrtspSignal="-1" FahrtspZugsicherung="45.8333" Fahrtkm="50.266" FahrtHLDruck="5"/>
<FahrtEintrag FahrtWeg="2486.5181" FahrtZeit="2023-02-22 10:01:30" Kennung_FahrtZeitms="2023-02-22 10:01:30:022" Fahrtsp="8.6278" FahrtspStrecke="11.1111" FahrtspSignal="-1" FahrtspZugsicherung="45.8333" Fahrtkm="50.266" FahrtHLDruck="5"/>
<FahrtEintrag FahrtWeg="2511.6909" FahrtZeit="2023-02-22 10:01:33" Kennung_FahrtZeitms="2023-02-22 10:01:33:028" Fahrtsp="8.5952" FahrtspStrecke="11.1111" FahrtspSignal="-1" FahrtspZugsicherung="45.8333" Fahrtkm="50.3655" FahrtHLDruck="5"/>
<FahrtEintrag FahrtWeg="2536.8545" FahrtZeit="2023-02-22 10:01:36" Kennung_FahrtZeitms="2023-02-22 10:01:36:092" Fahrtsp="8.5625" FahrtspStrecke="11.1111" FahrtspSignal="-1" FahrtspZugsicherung="45.8333" Fahrtkm="50.3655" FahrtHLDruck="5"/>
<FahrtEintrag FahrtWeg="2561.9312" FahrtZeit="2023-02-22 10:01:39" Kennung_FahrtZeitms="2023-02-22 10:01:39:132" Fahrtsp="8.5299" FahrtspStrecke="11.1111" FahrtspSignal="-1" FahrtspZugsicherung="45.8333" Fahrtkm="50.3655" FahrtHLDruck="5"/>
<FahrtEintrag FahrtWeg="2587.083" FahrtZeit="2023-02-22 10:01:42" Kennung_FahrtZeitms="2023-02-22 10:01:42:218" Fahrtsp="8.4971" FahrtspStrecke="11.1111" FahrtspSignal="-1" FahrtspZugsicherung="45.8333" Fahrtkm="50.3655" FahrtHLDruck="5"/>
<FahrtEintrag FahrtWeg="2612.2668" FahrtZeit="2023-02-22 10:01:45" Kennung_FahrtZeitms="2023-02-22 10:01:45:258" Fahrtsp="8.4642" FahrtspStrecke="11.1111" FahrtspSignal="-1" FahrtspZugsicherung="45.8333" Fahrtkm="50.4651" FahrtHLDruck="5"/>
<FahrtEintrag FahrtWeg="2637.48" FahrtZeit="2023-02-22 10:01:48" Kennung_FahrtZeitms="2023-02-22 10:01:48:178" Fahrtsp="8.8713" FahrtspStrecke="11.1111" FahrtspSignal="-1" FahrtspZugsicherung="45.8333" Fahrtkm="50.4651" FahrtHLDruck="5" FahrtFBSchalter="8"/>
<FahrtEintrag FahrtWeg="2662.5803" FahrtZeit="2023-02-22 10:01:51" Kennung_FahrtZeitms="2023-02-22 10:01:51:026" Fahrtsp="9.4044" FahrtspStrecke="11.1111" FahrtspSignal="-1" FahrtspZugsicherung="45.8333" Fahrtkm="50.4651" FahrtHLDruck="5" FahrtFBSchalter="8"/>
<FahrtEintrag FahrtWeg="2687.605" FahrtZeit="2023-02-22 10:01:53" Kennung_FahrtZeitms="2023-02-22 10:01:53:152" Fahrtsp="9.5753" FahrtspStrecke="11.1111" FahrtspSignal="-1" FahrtspZugsicherung="45.8333" Fahrtkm="50.5393" FahrtHLDruck="5"/>
<FahrtEintrag FahrtWeg="2702.9166" FahrtZeit="2023-02-22 10:01:55" Kennung_FahrtZeitms="2023-02-22 10:01:55:076" Fahrtsp="9.5446" FahrtspStrecke="11.1111" FahrtspSignal="-1" FahrtspZugsicherung="45.8333" Fahrtkm="50.5647" FahrtHLDruck="5"/>
<FahrtEintrag FahrtWeg="2737.7693" FahrtZeit="2023-02-22 10:01:58" Kennung_FahrtZeitms="2023-02-22 10:01:58:108" Fahrtsp="9.5137" FahrtspStrecke="11.1111" FahrtspSignal="-1" FahrtspZugsicherung="45.8333" Fahrtkm="50.5647" FahrtHLDruck="5"/>
<FahrtEintrag FahrtWeg="2762.845" FahrtZeit="2023-02-22 10:02:01" Kennung_FahrtZeitms="2023-02-22 10:02:01:086" Fahrtsp="9.4828" FahrtspStrecke="11.1111" FahrtspSignal="-1" FahrtspZugsicherung="45.8333" Fahrtkm="50.5647" FahrtHLDruck="5"/>
<FahrtEintrag FahrtWeg="2788.1169" FahrtZeit="2023-02-22 10:02:04" Kennung_FahrtZeitms="2023-02-22 10:02:04:142" Fahrtsp="9.4517" FahrtspStrecke="11.1111" FahrtspSignal="-1" FahrtspZugsicherung="45.8333" Fahrtkm="50.5647" FahrtHLDruck="5"/>
<FahrtEintrag FahrtWeg="2813.1782" FahrtZeit="2023-02-22 10:02:06" Kennung_FahrtZeitms="2023-02-22 10:02:06:092" Fahrtsp="9.4207" FahrtspStrecke="11.1111" FahrtspSignal="-1" FahrtspZugsicherung="45.8333" Fahrtkm="50.6642" FahrtHLDruck="5"/>
<FahrtEintrag FahrtWeg="2838.2534" FahrtZeit="2023-02-22 10:02:09" Kennung_FahrtZeitms="2023-02-22 10:02:09:154" Fahrtsp="9.3897" FahrtspStrecke="11.1111" FahrtspSignal="-1" FahrtspZugsicherung="45.8333" Fahrtkm="50.6642" FahrtHLDruck="5"/>
<FahrtEintrag FahrtWeg="2863.3164" FahrtZeit="2023-02-22 10:02:12" Kennung_FahrtZeitms="2023-02-22 10:02:12:134" Fahrtsp="9.3586" FahrtspStrecke="11.1111" FahrtspSignal="-1" FahrtspZugsicherung="45.8333" Fahrtkm="50.6642" FahrtHLDruck="5"/>
<FahrtEintrag FahrtWeg="2888.5105" FahrtZeit="2023-02-22 10:02:14" Kennung_FahrtZeitms="2023-02-22 10:02:14:178" Fahrtsp="9.273" FahrtspStrecke="11.1111" FahrtspSignal="-1" FahrtspZugsicherung="45.8333" Fahrtkm="50.6642" FahrtHLDruck="5"/>
<FahrtEintrag FahrtTyp="8" FahrtWeg="-1" FahrtZeit="2023-02-22 10:02:17" Kennung_FahrtZeitms="2023-02-22 10:02:17:277" Fahrtsp="-1" FahrtspStrecke="-1" FahrtspSignal="-1" FahrtspZugsicherung="-1" FahrtHLDruck="-1" FahrtParameter="48" FahrtFBSchalter="-10000"/>
<FahrtEintrag FahrtWeg="2907.0894" FahrtZeit="2023-02-22 10:02:17" Kennung_FahrtZeitms="2023-02-22 10:02:17:310" Fahrtsp="9.1737" FahrtspStrecke="11.1111" FahrtspSignal="-1" FahrtspZugsicherung="45.8333" Fahrtkm="50.7699" FahrtHLDruck="5"/>
<FahrtEintrag FahrtTyp="8" FahrtWeg="-1" FahrtZeit="2023-02-22 10:02:17" Kennung_FahrtZeitms="2023-02-22 10:02:17:501" Fahrtsp="-1" FahrtspStrecke="-1" FahrtspSignal="-1" FahrtspZugsicherung="-1" FahrtHLDruck="-1" FahrtParameter="16" FahrtFBSchalter="-10000"/>
<FahrtEintrag FahrtWeg="2938.947" FahrtZeit="2023-02-22 10:02:20" Kennung_FahrtZeitms="2023-02-22 10:02:20:755" Fahrtsp="9.2645" FahrtspStrecke="11.1111" FahrtspSignal="-1" FahrtspZugsicherung="45.8333" Fahrtkm="50.7699" FahrtHLDruck="5"/>
<FahrtEintrag FahrtWeg="2964.1245" FahrtZeit="2023-02-22 10:02:23" Kennung_FahrtZeitms="2023-02-22 10:02:23:469" Fahrtsp="9.2331" FahrtspStrecke="11.1111" FahrtspSignal="-1" FahrtspZugsicherung="45.8333" Fahrtkm="50.7699" FahrtHLDruck="5"/>
<FahrtEintrag FahrtWeg="2989.2141" FahrtZeit="2023-02-22 10:02:25" Kennung_FahrtZeitms="2023-02-22 10:02:25:071" Fahrtsp="9.2017" FahrtspStrecke="11.1111" FahrtspSignal="-1" FahrtspZugsicherung="45.8333" Fahrtkm="50.7699" FahrtHLDruck="5"/>
<FahrtEintrag FahrtWeg="3011.6052" FahrtZeit="2023-02-22 10:02:28" Kennung_FahrtZeitms="2023-02-22 10:02:28:083" Fahrtsp="9.1837" FahrtspStrecke="11.1111" FahrtspSignal="-1" FahrtspZugsicherung="45.8333" Fahrtkm="50.8633" FahrtHLDruck="5"/>
<FahrtEintrag FahrtWeg="3015.7258" FahrtZeit="2023-02-22 10:02:28" Kennung_FahrtZeitms="2023-02-22 10:02:28:503" Fahrtsp="9.1685" FahrtspStrecke="11.1111" FahrtspSignal="-1" FahrtspZugsicherung="45.8333" Fahrtkm="50.8633" FahrtHLDruck="5"/>
<FahrtEintrag FahrtWeg="3040.8892" FahrtZeit="2023-02-22 10:02:31" Kennung_FahrtZeitms="2023-02-22 10:02:31:076" Fahrtsp="9.1369" FahrtspStrecke="11.1111" FahrtspSignal="-1" FahrtspZugsicherung="45.8333" Fahrtkm="50.8633" FahrtHLDruck="5"/>
<FahrtEintrag FahrtWeg="3066.1272" FahrtZeit="2023-02-22 10:02:34" Kennung_FahrtZeitms="2023-02-22 10:02:34:024" Fahrtsp="9.1052" FahrtspStrecke="11.1111" FahrtspSignal="-1" FahrtspZugsicherung="45.8333" Fahrtkm="50.8633" FahrtHLDruck="5"/>
<FahrtEintrag FahrtWeg="3091.3469" FahrtZeit="2023-02-22 10:02:37" Kennung_FahrtZeitms="2023-02-22 10:02:37:092" Fahrtsp="9.0735" FahrtspStrecke="11.1111" FahrtspSignal="-1" FahrtspZugsicherung="45.8333" Fahrtkm="50.9629" FahrtHLDruck="5"/>
<FahrtEintrag FahrtWeg="3116.6099" FahrtZeit="2023-02-22 10:02:39" Kennung_FahrtZeitms="2023-02-22 10:02:39:532" Fahrtsp="9.0416" FahrtspStrecke="11.1111" FahrtspSignal="-1" FahrtspZugsicherung="45.8333" Fahrtkm="50.9629" FahrtHLDruck="5"/>
<FahrtEintrag FahrtWeg="3141.6853" FahrtZeit="2023-02-22 10:02:42" Kennung_FahrtZeitms="2023-02-22 10:02:42:188" Fahrtsp="9.0099" FahrtspStrecke="11.1111" FahrtspSignal="-1" FahrtspZugsicherung="45.8333" Fahrtkm="50.9629" FahrtHLDruck="5"/>
<FahrtEintrag FahrtWeg="3166.7788" FahrtZeit="2023-02-22 10:02:45" Kennung_FahrtZeitms="2023-02-22 10:02:45:242" Fahrtsp="8.9781" FahrtspStrecke="11.1111" FahrtspSignal="-1" FahrtspZugsicherung="45.8333" Fahrtkm="51.0379" FahrtHLDruck="5"/>
<FahrtEintrag FahrtWeg="3192.0095" FahrtZeit="2023-02-22 10:02:48" Kennung_FahrtZeitms="2023-02-22 10:02:48:050" Fahrtsp="8.9461" FahrtspStrecke="11.1111" FahrtspSignal="-1" FahrtspZugsicherung="45.8333" Fahrtkm="51.0625" FahrtHLDruck="5"/>
<FahrtEintrag FahrtWeg="3217.2" FahrtZeit="2023-02-22 10:02:51" Kennung_FahrtZeitms="2023-02-22 10:02:51:242" Fahrtsp="8.9141" FahrtspStrecke="11.1111" FahrtspSignal="-1" FahrtspZugsicherung="45.8333" Fahrtkm="51.0625" FahrtHLDruck="5"/>
<FahrtEintrag FahrtWeg="3242.3042" FahrtZeit="2023-02-22 10:02:53" Kennung_FahrtZeitms="2023-02-22 10:02:53:764" Fahrtsp="8.8821" FahrtspStrecke="11.1111" FahrtspSignal="-1" FahrtspZugsicherung="45.8333" Fahrtkm="51.0625" FahrtHLDruck="5"/>
<FahrtEintrag FahrtWeg="3267.5181" FahrtZeit="2023-02-22 10:02:56" Kennung_FahrtZeitms="2023-02-22 10:02:56:334" Fahrtsp="8.8499" FahrtspStrecke="11.1111" FahrtspSignal="-1" FahrtspZugsicherung="45.8333" Fahrtkm="51.1379" FahrtHLDruck="5"/>
<FahrtEintrag FahrtWeg="3292.7292" FahrtZeit="2023-02-22 10:02:59" Kennung_FahrtZeitms="2023-02-22 10:02:59:108" Fahrtsp="8.8177" FahrtspStrecke="11.1111" FahrtspSignal="-1" FahrtspZugsicherung="45.8333" Fahrtkm="51.162" FahrtHLDruck="5"/>
<FahrtEintrag FahrtWeg="3317.8804" FahrtZeit="2023-02-22 10:03:02" Kennung_FahrtZeitms="2023-02-22 10:03:02:046" Fahrtsp="8.7855" FahrtspStrecke="11.1111" FahrtspSignal="-1" FahrtspZugsicherung="45.8333" Fahrtkm="51.162" FahrtHLDruck="5"/>
<FahrtEintrag FahrtWeg="3342.96" FahrtZeit="2023-02-22 10:03:05" Kennung_FahrtZeitms="2023-02-22 10:03:05:063" Fahrtsp="8.7533" FahrtspStrecke="11.1111" FahrtspSignal="-1" FahrtspZugsicherung="45.8333" Fahrtkm="51.2129" FahrtHLDruck="5"/>
<FahrtEintrag FahrtWeg="3368.0935" FahrtZeit="2023-02-22 10:03:08" Kennung_FahrtZeitms="2023-02-22 10:03:08:144" Fahrtsp="8.721" FahrtspStrecke="11.1111" FahrtspSignal="-1" FahrtspZugsicherung="45.8333" Fahrtkm="51.2129" FahrtHLDruck="5"/>
<FahrtEintrag FahrtWeg="3393.2605" FahrtZeit="2023-02-22 10:03:11" Kennung_FahrtZeitms="2023-02-22 10:03:11:278" Fahrtsp="8.6886" FahrtspStrecke="11.1111" FahrtspSignal="-1" FahrtspZugsicherung="45.8333" Fahrtkm="51.2616" FahrtHLDruck="5"/>
<FahrtEintrag FahrtWeg="3418.4714" FahrtZeit="2023-02-22 10:03:13" Kennung_FahrtZeitms="2023-02-22 10:03:13:886" Fahrtsp="8.6561" FahrtspStrecke="11.1111" FahrtspSignal="-1" FahrtspZugsicherung="45.8333" Fahrtkm="51.2879" FahrtHLDruck="5"/>
<FahrtEintrag FahrtWeg="3443.6716" FahrtZeit="2023-02-22 10:03:16" Kennung_FahrtZeitms="2023-02-22 10:03:16:024" Fahrtsp="8.6235" FahrtspStrecke="11.1111" FahrtspSignal="-1" FahrtspZugsicherung="45.8333" Fahrtkm="51.2879" FahrtHLDruck="5"/>
<FahrtEintrag FahrtWeg="3468.9546" FahrtZeit="2023-02-22 10:03:19" Kennung_FahrtZeitms="2023-02-22 10:03:19:018" Fahrtsp="8.5907" FahrtspStrecke="11.1111" FahrtspSignal="-1" FahrtspZugsicherung="45.8333" Fahrtkm="51.2879" FahrtHLDruck="5"/>
<FahrtEintrag FahrtWeg="3494.043" FahrtZeit="2023-02-22 10:03:22" Kennung_FahrtZeitms="2023-02-22 10:03:22:178" Fahrtsp="8.6238" FahrtspStrecke="11.1111" FahrtspSignal="-1" FahrtspZugsicherung="45.8333" Fahrtkm="51.3611" FahrtHLDruck="5" FahrtFBSchalter="2"/>
<FahrtEintrag FahrtWeg="3519.2053" FahrtZeit="2023-02-22 10:03:25" Kennung_FahrtZeitms="2023-02-22 10:03:25:236" Fahrtsp="8.743" FahrtspStrecke="11.1111" FahrtspSignal="-1" FahrtspZugsicherung="45.8333" Fahrtkm="51.3611" FahrtHLDruck="5" FahrtFBSchalter="2"/>
<FahrtEintrag FahrtWeg="3544.4309" FahrtZeit="2023-02-22 10:03:28" Kennung_FahrtZeitms="2023-02-22 10:03:28:468" Fahrtsp="8.86" FahrtspStrecke="11.1111" FahrtspSignal="-1" FahrtspZugsicherung="45.8333" Fahrtkm="51.3611" FahrtHLDruck="5" FahrtFBSchalter="2"/>
<FahrtEintrag FahrtWeg="3569.4746" FahrtZeit="2023-02-22 10:03:31" Kennung_FahrtZeitms="2023-02-22 10:03:31:764" Fahrtsp="8.9737" FahrtspStrecke="11.1111" FahrtspSignal="-1" FahrtspZugsicherung="45.8333" Fahrtkm="51.3611" FahrtHLDruck="5" FahrtFBSchalter="2"/>
<FahrtEintrag FahrtWeg="3594.6694" FahrtZeit="2023-02-22 10:03:34" Kennung_FahrtZeitms="2023-02-22 10:03:34:780" Fahrtsp="9.0859" FahrtspStrecke="11.1111" FahrtspSignal="-1" FahrtspZugsicherung="45.8333" Fahrtkm="51.4607" FahrtHLDruck="5" FahrtFBSchalter="2"/>
<FahrtEintrag FahrtWeg="3619.7312" FahrtZeit="2023-02-22 10:03:36" Kennung_FahrtZeitms="2023-02-22 10:03:36:968" Fahrtsp="9.1954" FahrtspStrecke="11.1111" FahrtspSignal="-1" FahrtspZugsicherung="45.8333" Fahrtkm="51.4607" FahrtHLDruck="5" FahrtFBSchalter="2"/>
<FahrtEintrag FahrtWeg="3644.8015" FahrtZeit="2023-02-22 10:03:39" Kennung_FahrtZeitms="2023-02-22 10:03:39:822" Fahrtsp="9.3028" FahrtspStrecke="11.1111" FahrtspSignal="-1" FahrtspZugsicherung="45.8333" Fahrtkm="51.4607" FahrtHLDruck="5" FahrtFBSchalter="2"/>
<FahrtEintrag FahrtWeg="3669.9788" FahrtZeit="2023-02-22 10:03:42" Kennung_FahrtZeitms="2023-02-22 10:03:42:674" Fahrtsp="9.4088" FahrtspStrecke="11.1111" FahrtspSignal="-1" FahrtspZugsicherung="45.8333" Fahrtkm="51.4607" FahrtHLDruck="5" FahrtFBSchalter="2"/>
<FahrtEintrag FahrtWeg="3687.7109" FahrtZeit="2023-02-22 10:03:44" Kennung_FahrtZeitms="2023-02-22 10:03:44:580" Fahrtsp="9.4834" FahrtspStrecke="11.1111" FahrtspSignal="-1" FahrtspZugsicherung="45.8333" FahrtText="LZB-Bk 21/22/121/122 LZB-Bk 21" Fahrtkm="51.4607" FahrtHLDruck="5" FahrtFBSchalter="2"/>
<FahrtEintrag FahrtWeg="3688.0112" FahrtZeit="2023-02-22 10:03:44" Kennung_FahrtZeitms="2023-02-22 10:03:44:892" Fahrtsp="9.4834" FahrtspStrecke="11.1111" FahrtspSignal="-1" FahrtspZugsicherung="45.8333" Fahrtkm="51.56" FahrtHLDruck="5" FahrtFBSchalter="2"/>
<FahrtEintrag FahrtWeg="3708.1907" FahrtZeit="2023-02-22 10:03:46" Kennung_FahrtZeitms="2023-02-22 10:03:46:570" Fahrtsp="9.5659" FahrtspStrecke="11.1111" FahrtspSignal="-1" FahrtspZugsicherung="45.8333" Fahrtkm="51.5682" FahrtHLDruck="5" FahrtFBSchalter="2"/>
<FahrtEintrag FahrtWeg="3733.4275" FahrtZeit="2023-02-22 10:03:48" Kennung_FahrtZeitms="2023-02-22 10:03:48:324" Fahrtsp="9.6674" FahrtspStrecke="11.1111" FahrtspSignal="-1" FahrtspZugsicherung="45.8333" Fahrtkm="51.5682" FahrtHLDruck="5" FahrtFBSchalter="2"/>
<FahrtEintrag FahrtWeg="3758.582" FahrtZeit="2023-02-22 10:03:51" Kennung_FahrtZeitms="2023-02-22 10:03:51:161" Fahrtsp="9.7668" FahrtspStrecke="11.1111" FahrtspSignal="-1" FahrtspZugsicherung="45.8333" Fahrtkm="51.626" FahrtHLDruck="5" FahrtFBSchalter="2"/>
<FahrtEintrag FahrtWeg="3783.623" FahrtZeit="2023-02-22 10:03:53" Kennung_FahrtZeitms="2023-02-22 10:03:53:688" Fahrtsp="9.864" FahrtspStrecke="11.1111" FahrtspSignal="-1" FahrtspZugsicherung="45.8333" Fahrtkm="51.626" FahrtHLDruck="5" FahrtFBSchalter="2"/>
<FahrtEintrag FahrtWeg="3808.894" FahrtZeit="2023-02-22 10:03:56" Kennung_FahrtZeitms="2023-02-22 10:03:56:424" Fahrtsp="9.9606" FahrtspStrecke="11.1111" FahrtspSignal="-1" FahrtspZugsicherung="45.8333" Fahrtkm="51.6598" FahrtHLDruck="5" FahrtFBSchalter="2"/>
<FahrtEintrag FahrtWeg="3819.6323" FahrtZeit="2023-02-22 10:03:57" Kennung_FahrtZeitms="2023-02-22 10:03:57:684" Fahrtsp="10.0012" FahrtspStrecke="11.1111" FahrtspSignal="-1" FahrtspZugsicherung="45.8333" Fahrtkm="51.6598" FahrtHLDruck="5" FahrtFBSchalter="2"/>
<FahrtEintrag FahrtWeg="3823.7529" FahrtZeit="2023-02-22 10:03:58" Kennung_FahrtZeitms="2023-02-22 10:03:58:056" Fahrtsp="10.0229" FahrtspStrecke="11.1111" FahrtspSignal="-1" FahrtspZugsicherung="45.8333" Fahrtkm="51.6598" FahrtHLDruck="5" FahrtFBSchalter="3"/>
<FahrtEintrag FahrtWeg="3848.8625" FahrtZeit="2023-02-22 10:04:00" Kennung_FahrtZeitms="2023-02-22 10:04:00:673" Fahrtsp="10.1773" FahrtspStrecke="11.1111" FahrtspSignal="-1" FahrtspZugsicherung="45.8333" Fahrtkm="51.6598" FahrtHLDruck="5" FahrtFBSchalter="3"/>
<FahrtEintrag FahrtWeg="3874.0859" FahrtZeit="2023-02-22 10:04:03" Kennung_FahrtZeitms="2023-02-22 10:04:03:426" Fahrtsp="10.3004" FahrtspStrecke="11.1111" FahrtspSignal="-1" FahrtspZugsicherung="45.8333" Fahrtkm="51.6598" FahrtHLDruck="5" FahrtFBSchalter="2"/>
<FahrtEintrag FahrtWeg="3899.1301" FahrtZeit="2023-02-22 10:04:05" Kennung_FahrtZeitms="2023-02-22 10:04:05:824" Fahrtsp="10.4194" FahrtspStrecke="11.1111" FahrtspSignal="-1" FahrtspZugsicherung="45.8333" Fahrtkm="51.7594" FahrtHLDruck="5" FahrtFBSchalter="2"/>
<FahrtEintrag FahrtWeg="3924.4592" FahrtZeit="2023-02-22 10:04:07" Kennung_FahrtZeitms="2023-02-22 10:04:07:287" Fahrtsp="10.4962" FahrtspStrecke="11.1111" FahrtspSignal="-1" FahrtspZugsicherung="45.8333" Fahrtkm="51.7595" FahrtHLDruck="5"/>
<FahrtEintrag FahrtWeg="3949.582" FahrtZeit="2023-02-22 10:04:10" Kennung_FahrtZeitms="2023-02-22 10:04:10:154" Fahrtsp="10.4666" FahrtspStrecke="11.1111" FahrtspSignal="-1" FahrtspZugsicherung="45.8333" Fahrtkm="51.7594" FahrtHLDruck="5"/>
<FahrtEintrag FahrtWeg="3974.6692" FahrtZeit="2023-02-22 10:04:12" Kennung_FahrtZeitms="2023-02-22 10:04:12:623" Fahrtsp="10.4369" FahrtspStrecke="11.1111" FahrtspSignal="-1" FahrtspZugsicherung="45.8333" Fahrtkm="51.7594" FahrtHLDruck="5"/>
<FahrtEintrag FahrtWeg="3999.7258" FahrtZeit="2023-02-22 10:04:15" Kennung_FahrtZeitms="2023-02-22 10:04:15:078" Fahrtsp="10.4073" FahrtspStrecke="11.1111" FahrtspSignal="-1" FahrtspZugsicherung="45.8333" Fahrtkm="51.8589" FahrtHLDruck="5"/>
<FahrtEintrag FahrtWeg="4025.0134" FahrtZeit="2023-02-22 10:04:17" Kennung_FahrtZeitms="2023-02-22 10:04:17:422" Fahrtsp="10.3773" FahrtspStrecke="11.1111" FahrtspSignal="-1" FahrtspZugsicherung="45.8333" Fahrtkm="51.8589" FahrtHLDruck="5"/>
<FahrtEintrag FahrtWeg="4050.1411" FahrtZeit="2023-02-22 10:04:19" Kennung_FahrtZeitms="2023-02-22 10:04:19:478" Fahrtsp="10.3475" FahrtspStrecke="11.1111" FahrtspSignal="-1" FahrtspZugsicherung="45.8333" Fahrtkm="51.8589" FahrtHLDruck="5"/>
<FahrtEintrag FahrtWeg="4075.2266" FahrtZeit="2023-02-22 10:04:22" Kennung_FahrtZeitms="2023-02-22 10:04:22:095" Fahrtsp="10.3178" FahrtspStrecke="11.1111" FahrtspSignal="-1" FahrtspZugsicherung="45.8333" Fahrtkm="51.8589" FahrtHLDruck="5"/>
<FahrtEintrag FahrtWeg="4100.4951" FahrtZeit="2023-02-22 10:04:24" Kennung_FahrtZeitms="2023-02-22 10:04:24:732" Fahrtsp="10.2877" FahrtspStrecke="11.1111" FahrtspSignal="-1" FahrtspZugsicherung="45.8333" Fahrtkm="51.9585" FahrtHLDruck="5"/>
<FahrtEintrag FahrtWeg="4125.7354" FahrtZeit="2023-02-22 10:04:27" Kennung_FahrtZeitms="2023-02-22 10:04:27:327" Fahrtsp="10.2577" FahrtspStrecke="11.1111" FahrtspSignal="-1" FahrtspZugsicherung="45.8333" Fahrtkm="51.9585" FahrtHLDruck="5"/>
<FahrtEintrag FahrtWeg="4150.813" FahrtZeit="2023-02-22 10:04:29" Kennung_FahrtZeitms="2023-02-22 10:04:29:982" Fahrtsp="10.2278" FahrtspStrecke="11.1111" FahrtspSignal="-1" FahrtspZugsicherung="45.8333" Fahrtkm="51.9585" FahrtHLDruck="5"/>
<FahrtEintrag FahrtWeg="4175.9487" FahrtZeit="2023-02-22 10:04:32" Kennung_FahrtZeitms="2023-02-22 10:04:32:537" Fahrtsp="10.1979" FahrtspStrecke="11.1111" FahrtspSignal="-1" FahrtspZugsicherung="45.8333" Fahrtkm="51.9585" FahrtHLDruck="5"/>
<FahrtEintrag FahrtWeg="4201.0093" FahrtZeit="2023-02-22 10:04:34" Kennung_FahrtZeitms="2023-02-22 10:04:34:074" Fahrtsp="10.1679" FahrtspStrecke="11.1111" FahrtspSignal="-1" FahrtspZugsicherung="45.8333" Fahrtkm="52.0719" FahrtHLDruck="5"/>
<FahrtEintrag FahrtWeg="4226.1846" FahrtZeit="2023-02-22 10:04:37" Kennung_FahrtZeitms="2023-02-22 10:04:37:113" Fahrtsp="10.1378" FahrtspStrecke="11.1111" FahrtspSignal="-1" FahrtspZugsicherung="45.8333" Fahrtkm="52.0719" FahrtHLDruck="5"/>
<FahrtEintrag FahrtWeg="4251.2065" FahrtZeit="2023-02-22 10:04:39" Kennung_FahrtZeitms="2023-02-22 10:04:39:782" Fahrtsp="10.1079" FahrtspStrecke="11.1111" FahrtspSignal="-1" FahrtspZugsicherung="45.8333" Fahrtkm="52.0719" FahrtHLDruck="5"/>
<FahrtEintrag FahrtWeg="4276.4917" FahrtZeit="2023-02-22 10:04:42" Kennung_FahrtZeitms="2023-02-22 10:04:42:011" Fahrtsp="10.0776" FahrtspStrecke="11.1111" FahrtspSignal="-1" FahrtspZugsicherung="45.8333" Fahrtkm="52.1469" FahrtHLDruck="5"/>
<FahrtEintrag FahrtWeg="4301.8423" FahrtZeit="2023-02-22 10:04:44" Kennung_FahrtZeitms="2023-02-22 10:04:44:402" Fahrtsp="10.0472" FahrtspStrecke="11.1111" FahrtspSignal="-1" FahrtspZugsicherung="45.8333" Fahrtkm="52.1576" FahrtHLDruck="5"/>
<FahrtEintrag FahrtWeg="4326.875" FahrtZeit="2023-02-22 10:04:47" Kennung_FahrtZeitms="2023-02-22 10:04:47:248" Fahrtsp="10.0171" FahrtspStrecke="11.1111" FahrtspSignal="-1" FahrtspZugsicherung="45.8333" Fahrtkm="52.1576" FahrtHLDruck="5"/>
<FahrtEintrag FahrtWeg="4352.1118" FahrtZeit="2023-02-22 10:04:49" Kennung_FahrtZeitms="2023-02-22 10:04:49:878" Fahrtsp="9.9867" FahrtspStrecke="11.1111" FahrtspSignal="-1" FahrtspZugsicherung="45.8333" Fahrtkm="52.222" FahrtHLDruck="5"/>
<FahrtEintrag FahrtWeg="4377.3657" FahrtZeit="2023-02-22 10:04:52" Kennung_FahrtZeitms="2023-02-22 10:04:52:687" Fahrtsp="9.9563" FahrtspStrecke="11.1111" FahrtspSignal="-1" FahrtspZugsicherung="45.8333" Fahrtkm="52.222" FahrtHLDruck="5"/>
<FahrtEintrag FahrtWeg="4402.6641" FahrtZeit="2023-02-22 10:04:54" Kennung_FahrtZeitms="2023-02-22 10:04:54:924" Fahrtsp="9.9258" FahrtspStrecke="11.1111" FahrtspSignal="-1" FahrtspZugsicherung="45.8333" Fahrtkm="52.2572" FahrtHLDruck="5"/>
<FahrtEintrag FahrtWeg="4427.9102" FahrtZeit="2023-02-22 10:04:57" Kennung_FahrtZeitms="2023-02-22 10:04:57:185" Fahrtsp="9.8953" FahrtspStrecke="11.1111" FahrtspSignal="-1" FahrtspZugsicherung="45.8333" Fahrtkm="52.2572" FahrtHLDruck="5"/>
<FahrtEintrag FahrtWeg="4453.2451" FahrtZeit="2023-02-22 10:04:59" Kennung_FahrtZeitms="2023-02-22 10:04:59:864" Fahrtsp="9.8645" FahrtspStrecke="11.1111" FahrtspSignal="-1" FahrtspZugsicherung="45.8333" Fahrtkm="52.3247" FahrtHLDruck="5"/>
<FahrtEintrag FahrtWeg="4478.4409" FahrtZeit="2023-02-22 10:05:02" Kennung_FahrtZeitms="2023-02-22 10:05:02:543" Fahrtsp="9.7391" FahrtspStrecke="11.1111" FahrtspSignal="-1" FahrtspZugsicherung="45.8333" Fahrtkm="52.3463" FahrtHLDruck="5"/>
<FahrtEintrag FahrtWeg="4503.6738" FahrtZeit="2023-02-22 10:05:05" Kennung_FahrtZeitms="2023-02-22 10:05:05:364" Fahrtsp="9.4111" FahrtspStrecke="11.1111" FahrtspSignal="-1" FahrtspZugsicherung="45.8333" Fahrtkm="52.3567" FahrtHLDruck="5"/>
<FahrtEintrag FahrtWeg="4528.9341" FahrtZeit="2023-02-22 10:05:07" Kennung_FahrtZeitms="2023-02-22 10:05:07:761" Fahrtsp="9.0544" FahrtspStrecke="11.1111" FahrtspSignal="-1" FahrtspZugsicherung="45.8333" Fahrtkm="52.3567" FahrtHLDruck="5"/>
<FahrtEintrag FahrtWeg="4554.0093" FahrtZeit="2023-02-22 10:05:10" Kennung_FahrtZeitms="2023-02-22 10:05:10:432" Fahrtsp="8.6863" FahrtspStrecke="11.1111" FahrtspSignal="-1" FahrtspZugsicherung="45.8333" Fahrtkm="52.3567" FahrtHLDruck="5"/>
<FahrtEintrag FahrtWeg="4579.0356" FahrtZeit="2023-02-22 10:05:13" Kennung_FahrtZeitms="2023-02-22 10:05:13:232" Fahrtsp="8.3868" FahrtspStrecke="11.1111" FahrtspSignal="-1" FahrtspZugsicherung="45.8333" Fahrtkm="52.3567" FahrtHLDruck="5" FahrtFBSchalter="14"/>
<FahrtEintrag FahrtWeg="4604.1201" FahrtZeit="2023-02-22 10:05:16" Kennung_FahrtZeitms="2023-02-22 10:05:16:498" Fahrtsp="9.1434" FahrtspStrecke="11.1111" FahrtspSignal="-1" FahrtspZugsicherung="45.8333" Fahrtkm="52.4563" FahrtHLDruck="5" FahrtFBSchalter="14"/>
<FahrtEintrag FahrtWeg="4629.3896" FahrtZeit="2023-02-22 10:05:19" Kennung_FahrtZeitms="2023-02-22 10:05:19:728" Fahrtsp="9.5171" FahrtspStrecke="11.1111" FahrtspSignal="-1" FahrtspZugsicherung="45.8333" Fahrtkm="52.4563" FahrtHLDruck="5" FahrtFBSchalter="2"/>
<FahrtEintrag FahrtWeg="4654.4229" FahrtZeit="2023-02-22 10:05:21" Kennung_FahrtZeitms="2023-02-22 10:05:21:672" Fahrtsp="9.3053" FahrtspStrecke="11.1111" FahrtspSignal="-1" FahrtspZugsicherung="45.8333" Fahrtkm="52.4563" FahrtHLDruck="5" FahrtFBSchalter="2"/>
<FahrtEintrag FahrtWeg="4679.6274" FahrtZeit="2023-02-22 10:05:24" Kennung_FahrtZeitms="2023-02-22 10:05:24:297" Fahrtsp="9.1556" FahrtspStrecke="11.1111" FahrtspSignal="-1" FahrtspZugsicherung="45.8333" Fahrtkm="52.4563" FahrtHLDruck="5" FahrtFBSchalter="5"/>
<FahrtEintrag FahrtWeg="4704.8501" FahrtZeit="2023-02-22 10:05:27" Kennung_FahrtZeitms="2023-02-22 10:05:27:146" Fahrtsp="9.243" FahrtspStrecke="11.1111" FahrtspSignal="-1" FahrtspZugsicherung="45.8333" Fahrtkm="52.5558" FahrtHLDruck="5" FahrtFBSchalter="8"/>
<FahrtEintrag FahrtWeg="4729.9429" FahrtZeit="2023-02-22 10:05:29" Kennung_FahrtZeitms="2023-02-22 10:05:29:565" Fahrtsp="9.4405" FahrtspStrecke="11.1111" FahrtspSignal="-1" FahrtspZugsicherung="45.8333" Fahrtkm="52.5558" FahrtHLDruck="5" FahrtFBSchalter="8"/>
<FahrtEintrag FahrtWeg="4755.2412" FahrtZeit="2023-02-22 10:05:32" Kennung_FahrtZeitms="2023-02-22 10:05:32:314" Fahrtsp="9.5349" FahrtspStrecke="11.1111" FahrtspSignal="-1" FahrtspZugsicherung="45.8333" Fahrtkm="52.5558" FahrtHLDruck="5" FahrtFBSchalter="3"/>
<FahrtEintrag FahrtWeg="4780.4395" FahrtZeit="2023-02-22 10:05:35" Kennung_FahrtZeitms="2023-02-22 10:05:35:642" Fahrtsp="9.4241" FahrtspStrecke="11.1111" FahrtspSignal="-1" FahrtspZugsicherung="45.8333" Fahrtkm="52.5558" FahrtHLDruck="5" FahrtFBSchalter="5"/>
<FahrtEintrag FahrtWeg="4805.5171" FahrtZeit="2023-02-22 10:05:37" Kennung_FahrtZeitms="2023-02-22 10:05:37:883" Fahrtsp="9.4151" FahrtspStrecke="11.1111" FahrtspSignal="-1" FahrtspZugsicherung="45.8333" Fahrtkm="52.6554" FahrtHLDruck="5" FahrtFBSchalter="5"/>
<FahrtEintrag FahrtWeg="4830.7837" FahrtZeit="2023-02-22 10:05:40" Kennung_FahrtZeitms="2023-02-22 10:05:40:015" Fahrtsp="9.4062" FahrtspStrecke="11.1111" FahrtspSignal="-1" FahrtspZugsicherung="45.8333" Fahrtkm="52.6554" FahrtHLDruck="5" FahrtFBSchalter="5"/>
<FahrtEintrag FahrtWeg="4855.9512" FahrtZeit="2023-02-22 10:05:43" Kennung_FahrtZeitms="2023-02-22 10:05:43:348" Fahrtsp="9.3854" FahrtspStrecke="11.1111" FahrtspSignal="-1" FahrtspZugsicherung="45.8333" Fahrtkm="52.6554" FahrtHLDruck="5" FahrtFBSchalter="4"/>
<FahrtEintrag FahrtWeg="4881.0967" FahrtZeit="2023-02-22 10:05:45" Kennung_FahrtZeitms="2023-02-22 10:05:45:592" Fahrtsp="9.3088" FahrtspStrecke="11.1111" FahrtspSignal="-1" FahrtspZugsicherung="45.8333" Fahrtkm="52.6554" FahrtHLDruck="5" FahrtFBSchalter="4"/>
<FahrtEintrag FahrtWeg="4906.1675" FahrtZeit="2023-02-22 10:05:48" Kennung_FahrtZeitms="2023-02-22 10:05:48:926" Fahrtsp="9.2328" FahrtspStrecke="11.1111" FahrtspSignal="-1" FahrtspZugsicherung="45.8333" Fahrtkm="52.7549" FahrtHLDruck="5" FahrtFBSchalter="4"/>
<FahrtEintrag FahrtWeg="4931.2256" FahrtZeit="2023-02-22 10:05:51" Kennung_FahrtZeitms="2023-02-22 10:05:51:324" Fahrtsp="9.1572" FahrtspStrecke="11.1111" FahrtspSignal="-1" FahrtspZugsicherung="45.8333" Fahrtkm="52.7549" FahrtHLDruck="5" FahrtFBSchalter="4"/>
<FahrtEintrag FahrtWeg="4956.4653" FahrtZeit="2023-02-22 10:05:54" Kennung_FahrtZeitms="2023-02-22 10:05:54:618" Fahrtsp="9.0813" FahrtspStrecke="11.1111" FahrtspSignal="-1" FahrtspZugsicherung="45.8333" Fahrtkm="52.7549" FahrtHLDruck="5" FahrtFBSchalter="4"/>
<FahrtEintrag FahrtWeg="4981.7305" FahrtZeit="2023-02-22 10:05:56" Kennung_FahrtZeitms="2023-02-22 10:05:56:924" Fahrtsp="9.0057" FahrtspStrecke="11.1111" FahrtspSignal="-1" FahrtspZugsicherung="45.8333" Fahrtkm="52.7549" FahrtHLDruck="5" FahrtFBSchalter="4"/>
<FahrtEintrag FahrtWeg="5006.8857" FahrtZeit="2023-02-22 10:05:59" Kennung_FahrtZeitms="2023-02-22 10:05:59:526" Fahrtsp="8.9332" FahrtspStrecke="11.1111" FahrtspSignal="-1" FahrtspZugsicherung="45.8333" Fahrtkm="52.8545" FahrtHLDruck="5" FahrtFBSchalter="5"/>
<FahrtEintrag FahrtWeg="5038.9087" FahrtZeit="2023-02-22 10:06:03" Kennung_FahrtZeitms="2023-02-22 10:06:03:278" Fahrtsp="8.9853" FahrtspStrecke="11.1111" FahrtspSignal="-1" FahrtspZugsicherung="45.8333" Fahrtkm="52.8545" FahrtHLDruck="5" FahrtFBSchalter="6"/>
<FahrtEintrag FahrtWeg="5057.1919" FahrtZeit="2023-02-22 10:06:05" Kennung_FahrtZeitms="2023-02-22 10:06:05:182" Fahrtsp="9.0541" FahrtspStrecke="11.1111" FahrtspSignal="-1" FahrtspZugsicherung="45.8333" Fahrtkm="52.8545" FahrtHLDruck="5" FahrtFBSchalter="6"/>
<FahrtEintrag FahrtWeg="5082.375" FahrtZeit="2023-02-22 10:06:08" Kennung_FahrtZeitms="2023-02-22 10:06:08:586" Fahrtsp="9.1213" FahrtspStrecke="11.1111" FahrtspSignal="-1" FahrtspZugsicherung="45.8333" Fahrtkm="52.9541" FahrtHLDruck="5" FahrtFBSchalter="6"/>
<FahrtEintrag FahrtWeg="5107.3877" FahrtZeit="2023-02-22 10:06:10" Kennung_FahrtZeitms="2023-02-22 10:06:10:828" Fahrtsp="9.1863" FahrtspStrecke="11.1111" FahrtspSignal="-1" FahrtspZugsicherung="45.8333" Fahrtkm="52.9541" FahrtHLDruck="5" FahrtFBSchalter="6"/>
<FahrtEintrag FahrtWeg="5132.4805" FahrtZeit="2023-02-22 10:06:13" Kennung_FahrtZeitms="2023-02-22 10:06:13:452" Fahrtsp="9.25" FahrtspStrecke="11.1111" FahrtspSignal="-1" FahrtspZugsicherung="45.8333" Fahrtkm="52.9541" FahrtHLDruck="5" FahrtFBSchalter="6"/>
<FahrtEintrag FahrtTyp="8" FahrtWeg="-1" FahrtZeit="2023-02-22 10:06:14" Kennung_FahrtZeitms="2023-02-22 10:06:14:481" Fahrtsp="-1" FahrtspStrecke="-1" FahrtspSignal="-1" FahrtspZugsicherung="-1" FahrtHLDruck="-1" FahrtParameter="48" FahrtFBSchalter="-10000"/>
<FahrtEintrag FahrtWeg="5142.44231" FahrtZeit="2023-02-22 10:06:14" Kennung_FahrtZeitms="2023-02-22 10:06:14:510" Fahrtsp="9.327" FahrtspStrecke="11.1111" FahrtspSignal="-1" FahrtspZugsicherung="45.8333" Fahrtkm="52.9589" FahrtHLDruck="5" FahrtFBSchalter="6"/>
<FahrtEintrag FahrtTyp="8" FahrtWeg="-1" FahrtZeit="2023-02-22 10:06:14" Kennung_FahrtZeitms="2023-02-22 10:06:14:611" Fahrtsp="-1" FahrtspStrecke="-1" FahrtspSignal="-1" FahrtspZugsicherung="-1" FahrtHLDruck="-1" FahrtParameter="16" FahrtFBSchalter="-10000"/>
<FahrtEintrag FahrtWeg="5157.6167" FahrtZeit="2023-02-22 10:06:16" Kennung_FahrtZeitms="2023-02-22 10:06:16:126" Fahrtsp="9.3222" FahrtspStrecke="11.1111" FahrtspSignal="-1" FahrtspZugsicherung="45.8333" Fahrtkm="52.9641" FahrtHLDruck="5" FahrtFBSchalter="6"/>
<FahrtEintrag FahrtWeg="5163.769" FahrtZeit="2023-02-22 10:06:16" Kennung_FahrtZeitms="2023-02-22 10:06:16:787" Fahrtsp="9.3272" FahrtspStrecke="11.1111" FahrtspSignal="-1" FahrtspZugsicherung="45.8333" Fahrtkm="52.9641" FahrtHLDruck="5" FahrtFBSchalter="6"/>
<FahrtEintrag FahrtWeg="5166.1094" FahrtZeit="2023-02-22 10:06:17" Kennung_FahrtZeitms="2023-02-22 10:06:17:392" Fahrtsp="9.3329" FahrtspStrecke="11.1111" FahrtspSignal="-1" FahrtspZugsicherung="45.8333" Fahrtkm="53.0374" FahrtHLDruck="5" FahrtFBSchalter="6"/>
<FahrtEintrag FahrtWeg="5191.1978" FahrtZeit="2023-02-22 10:06:19" Kennung_FahrtZeitms="2023-02-22 10:06:19:532" Fahrtsp="9.3929" FahrtspStrecke="11.1111" FahrtspSignal="-1" FahrtspZugsicherung="45.8333" Fahrtkm="53.0473" FahrtHLDruck="5" FahrtFBSchalter="6"/>
<FahrtEintrag FahrtWeg="5216.4282" FahrtZeit="2023-02-22 10:06:22" Kennung_FahrtZeitms="2023-02-22 10:06:22:013" Fahrtsp="9.4519" FahrtspStrecke="11.1111" FahrtspSignal="-1" FahrtspZugsicherung="45.8333" Fahrtkm="53.0726" FahrtHLDruck="5" FahrtFBSchalter="6"/>
<FahrtEintrag FahrtWeg="5241.5352" FahrtZeit="2023-02-22 10:06:25" Kennung_FahrtZeitms="2023-02-22 10:06:25:394" Fahrtsp="9.5092" FahrtspStrecke="11.1111" FahrtspSignal="-1" FahrtspZugsicherung="45.8333" Fahrtkm="53.0536" FahrtHLDruck="5" FahrtFBSchalter="6"/>
<FahrtEintrag FahrtWeg="5266.8345" FahrtZeit="2023-02-22 10:06:27" Kennung_FahrtZeitms="2023-02-22 10:06:27:618" Fahrtsp="9.5656" FahrtspStrecke="11.1111" FahrtspSignal="-1" FahrtspZugsicherung="45.8333" Fahrtkm="53.0536" FahrtHLDruck="5" FahrtFBSchalter="6"/>
<FahrtEintrag FahrtWeg="5292.1099" FahrtZeit="2023-02-22 10:06:30" Kennung_FahrtZeitms="2023-02-22 10:06:30:038" Fahrtsp="9.6206" FahrtspStrecke="11.1111" FahrtspSignal="-1" FahrtspZugsicherung="45.8333" Fahrtkm="53.1532" FahrtHLDruck="5" FahrtFBSchalter="6"/>
<FahrtEintrag FahrtWeg="5317.1328" FahrtZeit="2023-02-22 10:06:33" Kennung_FahrtZeitms="2023-02-22 10:06:33:394" Fahrtsp="9.6738" FahrtspStrecke="11.1111" FahrtspSignal="-1" FahrtspZugsicherung="45.8333" Fahrtkm="53.1532" FahrtHLDruck="5" FahrtFBSchalter="6"/>
<FahrtEintrag FahrtWeg="5342.2827" FahrtZeit="2023-02-22 10:06:35" Kennung_FahrtZeitms="2023-02-22 10:06:35:682" Fahrtsp="9.7261" FahrtspStrecke="11.1111" FahrtspSignal="-1" FahrtspZugsicherung="45.8333" Fahrtkm="53.1532" FahrtHLDruck="5" FahrtFBSchalter="6"/>
<FahrtEintrag FahrtWeg="5367.437" FahrtZeit="2023-02-22 10:06:38" Kennung_FahrtZeitms="2023-02-22 10:06:38:038" Fahrtsp="9.7772" FahrtspStrecke="11.1111" FahrtspSignal="-1" FahrtspZugsicherung="45.8333" Fahrtkm="53.1532" FahrtHLDruck="5" FahrtFBSchalter="6"/>
<FahrtEintrag FahrtWeg="5392.6167" FahrtZeit="2023-02-22 10:06:40" Kennung_FahrtZeitms="2023-02-22 10:06:40:184" Fahrtsp="9.8273" FahrtspStrecke="11.1111" FahrtspSignal="-1" FahrtspZugsicherung="45.8333" Fahrtkm="53.2528" FahrtHLDruck="5" FahrtFBSchalter="6"/>
<FahrtEintrag FahrtWeg="5417.6782" FahrtZeit="2023-02-22 10:06:43" Kennung_FahrtZeitms="2023-02-22 10:06:43:203" Fahrtsp="9.876" FahrtspStrecke="11.1111" FahrtspSignal="-1" FahrtspZugsicherung="45.8333" Fahrtkm="53.2528" FahrtHLDruck="5" FahrtFBSchalter="6"/>
<FahrtEintrag FahrtWeg="5442.9399" FahrtZeit="2023-02-22 10:06:45" Kennung_FahrtZeitms="2023-02-22 10:06:45:572" Fahrtsp="9.9241" FahrtspStrecke="11.1111" FahrtspSignal="-1" FahrtspZugsicherung="45.8333" Fahrtkm="53.2528" FahrtHLDruck="5" FahrtFBSchalter="6"/>
<FahrtEintrag FahrtWeg="5468.2021" FahrtZeit="2023-02-22 10:06:48" Kennung_FahrtZeitms="2023-02-22 10:06:48:827" Fahrtsp="9.9711" FahrtspStrecke="11.1111" FahrtspSignal="-1" FahrtspZugsicherung="45.8333" Fahrtkm="53.2528" FahrtHLDruck="5" FahrtFBSchalter="6"/>
<FahrtEintrag FahrtTyp="5" FahrtWeg="5479.8477" FahrtZeit="2023-02-22 10:06:49" Kennung_FahrtZeitms="2023-02-22 10:06:49:503" Fahrtsp="9.993" FahrtspStrecke="11.1111" FahrtspSignal="-1" FahrtspZugsicherung="45.8333" FahrtText="Üst Moorrasen A" Fahrtkm="53.2529" FahrtHLDruck="5" FahrtFBSchalter="6"/>
<FahrtEintrag FahrtWeg="5505.1445" FahrtZeit="2023-02-22 10:06:52" Kennung_FahrtZeitms="2023-02-22 10:06:52:139" Fahrtsp="10.038" FahrtspStrecke="11.1111" FahrtspSignal="-1" FahrtspZugsicherung="45.8333" Fahrtkm="53.3524" FahrtHLDruck="5" FahrtFBSchalter="6"/>
<FahrtEintrag FahrtWeg="5530.4834" FahrtZeit="2023-02-22 10:06:54" Kennung_FahrtZeitms="2023-02-22 10:06:54:618" Fahrtsp="10.0827" FahrtspStrecke="11.1111" FahrtspSignal="-1" FahrtspZugsicherung="45.8333" Fahrtkm="53.3524" FahrtHLDruck="5" FahrtFBSchalter="6"/>
<FahrtEintrag FahrtWeg="5555.8027" FahrtZeit="2023-02-22 10:06:57" Kennung_FahrtZeitms="2023-02-22 10:06:57:293" Fahrtsp="10.1265" FahrtspStrecke="11.1111" FahrtspSignal="-1" FahrtspZugsicherung="45.8333" Fahrtkm="53.3524" FahrtHLDruck="5" FahrtFBSchalter="6"/>
<FahrtEintrag FahrtWeg="5580.832" FahrtZeit="2023-02-22 10:06:59" Kennung_FahrtZeitms="2023-02-22 10:06:59:827" Fahrtsp="10.1689" FahrtspStrecke="11.1111" FahrtspSignal="-1" FahrtspZugsicherung="45.8333" Fahrtkm="53.452" FahrtHLDruck="5" FahrtFBSchalter="6"/>
<FahrtEintrag FahrtWeg="5606.0874" FahrtZeit="2023-02-22 10:07:02" Kennung_FahrtZeitms="2023-02-22 10:07:02:483" Fahrtsp="10.2107" FahrtspStrecke="11.1111" FahrtspSignal="-1" FahrtspZugsicherung="45.8333" Fahrtkm="53.452" FahrtHLDruck="5" FahrtFBSchalter="6"/>
<FahrtEintrag FahrtWeg="5631.1147" FahrtZeit="2023-02-22 10:07:04" Kennung_FahrtZeitms="2023-02-22 10:07:04:893" Fahrtsp="10.2513" FahrtspStrecke="11.1111" FahrtspSignal="-1" FahrtspZugsicherung="45.8333" Fahrtkm="53.452" FahrtHLDruck="5" FahrtFBSchalter="6"/>
<FahrtEintrag FahrtWeg="5656.437" FahrtZeit="2023-02-22 10:07:07" Kennung_FahrtZeitms="2023-02-22 10:07:07:392" Fahrtsp="10.2916" FahrtspStrecke="11.1111" FahrtspSignal="-1" FahrtspZugsicherung="45.8333" Fahrtkm="53.452" FahrtHLDruck="5" FahrtFBSchalter="6"/>
<FahrtEintrag FahrtWeg="5681.709" FahrtZeit="2023-02-22 10:07:09" Kennung_FahrtZeitms="2023-02-22 10:07:09:739" Fahrtsp="10.331" FahrtspStrecke="11.1111" FahrtspSignal="-1" FahrtspZugsicherung="45.8333" Fahrtkm="53.5516" FahrtHLDruck="5" FahrtFBSchalter="6"/>
<FahrtEintrag FahrtWeg="5706.7339" FahrtZeit="2023-02-22 10:07:12" Kennung_FahrtZeitms="2023-02-22 10:07:12:083" Fahrtsp="10.3692" FahrtspStrecke="11.1111" FahrtspSignal="-1" FahrtspZugsicherung="45.8333" Fahrtkm="53.5516" FahrtHLDruck="5" FahrtFBSchalter="6"/>
<FahrtEintrag FahrtWeg="5731.8301" FahrtZeit="2023-02-22 10:07:14" Kennung_FahrtZeitms="2023-02-22 10:07:14:427" Fahrtsp="10.4068" FahrtspStrecke="11.1111" FahrtspSignal="-1" FahrtspZugsicherung="45.8333" Fahrtkm="53.5516" FahrtHLDruck="5" FahrtFBSchalter="6"/>
<FahrtEintrag FahrtWeg="5757.0835" FahrtZeit="2023-02-22 10:07:16" Kennung_FahrtZeitms="2023-02-22 10:07:16:893" Fahrtsp="10.4439" FahrtspStrecke="11.1111" FahrtspSignal="-1" FahrtspZugsicherung="45.8333" Fahrtkm="53.5516" FahrtHLDruck="5" FahrtFBSchalter="6"/>
<FahrtEintrag FahrtWeg="5782.2788" FahrtZeit="2023-02-22 10:07:19" Kennung_FahrtZeitms="2023-02-22 10:07:19:239" Fahrtsp="10.4802" FahrtspStrecke="11.1111" FahrtspSignal="-1" FahrtspZugsicherung="45.8333" Fahrtkm="53.6523" FahrtHLDruck="5" FahrtFBSchalter="6"/>
<FahrtEintrag FahrtWeg="5807.5264" FahrtZeit="2023-02-22 10:07:21" Kennung_FahrtZeitms="2023-02-22 10:07:21:538" Fahrtsp="10.5158" FahrtspStrecke="11.1111" FahrtspSignal="-1" FahrtspZugsicherung="45.8333" Fahrtkm="53.674" FahrtHLDruck="5" FahrtFBSchalter="6"/>
<FahrtEintrag FahrtWeg="5832.6191" FahrtZeit="2023-02-22 10:07:24" Kennung_FahrtZeitms="2023-02-22 10:07:24:893" Fahrtsp="10.2903" FahrtspStrecke="11.1111" FahrtspSignal="-1" FahrtspZugsicherung="45.8333" Fahrtkm="53.674" FahrtHLDruck="5"/>
<FahrtEintrag FahrtWeg="5857.6279" FahrtZeit="2023-02-22 10:07:26" Kennung_FahrtZeitms="2023-02-22 10:07:26:392" Fahrtsp="9.7219" FahrtspStrecke="11.1111" FahrtspSignal="-1" FahrtspZugsicherung="45.8333" Fahrtkm="53.6739" FahrtHLDruck="5" FahrtFBSchalter="-12"/>
<FahrtEintrag FahrtTyp="7" FahrtWeg="5880.0796" FahrtZeit="2023-02-22 10:07:28" Kennung_FahrtZeitms="2023-02-22 10:07:28:573" Fahrtsp="8.3623" FahrtspStrecke="11.1111" FahrtspSignal="-1" FahrtspZugsicherung="45.8333" Fahrtkm="53.7325" FahrtHLDruck="5" FahrtFBSchalter="-86"/>
<FahrtEintrag FahrtWeg="5905.1406" FahrtZeit="2023-02-22 10:07:33" Kennung_FahrtZeitms="2023-02-22 10:07:33:827" Fahrtsp="3.0849" FahrtspStrecke="11.1111" FahrtspSignal="-1" FahrtspZugsicherung="45.8333" Fahrtkm="53.7323" FahrtHLDruck="5" FahrtFBSchalter="-100"/>
<FahrtEintrag FahrtTyp="1" FahrtWeg="5909.144" FahrtZeit="2023-02-22 10:07:37" Kennung_FahrtZeitms="2023-02-22 10:07:37:482" FahrtspStrecke="11.1111" FahrtspSignal="-1" FahrtspZugsicherung="45.8333" Fahrtkm="53.7322" FahrtHLDruck="5"/>
<FahrtEintrag FahrtWeg="5908.5718" FahrtZeit="2023-02-22 10:07:42" Kennung_FahrtZeitms="2023-02-22 10:07:42:572" Fahrtsp="-0.2024" FahrtspStrecke="11.1111" FahrtspSignal="-1" FahrtspZugsicherung="45.8333" Fahrtkm="53.7322" FahrtHLDruck="5"/>
<FahrtEintrag FahrtTyp="1" FahrtWeg="5908.3223" FahrtZeit="2023-02-22 10:07:44" Kennung_FahrtZeitms="2023-02-22 10:07:44:392" FahrtspStrecke="11.1111" FahrtspSignal="-1" FahrtspZugsicherung="45.8333" Fahrtkm="53.7322" FahrtHLDruck="5"/>
<FahrtEintrag FahrtWeg="5908.3223" FahrtZeit="2023-02-22 10:07:49" Kennung_FahrtZeitms="2023-02-22 10:07:49:294" FahrtspStrecke="11.1111" FahrtspSignal="-1" FahrtspZugsicherung="45.8333" Fahrtkm="53.7322" FahrtHLDruck="5"/>
<FahrtEintrag FahrtWeg="5908.3223" FahrtZeit="2023-02-22 10:07:54" Kennung_FahrtZeitms="2023-02-22 10:07:54:842" FahrtspStrecke="11.1111" FahrtspSignal="-1" FahrtspZugsicherung="45.8333" Fahrtkm="53.7322" FahrtHLDruck="5"/>
<FahrtEintrag FahrtWeg="5908.3223" FahrtZeit="2023-02-22 10:07:59" Kennung_FahrtZeitms="2023-02-22 10:07:59:758" FahrtspStrecke="11.1111" FahrtspSignal="-1" FahrtspZugsicherung="45.8333" Fahrtkm="53.7322" FahrtHLDruck="5"/>
</result>
</Zusi>
