﻿<?xml version="1.0" encoding="UTF-8"?>
<Zusi>
<Info DateiTyp="result" Version="A.1" MinVersion="A.0"/>
<result Zugnummer="4711 (FaS)" Datum="2023-01-12 14:19:31" Verbrauch="160050544">
<FahrtEintrag FahrtTyp="2" FahrtWeg="1516.7542" FahrtZeit="2023-01-12 09:50:00" FahrtspStrecke="11.1111" FahrtspSignal="-1" FahrtspZugsicherung="-1" FahrtText="" Fahrtkm="49.3855" FahrtHLDruck="5" FahrtFplAnk="44938.410156" FahrtFplAbf="44938.417969"/>
<FahrtEintrag FahrtWeg="1516.7542" FahrtZeit="2023-01-12 09:50:05" Kennung_FahrtZeitms="2023-01-12 09:50:05:000" FahrtspStrecke="11.1111" FahrtspSignal="-1" FahrtspZugsicherung="45.8333" Fahrtkm="49.3855" FahrtHLDruck="5"/>
<FahrtEintrag FahrtWeg="1516.7542" FahrtZeit="2023-01-12 09:50:10" Kennung_FahrtZeitms="2023-01-12 09:50:10:000" FahrtspStrecke="11.1111" FahrtspSignal="-1" FahrtspZugsicherung="45.8333" Fahrtkm="49.3855" FahrtHLDruck="5"/>
<FahrtEintrag FahrtWeg="1516.7542" FahrtZeit="2023-01-12 09:50:15" Kennung_FahrtZeitms="2023-01-12 09:50:15:000" FahrtspStrecke="11.1111" FahrtspSignal="-1" FahrtspZugsicherung="45.8333" Fahrtkm="49.3855" FahrtHLDruck="5"/>
<FahrtEintrag FahrtWeg="1516.7542" FahrtZeit="2023-01-12 09:50:20" Kennung_FahrtZeitms="2023-01-12 09:50:20:000" FahrtspStrecke="11.1111" FahrtspSignal="-1" FahrtspZugsicherung="45.8333" Fahrtkm="49.3855" FahrtHLDruck="5"/>
<FahrtEintrag FahrtWeg="1516.7542" FahrtZeit="2023-01-12 09:50:25" Kennung_FahrtZeitms="2023-01-12 09:50:25:000" FahrtspStrecke="11.1111" FahrtspSignal="-1" FahrtspZugsicherung="45.8333" Fahrtkm="49.3855" FahrtHLDruck="5"/>
<FahrtEintrag FahrtWeg="1516.7542" FahrtZeit="2023-01-12 09:50:30" Kennung_FahrtZeitms="2023-01-12 09:50:30:000" FahrtspStrecke="11.1111" FahrtspSignal="-1" FahrtspZugsicherung="45.8333" Fahrtkm="49.3855" FahrtHLDruck="5"/>
<FahrtEintrag FahrtWeg="1516.7542" FahrtZeit="2023-01-12 09:50:35" Kennung_FahrtZeitms="2023-01-12 09:50:35:000" FahrtspStrecke="11.1111" FahrtspSignal="-1" FahrtspZugsicherung="45.8333" Fahrtkm="49.3855" FahrtHLDruck="5"/>
<FahrtEintrag FahrtWeg="1516.7542" FahrtZeit="2023-01-12 09:50:40" Kennung_FahrtZeitms="2023-01-12 09:50:40:000" FahrtspStrecke="11.1111" FahrtspSignal="-1" FahrtspZugsicherung="45.8333" Fahrtkm="49.3855" FahrtHLDruck="5"/>
<FahrtEintrag FahrtWeg="1516.7542" FahrtZeit="2023-01-12 09:50:45" Kennung_FahrtZeitms="2023-01-12 09:50:45:000" FahrtspStrecke="11.1111" FahrtspSignal="-1" FahrtspZugsicherung="45.8333" Fahrtkm="49.3855" FahrtHLDruck="5"/>
<FahrtEintrag FahrtWeg="1516.7542" FahrtZeit="2023-01-12 09:50:50" Kennung_FahrtZeitms="2023-01-12 09:50:50:000" FahrtspStrecke="11.1111" FahrtspSignal="-1" FahrtspZugsicherung="45.8333" Fahrtkm="49.3855" FahrtHLDruck="5"/>
<FahrtEintrag FahrtWeg="1516.7542" FahrtZeit="2023-01-12 09:50:55" Kennung_FahrtZeitms="2023-01-12 09:50:55:000" FahrtspStrecke="11.1111" FahrtspSignal="-1" FahrtspZugsicherung="45.8333" Fahrtkm="49.3855" FahrtHLDruck="5"/>
<FahrtEintrag FahrtWeg="1516.7542" FahrtZeit="2023-01-12 09:51:00" Kennung_FahrtZeitms="2023-01-12 09:51:00:000" FahrtspStrecke="11.1111" FahrtspSignal="-1" FahrtspZugsicherung="45.8333" Fahrtkm="49.3855" FahrtHLDruck="5"/>
<FahrtEintrag FahrtWeg="1516.7542" FahrtZeit="2023-01-12 09:51:05" Kennung_FahrtZeitms="2023-01-12 09:51:05:000" FahrtspStrecke="11.1111" FahrtspSignal="-1" FahrtspZugsicherung="45.8333" Fahrtkm="49.3855" FahrtHLDruck="5"/>
<FahrtEintrag FahrtWeg="1516.7542" FahrtZeit="2023-01-12 09:51:10" Kennung_FahrtZeitms="2023-01-12 09:51:10:000" FahrtspStrecke="11.1111" FahrtspSignal="-1" FahrtspZugsicherung="45.8333" Fahrtkm="49.3855" FahrtHLDruck="5"/>
<FahrtEintrag FahrtWeg="1516.7542" FahrtZeit="2023-01-12 09:51:15" Kennung_FahrtZeitms="2023-01-12 09:51:15:000" FahrtspStrecke="11.1111" FahrtspSignal="-1" FahrtspZugsicherung="45.8333" Fahrtkm="49.3855" FahrtHLDruck="5"/>
<FahrtEintrag FahrtWeg="1516.7542" FahrtZeit="2023-01-12 09:51:20" Kennung_FahrtZeitms="2023-01-12 09:51:20:000" FahrtspStrecke="11.1111" FahrtspSignal="-1" FahrtspZugsicherung="45.8333" Fahrtkm="49.3855" FahrtHLDruck="5"/>
<FahrtEintrag FahrtWeg="1516.7542" FahrtZeit="2023-01-12 09:51:25" Kennung_FahrtZeitms="2023-01-12 09:51:25:000" FahrtspStrecke="11.1111" FahrtspSignal="-1" FahrtspZugsicherung="45.8333" Fahrtkm="49.3855" FahrtHLDruck="5"/>
<FahrtEintrag FahrtWeg="1516.7542" FahrtZeit="2023-01-12 09:51:30" Kennung_FahrtZeitms="2023-01-12 09:51:30:000" FahrtspStrecke="11.1111" FahrtspSignal="-1" FahrtspZugsicherung="45.8333" Fahrtkm="49.3855" FahrtHLDruck="5"/>
<FahrtEintrag FahrtWeg="1516.7542" FahrtZeit="2023-01-12 09:51:35" Kennung_FahrtZeitms="2023-01-12 09:51:35:000" FahrtspStrecke="11.1111" FahrtspSignal="-1" FahrtspZugsicherung="45.8333" Fahrtkm="49.3855" FahrtHLDruck="5"/>
<FahrtEintrag FahrtWeg="1516.7542" FahrtZeit="2023-01-12 09:51:40" Kennung_FahrtZeitms="2023-01-12 09:51:40:000" FahrtspStrecke="11.1111" FahrtspSignal="-1" FahrtspZugsicherung="45.8333" Fahrtkm="49.3855" FahrtHLDruck="5"/>
<FahrtEintrag FahrtWeg="1516.7542" FahrtZeit="2023-01-12 09:51:45" Kennung_FahrtZeitms="2023-01-12 09:51:45:000" FahrtspStrecke="11.1111" FahrtspSignal="-1" FahrtspZugsicherung="45.8333" Fahrtkm="49.3855" FahrtHLDruck="5"/>
<FahrtEintrag FahrtWeg="1516.7542" FahrtZeit="2023-01-12 09:51:50" Kennung_FahrtZeitms="2023-01-12 09:51:50:000" FahrtspStrecke="11.1111" FahrtspSignal="-1" FahrtspZugsicherung="45.8333" Fahrtkm="49.3855" FahrtHLDruck="5"/>
<FahrtEintrag FahrtWeg="1516.7542" FahrtZeit="2023-01-12 09:51:55" Kennung_FahrtZeitms="2023-01-12 09:51:55:000" FahrtspStrecke="11.1111" FahrtspSignal="-1" FahrtspZugsicherung="45.8333" Fahrtkm="49.3855" FahrtHLDruck="5"/>
<FahrtEintrag FahrtWeg="1516.7542" FahrtZeit="2023-01-12 09:52:00" Kennung_FahrtZeitms="2023-01-12 09:52:00:000" FahrtspStrecke="11.1111" FahrtspSignal="-1" FahrtspZugsicherung="45.8333" Fahrtkm="49.3855" FahrtHLDruck="5"/>
<FahrtEintrag FahrtWeg="1516.7542" FahrtZeit="2023-01-12 09:52:05" Kennung_FahrtZeitms="2023-01-12 09:52:05:000" FahrtspStrecke="11.1111" FahrtspSignal="-1" FahrtspZugsicherung="45.8333" Fahrtkm="49.3855" FahrtHLDruck="5"/>
<FahrtEintrag FahrtWeg="1516.7542" FahrtZeit="2023-01-12 09:52:10" Kennung_FahrtZeitms="2023-01-12 09:52:10:000" FahrtspStrecke="11.1111" FahrtspSignal="-1" FahrtspZugsicherung="45.8333" Fahrtkm="49.3855" FahrtHLDruck="5"/>
<FahrtEintrag FahrtWeg="1516.7542" FahrtZeit="2023-01-12 09:52:15" Kennung_FahrtZeitms="2023-01-12 09:52:15:000" FahrtspStrecke="11.1111" FahrtspSignal="-1" FahrtspZugsicherung="45.8333" Fahrtkm="49.3855" FahrtHLDruck="5"/>
<FahrtEintrag FahrtWeg="1516.7542" FahrtZeit="2023-01-12 09:52:20" Kennung_FahrtZeitms="2023-01-12 09:52:20:000" FahrtspStrecke="11.1111" FahrtspSignal="-1" FahrtspZugsicherung="45.8333" Fahrtkm="49.3855" FahrtHLDruck="5"/>
<FahrtEintrag FahrtWeg="1516.7542" FahrtZeit="2023-01-12 09:52:25" Kennung_FahrtZeitms="2023-01-12 09:52:25:000" FahrtspStrecke="11.1111" FahrtspSignal="-1" FahrtspZugsicherung="45.8333" Fahrtkm="49.3855" FahrtHLDruck="5"/>
<FahrtEintrag FahrtWeg="1516.7542" FahrtZeit="2023-01-12 09:52:30" Kennung_FahrtZeitms="2023-01-12 09:52:30:000" FahrtspStrecke="11.1111" FahrtspSignal="-1" FahrtspZugsicherung="45.8333" Fahrtkm="49.3855" FahrtHLDruck="5"/>
<FahrtEintrag FahrtWeg="1516.7542" FahrtZeit="2023-01-12 09:52:35" Kennung_FahrtZeitms="2023-01-12 09:52:35:000" FahrtspStrecke="11.1111" FahrtspSignal="-1" FahrtspZugsicherung="45.8333" Fahrtkm="49.3855" FahrtHLDruck="5"/>
<FahrtEintrag FahrtWeg="1516.7542" FahrtZeit="2023-01-12 09:52:40" Kennung_FahrtZeitms="2023-01-12 09:52:40:000" FahrtspStrecke="11.1111" FahrtspSignal="-1" FahrtspZugsicherung="45.8333" Fahrtkm="49.3855" FahrtHLDruck="5"/>
<FahrtEintrag FahrtWeg="1516.7542" FahrtZeit="2023-01-12 09:52:45" Kennung_FahrtZeitms="2023-01-12 09:52:45:000" FahrtspStrecke="11.1111" FahrtspSignal="-1" FahrtspZugsicherung="45.8333" Fahrtkm="49.3855" FahrtHLDruck="5"/>
<FahrtEintrag FahrtWeg="1516.7542" FahrtZeit="2023-01-12 09:52:50" Kennung_FahrtZeitms="2023-01-12 09:52:50:000" FahrtspStrecke="11.1111" FahrtspSignal="-1" FahrtspZugsicherung="45.8333" Fahrtkm="49.3855" FahrtHLDruck="5"/>
<FahrtEintrag FahrtWeg="1516.7542" FahrtZeit="2023-01-12 09:52:55" Kennung_FahrtZeitms="2023-01-12 09:52:55:000" FahrtspStrecke="11.1111" FahrtspSignal="-1" FahrtspZugsicherung="45.8333" Fahrtkm="49.3855" FahrtHLDruck="5"/>
<FahrtEintrag FahrtWeg="1516.7542" FahrtZeit="2023-01-12 09:53:00" Kennung_FahrtZeitms="2023-01-12 09:53:00:000" FahrtspStrecke="11.1111" FahrtspSignal="-1" FahrtspZugsicherung="45.8333" Fahrtkm="49.3855" FahrtHLDruck="5"/>
<FahrtEintrag FahrtWeg="1516.7542" FahrtZeit="2023-01-12 09:53:05" Kennung_FahrtZeitms="2023-01-12 09:53:05:000" FahrtspStrecke="11.1111" FahrtspSignal="-1" FahrtspZugsicherung="45.8333" Fahrtkm="49.3855" FahrtHLDruck="5"/>
<FahrtEintrag FahrtWeg="1516.7542" FahrtZeit="2023-01-12 09:53:11" Kennung_FahrtZeitms="2023-01-12 09:53:11:000" FahrtspStrecke="11.1111" FahrtspSignal="-1" FahrtspZugsicherung="45.8333" Fahrtkm="49.3855" FahrtHLDruck="5"/>
<FahrtEintrag FahrtWeg="1516.7542" FahrtZeit="2023-01-12 09:53:16" Kennung_FahrtZeitms="2023-01-12 09:53:16:000" FahrtspStrecke="11.1111" FahrtspSignal="-1" FahrtspZugsicherung="45.8333" Fahrtkm="49.3855" FahrtHLDruck="5"/>
<FahrtEintrag FahrtWeg="1516.7542" FahrtZeit="2023-01-12 09:53:21" Kennung_FahrtZeitms="2023-01-12 09:53:21:000" FahrtspStrecke="11.1111" FahrtspSignal="-1" FahrtspZugsicherung="45.8333" Fahrtkm="49.3855" FahrtHLDruck="5"/>
<FahrtEintrag FahrtWeg="1516.7542" FahrtZeit="2023-01-12 09:53:26" Kennung_FahrtZeitms="2023-01-12 09:53:26:000" FahrtspStrecke="11.1111" FahrtspSignal="-1" FahrtspZugsicherung="45.8333" Fahrtkm="49.3855" FahrtHLDruck="5"/>
<FahrtEintrag FahrtWeg="1516.7542" FahrtZeit="2023-01-12 09:53:31" Kennung_FahrtZeitms="2023-01-12 09:53:31:000" FahrtspStrecke="11.1111" FahrtspSignal="-1" FahrtspZugsicherung="45.8333" Fahrtkm="49.3855" FahrtHLDruck="5"/>
<FahrtEintrag FahrtWeg="1516.7542" FahrtZeit="2023-01-12 09:53:36" Kennung_FahrtZeitms="2023-01-12 09:53:36:000" FahrtspStrecke="11.1111" FahrtspSignal="-1" FahrtspZugsicherung="45.8333" Fahrtkm="49.3855" FahrtHLDruck="5"/>
<FahrtEintrag FahrtWeg="1516.7542" FahrtZeit="2023-01-12 09:53:41" Kennung_FahrtZeitms="2023-01-12 09:53:41:000" FahrtspStrecke="11.1111" FahrtspSignal="-1" FahrtspZugsicherung="45.8333" Fahrtkm="49.3855" FahrtHLDruck="5"/>
<FahrtEintrag FahrtWeg="1516.7542" FahrtZeit="2023-01-12 09:53:46" Kennung_FahrtZeitms="2023-01-12 09:53:46:000" FahrtspStrecke="11.1111" FahrtspSignal="-1" FahrtspZugsicherung="45.8333" Fahrtkm="49.3855" FahrtHLDruck="5"/>
<FahrtEintrag FahrtWeg="1516.7542" FahrtZeit="2023-01-12 09:53:51" Kennung_FahrtZeitms="2023-01-12 09:53:51:000" FahrtspStrecke="11.1111" FahrtspSignal="-1" FahrtspZugsicherung="45.8333" Fahrtkm="49.3855" FahrtHLDruck="5"/>
<FahrtEintrag FahrtWeg="1516.7542" FahrtZeit="2023-01-12 09:53:56" Kennung_FahrtZeitms="2023-01-12 09:53:56:000" FahrtspStrecke="11.1111" FahrtspSignal="-1" FahrtspZugsicherung="45.8333" Fahrtkm="49.3855" FahrtHLDruck="5"/>
<FahrtEintrag FahrtWeg="1516.7542" FahrtZeit="2023-01-12 09:54:01" Kennung_FahrtZeitms="2023-01-12 09:54:01:000" FahrtspStrecke="11.1111" FahrtspSignal="-1" FahrtspZugsicherung="45.8333" Fahrtkm="49.3855" FahrtHLDruck="5"/>
<FahrtEintrag FahrtWeg="1516.7542" FahrtZeit="2023-01-12 09:54:06" Kennung_FahrtZeitms="2023-01-12 09:54:06:000" FahrtspStrecke="11.1111" FahrtspSignal="-1" FahrtspZugsicherung="45.8333" Fahrtkm="49.3855" FahrtHLDruck="5"/>
<FahrtEintrag FahrtWeg="1516.7542" FahrtZeit="2023-01-12 09:54:11" Kennung_FahrtZeitms="2023-01-12 09:54:11:000" FahrtspStrecke="11.1111" FahrtspSignal="-1" FahrtspZugsicherung="45.8333" Fahrtkm="49.3855" FahrtHLDruck="5"/>
<FahrtEintrag FahrtWeg="1516.7542" FahrtZeit="2023-01-12 09:54:16" Kennung_FahrtZeitms="2023-01-12 09:54:16:000" FahrtspStrecke="11.1111" FahrtspSignal="-1" FahrtspZugsicherung="45.8333" Fahrtkm="49.3855" FahrtHLDruck="5"/>
<FahrtEintrag FahrtWeg="1516.7542" FahrtZeit="2023-01-12 09:54:21" Kennung_FahrtZeitms="2023-01-12 09:54:21:000" FahrtspStrecke="11.1111" FahrtspSignal="-1" FahrtspZugsicherung="45.8333" Fahrtkm="49.3855" FahrtHLDruck="5"/>
<FahrtEintrag FahrtWeg="1516.7542" FahrtZeit="2023-01-12 09:54:26" Kennung_FahrtZeitms="2023-01-12 09:54:26:000" FahrtspStrecke="11.1111" FahrtspSignal="-1" FahrtspZugsicherung="45.8333" Fahrtkm="49.3855" FahrtHLDruck="5"/>
<FahrtEintrag FahrtWeg="1516.7542" FahrtZeit="2023-01-12 09:54:31" Kennung_FahrtZeitms="2023-01-12 09:54:31:000" FahrtspStrecke="11.1111" FahrtspSignal="-1" FahrtspZugsicherung="45.8333" Fahrtkm="49.3855" FahrtHLDruck="5"/>
<FahrtEintrag FahrtWeg="1516.7542" FahrtZeit="2023-01-12 09:54:36" Kennung_FahrtZeitms="2023-01-12 09:54:36:000" FahrtspStrecke="11.1111" FahrtspSignal="-1" FahrtspZugsicherung="45.8333" Fahrtkm="49.3855" FahrtHLDruck="5"/>
<FahrtEintrag FahrtWeg="1516.7542" FahrtZeit="2023-01-12 09:54:41" Kennung_FahrtZeitms="2023-01-12 09:54:41:000" FahrtspStrecke="11.1111" FahrtspSignal="-1" FahrtspZugsicherung="45.8333" Fahrtkm="49.3855" FahrtHLDruck="5"/>
<FahrtEintrag FahrtWeg="1516.7542" FahrtZeit="2023-01-12 09:54:46" Kennung_FahrtZeitms="2023-01-12 09:54:46:000" FahrtspStrecke="11.1111" FahrtspSignal="-1" FahrtspZugsicherung="45.8333" Fahrtkm="49.3855" FahrtHLDruck="5"/>
<FahrtEintrag FahrtWeg="1516.7542" FahrtZeit="2023-01-12 09:54:51" Kennung_FahrtZeitms="2023-01-12 09:54:51:000" FahrtspStrecke="11.1111" FahrtspSignal="-1" FahrtspZugsicherung="45.8333" Fahrtkm="49.3855" FahrtHLDruck="5"/>
<FahrtEintrag FahrtWeg="1516.7542" FahrtZeit="2023-01-12 09:54:56" Kennung_FahrtZeitms="2023-01-12 09:54:56:000" FahrtspStrecke="11.1111" FahrtspSignal="-1" FahrtspZugsicherung="45.8333" Fahrtkm="49.3855" FahrtHLDruck="5"/>
<FahrtEintrag FahrtWeg="1516.7542" FahrtZeit="2023-01-12 09:55:01" Kennung_FahrtZeitms="2023-01-12 09:55:01:000" FahrtspStrecke="11.1111" FahrtspSignal="-1" FahrtspZugsicherung="45.8333" Fahrtkm="49.3855" FahrtHLDruck="5"/>
<FahrtEintrag FahrtWeg="1516.7542" FahrtZeit="2023-01-12 09:55:06" Kennung_FahrtZeitms="2023-01-12 09:55:06:000" FahrtspStrecke="11.1111" FahrtspSignal="-1" FahrtspZugsicherung="45.8333" Fahrtkm="49.3855" FahrtHLDruck="5"/>
<FahrtEintrag FahrtWeg="1516.7542" FahrtZeit="2023-01-12 09:55:11" Kennung_FahrtZeitms="2023-01-12 09:55:11:000" FahrtspStrecke="11.1111" FahrtspSignal="-1" FahrtspZugsicherung="45.8333" Fahrtkm="49.3855" FahrtHLDruck="5"/>
<FahrtEintrag FahrtWeg="1516.7542" FahrtZeit="2023-01-12 09:55:16" Kennung_FahrtZeitms="2023-01-12 09:55:16:000" FahrtspStrecke="11.1111" FahrtspSignal="-1" FahrtspZugsicherung="45.8333" Fahrtkm="49.3855" FahrtHLDruck="5"/>
<FahrtEintrag FahrtWeg="1516.7542" FahrtZeit="2023-01-12 09:55:21" Kennung_FahrtZeitms="2023-01-12 09:55:21:000" FahrtspStrecke="11.1111" FahrtspSignal="-1" FahrtspZugsicherung="45.8333" Fahrtkm="49.3855" FahrtHLDruck="5"/>
<FahrtEintrag FahrtWeg="1516.7542" FahrtZeit="2023-01-12 09:55:26" Kennung_FahrtZeitms="2023-01-12 09:55:26:000" FahrtspStrecke="11.1111" FahrtspSignal="-1" FahrtspZugsicherung="45.8333" Fahrtkm="49.3855" FahrtHLDruck="5"/>
<FahrtEintrag FahrtWeg="1516.7542" FahrtZeit="2023-01-12 09:55:31" Kennung_FahrtZeitms="2023-01-12 09:55:31:000" FahrtspStrecke="11.1111" FahrtspSignal="-1" FahrtspZugsicherung="45.8333" Fahrtkm="49.3855" FahrtHLDruck="5"/>
<FahrtEintrag FahrtWeg="1516.7542" FahrtZeit="2023-01-12 09:55:36" Kennung_FahrtZeitms="2023-01-12 09:55:36:000" FahrtspStrecke="11.1111" FahrtspSignal="-1" FahrtspZugsicherung="45.8333" Fahrtkm="49.3855" FahrtHLDruck="5"/>
<FahrtEintrag FahrtWeg="1516.7542" FahrtZeit="2023-01-12 09:55:41" Kennung_FahrtZeitms="2023-01-12 09:55:41:000" FahrtspStrecke="11.1111" FahrtspSignal="-1" FahrtspZugsicherung="45.8333" Fahrtkm="49.3855" FahrtHLDruck="5"/>
<FahrtEintrag FahrtWeg="1516.7542" FahrtZeit="2023-01-12 09:55:46" Kennung_FahrtZeitms="2023-01-12 09:55:46:000" FahrtspStrecke="11.1111" FahrtspSignal="-1" FahrtspZugsicherung="45.8333" Fahrtkm="49.3855" FahrtHLDruck="5"/>
<FahrtEintrag FahrtWeg="1516.7542" FahrtZeit="2023-01-12 09:55:51" Kennung_FahrtZeitms="2023-01-12 09:55:51:000" FahrtspStrecke="11.1111" FahrtspSignal="-1" FahrtspZugsicherung="45.8333" Fahrtkm="49.3855" FahrtHLDruck="5"/>
<FahrtEintrag FahrtWeg="1516.7542" FahrtZeit="2023-01-12 09:55:56" Kennung_FahrtZeitms="2023-01-12 09:55:56:000" FahrtspStrecke="11.1111" FahrtspSignal="-1" FahrtspZugsicherung="45.8333" Fahrtkm="49.3855" FahrtHLDruck="5"/>
<FahrtEintrag FahrtWeg="1516.7542" FahrtZeit="2023-01-12 09:56:01" Kennung_FahrtZeitms="2023-01-12 09:56:01:000" FahrtspStrecke="11.1111" FahrtspSignal="-1" FahrtspZugsicherung="45.8333" Fahrtkm="49.3855" FahrtHLDruck="5"/>
<FahrtEintrag FahrtWeg="1516.7542" FahrtZeit="2023-01-12 09:56:06" Kennung_FahrtZeitms="2023-01-12 09:56:06:000" FahrtspStrecke="11.1111" FahrtspSignal="-1" FahrtspZugsicherung="45.8333" Fahrtkm="49.3855" FahrtHLDruck="5"/>
<FahrtEintrag FahrtWeg="1516.7542" FahrtZeit="2023-01-12 09:56:11" Kennung_FahrtZeitms="2023-01-12 09:56:11:000" FahrtspStrecke="11.1111" FahrtspSignal="-1" FahrtspZugsicherung="45.8333" Fahrtkm="49.3855" FahrtHLDruck="5"/>
<FahrtEintrag FahrtWeg="1516.7542" FahrtZeit="2023-01-12 09:56:16" Kennung_FahrtZeitms="2023-01-12 09:56:16:000" FahrtspStrecke="11.1111" FahrtspSignal="-1" FahrtspZugsicherung="45.8333" Fahrtkm="49.3855" FahrtHLDruck="5"/>
<FahrtEintrag FahrtWeg="1516.7542" FahrtZeit="2023-01-12 09:56:21" Kennung_FahrtZeitms="2023-01-12 09:56:21:000" FahrtspStrecke="11.1111" FahrtspSignal="-1" FahrtspZugsicherung="45.8333" Fahrtkm="49.3855" FahrtHLDruck="5"/>
<FahrtEintrag FahrtWeg="1516.7542" FahrtZeit="2023-01-12 09:56:26" Kennung_FahrtZeitms="2023-01-12 09:56:26:000" FahrtspStrecke="11.1111" FahrtspSignal="-1" FahrtspZugsicherung="45.8333" Fahrtkm="49.3855" FahrtHLDruck="5"/>
<FahrtEintrag FahrtWeg="1516.7542" FahrtZeit="2023-01-12 09:56:31" Kennung_FahrtZeitms="2023-01-12 09:56:31:000" FahrtspStrecke="11.1111" FahrtspSignal="-1" FahrtspZugsicherung="45.8333" Fahrtkm="49.3855" FahrtHLDruck="5"/>
<FahrtEintrag FahrtWeg="1516.7542" FahrtZeit="2023-01-12 09:56:36" Kennung_FahrtZeitms="2023-01-12 09:56:36:000" FahrtspStrecke="11.1111" FahrtspSignal="-1" FahrtspZugsicherung="45.8333" Fahrtkm="49.3855" FahrtHLDruck="5"/>
<FahrtEintrag FahrtWeg="1516.7542" FahrtZeit="2023-01-12 09:56:41" Kennung_FahrtZeitms="2023-01-12 09:56:41:000" FahrtspStrecke="11.1111" FahrtspSignal="-1" FahrtspZugsicherung="45.8333" Fahrtkm="49.3855" FahrtHLDruck="5"/>
<FahrtEintrag FahrtWeg="1516.7542" FahrtZeit="2023-01-12 09:56:46" Kennung_FahrtZeitms="2023-01-12 09:56:46:000" FahrtspStrecke="11.1111" FahrtspSignal="-1" FahrtspZugsicherung="45.8333" Fahrtkm="49.3855" FahrtHLDruck="5"/>
<FahrtEintrag FahrtWeg="1516.7542" FahrtZeit="2023-01-12 09:56:51" Kennung_FahrtZeitms="2023-01-12 09:56:51:000" FahrtspStrecke="11.1111" FahrtspSignal="-1" FahrtspZugsicherung="45.8333" Fahrtkm="49.3855" FahrtHLDruck="5"/>
<FahrtEintrag FahrtWeg="1516.7542" FahrtZeit="2023-01-12 09:56:56" Kennung_FahrtZeitms="2023-01-12 09:56:56:000" FahrtspStrecke="11.1111" FahrtspSignal="-1" FahrtspZugsicherung="45.8333" Fahrtkm="49.3855" FahrtHLDruck="5"/>
<FahrtEintrag FahrtWeg="1516.7542" FahrtZeit="2023-01-12 09:57:01" Kennung_FahrtZeitms="2023-01-12 09:57:01:000" FahrtspStrecke="11.1111" FahrtspSignal="-1" FahrtspZugsicherung="45.8333" Fahrtkm="49.3855" FahrtHLDruck="5"/>
<FahrtEintrag FahrtWeg="1516.7542" FahrtZeit="2023-01-12 09:57:06" Kennung_FahrtZeitms="2023-01-12 09:57:06:000" FahrtspStrecke="11.1111" FahrtspSignal="-1" FahrtspZugsicherung="45.8333" Fahrtkm="49.3855" FahrtHLDruck="5"/>
<FahrtEintrag FahrtWeg="1516.7542" FahrtZeit="2023-01-12 09:57:11" Kennung_FahrtZeitms="2023-01-12 09:57:11:000" FahrtspStrecke="11.1111" FahrtspSignal="-1" FahrtspZugsicherung="45.8333" Fahrtkm="49.3855" FahrtHLDruck="5"/>
<FahrtEintrag FahrtWeg="1516.7542" FahrtZeit="2023-01-12 09:57:16" Kennung_FahrtZeitms="2023-01-12 09:57:16:000" FahrtspStrecke="11.1111" FahrtspSignal="-1" FahrtspZugsicherung="45.8333" Fahrtkm="49.3855" FahrtHLDruck="5"/>
<FahrtEintrag FahrtWeg="1516.7542" FahrtZeit="2023-01-12 09:57:21" Kennung_FahrtZeitms="2023-01-12 09:57:21:000" FahrtspStrecke="11.1111" FahrtspSignal="-1" FahrtspZugsicherung="45.8333" Fahrtkm="49.3855" FahrtHLDruck="5"/>
<FahrtEintrag FahrtWeg="1516.7542" FahrtZeit="2023-01-12 09:57:26" Kennung_FahrtZeitms="2023-01-12 09:57:26:000" FahrtspStrecke="11.1111" FahrtspSignal="-1" FahrtspZugsicherung="45.8333" Fahrtkm="49.3855" FahrtHLDruck="5"/>
<FahrtEintrag FahrtWeg="1516.7542" FahrtZeit="2023-01-12 09:57:31" Kennung_FahrtZeitms="2023-01-12 09:57:31:000" FahrtspStrecke="11.1111" FahrtspSignal="-1" FahrtspZugsicherung="45.8333" Fahrtkm="49.3855" FahrtHLDruck="5"/>
<FahrtEintrag FahrtWeg="1516.7542" FahrtZeit="2023-01-12 09:57:36" Kennung_FahrtZeitms="2023-01-12 09:57:36:000" FahrtspStrecke="11.1111" FahrtspSignal="-1" FahrtspZugsicherung="45.8333" Fahrtkm="49.3855" FahrtHLDruck="5"/>
<FahrtEintrag FahrtWeg="1516.7542" FahrtZeit="2023-01-12 09:57:41" Kennung_FahrtZeitms="2023-01-12 09:57:41:000" FahrtspStrecke="11.1111" FahrtspSignal="-1" FahrtspZugsicherung="45.8333" Fahrtkm="49.3855" FahrtHLDruck="5"/>
<FahrtEintrag FahrtWeg="1516.7542" FahrtZeit="2023-01-12 09:57:46" Kennung_FahrtZeitms="2023-01-12 09:57:46:000" FahrtspStrecke="11.1111" FahrtspSignal="-1" FahrtspZugsicherung="45.8333" Fahrtkm="49.3855" FahrtHLDruck="5"/>
<FahrtEintrag FahrtWeg="1516.7542" FahrtZeit="2023-01-12 09:57:51" Kennung_FahrtZeitms="2023-01-12 09:57:51:000" FahrtspStrecke="11.1111" FahrtspSignal="-1" FahrtspZugsicherung="45.8333" Fahrtkm="49.3855" FahrtHLDruck="5"/>
<FahrtEintrag FahrtWeg="1516.7542" FahrtZeit="2023-01-12 09:57:56" Kennung_FahrtZeitms="2023-01-12 09:57:56:000" FahrtspStrecke="11.1111" FahrtspSignal="-1" FahrtspZugsicherung="45.8333" Fahrtkm="49.3855" FahrtHLDruck="5"/>
<FahrtEintrag FahrtWeg="1516.7542" FahrtZeit="2023-01-12 09:58:01" Kennung_FahrtZeitms="2023-01-12 09:58:01:000" FahrtspStrecke="11.1111" FahrtspSignal="-1" FahrtspZugsicherung="45.8333" Fahrtkm="49.3855" FahrtHLDruck="5"/>
<FahrtEintrag FahrtWeg="1516.7542" FahrtZeit="2023-01-12 09:58:06" Kennung_FahrtZeitms="2023-01-12 09:58:06:000" FahrtspStrecke="11.1111" FahrtspSignal="-1" FahrtspZugsicherung="45.8333" Fahrtkm="49.3855" FahrtHLDruck="5"/>
<FahrtEintrag FahrtWeg="1516.7542" FahrtZeit="2023-01-12 09:58:11" Kennung_FahrtZeitms="2023-01-12 09:58:11:000" FahrtspStrecke="11.1111" FahrtspSignal="-1" FahrtspZugsicherung="45.8333" Fahrtkm="49.3855" FahrtHLDruck="5"/>
<FahrtEintrag FahrtWeg="1516.7542" FahrtZeit="2023-01-12 09:58:16" Kennung_FahrtZeitms="2023-01-12 09:58:16:000" FahrtspStrecke="11.1111" FahrtspSignal="-1" FahrtspZugsicherung="45.8333" Fahrtkm="49.3855" FahrtHLDruck="5"/>
<FahrtEintrag FahrtWeg="1516.7542" FahrtZeit="2023-01-12 09:58:21" Kennung_FahrtZeitms="2023-01-12 09:58:21:000" FahrtspStrecke="11.1111" FahrtspSignal="-1" FahrtspZugsicherung="45.8333" Fahrtkm="49.3855" FahrtHLDruck="5"/>
<FahrtEintrag FahrtWeg="1516.7542" FahrtZeit="2023-01-12 09:58:26" Kennung_FahrtZeitms="2023-01-12 09:58:26:000" FahrtspStrecke="11.1111" FahrtspSignal="-1" FahrtspZugsicherung="45.8333" Fahrtkm="49.3855" FahrtHLDruck="5"/>
<FahrtEintrag FahrtWeg="1516.7542" FahrtZeit="2023-01-12 09:58:31" Kennung_FahrtZeitms="2023-01-12 09:58:31:000" FahrtspStrecke="11.1111" FahrtspSignal="-1" FahrtspZugsicherung="45.8333" Fahrtkm="49.3855" FahrtHLDruck="5"/>
<FahrtEintrag FahrtWeg="1516.7542" FahrtZeit="2023-01-12 09:58:36" Kennung_FahrtZeitms="2023-01-12 09:58:36:000" FahrtspStrecke="11.1111" FahrtspSignal="-1" FahrtspZugsicherung="45.8333" Fahrtkm="49.3855" FahrtHLDruck="5"/>
<FahrtEintrag FahrtWeg="1516.7542" FahrtZeit="2023-01-12 09:58:41" Kennung_FahrtZeitms="2023-01-12 09:58:41:000" FahrtspStrecke="11.1111" FahrtspSignal="-1" FahrtspZugsicherung="45.8333" Fahrtkm="49.3855" FahrtHLDruck="5"/>
<FahrtEintrag FahrtWeg="1516.7542" FahrtZeit="2023-01-12 09:58:46" Kennung_FahrtZeitms="2023-01-12 09:58:46:000" FahrtspStrecke="11.1111" FahrtspSignal="-1" FahrtspZugsicherung="45.8333" Fahrtkm="49.3855" FahrtHLDruck="5"/>
<FahrtEintrag FahrtWeg="1516.7542" FahrtZeit="2023-01-12 09:58:51" Kennung_FahrtZeitms="2023-01-12 09:58:51:000" FahrtspStrecke="11.1111" FahrtspSignal="-1" FahrtspZugsicherung="45.8333" Fahrtkm="49.3855" FahrtHLDruck="5"/>
<FahrtEintrag FahrtWeg="1516.7542" FahrtZeit="2023-01-12 09:58:56" Kennung_FahrtZeitms="2023-01-12 09:58:56:000" FahrtspStrecke="11.1111" FahrtspSignal="-1" FahrtspZugsicherung="45.8333" Fahrtkm="49.3855" FahrtHLDruck="5"/>
<FahrtEintrag FahrtWeg="1516.7542" FahrtZeit="2023-01-12 09:59:01" Kennung_FahrtZeitms="2023-01-12 09:59:01:000" FahrtspStrecke="11.1111" FahrtspSignal="-1" FahrtspZugsicherung="45.8333" Fahrtkm="49.3855" FahrtHLDruck="5"/>
<FahrtEintrag FahrtWeg="1516.7542" FahrtZeit="2023-01-12 09:59:06" Kennung_FahrtZeitms="2023-01-12 09:59:06:000" FahrtspStrecke="11.1111" FahrtspSignal="-1" FahrtspZugsicherung="45.8333" Fahrtkm="49.3855" FahrtHLDruck="5"/>
<FahrtEintrag FahrtWeg="1516.7542" FahrtZeit="2023-01-12 09:59:11" Kennung_FahrtZeitms="2023-01-12 09:59:11:000" FahrtspStrecke="11.1111" FahrtspSignal="-1" FahrtspZugsicherung="45.8333" Fahrtkm="49.3855" FahrtHLDruck="5" FahrtFBSchalter="5"/>
<FahrtEintrag FahrtWeg="1519.2058" FahrtZeit="2023-01-12 09:59:16" Kennung_FahrtZeitms="2023-01-12 09:59:16:000" Fahrtsp="1.204" FahrtspStrecke="11.1111" FahrtspSignal="-1" FahrtspZugsicherung="45.8333" Fahrtkm="49.3799" FahrtHLDruck="5" FahrtFBSchalter="10"/>
<FahrtEintrag FahrtWeg="1528.5231" FahrtZeit="2023-01-12 09:59:21" Kennung_FahrtZeitms="2023-01-12 09:59:21:000" Fahrtsp="2.4625" FahrtspStrecke="11.1111" FahrtspSignal="-1" FahrtspZugsicherung="12.5" Fahrtkm="49.393" FahrtHLDruck="5" FahrtFBSchalter="8"/>
<FahrtEintrag FahrtTyp="8" FahrtWeg="-1" FahrtZeit="2023-01-12 09:59:26" Kennung_FahrtZeitms="2023-01-12 09:59:26:000" Fahrtsp="-1" FahrtspStrecke="-1" FahrtspSignal="-1" FahrtspZugsicherung="-1" FahrtHLDruck="-1" FahrtParameter="9" FahrtFBSchalter="-10000"/>
<FahrtEintrag FahrtWeg="1542.6702" FahrtZeit="2023-01-12 09:59:26" Kennung_FahrtZeitms="2023-01-12 09:59:26:000" Fahrtsp="3.4704" FahrtspStrecke="11.1111" FahrtspSignal="-1" FahrtspZugsicherung="12.5" Fahrtkm="49.406" FahrtHLDruck="5" FahrtFBSchalter="5"/>
<FahrtEintrag FahrtTyp="5" FahrtWeg="1549.9187" FahrtZeit="2023-01-12 09:59:28" Kennung_FahrtZeitms="2023-01-12 09:59:28:000" Fahrtsp="3.7389" FahrtspStrecke="11.1111" FahrtspSignal="11.1111" FahrtspZugsicherung="12.5" FahrtText="Allenbach N1" Fahrtkm="49.406" FahrtHLDruck="5" FahrtFBSchalter="5"/>
<FahrtEintrag FahrtTyp="6" FahrtWeg="1549.9187" FahrtZeit="2023-01-12 09:59:28" Kennung_FahrtZeitms="2023-01-12 09:59:28:000" Fahrtsp="3.7389" FahrtspStrecke="11.1111" FahrtspSignal="11.1111" FahrtspZugsicherung="12.5" Fahrtkm="49.406" FahrtHLDruck="5" FahrtFBSchalter="5"/>
<FahrtEintrag FahrtTyp="8" FahrtWeg="-1" FahrtZeit="2023-01-12 09:59:29" Kennung_FahrtZeitms="2023-01-12 09:59:29:000" Fahrtsp="-1" FahrtspStrecke="-1" FahrtspSignal="-1" FahrtspZugsicherung="-1" FahrtHLDruck="-1" FahrtParameter="1" FahrtFBSchalter="-10000"/>
<FahrtEintrag FahrtWeg="1553.765" FahrtZeit="2023-01-12 09:59:29" Kennung_FahrtZeitms="2023-01-12 09:59:29:000" Fahrtsp="3.8665" FahrtspStrecke="11.1111" FahrtspSignal="11.1111" FahrtspZugsicherung="12.5" Fahrtkm="49.4189" FahrtHLDruck="5" FahrtFBSchalter="5"/>
<FahrtEintrag FahrtWeg="1574.3431" FahrtZeit="2023-01-12 09:59:34" Kennung_FahrtZeitms="2023-01-12 09:59:34:000" Fahrtsp="4.3607" FahrtspStrecke="11.1111" FahrtspSignal="11.1111" FahrtspZugsicherung="12.5" Fahrtkm="49.4422" FahrtHLDruck="5" FahrtFBSchalter="3"/>
<FahrtEintrag FahrtWeg="1597.0529" FahrtZeit="2023-01-12 09:59:39" Kennung_FahrtZeitms="2023-01-12 09:59:39:000" Fahrtsp="4.7197" FahrtspStrecke="11.1111" FahrtspSignal="11.1111" FahrtspZugsicherung="12.5" Fahrtkm="49.4645" FahrtHLDruck="5" FahrtFBSchalter="3"/>
<FahrtEintrag FahrtWeg="1621.7157" FahrtZeit="2023-01-12 09:59:44" Kennung_FahrtZeitms="2023-01-12 09:59:44:000" Fahrtsp="5.1731" FahrtspStrecke="11.1111" FahrtspSignal="11.1111" FahrtspZugsicherung="12.5" Fahrtkm="49.4681" FahrtHLDruck="5" FahrtFBSchalter="4"/>
<FahrtEintrag FahrtWeg="1646.7744" FahrtZeit="2023-01-12 09:59:48" Kennung_FahrtZeitms="2023-01-12 09:59:48:000" Fahrtsp="5.6313" FahrtspStrecke="11.1111" FahrtspSignal="11.1111" FahrtspZugsicherung="12.5" Fahrtkm="49.4681" FahrtHLDruck="5" FahrtFBSchalter="4"/>
<FahrtEintrag FahrtWeg="1671.9664" FahrtZeit="2023-01-12 09:59:53" Kennung_FahrtZeitms="2023-01-12 09:59:53:000" Fahrtsp="6.2099" FahrtspStrecke="11.1111" FahrtspSignal="11.1111" FahrtspZugsicherung="12.5" Fahrtkm="49.5408" FahrtHLDruck="5" FahrtFBSchalter="6"/>
<FahrtEintrag FahrtWeg="1686.9664" FahrtZeit="2023-01-12 09:59:56" Kennung_FahrtZeitms="2023-01-12 09:59:56:000" Fahrtsp="6.3099" FahrtspStrecke="11.1111" FahrtspSignal="11.1111" FahrtspZugsicherung="12.5" Fahrtkm="49.5528" FahrtHLDruck="5" FahrtFBSchalter="6"/>
<FahrtEintrag FahrtWeg="1697.1617" FahrtZeit="2023-01-12 09:59:57" Kennung_FahrtZeitms="2023-01-12 09:59:57:000" Fahrtsp="6.7711" FahrtspStrecke="11.1111" FahrtspSignal="11.1111" FahrtspZugsicherung="12.5" Fahrtkm="49.5649" FahrtHLDruck="5" FahrtFBSchalter="6"/>
<FahrtEintrag FahrtWeg="1722.4081" FahrtZeit="2023-01-12 10:00:00" Kennung_FahrtZeitms="2023-01-12 10:00:00:000" Fahrtsp="7.2783" FahrtspStrecke="11.1111" FahrtspSignal="11.1111" FahrtspZugsicherung="12.5" Fahrtkm="49.5923" FahrtHLDruck="5" FahrtFBSchalter="6"/>
<FahrtEintrag FahrtWeg="1747.4561" FahrtZeit="2023-01-12 10:00:04" Kennung_FahrtZeitms="2023-01-12 10:00:04:000" Fahrtsp="7.755" FahrtspStrecke="11.1111" FahrtspSignal="11.1111" FahrtspZugsicherung="12.5" Fahrtkm="49.5923" FahrtHLDruck="5" FahrtFBSchalter="6"/>
<FahrtEintrag FahrtWeg="1772.4651" FahrtZeit="2023-01-12 10:00:07" Kennung_FahrtZeitms="2023-01-12 10:00:07:000" Fahrtsp="8.0144" FahrtspStrecke="11.1111" FahrtspSignal="11.1111" FahrtspZugsicherung="12.5" Fahrtkm="49.5923" FahrtHLDruck="5" FahrtFBSchalter="2"/>
<FahrtEintrag FahrtWeg="1797.5905" FahrtZeit="2023-01-12 10:00:10" Kennung_FahrtZeitms="2023-01-12 10:00:10:000" Fahrtsp="8.0815" FahrtspStrecke="11.1111" FahrtspSignal="11.1111" FahrtspZugsicherung="12.5" Fahrtkm="49.6524" FahrtHLDruck="5" FahrtFBSchalter="1"/>
<FahrtEintrag FahrtWeg="1822.7222" FahrtZeit="2023-01-12 10:00:13" Kennung_FahrtZeitms="2023-01-12 10:00:13:000" Fahrtsp="8.2079" FahrtspStrecke="11.1111" FahrtspSignal="11.1111" FahrtspZugsicherung="12.5" Fahrtkm="49.6524" FahrtHLDruck="5" FahrtFBSchalter="3"/>
<FahrtEintrag FahrtWeg="1847.8479" FahrtZeit="2023-01-12 10:00:16" Kennung_FahrtZeitms="2023-01-12 10:00:16:000" Fahrtsp="8.3875" FahrtspStrecke="11.1111" FahrtspSignal="11.1111" FahrtspZugsicherung="12.5" Fahrtkm="49.7187" FahrtHLDruck="5" FahrtFBSchalter="3"/>
<FahrtEintrag FahrtTyp="8" FahrtWeg="-1" FahrtZeit="2023-01-12 10:00:17" Kennung_FahrtZeitms="2023-01-12 10:00:17:000" Fahrtsp="-1" FahrtspStrecke="-1" FahrtspSignal="-1" FahrtspZugsicherung="-1" FahrtHLDruck="-1" FahrtParameter="48" FahrtFBSchalter="-10000"/>
<FahrtEintrag FahrtWeg="1878.8611" FahrtZeit="2023-01-12 10:00:17" Kennung_FahrtZeitms="2023-01-12 10:00:17:000" Fahrtsp="8.4181" FahrtspStrecke="11.1111" FahrtspSignal="11.1111" FahrtspZugsicherung="12.5" Fahrtkm="49.7456" FahrtHLDruck="5" FahrtFBSchalter="2"/>
<FahrtEintrag FahrtTyp="8" FahrtWeg="-1" FahrtZeit="2023-01-12 10:00:17" Kennung_FahrtZeitms="2023-01-12 10:00:17:000" Fahrtsp="-1" FahrtspStrecke="-1" FahrtspSignal="-1" FahrtspZugsicherung="-1" FahrtHLDruck="-1" FahrtParameter="16" FahrtFBSchalter="-10000"/>
<FahrtEintrag FahrtWeg="1879.351" FahrtZeit="2023-01-12 10:00:17" Kennung_FahrtZeitms="2023-01-12 10:00:17:000" Fahrtsp="8.4332" FahrtspStrecke="11.1111" FahrtspSignal="11.1111" FahrtspZugsicherung="12.5" Fahrtkm="49.7461" FahrtHLDruck="5" FahrtFBSchalter="2"/>
<FahrtEintrag FahrtWeg="1883.6072" FahrtZeit="2023-01-12 10:00:20" Kennung_FahrtZeitms="2023-01-12 10:00:20:000" Fahrtsp="8.6103" FahrtspStrecke="11.1111" FahrtspSignal="11.1111" FahrtspZugsicherung="12.5" Fahrtkm="49.7533" FahrtHLDruck="5" FahrtFBSchalter="5"/>
<FahrtEintrag FahrtWeg="1908.6604" FahrtZeit="2023-01-12 10:00:23" Kennung_FahrtZeitms="2023-01-12 10:00:23:000" Fahrtsp="8.7921" FahrtspStrecke="11.1111" FahrtspSignal="11.1111" FahrtspZugsicherung="12.5" Fahrtkm="49.7774" FahrtHLDruck="5"/>
<FahrtEintrag FahrtWeg="1933.8459" FahrtZeit="2023-01-12 10:00:26" Kennung_FahrtZeitms="2023-01-12 10:00:26:000" Fahrtsp="8.7598" FahrtspStrecke="11.1111" FahrtspSignal="11.1111" FahrtspZugsicherung="12.5" Fahrtkm="49.8042" FahrtHLDruck="5"/>
<FahrtEintrag FahrtWeg="1959.0115" FahrtZeit="2023-01-12 10:00:29" Kennung_FahrtZeitms="2023-01-12 10:00:29:000" Fahrtsp="8.7295" FahrtspStrecke="11.1111" FahrtspSignal="11.1111" FahrtspZugsicherung="12.5" Fahrtkm="49.8271" FahrtHLDruck="5"/>
<FahrtEintrag FahrtWeg="1984.2793" FahrtZeit="2023-01-12 10:00:32" Kennung_FahrtZeitms="2023-01-12 10:00:32:000" Fahrtsp="8.6969" FahrtspStrecke="11.1111" FahrtspSignal="11.1111" FahrtspZugsicherung="12.5" Fahrtkm="49.8512" FahrtHLDruck="5"/>
<FahrtEintrag FahrtWeg="2009.6057" FahrtZeit="2023-01-12 10:00:35" Kennung_FahrtZeitms="2023-01-12 10:00:35:000" Fahrtsp="8.6642" FahrtspStrecke="11.1111" FahrtspSignal="11.1111" FahrtspZugsicherung="12.5" Fahrtkm="49.8678" FahrtHLDruck="5"/>
<FahrtEintrag FahrtTyp="5" FahrtWeg="-1" FahrtZeit="2023-01-12 10:00:35" Kennung_FahrtZeitms="2023-01-12 10:00:35:000" Fahrtsp="-1" FahrtspStrecke="-1" FahrtspSignal="-1" FahrtspZugsicherung="-1" FahrtText="Zugende passiert Ende Weichenbereich" FahrtHLDruck="-1" FahrtParameter="4" FahrtFBSchalter="-10000"/>
<FahrtEintrag FahrtWeg="2015.4982" FahrtZeit="2023-01-12 10:00:35" Kennung_FahrtZeitms="2023-01-12 10:00:35:784" Fahrtsp="8.6566" FahrtspStrecke="11.1111" FahrtspSignal="-1" FahrtspZugsicherung="12.5" Fahrtkm="49.8678" FahrtHLDruck="5"/>
<FahrtEintrag FahrtWeg="2040.6921" FahrtZeit="2023-01-12 10:00:38" Kennung_FahrtZeitms="2023-01-12 10:00:38:785" Fahrtsp="8.624" FahrtspStrecke="11.1111" FahrtspSignal="-1" FahrtspZugsicherung="12.5" Fahrtkm="49.8678" FahrtHLDruck="5"/>
<FahrtEintrag FahrtWeg="2065.9189" FahrtZeit="2023-01-12 10:00:41" Kennung_FahrtZeitms="2023-01-12 10:00:41:531" Fahrtsp="8.7303" FahrtspStrecke="11.1111" FahrtspSignal="-1" FahrtspZugsicherung="12.5" Fahrtkm="49.8678" FahrtHLDruck="5" FahrtFBSchalter="4"/>
<FahrtEintrag FahrtWeg="2090.9666" FahrtZeit="2023-01-12 10:00:44" Kennung_FahrtZeitms="2023-01-12 10:00:44:482" Fahrtsp="8.992" FahrtspStrecke="11.1111" FahrtspSignal="-1" FahrtspZugsicherung="45.8333" Fahrtkm="49.8678" FahrtHLDruck="5" FahrtFBSchalter="4"/>
<FahrtEintrag FahrtWeg="2116.0291" FahrtZeit="2023-01-12 10:00:47" Kennung_FahrtZeitms="2023-01-12 10:00:47:201" Fahrtsp="9.2433" FahrtspStrecke="11.1111" FahrtspSignal="-1" FahrtspZugsicherung="45.8333" Fahrtkm="49.9673" FahrtHLDruck="5" FahrtFBSchalter="4"/>
<FahrtEintrag FahrtWeg="2141.1987" FahrtZeit="2023-01-12 10:00:49" Kennung_FahrtZeitms="2023-01-12 10:00:49:201" Fahrtsp="9.3806" FahrtspStrecke="11.1111" FahrtspSignal="-1" FahrtspZugsicherung="45.8333" Fahrtkm="49.9673" FahrtHLDruck="5"/>
<FahrtEintrag FahrtWeg="2166.4482" FahrtZeit="2023-01-12 10:00:52" Kennung_FahrtZeitms="2023-01-12 10:00:52:137" Fahrtsp="9.3493" FahrtspStrecke="11.1111" FahrtspSignal="-1" FahrtspZugsicherung="45.8333" Fahrtkm="49.9673" FahrtHLDruck="5"/>
<FahrtEintrag FahrtWeg="2191.6472" FahrtZeit="2023-01-12 10:00:55" Kennung_FahrtZeitms="2023-01-12 10:00:55:342" Fahrtsp="9.318" FahrtspStrecke="11.1111" FahrtspSignal="-1" FahrtspZugsicherung="45.8333" Fahrtkm="50.0543" FahrtHLDruck="5"/>
<FahrtEintrag FahrtWeg="2216.8452" FahrtZeit="2023-01-12 10:00:57" Kennung_FahrtZeitms="2023-01-12 10:00:57:211" Fahrtsp="9.2866" FahrtspStrecke="11.1111" FahrtspSignal="-1" FahrtspZugsicherung="45.8333" Fahrtkm="50.0669" FahrtHLDruck="5"/>
<FahrtEintrag FahrtWeg="2241.9878" FahrtZeit="2023-01-12 10:01:00" Kennung_FahrtZeitms="2023-01-12 10:01:00:234" Fahrtsp="9.2553" FahrtspStrecke="11.1111" FahrtspSignal="-1" FahrtspZugsicherung="45.8333" Fahrtkm="50.0669" FahrtHLDruck="5"/>
<FahrtEintrag FahrtTyp="8" FahrtWeg="-1" FahrtZeit="2023-01-12 10:01:03" Kennung_FahrtZeitms="2023-01-12 10:01:03:000" Fahrtsp="-1" FahrtspStrecke="-1" FahrtspSignal="-1" FahrtspZugsicherung="-1" FahrtHLDruck="-1" FahrtParameter="48" FahrtFBSchalter="-10000"/>
<FahrtEintrag FahrtWeg="2266.1685" FahrtZeit="2023-01-12 10:01:03" Kennung_FahrtZeitms="2023-01-12 10:01:03:150" Fahrtsp="9.2251" FahrtspStrecke="11.1111" FahrtspSignal="-1" FahrtspZugsicherung="45.8333" Fahrtkm="50.0669" FahrtHLDruck="5"/>
<FahrtEintrag FahrtTyp="8" FahrtWeg="-1" FahrtZeit="2023-01-12 10:01:04" Kennung_FahrtZeitms="2023-01-12 10:01:04:000" Fahrtsp="-1" FahrtspStrecke="-1" FahrtspSignal="-1" FahrtspZugsicherung="-1" FahrtHLDruck="-1" FahrtParameter="16" FahrtFBSchalter="-10000"/>
<FahrtEintrag FahrtWeg="2274.9326" FahrtZeit="2023-01-12 10:01:04" Kennung_FahrtZeitms="2023-01-12 10:01:04:375" Fahrtsp="9.2141" FahrtspStrecke="11.1111" FahrtspSignal="-1" FahrtspZugsicherung="45.8333" Fahrtkm="50.0669" FahrtHLDruck="5"/>
<FahrtEintrag FahrtWeg="2300.1284" FahrtZeit="2023-01-12 10:01:06" Kennung_FahrtZeitms="2023-01-12 10:01:06:269" Fahrtsp="9.1826" FahrtspStrecke="11.1111" FahrtspSignal="-1" FahrtspZugsicherung="45.8333" Fahrtkm="50.1664" FahrtHLDruck="5"/>
<FahrtEintrag FahrtWeg="2325.3977" FahrtZeit="2023-01-12 10:01:09" Kennung_FahrtZeitms="2023-01-12 10:01:09:222" Fahrtsp="9.1509" FahrtspStrecke="11.1111" FahrtspSignal="-1" FahrtspZugsicherung="45.8333" Fahrtkm="50.1664" FahrtHLDruck="5"/>
<FahrtEintrag FahrtWeg="2350.5122" FahrtZeit="2023-01-12 10:01:12" Kennung_FahrtZeitms="2023-01-12 10:01:12:188" Fahrtsp="9.1194" FahrtspStrecke="11.1111" FahrtspSignal="-1" FahrtspZugsicherung="45.8333" Fahrtkm="50.1664" FahrtHLDruck="5"/>
<FahrtEintrag FahrtWeg="2375.6726" FahrtZeit="2023-01-12 10:01:15" Kennung_FahrtZeitms="2023-01-12 10:01:15:072" Fahrtsp="9.2618" FahrtspStrecke="11.1111" FahrtspSignal="-1" FahrtspZugsicherung="45.8333" Fahrtkm="50.1664" FahrtHLDruck="5" FahrtFBSchalter="3"/>
<FahrtEintrag FahrtWeg="2400.9165" FahrtZeit="2023-01-12 10:01:17" Kennung_FahrtZeitms="2023-01-12 10:01:18:235" Fahrtsp="9.4369" FahrtspStrecke="11.1111" FahrtspSignal="-1" FahrtspZugsicherung="45.8333" Fahrtkm="50.1739" FahrtHLDruck="5" FahrtFBSchalter="3"/>
<FahrtEintrag FahrtWeg="2425.939" FahrtZeit="2023-01-12 10:01:20" Kennung_FahrtZeitms="2023-01-12 10:01:20:000" Fahrtsp="9.6057" FahrtspStrecke="11.1111" FahrtspSignal="-1" FahrtspZugsicherung="45.8333" Fahrtkm="50.199" FahrtHLDruck="5" FahrtFBSchalter="3"/>
<FahrtEintrag FahrtWeg="2451.0564" FahrtZeit="2023-01-12 10:01:22" Kennung_FahrtZeitms="2023-01-12 10:01:22:017" Fahrtsp="9.6015" FahrtspStrecke="11.1111" FahrtspSignal="-1" FahrtspZugsicherung="45.8333" Fahrtkm="50.266" FahrtHLDruck="5"/>
<FahrtEintrag FahrtWeg="2476.1619" FahrtZeit="2023-01-12 10:01:25" Kennung_FahrtZeitms="2023-01-12 10:01:25:078" Fahrtsp="9.5707" FahrtspStrecke="11.1111" FahrtspSignal="-1" FahrtspZugsicherung="45.8333" Fahrtkm="50.266" FahrtHLDruck="5"/>
<FahrtEintrag FahrtWeg="2501.2585" FahrtZeit="2023-01-12 10:01:28" Kennung_FahrtZeitms="2023-01-12 10:01:28:159" Fahrtsp="9.6578" FahrtspStrecke="11.1111" FahrtspSignal="-1" FahrtspZugsicherung="45.8333" Fahrtkm="50.3655" FahrtHLDruck="5" FahrtFBSchalter="2"/>
<FahrtEintrag FahrtWeg="2526.4043" FahrtZeit="2023-01-12 10:01:30" Kennung_FahrtZeitms="2023-01-12 10:01:30:21" Fahrtsp="9.7249" FahrtspStrecke="11.1111" FahrtspSignal="-1" FahrtspZugsicherung="45.8333" Fahrtkm="50.3655" FahrtHLDruck="5" FahrtFBSchalter="4"/>
<FahrtEintrag FahrtWeg="2551.4395" FahrtZeit="2023-01-12 10:01:33" Kennung_FahrtZeitms="2023-01-12 10:01:33:127" Fahrtsp="9.8687" FahrtspStrecke="11.1111" FahrtspSignal="-1" FahrtspZugsicherung="45.8333" Fahrtkm="50.3655" FahrtHLDruck="5" FahrtFBSchalter="6"/>
<FahrtEintrag FahrtWeg="2576.5171" FahrtZeit="2023-01-12 10:01:35" Kennung_FahrtZeitms="2023-01-12 10:01:35:112" Fahrtsp="9.8625" FahrtspStrecke="11.1111" FahrtspSignal="-1" FahrtspZugsicherung="45.8333" Fahrtkm="50.3655" FahrtHLDruck="5"/>
<FahrtEintrag FahrtWeg="2601.553" FahrtZeit="2023-01-12 10:01:38" Kennung_FahrtZeitms="2023-01-12 10:01:38:161" Fahrtsp="9.8322" FahrtspStrecke="11.1111" FahrtspSignal="-1" FahrtspZugsicherung="45.8333" Fahrtkm="50.4651" FahrtHLDruck="5"/>
<FahrtEintrag FahrtWeg="2626.7241" FahrtZeit="2023-01-12 10:01:41" Kennung_FahrtZeitms="2023-01-12 10:01:41:504" Fahrtsp="9.8016" FahrtspStrecke="11.1111" FahrtspSignal="-1" FahrtspZugsicherung="45.8333" Fahrtkm="50.4651" FahrtHLDruck="5"/>
<FahrtEintrag FahrtWeg="2651.7483" FahrtZeit="2023-01-12 10:01:43" Kennung_FahrtZeitms="2023-01-12 10:01:43:267" Fahrtsp="9.7712" FahrtspStrecke="11.1111" FahrtspSignal="-1" FahrtspZugsicherung="45.8333" Fahrtkm="50.4651" FahrtHLDruck="5"/>
<FahrtEintrag FahrtWeg="2676.9353" FahrtZeit="2023-01-12 10:01:46" Kennung_FahrtZeitms="2023-01-12 10:01:46:191" Fahrtsp="9.7405" FahrtspStrecke="11.1111" FahrtspSignal="-1" FahrtspZugsicherung="45.8333" Fahrtkm="50.5393" FahrtHLDruck="5"/>
<FahrtEintrag FahrtWeg="2703.3856" FahrtZeit="2023-01-12 10:01:48" Kennung_FahrtZeitms="2023-01-12 10:01:48:169" Fahrtsp="9.7101" FahrtspStrecke="11.1111" FahrtspSignal="-1" FahrtspZugsicherung="45.8333" Fahrtkm="50.5645" FahrtHLDruck="5"/>
<FahrtEintrag FahrtWeg="2727.0037" FahrtZeit="2023-01-12 10:01:51" Kennung_FahrtZeitms="2023-01-12 10:01:51:036" Fahrtsp="9.6796" FahrtspStrecke="11.1111" FahrtspSignal="-1" FahrtspZugsicherung="45.8333" Fahrtkm="50.5647" FahrtHLDruck="5"/>
<FahrtEintrag FahrtWeg="2752.074" FahrtZeit="2023-01-12 10:01:53" Kennung_FahrtZeitms="2023-01-12 10:01:53:175" Fahrtsp="9.7712" FahrtspStrecke="11.1111" FahrtspSignal="-1" FahrtspZugsicherung="45.8333" Fahrtkm="50.5647" FahrtHLDruck="5" FahrtFBSchalter="3"/>
<FahrtEintrag FahrtWeg="2777.1753" FahrtZeit="2023-01-12 10:01:56" Kennung_FahrtZeitms="2023-01-12 10:01:56:419" Fahrtsp="9.9474" FahrtspStrecke="11.1111" FahrtspSignal="-1" FahrtspZugsicherung="45.8333" Fahrtkm="50.5647" FahrtHLDruck="5" FahrtFBSchalter="9"/>
<FahrtEintrag FahrtWeg="2802.3105" FahrtZeit="2023-01-12 10:01:58" Kennung_FahrtZeitms="2023-01-12 10:01:58:063" Fahrtsp="10.0076" FahrtspStrecke="11.1111" FahrtspSignal="-1" FahrtspZugsicherung="45.8333" Fahrtkm="50.6642" FahrtHLDruck="5" FahrtFBSchalter="1"/>
<FahrtEintrag FahrtWeg="2827.4907" FahrtZeit="2023-01-12 10:02:01" Kennung_FahrtZeitms="2023-01-12 10:02:01:074" Fahrtsp="10.0993" FahrtspStrecke="11.1111" FahrtspSignal="-1" FahrtspZugsicherung="45.8333" Fahrtkm="50.6642" FahrtHLDruck="5" FahrtFBSchalter="2"/>
<FahrtEintrag FahrtWeg="2852.5303" FahrtZeit="2023-01-12 10:02:03" Kennung_FahrtZeitms="2023-01-12 10:02:03:231" Fahrtsp="10.1912" FahrtspStrecke="11.1111" FahrtspSignal="-1" FahrtspZugsicherung="45.8333" Fahrtkm="50.6642" FahrtHLDruck="5" FahrtFBSchalter="2"/>
<FahrtEintrag FahrtWeg="2877.8115" FahrtZeit="2023-01-12 10:02:06" Kennung_FahrtZeitms="2023-01-12 10:02:06:171" Fahrtsp="10.2826" FahrtspStrecke="11.1111" FahrtspSignal="-1" FahrtspZugsicherung="45.8333" Fahrtkm="50.6642" FahrtHLDruck="5" FahrtFBSchalter="2"/>
<FahrtEintrag FahrtWeg="2902.9304" FahrtZeit="2023-01-12 10:02:08" Kennung_FahrtZeitms="2023-01-12 10:02:08:133" Fahrtsp="10.2826" FahrtspStrecke="11.1111" FahrtspSignal="-1" FahrtspZugsicherung="45.8333" Fahrtkm="50.7638" FahrtHLDruck="5"/>
<FahrtEintrag FahrtTyp="8" FahrtWeg="-1" FahrtZeit="2023-01-12 10:02:08" Kennung_FahrtZeitms="2023-01-12 10:02:08:069" Fahrtsp="-1" FahrtspStrecke="-1" FahrtspSignal="-1" FahrtspZugsicherung="-1" FahrtHLDruck="-1" FahrtParameter="48" FahrtFBSchalter="-10000"/>
<FahrtEintrag FahrtWeg="2919.6687" FahrtZeit="2023-01-12 10:02:08" Kennung_FahrtZeitms="2023-01-12 10:02:08:100" Fahrtsp="10.263" FahrtspStrecke="11.1111" FahrtspSignal="-1" FahrtspZugsicherung="45.8333" Fahrtkm="50.7807" FahrtHLDruck="5"/>
<FahrtEintrag FahrtTyp="8" FahrtWeg="-1" FahrtZeit="2023-01-12 10:02:10" Kennung_FahrtZeitms="2023-01-12 10:02:10:238" Fahrtsp="-1" FahrtspStrecke="-1" FahrtspSignal="-1" FahrtspZugsicherung="-1" FahrtHLDruck="-1" FahrtParameter="16" FahrtFBSchalter="-10000"/>
<FahrtEintrag FahrtWeg="2932.1824" FahrtZeit="2023-01-12 10:02:11" Kennung_FahrtZeitms="2023-01-12 10:02:11:000" Fahrtsp="10.2478" FahrtspStrecke="11.1111" FahrtspSignal="-1" FahrtspZugsicherung="45.8333" Fahrtkm="50.7807" FahrtHLDruck="5"/>
<FahrtEintrag FahrtWeg="2957.4063" FahrtZeit="2023-01-12 10:02:14" Kennung_FahrtZeitms="2023-01-12 10:02:14:224" Fahrtsp="10.2177" FahrtspStrecke="11.1111" FahrtspSignal="-1" FahrtspZugsicherung="45.8333" Fahrtkm="50.7807" FahrtHLDruck="5"/>
<FahrtEintrag FahrtWeg="2982.4363" FahrtZeit="2023-01-12 10:02:16" Kennung_FahrtZeitms="2023-01-12 10:02:16:281" Fahrtsp="10.1879" FahrtspStrecke="11.1111" FahrtspSignal="-1" FahrtspZugsicherung="45.8333" Fahrtkm="50.7807" FahrtHLDruck="5"/>
<FahrtEintrag FahrtWeg="3007.7419" FahrtZeit="2023-01-12 10:02:19" Kennung_FahrtZeitms="2023-01-12 10:02:19:176" Fahrtsp="10.1576" FahrtspStrecke="11.1111" FahrtspSignal="-1" FahrtspZugsicherung="45.8333" Fahrtkm="50.8633" FahrtHLDruck="5"/>
<FahrtEintrag FahrtWeg="3032.8052" FahrtZeit="2023-01-12 10:02:21" Kennung_FahrtZeitms="2023-01-12 10:02:21:185" Fahrtsp="10.1277" FahrtspStrecke="11.1111" FahrtspSignal="-1" FahrtspZugsicherung="45.8333" Fahrtkm="50.8633" FahrtHLDruck="5"/>
<FahrtEintrag FahrtWeg="3058.0776" FahrtZeit="2023-01-12 10:02:24" Kennung_FahrtZeitms="2023-01-12 10:02:24:051" Fahrtsp="10.0974" FahrtspStrecke="11.1111" FahrtspSignal="-1" FahrtspZugsicherung="45.8333" Fahrtkm="50.8633" FahrtHLDruck="5"/>
<FahrtEintrag FahrtWeg="3083.116" FahrtZeit="2023-01-12 10:02:26" Kennung_FahrtZeitms="2023-01-12 10:02:26:103" Fahrtsp="10.0674" FahrtspStrecke="11.1111" FahrtspSignal="-1" FahrtspZugsicherung="45.8333" Fahrtkm="50.8633" FahrtHLDruck="5"/>
<FahrtEintrag FahrtWeg="3108.3389" FahrtZeit="2023-01-12 10:02:29" Kennung_FahrtZeitms="2023-01-12 10:02:29:173" Fahrtsp="10.0662" FahrtspStrecke="11.1111" FahrtspSignal="-1" FahrtspZugsicherung="45.8333" Fahrtkm="50.9629" FahrtHLDruck="5" FahrtFBSchalter="2"/>
<FahrtEintrag FahrtWeg="3133.4407" FahrtZeit="2023-01-12 10:02:31" Kennung_FahrtZeitms="2023-01-12 10:02:31:076" Fahrtsp="10.1305" FahrtspStrecke="11.1111" FahrtspSignal="-1" FahrtspZugsicherung="45.8333" Fahrtkm="50.9629" FahrtHLDruck="5"/>
<FahrtEintrag FahrtWeg="3158.7444" FahrtZeit="2023-01-12 10:02:34" Kennung_FahrtZeitms="2023-01-12 10:02:34:010" Fahrtsp="10.1002" FahrtspStrecke="11.1111" FahrtspSignal="-1" FahrtspZugsicherung="45.8333" Fahrtkm="50.9629" FahrtHLDruck="5"/>
<FahrtEintrag FahrtWeg="3183.8579" FahrtZeit="2023-01-12 10:02:36" Kennung_FahrtZeitms="2023-01-12 10:02:36:122" Fahrtsp="10.0701" FahrtspStrecke="11.1111" FahrtspSignal="-1" FahrtspZugsicherung="45.8333" Fahrtkm="51.0379" FahrtHLDruck="5"/>
<FahrtEintrag FahrtWeg="3208.937" FahrtZeit="2023-01-12 10:02:39" Kennung_FahrtZeitms="2023-01-12 10:02:39:061" Fahrtsp="10.0972" FahrtspStrecke="11.1111" FahrtspSignal="-1" FahrtspZugsicherung="45.8333" Fahrtkm="51.0625" FahrtHLDruck="5" FahrtFBSchalter="2"/>
<FahrtEintrag FahrtWeg="3234.2095" FahrtZeit="2023-01-12 10:02:41" Kennung_FahrtZeitms="2023-01-12 10:02:41:079" Fahrtsp="10.19" FahrtspStrecke="11.1111" FahrtspSignal="-1" FahrtspZugsicherung="45.8333" Fahrtkm="51.0625" FahrtHLDruck="5" FahrtFBSchalter="2"/>
<FahrtEintrag FahrtWeg="3259.3838" FahrtZeit="2023-01-12 10:02:44" Kennung_FahrtZeitms="2023-01-12 10:02:44:010" Fahrtsp="10.281" FahrtspStrecke="11.1111" FahrtspSignal="-1" FahrtspZugsicherung="45.8333" Fahrtkm="51.0625" FahrtHLDruck="5" FahrtFBSchalter="2"/>
<FahrtEintrag FahrtWeg="3284.6912" FahrtZeit="2023-01-12 10:02:46" Kennung_FahrtZeitms="2023-01-12 10:02:46:072" Fahrtsp="10.3711" FahrtspStrecke="11.1111" FahrtspSignal="-1" FahrtspZugsicherung="45.8333" Fahrtkm="51.1379" FahrtHLDruck="5" FahrtFBSchalter="1"/>
<FahrtEintrag FahrtWeg="3309.8284" FahrtZeit="2023-01-12 10:02:48" Kennung_FahrtZeitms="2023-01-12 10:02:48:029" Fahrtsp="10.407" FahrtspStrecke="11.1111" FahrtspSignal="-1" FahrtspZugsicherung="45.8333" Fahrtkm="51.162" FahrtHLDruck="5" FahrtFBSchalter="2"/>
<FahrtEintrag FahrtWeg="3334.8442" FahrtZeit="2023-01-12 10:02:51" Kennung_FahrtZeitms="2023-01-12 10:02:51:074" Fahrtsp="10.4942" FahrtspStrecke="11.1111" FahrtspSignal="-1" FahrtspZugsicherung="45.8333" Fahrtkm="51.1621" FahrtHLDruck="5" FahrtFBSchalter="2"/>
<FahrtEintrag FahrtWeg="3359.8604" FahrtZeit="2023-01-12 10:02:53" Kennung_FahrtZeitms="2023-01-12 10:02:53:083" Fahrtsp="10.5705" FahrtspStrecke="11.1111" FahrtspSignal="-1" FahrtspZugsicherung="45.8333" Fahrtkm="51.213" FahrtHLDruck="5"/>
<FahrtEintrag FahrtWeg="3385.1782" FahrtZeit="2023-01-12 10:02:56" Kennung_FahrtZeitms="2023-01-12 10:02:56:010" Fahrtsp="10.5407" FahrtspStrecke="11.1111" FahrtspSignal="-1" FahrtspZugsicherung="45.8333" Fahrtkm="51.213" FahrtHLDruck="5"/>
<FahrtEintrag FahrtWeg="3410.2634" FahrtZeit="2023-01-12 10:02:58" Kennung_FahrtZeitms="2023-01-12 10:02:58:039" Fahrtsp="10.5112" FahrtspStrecke="11.1111" FahrtspSignal="-1" FahrtspZugsicherung="45.8333" Fahrtkm="51.2617" FahrtHLDruck="5"/>
<FahrtEintrag FahrtWeg="3435.344" FahrtZeit="2023-01-12 10:03:00" Kennung_FahrtZeitms="2023-01-12 10:03:00:041" Fahrtsp="10.4816" FahrtspStrecke="11.1111" FahrtspSignal="-1" FahrtspZugsicherung="45.8333" Fahrtkm="51.288" FahrtHLDruck="5"/>
<FahrtEintrag FahrtWeg="3460.3545" FahrtZeit="2023-01-12 10:03:03" Kennung_FahrtZeitms="2023-01-12 10:03:03:029" Fahrtsp="10.4521" FahrtspStrecke="11.1111" FahrtspSignal="-1" FahrtspZugsicherung="45.8333" Fahrtkm="51.288" FahrtHLDruck="5"/>
<FahrtEintrag FahrtWeg="3485.6763" FahrtZeit="2023-01-12 10:03:05" Kennung_FahrtZeitms="2023-01-12 10:03:05:028" Fahrtsp="10.4222" FahrtspStrecke="11.1111" FahrtspSignal="-1" FahrtspZugsicherung="45.8333" Fahrtkm="51.2879" FahrtHLDruck="5"/>
<FahrtEintrag FahrtWeg="3510.729" FahrtZeit="2023-01-12 10:03:08" Kennung_FahrtZeitms="2023-01-12 10:03:08:025" Fahrtsp="10.3925" FahrtspStrecke="11.1111" FahrtspSignal="-1" FahrtspZugsicherung="45.8333" Fahrtkm="51.3611" FahrtHLDruck="5"/>
<FahrtEintrag FahrtWeg="3535.9705" FahrtZeit="2023-01-12 10:03:10" Kennung_FahrtZeitms="2023-01-12 10:03:10:140" Fahrtsp="10.3626" FahrtspStrecke="11.1111" FahrtspSignal="-1" FahrtspZugsicherung="45.8333" Fahrtkm="51.3611" FahrtHLDruck="5"/>
<FahrtEintrag FahrtWeg="3560.9771" FahrtZeit="2023-01-12 10:03:12" Kennung_FahrtZeitms="2023-01-12 10:03:12:019" Fahrtsp="10.333" FahrtspStrecke="11.1111" FahrtspSignal="-1" FahrtspZugsicherung="45.8333" Fahrtkm="51.3611" FahrtHLDruck="5"/>
<FahrtEintrag FahrtWeg="3586.0601" FahrtZeit="2023-01-12 10:03:15" Kennung_FahrtZeitms="2023-01-12 10:03:15:057" Fahrtsp="10.3032" FahrtspStrecke="11.1111" FahrtspSignal="-1" FahrtspZugsicherung="45.8333" Fahrtkm="51.3611" FahrtHLDruck="5"/>
<FahrtEintrag FahrtWeg="3611.158" FahrtZeit="2023-01-12 10:03:17" Kennung_FahrtZeitms="2023-01-12 10:03:17:076" Fahrtsp="10.2846" FahrtspStrecke="11.1111" FahrtspSignal="-1" FahrtspZugsicherung="45.8333" Fahrtkm="51.4607" FahrtHLDruck="5" FahrtFBSchalter="2"/>
<FahrtEintrag FahrtWeg="3636.4692" FahrtZeit="2023-01-12 10:03:20" Kennung_FahrtZeitms="2023-01-12 10:03:20:011" Fahrtsp="10.3352" FahrtspStrecke="11.1111" FahrtspSignal="-1" FahrtspZugsicherung="45.8333" Fahrtkm="51.4607" FahrtHLDruck="5" FahrtFBSchalter="1"/>
<FahrtEintrag FahrtWeg="3641.5813" FahrtZeit="2023-01-12 10:03:22" Kennung_FahrtZeitms="2023-01-12 10:03:22:023" Fahrtsp="10.3412" FahrtspStrecke="11.1111" FahrtspSignal="-1" FahrtspZugsicherung="45.8333" Fahrtkm="51.4607" FahrtHLDruck="5"/>
<FahrtEintrag FahrtTyp="8" FahrtWeg="-1" FahrtZeit="2023-01-12 10:03:23" Kennung_FahrtZeitms="2023-01-12 10:03:23:728" Fahrtsp="-1" FahrtspStrecke="-1" FahrtspSignal="-1" FahrtspZugsicherung="-1" FahrtHLDruck="-1" FahrtParameter="48" FahrtFBSchalter="-10000"/>
<FahrtEintrag FahrtWeg="3662.6909" FahrtZeit="2023-01-12 10:03:23" Kennung_FahrtZeitms="2023-01-12 10:03:23:991" Fahrtsp="10.2352" FahrtspStrecke="11.1111" FahrtspSignal="-1" FahrtspZugsicherung="45.8333" Fahrtkm="51.5235" FahrtHLDruck="5"/>
<FahrtEintrag FahrtTyp="8" FahrtWeg="-1" FahrtZeit="2023-01-12 10:03:24" Kennung_FahrtZeitms="2023-01-12 10:03:24:006" Fahrtsp="-1" FahrtspStrecke="-1" FahrtspSignal="-1" FahrtspZugsicherung="-1" FahrtHLDruck="-1" FahrtParameter="16" FahrtFBSchalter="-10000"/>
<FahrtEintrag FahrtWeg="3686.8059" FahrtZeit="2023-01-12 10:03:25" Kennung_FahrtZeitms="2023-01-12 10:03:25:051" Fahrtsp="10.3113" FahrtspStrecke="11.1111" FahrtspSignal="-1" FahrtspZugsicherung="45.8333" Fahrtkm="51.5237" FahrtHLDruck="5"/>
<FahrtEintrag FahrtTyp="5" FahrtWeg="3687.79" FahrtZeit="2023-01-12 10:03:25" Kennung_FahrtZeitms="2023-01-12 10:03:25:080" Fahrtsp="10.3097" FahrtspStrecke="11.1111" FahrtspSignal="-1" FahrtspZugsicherung="45.8333" FahrtText="LZB-Bk 21/22/121/122 LZB-Bk 21" Fahrtkm="51.5237" FahrtHLDruck="5"/>
<FahrtEintrag FahrtTyp="5" FahrtWeg="-1" FahrtZeit="2023-01-12 10:03:25" Kennung_FahrtZeitms="2023-01-12 10:03:25:102" Fahrtsp="-1" FahrtspStrecke="-1" FahrtspSignal="-1" FahrtspZugsicherung="-1" FahrtText="Zugende passiert Ende Weichenbereich" FahrtHLDruck="-1" FahrtParameter="4" FahrtFBSchalter="-10000"/>
<FahrtEintrag FahrtWeg="3688.1172" FahrtZeit="2023-01-12 10:03:25" Kennung_FahrtZeitms="2023-01-12 10:03:25:109" Fahrtsp="10.3097" FahrtspStrecke="11.1111" FahrtspSignal="-1" FahrtspZugsicherung="45.8333" Fahrtkm="51.56" FahrtHLDruck="5"/>
<FahrtEintrag FahrtTyp="5" FahrtWeg="-1" FahrtZeit="2023-01-12 10:03:27" Kennung_FahrtZeitms="2023-01-12 10:03:27:009" Fahrtsp="-1" FahrtspStrecke="-1" FahrtspSignal="-1" FahrtspZugsicherung="-1" FahrtText="Zugende passiert Ende Weichenbereich" FahrtHLDruck="-1" FahrtParameter="4" FahrtFBSchalter="-10000"/>
<FahrtEintrag FahrtWeg="3708.0757" FahrtZeit="2023-01-12 10:03:27" Kennung_FahrtZeitms="2023-01-12 10:03:27:024" Fahrtsp="10.2861" FahrtspStrecke="11.1111" FahrtspSignal="-1" FahrtspZugsicherung="45.8333" Fahrtkm="51.5682" FahrtHLDruck="5"/>
<FahrtEintrag FahrtWeg="3733.1477" FahrtZeit="2023-01-12 10:03:29" Kennung_FahrtZeitms="2023-01-12 10:03:29:024" Fahrtsp="10.2562" FahrtspStrecke="11.1111" FahrtspSignal="-1" FahrtspZugsicherung="45.8333" Fahrtkm="51.5682" FahrtHLDruck="5"/>
<FahrtEintrag FahrtWeg="3765.9893" FahrtZeit="2023-01-12 10:03:32" Kennung_FahrtZeitms="2023-01-12 10:03:32:021" Fahrtsp="10.2171" FahrtspStrecke="11.1111" FahrtspSignal="-1" FahrtspZugsicherung="45.8333" Fahrtkm="51.626" FahrtHLDruck="5"/>
<FahrtEintrag FahrtWeg="3791.178" FahrtZeit="2023-01-12 10:03:35" Kennung_FahrtZeitms="2023-01-12 10:03:35:016" Fahrtsp="10.187" FahrtspStrecke="11.1111" FahrtspSignal="-1" FahrtspZugsicherung="45.8333" Fahrtkm="51.6598" FahrtHLDruck="5"/>
<FahrtEintrag FahrtWeg="3816.2944" FahrtZeit="2023-01-12 10:03:37" Kennung_FahrtZeitms="2023-01-12 10:03:37:018" Fahrtsp="10.157" FahrtspStrecke="11.1111" FahrtspSignal="-1" FahrtspZugsicherung="45.8333" Fahrtkm="51.6598" FahrtHLDruck="5"/>
<FahrtEintrag FahrtWeg="3841.5227" FahrtZeit="2023-01-12 10:03:40" Kennung_FahrtZeitms="2023-01-12 10:03:40:027" Fahrtsp="10.1269" FahrtspStrecke="11.1111" FahrtspSignal="-1" FahrtspZugsicherung="45.8333" Fahrtkm="51.6598" FahrtHLDruck="5"/>
<FahrtEintrag FahrtWeg="3866.6426" FahrtZeit="2023-01-12 10:03:42" Kennung_FahrtZeitms="2023-01-12 10:03:42:027" Fahrtsp="10.2242" FahrtspStrecke="11.1111" FahrtspSignal="-1" FahrtspZugsicherung="45.8333" Fahrtkm="51.6598" FahrtHLDruck="5" FahrtFBSchalter="3"/>
<FahrtEintrag FahrtWeg="3891.7983" FahrtZeit="2023-01-12 10:03:45" Kennung_FahrtZeitms="2023-01-12 10:03:45:022" Fahrtsp="10.3741" FahrtspStrecke="11.1111" FahrtspSignal="-1" FahrtspZugsicherung="45.8333" Fahrtkm="51.7594" FahrtHLDruck="5" FahrtFBSchalter="3"/>
<FahrtEintrag FahrtWeg="3917.0549" FahrtZeit="2023-01-12 10:03:47" Kennung_FahrtZeitms="2023-01-12 10:03:47:027" Fahrtsp="10.4699" FahrtspStrecke="11.1111" FahrtspSignal="-1" FahrtspZugsicherung="45.8333" Fahrtkm="51.7595" FahrtHLDruck="5"/>
<FahrtEintrag FahrtWeg="3942.0708" FahrtZeit="2023-01-12 10:03:49" Kennung_FahrtZeitms="2023-01-12 10:03:49:021" Fahrtsp="10.4404" FahrtspStrecke="11.1111" FahrtspSignal="-1" FahrtspZugsicherung="45.8333" Fahrtkm="51.7594" FahrtHLDruck="5"/>
<FahrtEintrag FahrtWeg="3967.302" FahrtZeit="2023-01-12 10:03:52" Kennung_FahrtZeitms="2023-01-12 10:03:52:024" Fahrtsp="10.4106" FahrtspStrecke="11.1111" FahrtspSignal="-1" FahrtspZugsicherung="45.8333" Fahrtkm="51.7594" FahrtHLDruck="5"/>
<FahrtEintrag FahrtWeg="3992.5137" FahrtZeit="2023-01-12 10:03:54" Kennung_FahrtZeitms="2023-01-12 10:03:54:023" Fahrtsp="10.3807" FahrtspStrecke="11.1111" FahrtspSignal="-1" FahrtspZugsicherung="45.8333" Fahrtkm="51.8589" FahrtHLDruck="5"/>
<FahrtEintrag FahrtWeg="4017.6545" FahrtZeit="2023-01-12 10:03:57" Kennung_FahrtZeitms="2023-01-12 10:03:57:027" Fahrtsp="10.3509" FahrtspStrecke="11.1111" FahrtspSignal="-1" FahrtspZugsicherung="45.8333" Fahrtkm="51.8589" FahrtHLDruck="5"/>
<FahrtEintrag FahrtWeg="4042.9275" FahrtZeit="2023-01-12 10:03:59" Kennung_FahrtZeitms="2023-01-12 10:03:59:026" Fahrtsp="10.3209" FahrtspStrecke="11.1111" FahrtspSignal="-1" FahrtspZugsicherung="45.8333" Fahrtkm="51.8589" FahrtHLDruck="5"/>
<FahrtEintrag FahrtWeg="4068.2229" FahrtZeit="2023-01-12 10:04:02" Kennung_FahrtZeitms="2023-01-12 10:04:02:025" Fahrtsp="10.2908" FahrtspStrecke="11.1111" FahrtspSignal="-1" FahrtspZugsicherung="45.8333" Fahrtkm="51.8589" FahrtHLDruck="5"/>
<FahrtEintrag FahrtWeg="4093.3691" FahrtZeit="2023-01-12 10:04:04" Kennung_FahrtZeitms="2023-01-12 10:04:04:026" Fahrtsp="10.2609" FahrtspStrecke="11.1111" FahrtspSignal="-1" FahrtspZugsicherung="45.8333" Fahrtkm="51.9585" FahrtHLDruck="5"/>
<FahrtEintrag FahrtWeg="4118.5845" FahrtZeit="2023-01-12 10:04:07" Kennung_FahrtZeitms="2023-01-12 10:04:07:027" Fahrtsp="10.2309" FahrtspStrecke="11.1111" FahrtspSignal="-1" FahrtspZugsicherung="45.8333" Fahrtkm="51.9585" FahrtHLDruck="5"/>
<FahrtEintrag FahrtWeg="4143.7681" FahrtZeit="2023-01-12 10:04:09" Kennung_FahrtZeitms="2023-01-12 10:04:09:024" Fahrtsp="10.2008" FahrtspStrecke="11.1111" FahrtspSignal="-1" FahrtspZugsicherung="45.8333" Fahrtkm="51.9585" FahrtHLDruck="5"/>
<FahrtEintrag FahrtWeg="4168.9063" FahrtZeit="2023-01-12 10:04:11" Kennung_FahrtZeitms="2023-01-12 10:04:11:027" Fahrtsp="10.1708" FahrtspStrecke="11.1111" FahrtspSignal="-1" FahrtspZugsicherung="45.8333" Fahrtkm="51.9585" FahrtHLDruck="5"/>
<FahrtEintrag FahrtWeg="4194.0698" FahrtZeit="2023-01-12 10:04:14" Kennung_FahrtZeitms="2023-01-12 10:04:14:028" Fahrtsp="10.1408" FahrtspStrecke="11.1111" FahrtspSignal="-1" FahrtspZugsicherung="45.8333" Fahrtkm="52.058" FahrtHLDruck="5"/>
<FahrtEintrag FahrtWeg="4219.3174" FahrtZeit="2023-01-12 10:04:16" Kennung_FahrtZeitms="2023-01-12 10:04:16:027" Fahrtsp="10.1105" FahrtspStrecke="11.1111" FahrtspSignal="-1" FahrtspZugsicherung="45.8333" Fahrtkm="52.0719" FahrtHLDruck="5"/>
<FahrtEintrag FahrtWeg="4244.5039" FahrtZeit="2023-01-12 10:04:19" Kennung_FahrtZeitms="2023-01-12 10:04:19:027" Fahrtsp="10.1689" FahrtspStrecke="11.1111" FahrtspSignal="-1" FahrtspZugsicherung="45.8333" Fahrtkm="52.0719" FahrtHLDruck="5" FahrtFBSchalter="2"/>
<FahrtEintrag FahrtWeg="4269.7485" FahrtZeit="2023-01-12 10:04:21" Kennung_FahrtZeitms="2023-01-12 10:04:21:462" Fahrtsp="10.3082" FahrtspStrecke="11.1111" FahrtspSignal="-1" FahrtspZugsicherung="45.8333" Fahrtkm="52.0719" FahrtHLDruck="5" FahrtFBSchalter="4"/>
<FahrtEintrag FahrtWeg="4294.7617" FahrtZeit="2023-01-12 10:04:24" Kennung_FahrtZeitms="2023-01-12 10:04:24:738" Fahrtsp="10.4957" FahrtspStrecke="11.1111" FahrtspSignal="-1" FahrtspZugsicherung="45.8333" Fahrtkm="52.1577" FahrtHLDruck="5" FahrtFBSchalter="2"/>
<FahrtEintrag FahrtWeg="4319.8711" FahrtZeit="2023-01-12 10:04:26" Kennung_FahrtZeitms="2023-01-12 10:04:26:917" Fahrtsp="10.5112" FahrtspStrecke="11.1111" FahrtspSignal="-1" FahrtspZugsicherung="45.8333" Fahrtkm="52.1577" FahrtHLDruck="5"/>
<FahrtEintrag FahrtWeg="4345.2197" FahrtZeit="2023-01-12 10:04:29" Kennung_FahrtZeitms="2023-01-12 10:04:29:396" Fahrtsp="10.4813" FahrtspStrecke="11.1111" FahrtspSignal="-1" FahrtspZugsicherung="45.8333" Fahrtkm="52.1577" FahrtHLDruck="5"/>
<FahrtEintrag FahrtWeg="4370.354" FahrtZeit="2023-01-12 10:04:31" Kennung_FahrtZeitms="2023-01-12 10:04:31:425" Fahrtsp="10.4516" FahrtspStrecke="11.1111" FahrtspSignal="-1" FahrtspZugsicherung="45.8333" Fahrtkm="52.222" FahrtHLDruck="5"/>
<FahrtEintrag FahrtWeg="4395.4326" FahrtZeit="2023-01-12 10:04:34" Kennung_FahrtZeitms="2023-01-12 10:04:34:636" Fahrtsp="10.422" FahrtspStrecke="11.1111" FahrtspSignal="-1" FahrtspZugsicherung="45.8333" Fahrtkm="52.2572" FahrtHLDruck="5"/>
<FahrtEintrag FahrtWeg="4420.499" FahrtZeit="2023-01-12 10:04:36" Kennung_FahrtZeitms="2023-01-12 10:04:36:992" Fahrtsp="10.3923" FahrtspStrecke="11.1111" FahrtspSignal="-1" FahrtspZugsicherung="45.8333" Fahrtkm="52.2572" FahrtHLDruck="5"/>
<FahrtEintrag FahrtWeg="4445.5479" FahrtZeit="2023-01-12 10:04:38" Kennung_FahrtZeitms="2023-01-12 10:04:38:431" Fahrtsp="10.3627" FahrtspStrecke="11.1111" FahrtspSignal="-1" FahrtspZugsicherung="45.8333" Fahrtkm="52.2572" FahrtHLDruck="5"/>
<FahrtEintrag FahrtWeg="4470.8921" FahrtZeit="2023-01-12 10:04:41" Kennung_FahrtZeitms="2023-01-12 10:04:41:169" Fahrtsp="10.2956" FahrtspStrecke="11.1111" FahrtspSignal="-1" FahrtspZugsicherung="45.8333" Fahrtkm="52.3422" FahrtHLDruck="5"/>
<FahrtEintrag FahrtWeg="4496.2329" FahrtZeit="2023-01-12 10:04:43" Kennung_FahrtZeitms="2023-01-12 10:04:43:297" Fahrtsp="10.0187" FahrtspStrecke="11.1111" FahrtspSignal="-1" FahrtspZugsicherung="45.8333" Fahrtkm="52.3568" FahrtHLDruck="5"/>
<FahrtEintrag FahrtWeg="4521.5503" FahrtZeit="2023-01-12 10:04:46" Kennung_FahrtZeitms="2023-01-12 10:04:46:436" Fahrtsp="9.6826" FahrtspStrecke="11.1111" FahrtspSignal="-1" FahrtspZugsicherung="45.8333" Fahrtkm="52.3568" FahrtHLDruck="5"/>
<FahrtEintrag FahrtWeg="4546.5947" FahrtZeit="2023-01-12 10:04:48" Kennung_FahrtZeitms="2023-01-12 10:04:48:575" Fahrtsp="9.3773" FahrtspStrecke="11.1111" FahrtspSignal="-1" FahrtspZugsicherung="45.8333" Fahrtkm="52.3567" FahrtHLDruck="5" FahrtFBSchalter="4"/>
<FahrtEintrag FahrtWeg="4571.9355" FahrtZeit="2023-01-12 10:04:51" Kennung_FahrtZeitms="2023-01-12 10:04:51:208" Fahrtsp="9.4798" FahrtspStrecke="11.1111" FahrtspSignal="-1" FahrtspZugsicherung="45.8333" Fahrtkm="52.3567" FahrtHLDruck="5" FahrtFBSchalter="9"/>
<FahrtEintrag FahrtWeg="4596.9644" FahrtZeit="2023-01-12 10:04:54" Kennung_FahrtZeitms="2023-01-12 10:04:54:721" Fahrtsp="9.7633" FahrtspStrecke="11.1111" FahrtspSignal="-1" FahrtspZugsicherung="45.8333" Fahrtkm="52.4563" FahrtHLDruck="5" FahrtFBSchalter="12"/>
<FahrtEintrag FahrtWeg="4622.1226" FahrtZeit="2023-01-12 10:04:56" Kennung_FahrtZeitms="2023-01-12 10:04:56:351" Fahrtsp="10.1436" FahrtspStrecke="11.1111" FahrtspSignal="-1" FahrtspZugsicherung="45.8333" Fahrtkm="52.4564" FahrtHLDruck="5" FahrtFBSchalter="9"/>
<FahrtEintrag FahrtWeg="4647.4639" FahrtZeit="2023-01-12 10:04:59" Kennung_FahrtZeitms="2023-01-12 10:04:59:991" Fahrtsp="10.3664" FahrtspStrecke="11.1111" FahrtspSignal="-1" FahrtspZugsicherung="45.8333" Fahrtkm="52.4564" FahrtHLDruck="5" FahrtFBSchalter="9"/>
<FahrtEintrag FahrtWeg="4672.6274" FahrtZeit="2023-01-12 10:05:01" Kennung_FahrtZeitms="2023-01-12 10:05:01:637" Fahrtsp="10.5199" FahrtspStrecke="11.1111" FahrtspSignal="-1" FahrtspZugsicherung="45.8333" Fahrtkm="52.4563" FahrtHLDruck="5" FahrtFBSchalter="7"/>
<FahrtEintrag FahrtWeg="4697.6792" FahrtZeit="2023-01-12 10:05:03" Kennung_FahrtZeitms="2023-01-12 10:05:03:479" Fahrtsp="10.6114" FahrtspStrecke="11.1111" FahrtspSignal="-1" FahrtspZugsicherung="45.8333" Fahrtkm="52.5559" FahrtHLDruck="5" FahrtFBSchalter="7"/>
<FahrtEintrag FahrtWeg="4722.6904" FahrtZeit="2023-01-12 10:05:06" Kennung_FahrtZeitms="2023-01-12 10:05:06:809" Fahrtsp="10.7005" FahrtspStrecke="11.1111" FahrtspSignal="-1" FahrtspZugsicherung="45.8333" Fahrtkm="52.5558" FahrtHLDruck="5" FahrtFBSchalter="7"/>
<FahrtEintrag FahrtWeg="4747.8848" FahrtZeit="2023-01-12 10:05:08" Kennung_FahrtZeitms="2023-01-12 10:05:08:943" Fahrtsp="10.7878" FahrtspStrecke="11.1111" FahrtspSignal="-1" FahrtspZugsicherung="45.8333" Fahrtkm="52.5558" FahrtHLDruck="5" FahrtFBSchalter="7"/>
<FahrtEintrag FahrtWeg="4772.9424" FahrtZeit="2023-01-12 10:05:10" Kennung_FahrtZeitms="2023-01-12 10:05:10:820" Fahrtsp="10.7718" FahrtspStrecke="11.1111" FahrtspSignal="-1" FahrtspZugsicherung="45.8333" Fahrtkm="52.5558" FahrtHLDruck="5" FahrtFBSchalter="1"/>
<FahrtEintrag FahrtWeg="4798.2471" FahrtZeit="2023-01-12 10:05:13" Kennung_FahrtZeitms="2023-01-12 10:05:13:043" Fahrtsp="10.4612" FahrtspStrecke="11.1111" FahrtspSignal="-1" FahrtspZugsicherung="45.8333" Fahrtkm="52.6554" FahrtHLDruck="5"/>
<FahrtEintrag FahrtWeg="4823.3643" FahrtZeit="2023-01-12 10:05:15" Kennung_FahrtZeitms="2023-01-12 10:05:15:139" Fahrtsp="10.2544" FahrtspStrecke="11.1111" FahrtspSignal="-1" FahrtspZugsicherung="45.8333" Fahrtkm="52.6554" FahrtHLDruck="5" FahrtFBSchalter="6"/>
<FahrtEintrag FahrtWeg="4848.646" FahrtZeit="2023-01-12 10:05:18" Kennung_FahrtZeitms="2023-01-12 10:05:18:413" Fahrtsp="10.1663" FahrtspStrecke="11.1111" FahrtspSignal="-1" FahrtspZugsicherung="45.8333" Fahrtkm="52.6554" FahrtHLDruck="5" FahrtFBSchalter="3"/>
<FahrtEintrag FahrtWeg="4873.7217" FahrtZeit="2023-01-12 10:05:20" Kennung_FahrtZeitms="2023-01-12 10:05:20:431" Fahrtsp="10.0946" FahrtspStrecke="11.1111" FahrtspSignal="-1" FahrtspZugsicherung="45.8333" Fahrtkm="52.6554" FahrtHLDruck="5" FahrtFBSchalter="7"/>
<FahrtEintrag FahrtWeg="4899.0264" FahrtZeit="2023-01-12 10:05:23" Kennung_FahrtZeitms="2023-01-12 10:05:23:781" Fahrtsp="10.1396" FahrtspStrecke="11.1111" FahrtspSignal="-1" FahrtspZugsicherung="45.8333" Fahrtkm="52.7549" FahrtHLDruck="5" FahrtFBSchalter="6"/>
<FahrtEintrag FahrtWeg="4924.2788" FahrtZeit="2023-01-12 10:05:25" Kennung_FahrtZeitms="2023-01-12 10:05:25:657" Fahrtsp="10.1813" FahrtspStrecke="11.1111" FahrtspSignal="-1" FahrtspZugsicherung="45.8333" Fahrtkm="52.7549" FahrtHLDruck="5" FahrtFBSchalter="5"/>
<FahrtEintrag FahrtWeg="4949.4937" FahrtZeit="2023-01-12 10:05:28" Kennung_FahrtZeitms="2023-01-12 10:05:28:98" Fahrtsp="10.1095" FahrtspStrecke="11.1111" FahrtspSignal="-1" FahrtspZugsicherung="45.8333" Fahrtkm="52.7549" FahrtHLDruck="5" FahrtFBSchalter="4"/>
<FahrtEintrag FahrtWeg="4974.5571" FahrtZeit="2023-01-12 10:05:30" Kennung_FahrtZeitms="2023-01-12 10:05:30:932" Fahrtsp="10.0302" FahrtspStrecke="11.1111" FahrtspSignal="-1" FahrtspZugsicherung="45.8333" Fahrtkm="52.7549" FahrtHLDruck="5" FahrtFBSchalter="4"/>
<FahrtEintrag FahrtWeg="4999.8042" FahrtZeit="2023-01-12 10:05:33" Kennung_FahrtZeitms="2023-01-12 10:05:33:911" Fahrtsp="9.8507" FahrtspStrecke="11.1111" FahrtspSignal="-1" FahrtspZugsicherung="45.8333" Fahrtkm="52.8345" FahrtHLDruck="5" FahrtFBSchalter="2"/>
<FahrtEintrag FahrtWeg="5024.9048" FahrtZeit="2023-01-12 10:05:35" Kennung_FahrtZeitms="2023-01-12 10:05:35:511" Fahrtsp="9.6904" FahrtspStrecke="11.1111" FahrtspSignal="-1" FahrtspZugsicherung="45.8333" Fahrtkm="52.8345" FahrtHLDruck="5" FahrtFBSchalter="6"/>
<FahrtEintrag FahrtWeg="5038.9087" FahrtZeit="2023-01-12 10:05:36" Kennung_FahrtZeitms="2023-01-12 10:05:36:817" Fahrtsp="9.6994" FahrtspStrecke="11.1111" FahrtspSignal="-1" FahrtspZugsicherung="45.8333" Fahrtkm="52.8544" FahrtHLDruck="5" FahrtFBSchalter="6"/>
<FahrtEintrag FahrtWeg="5049.9111" FahrtZeit="2023-01-12 10:05:38" Kennung_FahrtZeitms="2023-01-12 10:05:38:822" Fahrtsp="9.7421" FahrtspStrecke="11.1111" FahrtspSignal="-1" FahrtspZugsicherung="45.8333" Fahrtkm="52.8545" FahrtHLDruck="5" FahrtFBSchalter="6"/>
<FahrtEintrag FahrtWeg="5074.916" FahrtZeit="2023-01-12 10:05:40" Kennung_FahrtZeitms="2023-01-12 10:05:40:957" Fahrtsp="9.7925" FahrtspStrecke="11.1111" FahrtspSignal="-1" FahrtspZugsicherung="45.8333" Fahrtkm="52.8545" FahrtHLDruck="5" FahrtFBSchalter="6"/>
<FahrtEintrag FahrtWeg="5100.1812" FahrtZeit="2023-01-12 10:05:43" Kennung_FahrtZeitms="2023-01-12 10:05:43:924" Fahrtsp="9.8424" FahrtspStrecke="11.1111" FahrtspSignal="-1" FahrtspZugsicherung="45.8333" Fahrtkm="52.9541" FahrtHLDruck="5" FahrtFBSchalter="6"/>
<FahrtEintrag FahrtWeg="5105.9829" FahrtZeit="2023-01-12 10:05:44" Kennung_FahrtZeitms="2023-01-12 10:05:44:849" Fahrtsp="9.8537" FahrtspStrecke="11.1111" FahrtspSignal="-1" FahrtspZugsicherung="45.8333" Fahrtkm="52.9541" FahrtHLDruck="5" FahrtFBSchalter="6"/>
<FahrtEintrag FahrtWeg="5109.2939" FahrtZeit="2023-01-12 10:05:44" Kennung_FahrtZeitms="2023-01-12 10:05:45:108" Fahrtsp="9.8601" FahrtspStrecke="11.1111" FahrtspSignal="-1" FahrtspZugsicherung="45.8333" Fahrtkm="52.9541" FahrtHLDruck="5" FahrtFBSchalter="6"/>
<FahrtEintrag FahrtTyp="8" FahrtWeg="-1" FahrtZeit="2023-01-12 10:05:47" Kennung_FahrtZeitms="2023-01-12 10:05:47:421" Fahrtsp="-1" FahrtspStrecke="-1" FahrtspSignal="-1" FahrtspZugsicherung="-1" FahrtHLDruck="-1" FahrtParameter="48" FahrtFBSchalter="-10000"/>
<FahrtEintrag FahrtWeg="5144.7367" FahrtZeit="2023-01-12 10:05:47" Kennung_FahrtZeitms="2023-01-12 10:05:47:501" Fahrtsp="9.8501" FahrtspStrecke="11.1111" FahrtspSignal="-1" FahrtspZugsicherung="45.8333" Fahrtkm="52.963" FahrtHLDruck="5"/>
<FahrtEintrag FahrtTyp="8" FahrtWeg="-1" FahrtZeit="2023-01-12 10:05:48" Kennung_FahrtZeitms="2023-01-12 10:05:48:149" Fahrtsp="-1" FahrtspStrecke="-1" FahrtspSignal="-1" FahrtspZugsicherung="-1" FahrtHLDruck="-1" FahrtParameter="16" FahrtFBSchalter="-10000"/>
<FahrtEintrag FahrtWeg="5169.6626" FahrtZeit="2023-01-12 10:05:49" Kennung_FahrtZeitms="2023-01-12 10:05:50:032" Fahrtsp="9.645" FahrtspStrecke="11.1111" FahrtspSignal="-1" FahrtspZugsicherung="45.8333" Fahrtkm="53.041" FahrtHLDruck="5" FahrtFBSchalter="5"/>
<FahrtEintrag FahrtWeg="5184.8257" FahrtZeit="2023-01-12 10:05:52" Kennung_FahrtZeitms="2023-01-12 10:05:52:644" Fahrtsp="9.633" FahrtspStrecke="11.1111" FahrtspSignal="-1" FahrtspZugsicherung="45.8333" Fahrtkm="53.041" FahrtHLDruck="5" FahrtFBSchalter="5"/>
<FahrtEintrag FahrtWeg="5210.0215" FahrtZeit="2023-01-12 10:05:54" Kennung_FahrtZeitms="2023-01-12 10:05:54:256" Fahrtsp="9.6211" FahrtspStrecke="11.1111" FahrtspSignal="-1" FahrtspZugsicherung="45.8333" Fahrtkm="53.0662" FahrtHLDruck="5" FahrtFBSchalter="5"/>
<FahrtEintrag FahrtWeg="5235.0278" FahrtZeit="2023-01-12 10:05:57" Kennung_FahrtZeitms="2023-01-12 10:05:57:868" Fahrtsp="9.6094" FahrtspStrecke="11.1111" FahrtspSignal="-1" FahrtspZugsicherung="45.8333" Fahrtkm="53.0536" FahrtHLDruck="5" FahrtFBSchalter="5"/>
<FahrtEintrag FahrtWeg="5260.1875" FahrtZeit="2023-01-12 10:05:59" Kennung_FahrtZeitms="2023-01-12 10:05:59:623" Fahrtsp="9.6467" FahrtspStrecke="11.1111" FahrtspSignal="-1" FahrtspZugsicherung="45.8333" Fahrtkm="53.0536" FahrtHLDruck="5" FahrtFBSchalter="6"/>
<FahrtEintrag FahrtWeg="5285.271" FahrtZeit="2023-01-12 10:06:02" Kennung_FahrtZeitms="2023-01-12 10:06:02:235" Fahrtsp="9.6995" FahrtspStrecke="11.1111" FahrtspSignal="-1" FahrtspZugsicherung="45.8333" Fahrtkm="53.1532" FahrtHLDruck="5" FahrtFBSchalter="6"/>
<FahrtEintrag FahrtWeg="5310.4937" FahrtZeit="2023-01-12 10:06:05" Kennung_FahrtZeitms="2023-01-12 10:06:05:860" Fahrtsp="9.7513" FahrtspStrecke="11.1111" FahrtspSignal="-1" FahrtspZugsicherung="45.8333" Fahrtkm="53.1532" FahrtHLDruck="5" FahrtFBSchalter="6"/>
<FahrtEintrag FahrtWeg="5335.6597" FahrtZeit="2023-01-12 10:06:07" Kennung_FahrtZeitms="2023-01-12 10:06:07:807" Fahrtsp="9.8019" FahrtspStrecke="11.1111" FahrtspSignal="-1" FahrtspZugsicherung="45.8333" Fahrtkm="53.1532" FahrtHLDruck="5" FahrtFBSchalter="6"/>
<FahrtEintrag FahrtWeg="5360.9321" FahrtZeit="2023-01-12 10:06:10" Kennung_FahrtZeitms="2023-01-12 10:06:10:622" Fahrtsp="9.8715" FahrtspStrecke="11.1111" FahrtspSignal="-1" FahrtspZugsicherung="45.8333" Fahrtkm="53.1532" FahrtHLDruck="5" FahrtFBSchalter="9"/>
<FahrtEintrag FahrtWeg="5386.187" FahrtZeit="2023-01-12 10:06:12" Kennung_FahrtZeitms="2023-01-12 10:06:12:983" Fahrtsp="10.0541" FahrtspStrecke="11.1111" FahrtspSignal="-1" FahrtspZugsicherung="45.8333" Fahrtkm="53.2528" FahrtHLDruck="5" FahrtFBSchalter="8"/>
<FahrtEintrag FahrtWeg="5411.4473" FahrtZeit="2023-01-12 10:06:15" Kennung_FahrtZeitms="2023-01-12 10:06:15:516" Fahrtsp="10.12" FahrtspStrecke="11.1111" FahrtspSignal="-1" FahrtspZugsicherung="45.8333" Fahrtkm="53.2528" FahrtHLDruck="5" FahrtFBSchalter="2"/>
<FahrtEintrag FahrtWeg="5436.7153" FahrtZeit="2023-01-12 10:06:17" Kennung_FahrtZeitms="2023-01-12 10:06:17:925" Fahrtsp="9.9559" FahrtspStrecke="11.1111" FahrtspSignal="-1" FahrtspZugsicherung="45.8333" Fahrtkm="53.2528" FahrtHLDruck="5" FahrtFBSchalter="3"/>
<FahrtEintrag FahrtWeg="5461.9336" FahrtZeit="2023-01-12 10:06:20" Kennung_FahrtZeitms="2023-01-12 10:06:20:125" Fahrtsp="9.8131" FahrtspStrecke="11.1111" FahrtspSignal="-1" FahrtspZugsicherung="45.8333" Fahrtkm="53.2528" FahrtHLDruck="5" FahrtFBSchalter="3"/>
<FahrtEintrag FahrtTyp="5" FahrtWeg="5479.8062" FahrtZeit="2023-01-12 10:06:22" Kennung_FahrtZeitms="2023-01-12 10:06:22:425" Fahrtsp="9.9188" FahrtspStrecke="11.1111" FahrtspSignal="-1" FahrtspZugsicherung="45.8333" FahrtText="Üst Moorrasen A" Fahrtkm="53.2528" FahrtHLDruck="5" FahrtFBSchalter="8"/>
<FahrtEintrag FahrtWeg="5505.1309" FahrtZeit="2023-01-12 10:06:24" Kennung_FahrtZeitms="2023-01-12 10:06:24:069" Fahrtsp="10.0881" FahrtspStrecke="11.1111" FahrtspSignal="-1" FahrtspZugsicherung="45.8333" Fahrtkm="53.3524" FahrtHLDruck="5.0077" FahrtFBSchalter="8"/>
<FahrtEintrag FahrtWeg="5530.4697" FahrtZeit="2023-01-12 10:06:27" Kennung_FahrtZeitms="2023-01-12 10:06:27:225" Fahrtsp="9.8479" FahrtspStrecke="11.1111" FahrtspSignal="-1" FahrtspZugsicherung="45.8333" Fahrtkm="53.3524" FahrtHLDruck="5.0012"/>
<FahrtEintrag FahrtWeg="5555.5996" FahrtZeit="2023-01-12 10:06:30" Kennung_FahrtZeitms="2023-01-12 10:06:30:363" Fahrtsp="9.5086" FahrtspStrecke="11.1111" FahrtspSignal="-1" FahrtspZugsicherung="45.8333" Fahrtkm="53.3524" FahrtHLDruck="5.0011"/>
<FahrtEintrag FahrtWeg="5580.7124" FahrtZeit="2023-01-12 10:06:32" Kennung_FahrtZeitms="2023-01-12 10:06:32:672" Fahrtsp="9.2071" FahrtspStrecke="11.1111" FahrtspSignal="-1" FahrtspZugsicherung="45.8333" Fahrtkm="53.452" FahrtHLDruck="5.0011" FahrtFBSchalter="3"/>
<FahrtEintrag FahrtWeg="5606.0137" FahrtZeit="2023-01-12 10:06:35" Kennung_FahrtZeitms="2023-01-12 10:06:35:328" Fahrtsp="9.0597" FahrtspStrecke="11.1111" FahrtspSignal="-1" FahrtspZugsicherung="45.8333" Fahrtkm="53.452" FahrtHLDruck="5.0011" FahrtFBSchalter="3"/>
<FahrtEintrag FahrtWeg="5631.1426" FahrtZeit="2023-01-12 10:06:38" Kennung_FahrtZeitms="2023-01-12 10:06:38:439" Fahrtsp="8.9124" FahrtspStrecke="11.1111" FahrtspSignal="-1" FahrtspZugsicherung="45.8333" Fahrtkm="53.452" FahrtHLDruck="5.001" FahrtFBSchalter="3"/>
<FahrtEintrag FahrtWeg="5656.376" FahrtZeit="2023-01-12 10:06:41" Kennung_FahrtZeitms="2023-01-12 10:06:41:072" Fahrtsp="8.8174" FahrtspStrecke="11.1111" FahrtspSignal="-1" FahrtspZugsicherung="45.8333" Fahrtkm="53.452" FahrtHLDruck="5.001" FahrtFBSchalter="6"/>
<FahrtEintrag FahrtWeg="5681.5234" FahrtZeit="2023-01-12 10:06:44" Kennung_FahrtZeitms="2023-01-12 10:06:44:551" Fahrtsp="8.8863" FahrtspStrecke="11.1111" FahrtspSignal="-1" FahrtspZugsicherung="45.8333" Fahrtkm="53.5516" FahrtHLDruck="5.001" FahrtFBSchalter="5"/>
<FahrtEintrag FahrtWeg="5706.5552" FahrtZeit="2023-01-12 10:06:46" Kennung_FahrtZeitms="2023-01-12 10:06:46:587" Fahrtsp="8.5524" FahrtspStrecke="11.1111" FahrtspSignal="-1" FahrtspZugsicherung="45.8333" Fahrtkm="53.5515" FahrtHLDruck="5.001"/>
<FahrtEintrag FahrtWeg="5731.6201" FahrtZeit="2023-01-12 10:06:49" Kennung_FahrtZeitms="2023-01-12 10:06:49:361" Fahrtsp="8.1629" FahrtspStrecke="11.1111" FahrtspSignal="-1" FahrtspZugsicherung="45.8333" Fahrtkm="53.5515" FahrtHLDruck="5.0009"/>
<FahrtEintrag FahrtWeg="5756.9111" FahrtZeit="2023-01-12 10:06:52" Kennung_FahrtZeitms="2023-01-12 10:06:52:235" Fahrtsp="7.7508" FahrtspStrecke="11.1111" FahrtspSignal="-1" FahrtspZugsicherung="45.8333" Fahrtkm="53.5515" FahrtHLDruck="5.0009"/>
<FahrtEintrag FahrtWeg="5782.1475" FahrtZeit="2023-01-12 10:06:56" Kennung_FahrtZeitms="2023-01-12 10:06:56:236" Fahrtsp="7.3172" FahrtspStrecke="11.1111" FahrtspSignal="-1" FahrtspZugsicherung="45.8333" Fahrtkm="53.6522" FahrtHLDruck="5.0009"/>
<FahrtEintrag FahrtWeg="5807.1968" FahrtZeit="2023-01-12 10:06:59" Kennung_FahrtZeitms="2023-01-12 10:06:59:535" Fahrtsp="6.8607" FahrtspStrecke="11.1111" FahrtspSignal="-1" FahrtspZugsicherung="45.8333" Fahrtkm="53.6739" FahrtHLDruck="5.0008"/>
<FahrtEintrag FahrtWeg="5832.3721" FahrtZeit="2023-01-12 10:07:03" Kennung_FahrtZeitms="2023-01-12 10:07:03:477" Fahrtsp="6.3696" FahrtspStrecke="11.1111" FahrtspSignal="-1" FahrtspZugsicherung="45.8333" Fahrtkm="53.6738" FahrtHLDruck="5.0008"/>
<FahrtEintrag FahrtWeg="5857.415" FahrtZeit="2023-01-12 10:07:08" Kennung_FahrtZeitms="2023-01-12 10:07:08:790" Fahrtsp="4.7048" FahrtspStrecke="11.1111" FahrtspSignal="-1" FahrtspZugsicherung="45.8333" Fahrtkm="53.6738" FahrtHLDruck="4.7001"/>
<FahrtEintrag FahrtWeg="5873.043" FahrtZeit="2023-01-12 10:07:13" Kennung_FahrtZeitms="2023-01-12 10:07:13:746" Fahrtsp="1.2929" FahrtspStrecke="11.1111" FahrtspSignal="-1" FahrtspZugsicherung="45.8333" Fahrtkm="53.7322" FahrtHLDruck="4.3049"/>
<FahrtEintrag FahrtTyp="1" FahrtWeg="5874.8799" FahrtZeit="2023-01-12 10:07:16" Kennung_FahrtZeitms="2023-01-12 10:07:16:830" Fahrtsp="1.2929" FahrtspStrecke="11.1111" FahrtspSignal="-1" FahrtspZugsicherung="45.8333" Fahrtkm="53.7322" FahrtHLDruck="4.33"/>
<FahrtEintrag FahrtWeg="5874.8799" FahrtZeit="2023-01-12 10:07:21" Kennung_FahrtZeitms="2023-01-12 10:07:21:000" FahrtspStrecke="11.1111" FahrtspSignal="-1" FahrtspZugsicherung="45.8333" Fahrtkm="53.7322" FahrtHLDruck="4.9964"/>
<FahrtEintrag FahrtWeg="5874.8799" FahrtZeit="2023-01-12 10:07:26" Kennung_FahrtZeitms="2023-01-12 10:07:26:000" FahrtspStrecke="11.1111" FahrtspSignal="-1" FahrtspZugsicherung="45.8333" Fahrtkm="53.7322" FahrtHLDruck="5.0006"/>
<FahrtEintrag FahrtWeg="5874.8799" FahrtZeit="2023-01-12 10:07:31" Kennung_FahrtZeitms="2023-01-12 10:07:31:000" FahrtspStrecke="11.1111" FahrtspSignal="-1" FahrtspZugsicherung="45.8333" Fahrtkm="53.7322" FahrtHLDruck="5.0006"/>
<FahrtEintrag FahrtWeg="5874.8799" FahrtZeit="2023-01-12 10:07:36" Kennung_FahrtZeitms="2023-01-12 10:07:36:000" FahrtspStrecke="11.1111" FahrtspSignal="-1" FahrtspZugsicherung="45.8333" Fahrtkm="53.7322" FahrtHLDruck="5.0006"/>
<FahrtEintrag FahrtWeg="5874.8799" FahrtZeit="2023-01-12 10:07:41" Kennung_FahrtZeitms="2023-01-12 10:07:41:000" FahrtspStrecke="11.1111" FahrtspSignal="-1" FahrtspZugsicherung="45.8333" Fahrtkm="53.7322" FahrtHLDruck="5.0006"/>
<FahrtEintrag FahrtWeg="5874.8799" FahrtZeit="2023-01-12 10:07:46" Kennung_FahrtZeitms="2023-01-12 10:07:46:000" FahrtspStrecke="11.1111" FahrtspSignal="-1" FahrtspZugsicherung="45.8333" Fahrtkm="53.7322" FahrtHLDruck="5.0005"/>
<FahrtEintrag FahrtWeg="5874.8799" FahrtZeit="2023-01-12 10:07:51" Kennung_FahrtZeitms="2023-01-12 10:07:51:000" FahrtspStrecke="11.1111" FahrtspSignal="-1" FahrtspZugsicherung="45.8333" Fahrtkm="53.7322" FahrtHLDruck="5.0005"/>
<FahrtEintrag FahrtWeg="5874.8799" FahrtZeit="2023-01-12 10:07:56" Kennung_FahrtZeitms="2023-01-12 10:07:56:000" FahrtspStrecke="11.1111" FahrtspSignal="-1" FahrtspZugsicherung="45.8333" Fahrtkm="53.7322" FahrtHLDruck="5.0005"/>
<FahrtEintrag FahrtWeg="5874.8799" FahrtZeit="2023-01-12 10:08:01" Kennung_FahrtZeitms="2023-01-12 10:08:01:000" FahrtspStrecke="11.1111" FahrtspSignal="-1" FahrtspZugsicherung="45.8333" Fahrtkm="53.7322" FahrtHLDruck="5.0005"/>
<FahrtEintrag FahrtWeg="5874.8799" FahrtZeit="2023-01-12 10:08:06" Kennung_FahrtZeitms="2023-01-12 10:08:06:000" FahrtspStrecke="11.1111" FahrtspSignal="-1" FahrtspZugsicherung="45.8333" Fahrtkm="53.7322" FahrtHLDruck="5.0004"/>
<FahrtEintrag FahrtWeg="5874.8799" FahrtZeit="2023-01-12 10:08:11" Kennung_FahrtZeitms="2023-01-12 10:08:11:000" FahrtspStrecke="11.1111" FahrtspSignal="-1" FahrtspZugsicherung="45.8333" Fahrtkm="53.7322" FahrtHLDruck="5.0004"/>
<FahrtEintrag FahrtWeg="5874.8799" FahrtZeit="2023-01-12 10:08:16" Kennung_FahrtZeitms="2023-01-12 10:08:16:000" FahrtspStrecke="11.1111" FahrtspSignal="-1" FahrtspZugsicherung="45.8333" Fahrtkm="53.7322" FahrtHLDruck="5.0004"/>
<FahrtEintrag FahrtWeg="5874.8799" FahrtZeit="2023-01-12 10:08:21" Kennung_FahrtZeitms="2023-01-12 10:08:21:000" FahrtspStrecke="11.1111" FahrtspSignal="-1" FahrtspZugsicherung="45.8333" Fahrtkm="53.7322" FahrtHLDruck="5.0004"/>
<FahrtEintrag FahrtWeg="5874.8799" FahrtZeit="2023-01-12 10:08:26" Kennung_FahrtZeitms="2023-01-12 10:08:26:000" FahrtspStrecke="11.1111" FahrtspSignal="-1" FahrtspZugsicherung="45.8333" Fahrtkm="53.7322" FahrtHLDruck="5.0004"/>
<FahrtEintrag FahrtWeg="5874.8799" FahrtZeit="2023-01-12 10:08:31" Kennung_FahrtZeitms="2023-01-12 10:08:31:000" FahrtspStrecke="11.1111" FahrtspSignal="-1" FahrtspZugsicherung="45.8333" Fahrtkm="53.7322" FahrtHLDruck="5.0003"/>
<FahrtEintrag FahrtWeg="5874.8799" FahrtZeit="2023-01-12 10:08:36" Kennung_FahrtZeitms="2023-01-12 10:08:36:000" FahrtspStrecke="11.1111" FahrtspSignal="-1" FahrtspZugsicherung="45.8333" Fahrtkm="53.7322" FahrtHLDruck="5.0003"/>
<FahrtEintrag FahrtWeg="5874.8799" FahrtZeit="2023-01-12 10:08:41" Kennung_FahrtZeitms="2023-01-12 10:08:41:000" FahrtspStrecke="11.1111" FahrtspSignal="-1" FahrtspZugsicherung="45.8333" Fahrtkm="53.7322" FahrtHLDruck="5.0003"/>
</result>
</Zusi>
