﻿<?xml version="1.0" encoding="UTF-8"?>
<Zusi>
<Info DateiTyp="result" Version="A.1" MinVersion="A.0"/>
<result Zugnummer="4711 (FaS)" TfNummer="A3" Datum="2023-01-13 10:34:08" Verbrauch="151272896">
<FahrtEintrag FahrtTyp="2" FahrtWeg="1516.7542" FahrtZeit="2023-01-13 09:50:00" Kennung_FahrtZeitms="2023-02-21 09:50:00:099" FahrtspStrecke="11.1111" FahrtspSignal="-1" FahrtspZugsicherung="-1" FahrtText="" Fahrtkm="49.3855" FahrtHLDruck="5" FahrtFplAnk="44939.410156" FahrtFplAbf="44939.417969"/>
<FahrtEintrag FahrtWeg="1516.7542" FahrtZeit="2023-01-13 09:50:05" Kennung_FahrtZeitms="2023-01-13 09:50:05:000" FahrtspStrecke="11.1111" FahrtspSignal="-1" FahrtspZugsicherung="45.8333" Fahrtkm="49.3855" FahrtHLDruck="5"/>
<FahrtEintrag FahrtWeg="1516.7542" FahrtZeit="2023-01-13 09:50:10" Kennung_FahrtZeitms="2023-01-13 09:50:10:000" FahrtspStrecke="11.1111" FahrtspSignal="-1" FahrtspZugsicherung="45.8333" Fahrtkm="49.3855" FahrtHLDruck="5"/>
<FahrtEintrag FahrtWeg="1516.7542" FahrtZeit="2023-01-13 09:50:15" Kennung_FahrtZeitms="2023-01-13 09:50:15:000" FahrtspStrecke="11.1111" FahrtspSignal="-1" FahrtspZugsicherung="45.8333" Fahrtkm="49.3855" FahrtHLDruck="5"/>
<FahrtEintrag FahrtWeg="1516.7542" FahrtZeit="2023-01-13 09:50:20" Kennung_FahrtZeitms="2023-01-13 09:50:20:000" FahrtspStrecke="11.1111" FahrtspSignal="-1" FahrtspZugsicherung="45.8333" Fahrtkm="49.3855" FahrtHLDruck="5"/>
<FahrtEintrag FahrtWeg="1516.7542" FahrtZeit="2023-01-13 09:50:25" Kennung_FahrtZeitms="2023-01-13 09:50:25:000" FahrtspStrecke="11.1111" FahrtspSignal="-1" FahrtspZugsicherung="45.8333" Fahrtkm="49.3855" FahrtHLDruck="5"/>
<FahrtEintrag FahrtWeg="1516.7542" FahrtZeit="2023-01-13 09:50:30" Kennung_FahrtZeitms="2023-01-13 09:50:30:000" FahrtspStrecke="11.1111" FahrtspSignal="-1" FahrtspZugsicherung="45.8333" Fahrtkm="49.3855" FahrtHLDruck="5"/>
<FahrtEintrag FahrtWeg="1516.7542" FahrtZeit="2023-01-13 09:50:35" Kennung_FahrtZeitms="2023-01-13 09:50:35:000" FahrtspStrecke="11.1111" FahrtspSignal="-1" FahrtspZugsicherung="45.8333" Fahrtkm="49.3855" FahrtHLDruck="5"/>
<FahrtEintrag FahrtWeg="1516.7542" FahrtZeit="2023-01-13 09:50:40" Kennung_FahrtZeitms="2023-01-13 09:50:40:000" FahrtspStrecke="11.1111" FahrtspSignal="-1" FahrtspZugsicherung="45.8333" Fahrtkm="49.3855" FahrtHLDruck="5"/>
<FahrtEintrag FahrtWeg="1516.7542" FahrtZeit="2023-01-13 09:50:45" Kennung_FahrtZeitms="2023-01-13 09:50:45:000" FahrtspStrecke="11.1111" FahrtspSignal="-1" FahrtspZugsicherung="45.8333" Fahrtkm="49.3855" FahrtHLDruck="5"/>
<FahrtEintrag FahrtWeg="1516.7542" FahrtZeit="2023-01-13 09:50:50" Kennung_FahrtZeitms="2023-01-13 09:50:50:000" FahrtspStrecke="11.1111" FahrtspSignal="-1" FahrtspZugsicherung="45.8333" Fahrtkm="49.3855" FahrtHLDruck="5"/>
<FahrtEintrag FahrtWeg="1516.7542" FahrtZeit="2023-01-13 09:50:55" Kennung_FahrtZeitms="2023-01-13 09:50:55:000" FahrtspStrecke="11.1111" FahrtspSignal="-1" FahrtspZugsicherung="45.8333" Fahrtkm="49.3855" FahrtHLDruck="5"/>
<FahrtEintrag FahrtWeg="1516.7542" FahrtZeit="2023-01-13 09:51:00" Kennung_FahrtZeitms="2023-01-13 09:51:00:000" FahrtspStrecke="11.1111" FahrtspSignal="-1" FahrtspZugsicherung="45.8333" Fahrtkm="49.3855" FahrtHLDruck="5"/>
<FahrtEintrag FahrtWeg="1516.7542" FahrtZeit="2023-01-13 09:51:05" Kennung_FahrtZeitms="2023-01-13 09:51:05:000" FahrtspStrecke="11.1111" FahrtspSignal="-1" FahrtspZugsicherung="45.8333" Fahrtkm="49.3855" FahrtHLDruck="5"/>
<FahrtEintrag FahrtWeg="1516.7542" FahrtZeit="2023-01-13 09:51:10" Kennung_FahrtZeitms="2023-01-13 09:51:10:000" FahrtspStrecke="11.1111" FahrtspSignal="-1" FahrtspZugsicherung="45.8333" Fahrtkm="49.3855" FahrtHLDruck="5"/>
<FahrtEintrag FahrtWeg="1516.7542" FahrtZeit="2023-01-13 09:51:15" Kennung_FahrtZeitms="2023-01-13 09:51:15:000" FahrtspStrecke="11.1111" FahrtspSignal="-1" FahrtspZugsicherung="45.8333" Fahrtkm="49.3855" FahrtHLDruck="5"/>
<FahrtEintrag FahrtWeg="1516.7542" FahrtZeit="2023-01-13 09:51:20" Kennung_FahrtZeitms="2023-01-13 09:51:20:000" FahrtspStrecke="11.1111" FahrtspSignal="-1" FahrtspZugsicherung="45.8333" Fahrtkm="49.3855" FahrtHLDruck="5"/>
<FahrtEintrag FahrtWeg="1516.7542" FahrtZeit="2023-01-13 09:51:25" Kennung_FahrtZeitms="2023-01-13 09:51:25:000" FahrtspStrecke="11.1111" FahrtspSignal="-1" FahrtspZugsicherung="45.8333" Fahrtkm="49.3855" FahrtHLDruck="5"/>
<FahrtEintrag FahrtWeg="1516.7542" FahrtZeit="2023-01-13 09:51:30" Kennung_FahrtZeitms="2023-01-13 09:51:30:000" FahrtspStrecke="11.1111" FahrtspSignal="-1" FahrtspZugsicherung="45.8333" Fahrtkm="49.3855" FahrtHLDruck="5"/>
<FahrtEintrag FahrtWeg="1516.7542" FahrtZeit="2023-01-13 09:51:35" Kennung_FahrtZeitms="2023-01-13 09:51:35:000" FahrtspStrecke="11.1111" FahrtspSignal="-1" FahrtspZugsicherung="45.8333" Fahrtkm="49.3855" FahrtHLDruck="5"/>
<FahrtEintrag FahrtWeg="1516.7542" FahrtZeit="2023-01-13 09:51:40" Kennung_FahrtZeitms="2023-01-13 09:51:40:000" FahrtspStrecke="11.1111" FahrtspSignal="-1" FahrtspZugsicherung="45.8333" Fahrtkm="49.3855" FahrtHLDruck="5"/>
<FahrtEintrag FahrtWeg="1516.7542" FahrtZeit="2023-01-13 09:51:45" Kennung_FahrtZeitms="2023-01-13 09:51:45:000" FahrtspStrecke="11.1111" FahrtspSignal="-1" FahrtspZugsicherung="45.8333" Fahrtkm="49.3855" FahrtHLDruck="5"/>
<FahrtEintrag FahrtWeg="1516.7542" FahrtZeit="2023-01-13 09:51:50" Kennung_FahrtZeitms="2023-01-13 09:51:50:000" FahrtspStrecke="11.1111" FahrtspSignal="-1" FahrtspZugsicherung="45.8333" Fahrtkm="49.3855" FahrtHLDruck="5"/>
<FahrtEintrag FahrtWeg="1516.7542" FahrtZeit="2023-01-13 09:51:55" Kennung_FahrtZeitms="2023-01-13 09:51:55:000" FahrtspStrecke="11.1111" FahrtspSignal="-1" FahrtspZugsicherung="45.8333" Fahrtkm="49.3855" FahrtHLDruck="5"/>
<FahrtEintrag FahrtWeg="1516.7542" FahrtZeit="2023-01-13 09:52:00" Kennung_FahrtZeitms="2023-01-13 09:52:00:000" FahrtspStrecke="11.1111" FahrtspSignal="-1" FahrtspZugsicherung="45.8333" Fahrtkm="49.3855" FahrtHLDruck="5"/>
<FahrtEintrag FahrtWeg="1516.7542" FahrtZeit="2023-01-13 09:52:05" Kennung_FahrtZeitms="2023-01-13 09:52:05:000" FahrtspStrecke="11.1111" FahrtspSignal="-1" FahrtspZugsicherung="45.8333" Fahrtkm="49.3855" FahrtHLDruck="5"/>
<FahrtEintrag FahrtWeg="1516.7542" FahrtZeit="2023-01-13 09:52:10" Kennung_FahrtZeitms="2023-01-13 09:52:10:000" FahrtspStrecke="11.1111" FahrtspSignal="-1" FahrtspZugsicherung="45.8333" Fahrtkm="49.3855" FahrtHLDruck="5"/>
<FahrtEintrag FahrtWeg="1516.7542" FahrtZeit="2023-01-13 09:52:15" Kennung_FahrtZeitms="2023-01-13 09:52:15:000" FahrtspStrecke="11.1111" FahrtspSignal="-1" FahrtspZugsicherung="45.8333" Fahrtkm="49.3855" FahrtHLDruck="5"/>
<FahrtEintrag FahrtWeg="1516.7542" FahrtZeit="2023-01-13 09:52:20" Kennung_FahrtZeitms="2023-01-13 09:52:20:000" FahrtspStrecke="11.1111" FahrtspSignal="-1" FahrtspZugsicherung="45.8333" Fahrtkm="49.3855" FahrtHLDruck="5"/>
<FahrtEintrag FahrtWeg="1516.7542" FahrtZeit="2023-01-13 09:52:25" Kennung_FahrtZeitms="2023-01-13 09:52:25:000" FahrtspStrecke="11.1111" FahrtspSignal="-1" FahrtspZugsicherung="45.8333" Fahrtkm="49.3855" FahrtHLDruck="5"/>
<FahrtEintrag FahrtWeg="1516.7542" FahrtZeit="2023-01-13 09:52:30" Kennung_FahrtZeitms="2023-01-13 09:52:30:000" FahrtspStrecke="11.1111" FahrtspSignal="-1" FahrtspZugsicherung="45.8333" Fahrtkm="49.3855" FahrtHLDruck="5"/>
<FahrtEintrag FahrtWeg="1516.7542" FahrtZeit="2023-01-13 09:52:35" Kennung_FahrtZeitms="2023-01-13 09:52:35:000" FahrtspStrecke="11.1111" FahrtspSignal="-1" FahrtspZugsicherung="45.8333" Fahrtkm="49.3855" FahrtHLDruck="5"/>
<FahrtEintrag FahrtWeg="1516.7542" FahrtZeit="2023-01-13 09:52:40" Kennung_FahrtZeitms="2023-01-13 09:52:40:000" FahrtspStrecke="11.1111" FahrtspSignal="-1" FahrtspZugsicherung="45.8333" Fahrtkm="49.3855" FahrtHLDruck="5"/>
<FahrtEintrag FahrtWeg="1516.7542" FahrtZeit="2023-01-13 09:52:45" Kennung_FahrtZeitms="2023-01-13 09:52:45:000" FahrtspStrecke="11.1111" FahrtspSignal="-1" FahrtspZugsicherung="45.8333" Fahrtkm="49.3855" FahrtHLDruck="5"/>
<FahrtEintrag FahrtWeg="1516.7542" FahrtZeit="2023-01-13 09:52:50" Kennung_FahrtZeitms="2023-01-13 09:52:50:000" FahrtspStrecke="11.1111" FahrtspSignal="-1" FahrtspZugsicherung="45.8333" Fahrtkm="49.3855" FahrtHLDruck="5"/>
<FahrtEintrag FahrtWeg="1516.7542" FahrtZeit="2023-01-13 09:52:55" Kennung_FahrtZeitms="2023-01-13 09:52:55:000" FahrtspStrecke="11.1111" FahrtspSignal="-1" FahrtspZugsicherung="45.8333" Fahrtkm="49.3855" FahrtHLDruck="5"/>
<FahrtEintrag FahrtWeg="1516.7542" FahrtZeit="2023-01-13 09:53:00" Kennung_FahrtZeitms="2023-01-13 09:53:00:000" FahrtspStrecke="11.1111" FahrtspSignal="-1" FahrtspZugsicherung="45.8333" Fahrtkm="49.3855" FahrtHLDruck="5"/>
<FahrtEintrag FahrtWeg="1516.7542" FahrtZeit="2023-01-13 09:53:05" Kennung_FahrtZeitms="2023-01-13 09:53:05:000" FahrtspStrecke="11.1111" FahrtspSignal="-1" FahrtspZugsicherung="45.8333" Fahrtkm="49.3855" FahrtHLDruck="5"/>
<FahrtEintrag FahrtWeg="1516.7542" FahrtZeit="2023-01-13 09:53:10" Kennung_FahrtZeitms="2023-01-13 09:53:10:000" FahrtspStrecke="11.1111" FahrtspSignal="-1" FahrtspZugsicherung="45.8333" Fahrtkm="49.3855" FahrtHLDruck="5"/>
<FahrtEintrag FahrtWeg="1516.7542" FahrtZeit="2023-01-13 09:53:15" Kennung_FahrtZeitms="2023-01-13 09:53:15:000" FahrtspStrecke="11.1111" FahrtspSignal="-1" FahrtspZugsicherung="45.8333" Fahrtkm="49.3855" FahrtHLDruck="5"/>
<FahrtEintrag FahrtWeg="1516.7542" FahrtZeit="2023-01-13 09:53:20" Kennung_FahrtZeitms="2023-01-13 09:53:20:000" FahrtspStrecke="11.1111" FahrtspSignal="-1" FahrtspZugsicherung="45.8333" Fahrtkm="49.3855" FahrtHLDruck="5"/>
<FahrtEintrag FahrtWeg="1516.7542" FahrtZeit="2023-01-13 09:53:25" Kennung_FahrtZeitms="2023-01-13 09:53:25:000" FahrtspStrecke="11.1111" FahrtspSignal="-1" FahrtspZugsicherung="45.8333" Fahrtkm="49.3855" FahrtHLDruck="5"/>
<FahrtEintrag FahrtWeg="1516.7542" FahrtZeit="2023-01-13 09:53:30" Kennung_FahrtZeitms="2023-01-13 09:53:30:000" FahrtspStrecke="11.1111" FahrtspSignal="-1" FahrtspZugsicherung="45.8333" Fahrtkm="49.3855" FahrtHLDruck="5"/>
<FahrtEintrag FahrtWeg="1516.7542" FahrtZeit="2023-01-13 09:53:35" Kennung_FahrtZeitms="2023-01-13 09:53:35:000" FahrtspStrecke="11.1111" FahrtspSignal="-1" FahrtspZugsicherung="45.8333" Fahrtkm="49.3855" FahrtHLDruck="5"/>
<FahrtEintrag FahrtWeg="1516.7542" FahrtZeit="2023-01-13 09:53:40" Kennung_FahrtZeitms="2023-01-13 09:53:40:000" FahrtspStrecke="11.1111" FahrtspSignal="-1" FahrtspZugsicherung="45.8333" Fahrtkm="49.3855" FahrtHLDruck="5"/>
<FahrtEintrag FahrtWeg="1516.7542" FahrtZeit="2023-01-13 09:53:45" Kennung_FahrtZeitms="2023-01-13 09:53:45:000" FahrtspStrecke="11.1111" FahrtspSignal="-1" FahrtspZugsicherung="45.8333" Fahrtkm="49.3855" FahrtHLDruck="5"/>
<FahrtEintrag FahrtWeg="1516.7542" FahrtZeit="2023-01-13 09:53:50" Kennung_FahrtZeitms="2023-01-13 09:53:50:000" FahrtspStrecke="11.1111" FahrtspSignal="-1" FahrtspZugsicherung="45.8333" Fahrtkm="49.3855" FahrtHLDruck="5"/>
<FahrtEintrag FahrtWeg="1516.7542" FahrtZeit="2023-01-13 09:53:55" Kennung_FahrtZeitms="2023-01-13 09:53:55:000" FahrtspStrecke="11.1111" FahrtspSignal="-1" FahrtspZugsicherung="45.8333" Fahrtkm="49.3855" FahrtHLDruck="5"/>
<FahrtEintrag FahrtWeg="1516.7542" FahrtZeit="2023-01-13 09:54:00" Kennung_FahrtZeitms="2023-01-13 09:54:00:000" FahrtspStrecke="11.1111" FahrtspSignal="-1" FahrtspZugsicherung="45.8333" Fahrtkm="49.3855" FahrtHLDruck="5"/>
<FahrtEintrag FahrtWeg="1516.7542" FahrtZeit="2023-01-13 09:54:05" Kennung_FahrtZeitms="2023-01-13 09:54:05:000" FahrtspStrecke="11.1111" FahrtspSignal="-1" FahrtspZugsicherung="45.8333" Fahrtkm="49.3855" FahrtHLDruck="5"/>
<FahrtEintrag FahrtWeg="1516.7542" FahrtZeit="2023-01-13 09:54:10" Kennung_FahrtZeitms="2023-01-13 09:54:10:000" FahrtspStrecke="11.1111" FahrtspSignal="-1" FahrtspZugsicherung="45.8333" Fahrtkm="49.3855" FahrtHLDruck="5"/>
<FahrtEintrag FahrtWeg="1516.7542" FahrtZeit="2023-01-13 09:54:15" Kennung_FahrtZeitms="2023-01-13 09:54:15:000" FahrtspStrecke="11.1111" FahrtspSignal="-1" FahrtspZugsicherung="45.8333" Fahrtkm="49.3855" FahrtHLDruck="5"/>
<FahrtEintrag FahrtWeg="1516.7542" FahrtZeit="2023-01-13 09:54:21" Kennung_FahrtZeitms="2023-01-13 09:54:21:000" FahrtspStrecke="11.1111" FahrtspSignal="-1" FahrtspZugsicherung="45.8333" Fahrtkm="49.3855" FahrtHLDruck="5"/>
<FahrtEintrag FahrtWeg="1516.7542" FahrtZeit="2023-01-13 09:54:26" Kennung_FahrtZeitms="2023-01-13 09:54:26:000" FahrtspStrecke="11.1111" FahrtspSignal="-1" FahrtspZugsicherung="45.8333" Fahrtkm="49.3855" FahrtHLDruck="5"/>
<FahrtEintrag FahrtWeg="1516.7542" FahrtZeit="2023-01-13 09:54:31" Kennung_FahrtZeitms="2023-01-13 09:54:31:000" FahrtspStrecke="11.1111" FahrtspSignal="-1" FahrtspZugsicherung="45.8333" Fahrtkm="49.3855" FahrtHLDruck="5"/>
<FahrtEintrag FahrtWeg="1516.7542" FahrtZeit="2023-01-13 09:54:36" Kennung_FahrtZeitms="2023-01-13 09:54:36:000" FahrtspStrecke="11.1111" FahrtspSignal="-1" FahrtspZugsicherung="45.8333" Fahrtkm="49.3855" FahrtHLDruck="5"/>
<FahrtEintrag FahrtWeg="1516.7542" FahrtZeit="2023-01-13 09:54:41" Kennung_FahrtZeitms="2023-01-13 09:54:41:000" FahrtspStrecke="11.1111" FahrtspSignal="-1" FahrtspZugsicherung="45.8333" Fahrtkm="49.3855" FahrtHLDruck="5"/>
<FahrtEintrag FahrtWeg="1516.7542" FahrtZeit="2023-01-13 09:54:46" Kennung_FahrtZeitms="2023-01-13 09:54:46:000" FahrtspStrecke="11.1111" FahrtspSignal="-1" FahrtspZugsicherung="45.8333" Fahrtkm="49.3855" FahrtHLDruck="5"/>
<FahrtEintrag FahrtWeg="1516.7542" FahrtZeit="2023-01-13 09:54:53" Kennung_FahrtZeitms="2023-01-13 09:54:53:000" FahrtspStrecke="11.1111" FahrtspSignal="-1" FahrtspZugsicherung="45.8333" Fahrtkm="49.3855" FahrtHLDruck="5"/>
<FahrtEintrag FahrtWeg="1516.7542" FahrtZeit="2023-01-13 09:54:58" Kennung_FahrtZeitms="2023-01-13 09:54:58:000" FahrtspStrecke="11.1111" FahrtspSignal="-1" FahrtspZugsicherung="45.8333" Fahrtkm="49.3855" FahrtHLDruck="5"/>
<FahrtEintrag FahrtWeg="1516.7542" FahrtZeit="2023-01-13 09:55:03" Kennung_FahrtZeitms="2023-01-13 09:55:03:000" FahrtspStrecke="11.1111" FahrtspSignal="-1" FahrtspZugsicherung="45.8333" Fahrtkm="49.3855" FahrtHLDruck="5"/>
<FahrtEintrag FahrtWeg="1516.7542" FahrtZeit="2023-01-13 09:55:08" Kennung_FahrtZeitms="2023-01-13 09:55:08:000" FahrtspStrecke="11.1111" FahrtspSignal="-1" FahrtspZugsicherung="45.8333" Fahrtkm="49.3855" FahrtHLDruck="5"/>
<FahrtEintrag FahrtWeg="1516.7542" FahrtZeit="2023-01-13 09:55:13" Kennung_FahrtZeitms="2023-01-13 09:55:13:000" FahrtspStrecke="11.1111" FahrtspSignal="-1" FahrtspZugsicherung="45.8333" Fahrtkm="49.3855" FahrtHLDruck="5"/>
<FahrtEintrag FahrtWeg="1516.7542" FahrtZeit="2023-01-13 09:55:18" Kennung_FahrtZeitms="2023-01-13 09:55:18:000" FahrtspStrecke="11.1111" FahrtspSignal="-1" FahrtspZugsicherung="45.8333" Fahrtkm="49.3855" FahrtHLDruck="5"/>
<FahrtEintrag FahrtWeg="1516.7542" FahrtZeit="2023-01-13 09:55:23" Kennung_FahrtZeitms="2023-01-13 09:55:23:000" FahrtspStrecke="11.1111" FahrtspSignal="-1" FahrtspZugsicherung="45.8333" Fahrtkm="49.3855" FahrtHLDruck="5"/>
<FahrtEintrag FahrtWeg="1516.7542" FahrtZeit="2023-01-13 09:55:28" Kennung_FahrtZeitms="2023-01-13 09:55:28:000" FahrtspStrecke="11.1111" FahrtspSignal="-1" FahrtspZugsicherung="45.8333" Fahrtkm="49.3855" FahrtHLDruck="5"/>
<FahrtEintrag FahrtWeg="1516.7542" FahrtZeit="2023-01-13 09:55:33" Kennung_FahrtZeitms="2023-01-13 09:55:33:000" FahrtspStrecke="11.1111" FahrtspSignal="-1" FahrtspZugsicherung="45.8333" Fahrtkm="49.3855" FahrtHLDruck="5"/>
<FahrtEintrag FahrtWeg="1516.7542" FahrtZeit="2023-01-13 09:55:38" Kennung_FahrtZeitms="2023-01-13 09:55:38:000" FahrtspStrecke="11.1111" FahrtspSignal="-1" FahrtspZugsicherung="45.8333" Fahrtkm="49.3855" FahrtHLDruck="5"/>
<FahrtEintrag FahrtWeg="1516.7542" FahrtZeit="2023-01-13 09:55:43" Kennung_FahrtZeitms="2023-01-13 09:55:43:000" FahrtspStrecke="11.1111" FahrtspSignal="-1" FahrtspZugsicherung="45.8333" Fahrtkm="49.3855" FahrtHLDruck="5"/>
<FahrtEintrag FahrtWeg="1516.7542" FahrtZeit="2023-01-13 09:55:48" Kennung_FahrtZeitms="2023-01-13 09:55:48:000" FahrtspStrecke="11.1111" FahrtspSignal="-1" FahrtspZugsicherung="45.8333" Fahrtkm="49.3855" FahrtHLDruck="5"/>
<FahrtEintrag FahrtWeg="1516.7542" FahrtZeit="2023-01-13 09:55:53" Kennung_FahrtZeitms="2023-01-13 09:55:53:000" FahrtspStrecke="11.1111" FahrtspSignal="-1" FahrtspZugsicherung="45.8333" Fahrtkm="49.3855" FahrtHLDruck="5"/>
<FahrtEintrag FahrtWeg="1516.7542" FahrtZeit="2023-01-13 09:55:58" Kennung_FahrtZeitms="2023-01-13 09:55:58:000" FahrtspStrecke="11.1111" FahrtspSignal="-1" FahrtspZugsicherung="45.8333" Fahrtkm="49.3855" FahrtHLDruck="5"/>
<FahrtEintrag FahrtWeg="1516.7542" FahrtZeit="2023-01-13 09:56:03" Kennung_FahrtZeitms="2023-01-13 09:56:03:000" FahrtspStrecke="11.1111" FahrtspSignal="-1" FahrtspZugsicherung="45.8333" Fahrtkm="49.3855" FahrtHLDruck="5"/>
<FahrtEintrag FahrtWeg="1516.7542" FahrtZeit="2023-01-13 09:56:08" Kennung_FahrtZeitms="2023-01-13 09:56:08:000" FahrtspStrecke="11.1111" FahrtspSignal="-1" FahrtspZugsicherung="45.8333" Fahrtkm="49.3855" FahrtHLDruck="5"/>
<FahrtEintrag FahrtWeg="1516.7542" FahrtZeit="2023-01-13 09:56:13" Kennung_FahrtZeitms="2023-01-13 09:56:13:000" FahrtspStrecke="11.1111" FahrtspSignal="-1" FahrtspZugsicherung="45.8333" Fahrtkm="49.3855" FahrtHLDruck="5"/>
<FahrtEintrag FahrtWeg="1516.7542" FahrtZeit="2023-01-13 09:56:18" Kennung_FahrtZeitms="2023-01-13 09:56:18:000" FahrtspStrecke="11.1111" FahrtspSignal="-1" FahrtspZugsicherung="45.8333" Fahrtkm="49.3855" FahrtHLDruck="5"/>
<FahrtEintrag FahrtWeg="1516.7542" FahrtZeit="2023-01-13 09:56:23" Kennung_FahrtZeitms="2023-01-13 09:56:23:000" FahrtspStrecke="11.1111" FahrtspSignal="-1" FahrtspZugsicherung="45.8333" Fahrtkm="49.3855" FahrtHLDruck="5"/>
<FahrtEintrag FahrtWeg="1516.7542" FahrtZeit="2023-01-13 09:56:28" Kennung_FahrtZeitms="2023-01-13 09:56:28:000" FahrtspStrecke="11.1111" FahrtspSignal="-1" FahrtspZugsicherung="45.8333" Fahrtkm="49.3855" FahrtHLDruck="5"/>
<FahrtEintrag FahrtWeg="1516.7542" FahrtZeit="2023-01-13 09:56:33" Kennung_FahrtZeitms="2023-01-13 09:56:33:000" FahrtspStrecke="11.1111" FahrtspSignal="-1" FahrtspZugsicherung="45.8333" Fahrtkm="49.3855" FahrtHLDruck="5"/>
<FahrtEintrag FahrtWeg="1516.7542" FahrtZeit="2023-01-13 09:56:38" Kennung_FahrtZeitms="2023-01-13 09:56:38:000" FahrtspStrecke="11.1111" FahrtspSignal="-1" FahrtspZugsicherung="45.8333" Fahrtkm="49.3855" FahrtHLDruck="5"/>
<FahrtEintrag FahrtWeg="1516.7542" FahrtZeit="2023-01-13 09:56:43" Kennung_FahrtZeitms="2023-01-13 09:56:43:000" FahrtspStrecke="11.1111" FahrtspSignal="-1" FahrtspZugsicherung="45.8333" Fahrtkm="49.3855" FahrtHLDruck="5"/>
<FahrtEintrag FahrtWeg="1516.7542" FahrtZeit="2023-01-13 09:56:48" Kennung_FahrtZeitms="2023-01-13 09:56:48:000" FahrtspStrecke="11.1111" FahrtspSignal="-1" FahrtspZugsicherung="45.8333" Fahrtkm="49.3855" FahrtHLDruck="5"/>
<FahrtEintrag FahrtWeg="1516.7542" FahrtZeit="2023-01-13 09:56:53" Kennung_FahrtZeitms="2023-01-13 09:56:53:000" FahrtspStrecke="11.1111" FahrtspSignal="-1" FahrtspZugsicherung="45.8333" Fahrtkm="49.3855" FahrtHLDruck="5"/>
<FahrtEintrag FahrtWeg="1516.7542" FahrtZeit="2023-01-13 09:56:58" Kennung_FahrtZeitms="2023-01-13 09:56:58:000" FahrtspStrecke="11.1111" FahrtspSignal="-1" FahrtspZugsicherung="45.8333" Fahrtkm="49.3855" FahrtHLDruck="5"/>
<FahrtEintrag FahrtWeg="1516.7542" FahrtZeit="2023-01-13 09:57:03" Kennung_FahrtZeitms="2023-01-13 09:57:03:000" FahrtspStrecke="11.1111" FahrtspSignal="-1" FahrtspZugsicherung="45.8333" Fahrtkm="49.3855" FahrtHLDruck="5"/>
<FahrtEintrag FahrtWeg="1516.7542" FahrtZeit="2023-01-13 09:57:08" Kennung_FahrtZeitms="2023-01-13 09:57:08:000" FahrtspStrecke="11.1111" FahrtspSignal="-1" FahrtspZugsicherung="45.8333" Fahrtkm="49.3855" FahrtHLDruck="5"/>
<FahrtEintrag FahrtWeg="1516.7542" FahrtZeit="2023-01-13 09:57:13" Kennung_FahrtZeitms="2023-01-13 09:57:13:000" FahrtspStrecke="11.1111" FahrtspSignal="-1" FahrtspZugsicherung="45.8333" Fahrtkm="49.3855" FahrtHLDruck="5"/>
<FahrtEintrag FahrtWeg="1516.7542" FahrtZeit="2023-01-13 09:57:18" Kennung_FahrtZeitms="2023-01-13 09:57:18:000" FahrtspStrecke="11.1111" FahrtspSignal="-1" FahrtspZugsicherung="45.8333" Fahrtkm="49.3855" FahrtHLDruck="5"/>
<FahrtEintrag FahrtWeg="1516.7542" FahrtZeit="2023-01-13 09:57:23" Kennung_FahrtZeitms="2023-01-13 09:57:23:000" FahrtspStrecke="11.1111" FahrtspSignal="-1" FahrtspZugsicherung="45.8333" Fahrtkm="49.3855" FahrtHLDruck="5"/>
<FahrtEintrag FahrtWeg="1516.7542" FahrtZeit="2023-01-13 09:57:28" Kennung_FahrtZeitms="2023-01-13 09:57:28:000" FahrtspStrecke="11.1111" FahrtspSignal="-1" FahrtspZugsicherung="45.8333" Fahrtkm="49.3855" FahrtHLDruck="5"/>
<FahrtEintrag FahrtWeg="1516.7542" FahrtZeit="2023-01-13 09:57:33" Kennung_FahrtZeitms="2023-01-13 09:57:33:000" FahrtspStrecke="11.1111" FahrtspSignal="-1" FahrtspZugsicherung="45.8333" Fahrtkm="49.3855" FahrtHLDruck="5"/>
<FahrtEintrag FahrtWeg="1516.7542" FahrtZeit="2023-01-13 09:57:38" Kennung_FahrtZeitms="2023-01-13 09:57:38:000" FahrtspStrecke="11.1111" FahrtspSignal="-1" FahrtspZugsicherung="45.8333" Fahrtkm="49.3855" FahrtHLDruck="5"/>
<FahrtEintrag FahrtWeg="1516.7542" FahrtZeit="2023-01-13 09:57:43" Kennung_FahrtZeitms="2023-01-13 09:57:43:000" FahrtspStrecke="11.1111" FahrtspSignal="-1" FahrtspZugsicherung="45.8333" Fahrtkm="49.3855" FahrtHLDruck="5"/>
<FahrtEintrag FahrtWeg="1516.7542" FahrtZeit="2023-01-13 09:57:48" Kennung_FahrtZeitms="2023-01-13 09:57:48:000" FahrtspStrecke="11.1111" FahrtspSignal="-1" FahrtspZugsicherung="45.8333" Fahrtkm="49.3855" FahrtHLDruck="5"/>
<FahrtEintrag FahrtWeg="1516.7542" FahrtZeit="2023-01-13 09:57:53" Kennung_FahrtZeitms="2023-01-13 09:57:53:000" FahrtspStrecke="11.1111" FahrtspSignal="-1" FahrtspZugsicherung="45.8333" Fahrtkm="49.3855" FahrtHLDruck="5"/>
<FahrtEintrag FahrtWeg="1516.7542" FahrtZeit="2023-01-13 09:57:58" Kennung_FahrtZeitms="2023-01-13 09:57:58:000" FahrtspStrecke="11.1111" FahrtspSignal="-1" FahrtspZugsicherung="45.8333" Fahrtkm="49.3855" FahrtHLDruck="5"/>
<FahrtEintrag FahrtWeg="1516.7542" FahrtZeit="2023-01-13 09:58:03" Kennung_FahrtZeitms="2023-01-13 09:58:03:000" FahrtspStrecke="11.1111" FahrtspSignal="-1" FahrtspZugsicherung="45.8333" Fahrtkm="49.3855" FahrtHLDruck="5"/>
<FahrtEintrag FahrtWeg="1516.7542" FahrtZeit="2023-01-13 09:58:08" Kennung_FahrtZeitms="2023-01-13 09:58:08:000" FahrtspStrecke="11.1111" FahrtspSignal="-1" FahrtspZugsicherung="45.8333" Fahrtkm="49.3855" FahrtHLDruck="5"/>
<FahrtEintrag FahrtWeg="1516.7542" FahrtZeit="2023-01-13 09:58:13" Kennung_FahrtZeitms="2023-01-13 09:58:13:000" FahrtspStrecke="11.1111" FahrtspSignal="-1" FahrtspZugsicherung="45.8333" Fahrtkm="49.3855" FahrtHLDruck="5"/>
<FahrtEintrag FahrtWeg="1516.7542" FahrtZeit="2023-01-13 09:58:18" Kennung_FahrtZeitms="2023-01-13 09:58:18:000" FahrtspStrecke="11.1111" FahrtspSignal="-1" FahrtspZugsicherung="45.8333" Fahrtkm="49.3855" FahrtHLDruck="5"/>
<FahrtEintrag FahrtWeg="1516.7542" FahrtZeit="2023-01-13 09:58:23" Kennung_FahrtZeitms="2023-01-13 09:58:23:000" FahrtspStrecke="11.1111" FahrtspSignal="-1" FahrtspZugsicherung="45.8333" Fahrtkm="49.3855" FahrtHLDruck="5"/>
<FahrtEintrag FahrtWeg="1516.7542" FahrtZeit="2023-01-13 09:58:28" Kennung_FahrtZeitms="2023-01-13 09:58:28:000" FahrtspStrecke="11.1111" FahrtspSignal="-1" FahrtspZugsicherung="45.8333" Fahrtkm="49.3855" FahrtHLDruck="5"/>
<FahrtEintrag FahrtWeg="1516.7542" FahrtZeit="2023-01-13 09:58:33" Kennung_FahrtZeitms="2023-01-13 09:58:33:000" FahrtspStrecke="11.1111" FahrtspSignal="-1" FahrtspZugsicherung="45.8333" Fahrtkm="49.3855" FahrtHLDruck="5"/>
<FahrtEintrag FahrtWeg="1516.7542" FahrtZeit="2023-01-13 09:58:38" Kennung_FahrtZeitms="2023-01-13 09:58:38:000" FahrtspStrecke="11.1111" FahrtspSignal="-1" FahrtspZugsicherung="45.8333" Fahrtkm="49.3855" FahrtHLDruck="5"/>
<FahrtEintrag FahrtWeg="1516.7542" FahrtZeit="2023-01-13 09:58:43" Kennung_FahrtZeitms="2023-01-13 09:58:43:000" FahrtspStrecke="11.1111" FahrtspSignal="-1" FahrtspZugsicherung="45.8333" Fahrtkm="49.3855" FahrtHLDruck="5"/>
<FahrtEintrag FahrtWeg="1516.7542" FahrtZeit="2023-01-13 09:58:48" Kennung_FahrtZeitms="2023-01-13 09:58:48:000" FahrtspStrecke="11.1111" FahrtspSignal="-1" FahrtspZugsicherung="45.8333" Fahrtkm="49.3855" FahrtHLDruck="5"/>
<FahrtEintrag FahrtWeg="1516.7542" FahrtZeit="2023-01-13 09:58:53" Kennung_FahrtZeitms="2023-01-13 09:58:53:000" FahrtspStrecke="11.1111" FahrtspSignal="-1" FahrtspZugsicherung="45.8333" Fahrtkm="49.3855" FahrtHLDruck="5"/>
<FahrtEintrag FahrtWeg="1516.7542" FahrtZeit="2023-01-13 09:58:58" Kennung_FahrtZeitms="2023-01-13 09:58:58:000" FahrtspStrecke="11.1111" FahrtspSignal="-1" FahrtspZugsicherung="45.8333" Fahrtkm="49.3855" FahrtHLDruck="5"/>
<FahrtEintrag FahrtWeg="1516.7542" FahrtZeit="2023-01-13 09:59:03" Kennung_FahrtZeitms="2023-01-13 09:59:03:000" FahrtspStrecke="11.1111" FahrtspSignal="-1" FahrtspZugsicherung="45.8333" Fahrtkm="49.3855" FahrtHLDruck="5"/>
<FahrtEintrag FahrtWeg="1516.7542" FahrtZeit="2023-01-13 09:59:08" Kennung_FahrtZeitms="2023-01-13 09:59:08:000" FahrtspStrecke="11.1111" FahrtspSignal="-1" FahrtspZugsicherung="45.8333" Fahrtkm="49.3855" FahrtHLDruck="5"/>
<FahrtEintrag FahrtWeg="1517.7463" FahrtZeit="2023-01-13 09:59:13" Kennung_FahrtZeitms="2023-01-13 09:59:13:000" Fahrtsp="0.84" FahrtspStrecke="11.1111" FahrtspSignal="-1" FahrtspZugsicherung="45.8333" Fahrtkm="49.3799" FahrtHLDruck="5" FahrtFBSchalter="16"/>
<FahrtEintrag FahrtWeg="1527.5764" FahrtZeit="2023-01-13 09:59:18" Kennung_FahrtZeitms="2023-01-13 09:59:18:000" Fahrtsp="2.545" FahrtspStrecke="11.1111" FahrtspSignal="-1" FahrtspZugsicherung="12.5" Fahrtkm="49.393" FahrtHLDruck="5"/>
<FahrtEintrag FahrtWeg="1542.2123" FahrtZeit="2023-01-13 09:59:23" Kennung_FahrtZeitms="2023-01-13 09:59:23:000" Fahrtsp="3.6482" FahrtspStrecke="11.1111" FahrtspSignal="-1" FahrtspZugsicherung="12.5" Fahrtkm="49.406" FahrtHLDruck="5" FahrtFBSchalter="11"/>
<FahrtEintrag FahrtTyp="8" FahrtWeg="-1" FahrtZeit="2023-01-13 09:59:23" Kennung_FahrtZeitms="2023-01-13 09:59:23:000" Fahrtsp="-1" FahrtspStrecke="-1" FahrtspSignal="-1" FahrtspZugsicherung="-1" FahrtHLDruck="-1" FahrtParameter="9" FahrtFBSchalter="-10000"/>
<FahrtEintrag FahrtWeg="1543.0619" FahrtZeit="2023-01-13 09:59:23" Kennung_FahrtZeitms="2023-01-13 09:59:23:000" Fahrtsp="3.7214" FahrtspStrecke="11.1111" FahrtspSignal="-1" FahrtspZugsicherung="12.5" Fahrtkm="49.406" FahrtHLDruck="5" FahrtFBSchalter="11"/>
<FahrtEintrag FahrtTyp="5" FahrtWeg="1549.9943" FahrtZeit="2023-01-13 09:59:25" Kennung_FahrtZeitms="2023-01-13 09:59:25:000" Fahrtsp="4.2766" FahrtspStrecke="11.1111" FahrtspSignal="11.1111" FahrtspZugsicherung="12.5" FahrtText="Allenbach N1" Fahrtkm="49.406" FahrtHLDruck="5" FahrtFBSchalter="11"/>
<FahrtEintrag FahrtTyp="6" FahrtWeg="1549.9943" FahrtZeit="2023-01-13 09:59:25" Kennung_FahrtZeitms="2023-01-13 09:59:25:000" Fahrtsp="4.2766" FahrtspStrecke="11.1111" FahrtspSignal="11.1111" FahrtspZugsicherung="12.5" Fahrtkm="49.406" FahrtHLDruck="5" FahrtFBSchalter="11"/>
<FahrtEintrag FahrtTyp="8" FahrtWeg="-1" FahrtZeit="2023-01-13 09:59:26" Kennung_FahrtZeitms="2023-01-13 09:59:26:000" Fahrtsp="-1" FahrtspStrecke="-1" FahrtspSignal="-1" FahrtspZugsicherung="-1" FahrtHLDruck="-1" FahrtParameter="1" FahrtFBSchalter="-10000"/>
<FahrtEintrag FahrtWeg="1555.3643" FahrtZeit="2023-01-13 09:59:26" Kennung_FahrtZeitms="2023-01-13 09:59:26:000" Fahrtsp="4.6393" FahrtspStrecke="11.1111" FahrtspSignal="11.1111" FahrtspZugsicherung="12.5" Fahrtkm="49.419" FahrtHLDruck="5" FahrtFBSchalter="11"/>
<FahrtEintrag FahrtWeg="1580.5109" FahrtZeit="2023-01-13 09:59:31" Kennung_FahrtZeitms="2023-01-13 09:59:31:000" Fahrtsp="6.0554" FahrtspStrecke="11.1111" FahrtspSignal="11.1111" FahrtspZugsicherung="12.5" Fahrtkm="49.4422" FahrtHLDruck="5" FahrtFBSchalter="11"/>
<FahrtEintrag FahrtWeg="1605.6403" FahrtZeit="2023-01-13 09:59:35" Kennung_FahrtZeitms="2023-01-13 09:59:35:000" Fahrtsp="7.0443" FahrtspStrecke="11.1111" FahrtspSignal="11.1111" FahrtspZugsicherung="12.5" Fahrtkm="49.4681" FahrtHLDruck="5" FahrtFBSchalter="8"/>
<FahrtEintrag FahrtWeg="1630.7589" FahrtZeit="2023-01-13 09:59:38" Kennung_FahrtZeitms="2023-01-13 09:59:38:000" Fahrtsp="7.5611" FahrtspStrecke="11.1111" FahrtspSignal="11.1111" FahrtspZugsicherung="12.5" Fahrtkm="49.4682" FahrtHLDruck="5" FahrtFBSchalter="4"/>
<FahrtEintrag FahrtWeg="1655.8743" FahrtZeit="2023-01-13 09:59:42" Kennung_FahrtZeitms="2023-01-13 09:59:42:000" Fahrtsp="7.791" FahrtspStrecke="11.1111" FahrtspSignal="11.1111" FahrtspZugsicherung="12.5" Fahrtkm="49.5243" FahrtHLDruck="5" FahrtFBSchalter="3"/>
<FahrtEintrag FahrtWeg="1681.0653" FahrtZeit="2023-01-13 09:59:45" Kennung_FahrtZeitms="2023-01-13 09:59:45:000" Fahrtsp="8.1401" FahrtspStrecke="11.1111" FahrtspSignal="11.1111" FahrtspZugsicherung="12.5" Fahrtkm="49.5409" FahrtHLDruck="5" FahrtFBSchalter="6"/>
<FahrtEintrag FahrtWeg="1686.017" FahrtZeit="2023-01-13 09:59:47" Kennung_FahrtZeitms="2023-01-13 09:59:47:000" Fahrtsp="8.2411" FahrtspStrecke="11.1111" FahrtspSignal="11.1111" FahrtspZugsicherung="12.5" Fahrtkm="49.5528" FahrtHLDruck="5" FahrtFBSchalter="6"/>
<FahrtEintrag FahrtWeg="1706.1521" FahrtZeit="2023-01-13 09:59:48" Kennung_FahrtZeitms="2023-01-13 09:59:48:000" Fahrtsp="8.5372" FahrtspStrecke="11.1111" FahrtspSignal="11.1111" FahrtspZugsicherung="12.5" Fahrtkm="49.565" FahrtHLDruck="5" FahrtFBSchalter="6"/>
<FahrtEintrag FahrtWeg="1731.2798" FahrtZeit="2023-01-13 09:59:51" Kennung_FahrtZeitms="2023-01-13 09:59:51:000" Fahrtsp="8.7586" FahrtspStrecke="11.1111" FahrtspSignal="11.1111" FahrtspZugsicherung="12.5" Fahrtkm="49.5923" FahrtHLDruck="5"/>
<FahrtEintrag FahrtWeg="1756.3342" FahrtZeit="2023-01-13 09:59:54" Kennung_FahrtZeitms="2023-01-13 09:59:54:000" Fahrtsp="8.6989" FahrtspStrecke="11.1111" FahrtspSignal="11.1111" FahrtspZugsicherung="12.5" Fahrtkm="49.5923" FahrtHLDruck="5"/>
<FahrtEintrag FahrtTyp="8" FahrtWeg="-1" FahrtZeit="2023-01-13 09:59:56" Kennung_FahrtZeitms="2023-01-13 09:59:56:000" Fahrtsp="-1" FahrtspStrecke="-1" FahrtspSignal="-1" FahrtspZugsicherung="-1" FahrtHLDruck="-1" FahrtParameter="48" FahrtFBSchalter="-10000"/>
<FahrtEintrag FahrtWeg="1768.6793" FahrtZeit="2023-01-13 09:59:56" Kennung_FahrtZeitms="2023-01-13 09:59:56:000" Fahrtsp="8.6522" FahrtspStrecke="11.1111" FahrtspSignal="11.1111" FahrtspZugsicherung="12.5" Fahrtkm="49.6355" FahrtHLDruck="5"/>
<FahrtEintrag FahrtTyp="8" FahrtWeg="-1" FahrtZeit="2023-01-13 09:59:56" Kennung_FahrtZeitms="2023-01-13 09:59:56:000" Fahrtsp="-1" FahrtspStrecke="-1" FahrtspSignal="-1" FahrtspZugsicherung="-1" FahrtHLDruck="-1" FahrtParameter="16" FahrtFBSchalter="-10000"/>
<FahrtEintrag FahrtWeg="1778.1647" FahrtZeit="2023-01-13 09:59:56" Kennung_FahrtZeitms="2023-01-13 09:59:56:000" Fahrtsp="8.6471" FahrtspStrecke="11.1111" FahrtspSignal="11.1111" FahrtspZugsicherung="12.5" Fahrtkm="49.6425" FahrtHLDruck="5"/>
<FahrtEintrag FahrtWeg="1803.3004" FahrtZeit="2023-01-13 09:59:59" Kennung_FahrtZeitms="2023-01-13 09:59:59:000" Fahrtsp="8.5873" FahrtspStrecke="11.1111" FahrtspSignal="11.1111" FahrtspZugsicherung="12.5" Fahrtkm="49.6524" FahrtHLDruck="5"/>
<FahrtEintrag FahrtWeg="1828.4503" FahrtZeit="2023-01-13 10:00:02" Kennung_FahrtZeitms="2023-01-13 10:00:02:000" Fahrtsp="8.5271" FahrtspStrecke="11.1111" FahrtspSignal="11.1111" FahrtspZugsicherung="12.5" Fahrtkm="49.6524" FahrtHLDruck="5"/>
<FahrtEintrag FahrtWeg="1853.5977" FahrtZeit="2023-01-13 10:00:05" Kennung_FahrtZeitms="2023-01-13 10:00:05:000" Fahrtsp="8.4665" FahrtspStrecke="11.1111" FahrtspSignal="11.1111" FahrtspZugsicherung="12.5" Fahrtkm="49.7236" FahrtHLDruck="5"/>
<FahrtEintrag FahrtWeg="1878.6038" FahrtZeit="2023-01-13 10:00:08" Kennung_FahrtZeitms="2023-01-13 10:00:08:000" Fahrtsp="8.7274" FahrtspStrecke="11.1111" FahrtspSignal="11.1111" FahrtspZugsicherung="12.5" Fahrtkm="49.7412" FahrtHLDruck="5" FahrtFBSchalter="8"/>
<FahrtEintrag FahrtWeg="1903.6488" FahrtZeit="2023-01-13 10:00:11" Kennung_FahrtZeitms="2023-01-13 10:00:11:000" Fahrtsp="9.2706" FahrtspStrecke="11.1111" FahrtspSignal="11.1111" FahrtspZugsicherung="12.5" Fahrtkm="49.7697" FahrtHLDruck="5" FahrtFBSchalter="8"/>
<FahrtEintrag FahrtWeg="1928.9303" FahrtZeit="2023-01-13 10:00:13" Kennung_FahrtZeitms="2023-01-13 10:00:13:000" Fahrtsp="9.7616" FahrtspStrecke="11.1111" FahrtspSignal="11.1111" FahrtspZugsicherung="12.5" Fahrtkm="49.7903" FahrtHLDruck="5" FahrtFBSchalter="5"/>
<FahrtEintrag FahrtWeg="1954.116" FahrtZeit="2023-01-13 10:00:16" Kennung_FahrtZeitms="2023-01-13 10:00:16:000" Fahrtsp="10.0481" FahrtspStrecke="11.1111" FahrtspSignal="11.1111" FahrtspZugsicherung="12.5" Fahrtkm="49.8157" FahrtHLDruck="5" FahrtFBSchalter="5"/>
<FahrtEintrag FahrtWeg="1979.4065" FahrtZeit="2023-01-13 10:00:18" Kennung_FahrtZeitms="2023-01-13 10:00:18:000" Fahrtsp="10.3239" FahrtspStrecke="11.1111" FahrtspSignal="11.1111" FahrtspZugsicherung="12.5" Fahrtkm="49.8513" FahrtHLDruck="5" FahrtFBSchalter="5"/>
<FahrtEintrag FahrtWeg="2004.5934" FahrtZeit="2023-01-13 10:00:21" Kennung_FahrtZeitms="2023-01-13 10:00:21:000" Fahrtsp="10.3387" FahrtspStrecke="11.1111" FahrtspSignal="11.1111" FahrtspZugsicherung="12.5" Fahrtkm="49.8679" FahrtHLDruck="5"/>
<FahrtEintrag FahrtTyp="5" FahrtWeg="-1" FahrtZeit="2023-01-13 10:00:22" Kennung_FahrtZeitms="2023-01-13 10:00:22:000" Fahrtsp="-1" FahrtspStrecke="-1" FahrtspSignal="-1" FahrtspZugsicherung="-1" FahrtText="Zugende passiert Ende Weichenbereich" FahrtHLDruck="-1" FahrtParameter="4" FahrtFBSchalter="-10000"/>
<FahrtEintrag FahrtWeg="2015.5118" FahrtZeit="2023-01-13 10:00:22" Kennung_FahrtZeitms="2023-01-13 10:00:22:807" Fahrtsp="10.3258" FahrtspStrecke="11.1111" FahrtspSignal="-1" FahrtspZugsicherung="12.5" Fahrtkm="49.8679" FahrtHLDruck="5"/>
<FahrtEintrag FahrtWeg="2040.7706" FahrtZeit="2023-01-13 10:00:24" Kennung_FahrtZeitms="2023-01-13 10:00:24:055" Fahrtsp="10.363" FahrtspStrecke="11.1111" FahrtspSignal="-1" FahrtspZugsicherung="12.5" Fahrtkm="49.8679" FahrtHLDruck="5" FahrtFBSchalter="1"/>
<FahrtEintrag FahrtWeg="2065.9609" FahrtZeit="2023-01-13 10:00:27" Kennung_FahrtZeitms="2023-01-13 10:00:27:029" Fahrtsp="10.3925" FahrtspStrecke="11.1111" FahrtspSignal="-1" FahrtspZugsicherung="12.5" Fahrtkm="49.8679" FahrtHLDruck="5" FahrtFBSchalter="1"/>
<FahrtEintrag FahrtWeg="2091.2898" FahrtZeit="2023-01-13 10:00:29" Kennung_FahrtZeitms="2023-01-13 10:00:29:463" Fahrtsp="10.422" FahrtspStrecke="11.1111" FahrtspSignal="-1" FahrtspZugsicherung="45.8333" Fahrtkm="49.8679" FahrtHLDruck="5" FahrtFBSchalter="1"/>
<FahrtEintrag FahrtWeg="2116.4727" FahrtZeit="2023-01-13 10:00:32" Kennung_FahrtZeitms="2023-01-13 10:00:32:186" Fahrtsp="10.4055" FahrtspStrecke="11.1111" FahrtspSignal="-1" FahrtspZugsicherung="45.8333" Fahrtkm="49.9674" FahrtHLDruck="5"/>
<FahrtEintrag FahrtWeg="2141.5977" FahrtZeit="2023-01-13 10:00:34" Kennung_FahrtZeitms="2023-01-13 10:00:34:569" Fahrtsp="10.3758" FahrtspStrecke="11.1111" FahrtspSignal="-1" FahrtspZugsicherung="45.8333" Fahrtkm="49.9674" FahrtHLDruck="5"/>
<FahrtEintrag FahrtWeg="2166.8057" FahrtZeit="2023-01-13 10:00:36" Kennung_FahrtZeitms="2023-01-13 10:00:36:877" Fahrtsp="10.3459" FahrtspStrecke="11.1111" FahrtspSignal="-1" FahrtspZugsicherung="45.8333" Fahrtkm="49.9674" FahrtHLDruck="5"/>
<FahrtEintrag FahrtTyp="8" FahrtWeg="-1" FahrtZeit="2023-01-13 10:00:38" Kennung_FahrtZeitms="2023-01-13 10:00:38:077" Fahrtsp="-1" FahrtspStrecke="-1" FahrtspSignal="-1" FahrtspZugsicherung="-1" FahrtHLDruck="-1" FahrtParameter="48" FahrtFBSchalter="-10000"/>
<FahrtEintrag FahrtWeg="2187.4207" FahrtZeit="2023-01-13 10:00:38" Kennung_FahrtZeitms="2023-01-13 10:00:38:228" Fahrtsp="10.3215" FahrtspStrecke="11.1111" FahrtspSignal="-1" FahrtspZugsicherung="45.8333" Fahrtkm="50.0544" FahrtHLDruck="5"/>
<FahrtEintrag FahrtTyp="8" FahrtWeg="-1" FahrtZeit="2023-01-13 10:00:39" Kennung_FahrtZeitms="2023-01-13 10:00:39:017" Fahrtsp="-1" FahrtspStrecke="-1" FahrtspSignal="-1" FahrtspZugsicherung="-1" FahrtHLDruck="-1" FahrtParameter="16" FahrtFBSchalter="-10000"/>
<FahrtEintrag FahrtWeg="2190.2466" FahrtZeit="2023-01-13 10:00:39" Kennung_FahrtZeitms="2023-01-13 10:00:39:267" Fahrtsp="10.3181" FahrtspStrecke="11.1111" FahrtspSignal="-1" FahrtspZugsicherung="45.8333" Fahrtkm="50.0543" FahrtHLDruck="5"/>
<FahrtEintrag FahrtWeg="2215.488" FahrtZeit="2023-01-13 10:00:41" Kennung_FahrtZeitms="2023-01-13 10:00:41:645" Fahrtsp="10.2881" FahrtspStrecke="11.1111" FahrtspSignal="-1" FahrtspZugsicherung="45.8333" Fahrtkm="50.067" FahrtHLDruck="5"/>
<FahrtEintrag FahrtWeg="2240.6987" FahrtZeit="2023-01-13 10:00:44" Kennung_FahrtZeitms="2023-01-13 10:00:44:002" Fahrtsp="10.2581" FahrtspStrecke="11.1111" FahrtspSignal="-1" FahrtspZugsicherung="45.8333" Fahrtkm="50.067" FahrtHLDruck="5"/>
<FahrtEintrag FahrtWeg="2265.699" FahrtZeit="2023-01-13 10:00:46" Kennung_FahrtZeitms="2023-01-13 10:00:46:183" Fahrtsp="10.2283" FahrtspStrecke="11.1111" FahrtspSignal="-1" FahrtspZugsicherung="45.8333" Fahrtkm="50.0669" FahrtHLDruck="5"/>
<FahrtEintrag FahrtWeg="2290.9507" FahrtZeit="2023-01-13 10:00:48" Kennung_FahrtZeitms="2023-01-13 10:00:48:529" Fahrtsp="10.1982" FahrtspStrecke="11.1111" FahrtspSignal="-1" FahrtspZugsicherung="45.8333" Fahrtkm="50.0669" FahrtHLDruck="5"/>
<FahrtEintrag FahrtWeg="2316.2815" FahrtZeit="2023-01-13 10:00:51" Kennung_FahrtZeitms="2023-01-13 10:00:51:100" Fahrtsp="10.168" FahrtspStrecke="11.1111" FahrtspSignal="-1" FahrtspZugsicherung="45.8333" Fahrtkm="50.1664" FahrtHLDruck="5"/>
<FahrtEintrag FahrtWeg="2341.479" FahrtZeit="2023-01-13 10:00:53" Kennung_FahrtZeitms="2023-01-13 10:00:53:391" Fahrtsp="10.1379" FahrtspStrecke="11.1111" FahrtspSignal="-1" FahrtspZugsicherung="45.8333" Fahrtkm="50.1665" FahrtHLDruck="5"/>
<FahrtEintrag FahrtWeg="2366.7751" FahrtZeit="2023-01-13 10:00:56" Kennung_FahrtZeitms="2023-01-13 10:00:56:227" Fahrtsp="10.1076" FahrtspStrecke="11.1111" FahrtspSignal="-1" FahrtspZugsicherung="45.8333" Fahrtkm="50.1665" FahrtHLDruck="5"/>
<FahrtEintrag FahrtWeg="2392.1069" FahrtZeit="2023-01-13 10:00:59" Kennung_FahrtZeitms="2023-01-13 10:00:59:116" Fahrtsp="10.0773" FahrtspStrecke="11.1111" FahrtspSignal="-1" FahrtspZugsicherung="45.8333" Fahrtkm="50.1665" FahrtHLDruck="5"/>
<FahrtEintrag FahrtWeg="2417.26" FahrtZeit="2023-01-13 10:01:01" Kennung_FahrtZeitms="2023-01-13 10:01:01:387" Fahrtsp="10.047" FahrtspStrecke="11.1111" FahrtspSignal="-1" FahrtspZugsicherung="45.8333" Fahrtkm="50.1902" FahrtHLDruck="5"/>
<FahrtEintrag FahrtWeg="2442.4006" FahrtZeit="2023-01-13 10:01:03" Kennung_FahrtZeitms="2023-01-13 10:01:03:738" Fahrtsp="10.0168" FahrtspStrecke="11.1111" FahrtspSignal="-1" FahrtspZugsicherung="45.8333" Fahrtkm="50.266" FahrtHLDruck="5"/>
<FahrtEintrag FahrtWeg="2467.6189" FahrtZeit="2023-01-13 10:01:06" Kennung_FahrtZeitms="2023-01-13 10:01:06:263" Fahrtsp="9.9864" FahrtspStrecke="11.1111" FahrtspSignal="-1" FahrtspZugsicherung="45.8333" Fahrtkm="50.266" FahrtHLDruck="5"/>
<FahrtEintrag FahrtWeg="2492.8977" FahrtZeit="2023-01-13 10:01:08" Kennung_FahrtZeitms="2023-01-13 10:01:08:078" Fahrtsp="9.956" FahrtspStrecke="11.1111" FahrtspSignal="-1" FahrtspZugsicherung="45.8333" Fahrtkm="50.266" FahrtHLDruck="5"/>
<FahrtEintrag FahrtWeg="2518.1035" FahrtZeit="2023-01-13 10:01:11" Kennung_FahrtZeitms="2023-01-13 10:01:11:482" Fahrtsp="9.9256" FahrtspStrecke="11.1111" FahrtspSignal="-1" FahrtspZugsicherung="45.8333" Fahrtkm="50.3655" FahrtHLDruck="5"/>
<FahrtEintrag FahrtWeg="2543.1208" FahrtZeit="2023-01-13 10:01:13" Kennung_FahrtZeitms="2023-01-13 10:01:13:195" Fahrtsp="9.8954" FahrtspStrecke="11.1111" FahrtspSignal="-1" FahrtspZugsicherung="45.8333" Fahrtkm="50.3655" FahrtHLDruck="5"/>
<FahrtEintrag FahrtWeg="2568.3123" FahrtZeit="2023-01-13 10:01:16" Kennung_FahrtZeitms="2023-01-13 10:01:16:161" Fahrtsp="9.8649" FahrtspStrecke="11.1111" FahrtspSignal="-1" FahrtspZugsicherung="45.8333" Fahrtkm="50.3655" FahrtHLDruck="5"/>
<FahrtEintrag FahrtWeg="2593.5723" FahrtZeit="2023-01-13 10:01:19" Kennung_FahrtZeitms="2023-01-13 10:01:19:114" Fahrtsp="9.8343" FahrtspStrecke="11.1111" FahrtspSignal="-1" FahrtspZugsicherung="45.8333" Fahrtkm="50.4651" FahrtHLDruck="5"/>
<FahrtEintrag FahrtWeg="2618.7664" FahrtZeit="2023-01-13 10:01:21" Kennung_FahrtZeitms="2023-01-13 10:01:21:387" Fahrtsp="9.8037" FahrtspStrecke="11.1111" FahrtspSignal="-1" FahrtspZugsicherung="45.8333" Fahrtkm="50.4651" FahrtHLDruck="5"/>
<FahrtEintrag FahrtWeg="2643.8025" FahrtZeit="2023-01-13 10:01:24" Kennung_FahrtZeitms="2023-01-13 10:01:24:096" Fahrtsp="9.7733" FahrtspStrecke="11.1111" FahrtspSignal="-1" FahrtspZugsicherung="45.8333" Fahrtkm="50.4651" FahrtHLDruck="5"/>
<FahrtEintrag FahrtWeg="2668.8518" FahrtZeit="2023-01-13 10:01:26" Kennung_FahrtZeitms="2023-01-13 10:01:26:708" Fahrtsp="9.7428" FahrtspStrecke="11.1111" FahrtspSignal="-1" FahrtspZugsicherung="45.8333" Fahrtkm="50.5393" FahrtHLDruck="5"/>
<FahrtEintrag FahrtWeg="2703.3876" FahrtZeit="2023-01-13 10:01:27" Kennung_FahrtZeitms="2023-01-13 10:01:27:601" Fahrtsp="9.7124" FahrtspStrecke="11.1111" FahrtspSignal="-1" FahrtspZugsicherung="45.8333" Fahrtkm="50.5647" FahrtHLDruck="5"/>
<FahrtEintrag FahrtWeg="2740.7259" FahrtZeit="2023-01-13 10:01:31" Kennung_FahrtZeitms="2023-01-13 10:01:31:378" Fahrtsp="9.6818" FahrtspStrecke="11.1111" FahrtspSignal="-1" FahrtspZugsicherung="45.8333" Fahrtkm="50.5647" FahrtHLDruck="5"/>
<FahrtEintrag FahrtTyp="8" FahrtWeg="-1" FahrtZeit="2023-01-13 10:01:32" Kennung_FahrtZeitms="2023-01-13 10:01:32:178" Fahrtsp="-1" FahrtspStrecke="-1" FahrtspSignal="-1" FahrtspZugsicherung="-1" FahrtHLDruck="-1" FahrtParameter="48" FahrtFBSchalter="-10000"/>
<FahrtEintrag FahrtWeg="2745.9288" FahrtZeit="2023-01-13 10:01:32" Kennung_FahrtZeitms="2023-01-13 10:01:32:230" Fahrtsp="9.6761" FahrtspStrecke="11.1111" FahrtspSignal="-1" FahrtspZugsicherung="45.8333" Fahrtkm="50.6164" FahrtHLDruck="5"/>
<FahrtEintrag FahrtTyp="8" FahrtWeg="-1" FahrtZeit="2023-01-13 10:01:32" Kennung_FahrtZeitms="2023-01-13 10:01:32:778" Fahrtsp="-1" FahrtspStrecke="-1" FahrtspSignal="-1" FahrtspZugsicherung="-1" FahrtHLDruck="-1" FahrtParameter="16" FahrtFBSchalter="-10000"/>
<FahrtEintrag FahrtWeg="2773.5579" FahrtZeit="2023-01-13 10:01:35" Kennung_FahrtZeitms="2023-01-13 10:01:35:711" Fahrtsp="9.6432" FahrtspStrecke="11.1111" FahrtspSignal="-1" FahrtspZugsicherung="45.8333" Fahrtkm="50.6163" FahrtHLDruck="5"/>
<FahrtEintrag FahrtWeg="2778.8335" FahrtZeit="2023-01-13 10:01:37" Kennung_FahrtZeitms="2023-01-13 10:01:37:706" Fahrtsp="9.6122" FahrtspStrecke="11.1111" FahrtspSignal="-1" FahrtspZugsicherung="45.8333" Fahrtkm="50.6163" FahrtHLDruck="5"/>
<FahrtEintrag FahrtWeg="2800.927" FahrtZeit="2023-01-13 10:01:40" Kennung_FahrtZeitms="2023-01-13 10:01:40:584" Fahrtsp="9.5815" FahrtspStrecke="11.1111" FahrtspSignal="-1" FahrtspZugsicherung="45.8333" Fahrtkm="50.6642" FahrtHLDruck="5"/>
<FahrtEintrag FahrtWeg="2825.958" FahrtZeit="2023-01-13 10:01:43" Kennung_FahrtZeitms="2023-01-13 10:01:43:674" Fahrtsp="9.5507" FahrtspStrecke="11.1111" FahrtspSignal="-1" FahrtspZugsicherung="45.8333" Fahrtkm="50.6642" FahrtHLDruck="5"/>
<FahrtEintrag FahrtWeg="2851.052" FahrtZeit="2023-01-13 10:01:45" Kennung_FahrtZeitms="2023-01-13 10:01:45:797" Fahrtsp="9.5199" FahrtspStrecke="11.1111" FahrtspSignal="-1" FahrtspZugsicherung="45.8333" Fahrtkm="50.6642" FahrtHLDruck="5"/>
<FahrtEintrag FahrtWeg="2876.207" FahrtZeit="2023-01-13 10:01:48" Kennung_FahrtZeitms="2023-01-13 10:01:48:804" Fahrtsp="9.4889" FahrtspStrecke="11.1111" FahrtspSignal="-1" FahrtspZugsicherung="45.8333" Fahrtkm="50.6642" FahrtHLDruck="5"/>
<FahrtEintrag FahrtWeg="2901.2942" FahrtZeit="2023-01-13 10:01:50" Kennung_FahrtZeitms="2023-01-13 10:01:50:874" Fahrtsp="9.4579" FahrtspStrecke="11.1111" FahrtspSignal="-1" FahrtspZugsicherung="45.8333" Fahrtkm="50.7638" FahrtHLDruck="5"/>
<FahrtEintrag FahrtWeg="2926.4822" FahrtZeit="2023-01-13 10:01:53" Kennung_FahrtZeitms="2023-01-13 10:01:53:971" Fahrtsp="9.4268" FahrtspStrecke="11.1111" FahrtspSignal="-1" FahrtspZugsicherung="45.8333" Fahrtkm="50.7638" FahrtHLDruck="5"/>
<FahrtEintrag FahrtWeg="2951.7649" FahrtZeit="2023-01-13 10:01:56" Kennung_FahrtZeitms="2023-01-13 10:01:56:927" Fahrtsp="9.3955" FahrtspStrecke="11.1111" FahrtspSignal="-1" FahrtspZugsicherung="45.8333" Fahrtkm="50.7638" FahrtHLDruck="5"/>
<FahrtEintrag FahrtWeg="2976.9238" FahrtZeit="2023-01-13 10:01:59" Kennung_FahrtZeitms="2023-01-13 10:01:59:958" Fahrtsp="9.3644" FahrtspStrecke="11.1111" FahrtspSignal="-1" FahrtspZugsicherung="45.8333" Fahrtkm="50.7638" FahrtHLDruck="5"/>
<FahrtEintrag FahrtWeg="3002.095" FahrtZeit="2023-01-13 10:02:01" Kennung_FahrtZeitms="2023-01-13 10:02:01:870" Fahrtsp="9.3331" FahrtspStrecke="11.1111" FahrtspSignal="-1" FahrtspZugsicherung="45.8333" Fahrtkm="50.8633" FahrtHLDruck="5"/>
<FahrtEintrag FahrtWeg="3027.1147" FahrtZeit="2023-01-13 10:02:04" Kennung_FahrtZeitms="2023-01-13 10:02:04:950" Fahrtsp="9.302" FahrtspStrecke="11.1111" FahrtspSignal="-1" FahrtspZugsicherung="45.8333" Fahrtkm="50.8633" FahrtHLDruck="5"/>
<FahrtEintrag FahrtWeg="3052.1365" FahrtZeit="2023-01-13 10:02:07" Kennung_FahrtZeitms="2023-01-13 10:02:07:865" Fahrtsp="9.4174" FahrtspStrecke="11.1111" FahrtspSignal="-1" FahrtspZugsicherung="45.8333" Fahrtkm="50.8633" FahrtHLDruck="5" FahrtFBSchalter="6"/>
<FahrtEintrag FahrtWeg="3077.2305" FahrtZeit="2023-01-13 10:02:09" Kennung_FahrtZeitms="2023-01-13 10:02:09:929" Fahrtsp="9.6792" FahrtspStrecke="11.1111" FahrtspSignal="-1" FahrtspZugsicherung="45.8333" Fahrtkm="50.8633" FahrtHLDruck="5" FahrtFBSchalter="3"/>
<FahrtEintrag FahrtWeg="3102.4075" FahrtZeit="2023-01-13 10:02:12" Kennung_FahrtZeitms="2023-01-13 10:02:12:913" Fahrtsp="9.8426" FahrtspStrecke="11.1111" FahrtspSignal="-1" FahrtspZugsicherung="45.8333" Fahrtkm="50.9629" FahrtHLDruck="5" FahrtFBSchalter="3"/>
<FahrtEintrag FahrtWeg="3127.5542" FahrtZeit="2023-01-13 10:02:14" Kennung_FahrtZeitms="2023-01-13 10:02:14:838" Fahrtsp="10.0032" FahrtspStrecke="11.1111" FahrtspSignal="-1" FahrtspZugsicherung="45.8333" Fahrtkm="50.9629" FahrtHLDruck="5" FahrtFBSchalter="3"/>
<FahrtEintrag FahrtWeg="3152.7646" FahrtZeit="2023-01-13 10:02:17" Kennung_FahrtZeitms="2023-01-13 10:02:17:943" Fahrtsp="10.1587" FahrtspStrecke="11.1111" FahrtspSignal="-1" FahrtspZugsicherung="45.8333" Fahrtkm="50.9629" FahrtHLDruck="5" FahrtFBSchalter="3"/>
<FahrtEintrag FahrtWeg="3178.0959" FahrtZeit="2023-01-13 10:02:19" Kennung_FahrtZeitms="2023-01-13 10:02:19:927" Fahrtsp="10.3112" FahrtspStrecke="11.1111" FahrtspSignal="-1" FahrtspZugsicherung="45.8333" Fahrtkm="51.0379" FahrtHLDruck="5" FahrtFBSchalter="3"/>
<FahrtEintrag FahrtWeg="3203.1067" FahrtZeit="2023-01-13 10:02:22" Kennung_FahrtZeitms="2023-01-13 10:02:22:882" Fahrtsp="10.4582" FahrtspStrecke="11.1111" FahrtspSignal="-1" FahrtspZugsicherung="45.8333" Fahrtkm="51.0625" FahrtHLDruck="5" FahrtFBSchalter="3"/>
<FahrtEintrag FahrtWeg="3228.1375" FahrtZeit="2023-01-13 10:02:24" Kennung_FahrtZeitms="2023-01-13 10:02:24:931" Fahrtsp="10.515" FahrtspStrecke="11.1111" FahrtspSignal="-1" FahrtspZugsicherung="45.8333" Fahrtkm="51.0625" FahrtHLDruck="5"/>
<FahrtEintrag FahrtWeg="3253.3398" FahrtZeit="2023-01-13 10:02:27" Kennung_FahrtZeitms="2023-01-13 10:02:27:893" Fahrtsp="10.4853" FahrtspStrecke="11.1111" FahrtspSignal="-1" FahrtspZugsicherung="45.8333" Fahrtkm="51.0625" FahrtHLDruck="5"/>
<FahrtEintrag FahrtWeg="3278.5503" FahrtZeit="2023-01-13 10:02:29" Kennung_FahrtZeitms="2023-01-13 10:02:29:844" Fahrtsp="10.4556" FahrtspStrecke="11.1111" FahrtspSignal="-1" FahrtspZugsicherung="45.8333" Fahrtkm="51.1379" FahrtHLDruck="5"/>
<FahrtEintrag FahrtWeg="3303.7078" FahrtZeit="2023-01-13 10:02:31" Kennung_FahrtZeitms="2023-01-13 10:02:31:960" Fahrtsp="10.4258" FahrtspStrecke="11.1111" FahrtspSignal="-1" FahrtspZugsicherung="45.8333" Fahrtkm="51.162" FahrtHLDruck="5"/>
<FahrtEintrag FahrtWeg="3328.792" FahrtZeit="2023-01-13 10:02:34" Kennung_FahrtZeitms="2023-01-13 10:02:34:960" Fahrtsp="10.3962" FahrtspStrecke="11.1111" FahrtspSignal="-1" FahrtspZugsicherung="45.8333" Fahrtkm="51.162" FahrtHLDruck="5"/>
<FahrtEintrag FahrtWeg="3354.1096" FahrtZeit="2023-01-13 10:02:36" Kennung_FahrtZeitms="2023-01-13 10:02:36:926" Fahrtsp="10.3662" FahrtspStrecke="11.1111" FahrtspSignal="-1" FahrtspZugsicherung="45.8333" Fahrtkm="51.2129" FahrtHLDruck="5"/>
<FahrtEintrag FahrtWeg="3379.1787" FahrtZeit="2023-01-13 10:02:39" Kennung_FahrtZeitms="2023-01-13 10:02:39:973" Fahrtsp="10.3365" FahrtspStrecke="11.1111" FahrtspSignal="-1" FahrtspZugsicherung="45.8333" Fahrtkm="51.2129" FahrtHLDruck="5"/>
<FahrtEintrag FahrtWeg="3404.4619" FahrtZeit="2023-01-13 10:02:41" Kennung_FahrtZeitms="2023-01-13 10:02:41:938" Fahrtsp="10.3064" FahrtspStrecke="11.1111" FahrtspSignal="-1" FahrtspZugsicherung="45.8333" Fahrtkm="51.2617" FahrtHLDruck="5"/>
<FahrtEintrag FahrtWeg="3429.7864" FahrtZeit="2023-01-13 10:02:44" Kennung_FahrtZeitms="2023-01-13 10:02:44:895" Fahrtsp="10.2763" FahrtspStrecke="11.1111" FahrtspSignal="-1" FahrtspZugsicherung="45.8333" Fahrtkm="51.2879" FahrtHLDruck="5"/>
<FahrtEintrag FahrtWeg="3454.9229" FahrtZeit="2023-01-13 10:02:46" Kennung_FahrtZeitms="2023-01-13 10:02:46:890" Fahrtsp="10.2464" FahrtspStrecke="11.1111" FahrtspSignal="-1" FahrtspZugsicherung="45.8333" Fahrtkm="51.2879" FahrtHLDruck="5"/>
<FahrtEintrag FahrtWeg="3480.2302" FahrtZeit="2023-01-13 10:02:49" Kennung_FahrtZeitms="2023-01-13 10:02:49:953" Fahrtsp="10.2163" FahrtspStrecke="11.1111" FahrtspSignal="-1" FahrtspZugsicherung="45.8333" Fahrtkm="51.2879" FahrtHLDruck="5"/>
<FahrtEintrag FahrtWeg="3499.0747" FahrtZeit="2023-01-13 10:02:50" Kennung_FahrtZeitms="2023-01-13 10:02:50:136" Fahrtsp="10.1861" FahrtspStrecke="11.1111" FahrtspSignal="-1" FahrtspZugsicherung="45.8333" Fahrtkm="51.361" FahrtHLDruck="5"/>
<FahrtEintrag FahrtTyp="8" FahrtWeg="-1" FahrtZeit="2023-01-13 10:02:52" Kennung_FahrtZeitms="2023-01-13 10:02:52:146" Fahrtsp="-1" FahrtspStrecke="-1" FahrtspSignal="-1" FahrtspZugsicherung="-1" FahrtHLDruck="-1" FahrtParameter="48" FahrtFBSchalter="-10000"/>
<FahrtEintrag FahrtWeg="3527.3280" FahrtZeit="2023-01-13 10:02:52" Kennung_FahrtZeitms="2023-01-13 10:02:52:346" Fahrtsp="10.1764" FahrtspStrecke="11.1111" FahrtspSignal="-1" FahrtspZugsicherung="45.8333" Fahrtkm="51.3883" FahrtHLDruck="5"/>
<FahrtEintrag FahrtTyp="8" FahrtWeg="-1" FahrtZeit="2023-01-13 10:02:52" Kennung_FahrtZeitms="2023-01-13 10:02:52:646" Fahrtsp="-1" FahrtspStrecke="-1" FahrtspSignal="-1" FahrtspZugsicherung="-1" FahrtHLDruck="-1" FahrtParameter="16" FahrtFBSchalter="-10000"/>
<FahrtEintrag FahrtWeg="3533.9385" FahrtZeit="2023-01-13 10:02:52" Kennung_FahrtZeitms="2023-01-13 10:02:52:996" Fahrtsp="10.1724" FahrtspStrecke="11.1111" FahrtspSignal="-1" FahrtspZugsicherung="45.8333" Fahrtkm="51.3883" FahrtHLDruck="5"/>
<FahrtEintrag FahrtWeg="3552.1306" FahrtZeit="2023-01-13 10:02:55" Kennung_FahrtZeitms="2023-01-13 10:02:55:231" Fahrtsp="10.1424" FahrtspStrecke="11.1111" FahrtspSignal="-1" FahrtspZugsicherung="45.8333" Fahrtkm="51.3883" FahrtHLDruck="5"/>
<FahrtEintrag FahrtWeg="3567.3474" FahrtZeit="2023-01-13 10:02:57" Kennung_FahrtZeitms="2023-01-13 10:02:57:831" Fahrtsp="10.1228" FahrtspStrecke="11.1111" FahrtspSignal="-1" FahrtspZugsicherung="45.8333" Fahrtkm="51.3883" FahrtHLDruck="5" FahrtFBSchalter="3"/>
<FahrtEintrag FahrtWeg="3592.4941" FahrtZeit="2023-01-13 10:03:00" Kennung_FahrtZeitms="2023-01-13 10:03:00:446" Fahrtsp="10.275" FahrtspStrecke="11.1111" FahrtspSignal="-1" FahrtspZugsicherung="45.8333" Fahrtkm="51.4607" FahrtHLDruck="5" FahrtFBSchalter="3"/>
<FahrtEintrag FahrtWeg="3617.5901" FahrtZeit="2023-01-13 10:03:02" Kennung_FahrtZeitms="2023-01-13 10:03:02:508" Fahrtsp="10.4234" FahrtspStrecke="11.1111" FahrtspSignal="-1" FahrtspZugsicherung="45.8333" Fahrtkm="51.4607" FahrtHLDruck="5" FahrtFBSchalter="3"/>
<FahrtEintrag FahrtWeg="3642.8674" FahrtZeit="2023-01-13 10:03:04" Kennung_FahrtZeitms="2023-01-13 10:03:04:538" Fahrtsp="10.5694" FahrtspStrecke="11.1111" FahrtspSignal="-1" FahrtspZugsicherung="45.8333" Fahrtkm="51.4607" FahrtHLDruck="5" FahrtFBSchalter="3"/>
<FahrtEintrag FahrtWeg="3667.8687" FahrtZeit="2023-01-13 10:03:07" Kennung_FahrtZeitms="2023-01-13 10:03:07:488" Fahrtsp="10.5546" FahrtspStrecke="11.1111" FahrtspSignal="-1" FahrtspZugsicherung="45.8333" Fahrtkm="51.4607" FahrtHLDruck="5"/>
<FahrtEintrag FahrtTyp="5" FahrtWeg="3687.7312" FahrtZeit="2023-01-13 10:03:09" Kennung_FahrtZeitms="2023-01-13 10:03:09:131" Fahrtsp="10.5308" FahrtspStrecke="11.1111" FahrtspSignal="-1" FahrtspZugsicherung="45.8333" FahrtText="LZB-Bk 21/22/121/122 LZB-Bk 21" Fahrtkm="51.4607" FahrtHLDruck="5"/>
<FahrtEintrag FahrtTyp="5" FahrtWeg="-1" FahrtZeit="2023-01-13 10:03:09" Kennung_FahrtZeitms="2023-01-13 10:03:09:201" Fahrtsp="-1" FahrtspStrecke="-1" FahrtspSignal="-1" FahrtspZugsicherung="-1" FahrtText="Zugende passiert Ende Weichenbereich" FahrtHLDruck="-1" FahrtParameter="4" FahrtFBSchalter="-10000"/>
<FahrtEintrag FahrtWeg="3688.0637" FahrtZeit="2023-01-13 10:03:09" Kennung_FahrtZeitms="2023-01-13 10:03:09:249" Fahrtsp="10.5308" FahrtspStrecke="11.1111" FahrtspSignal="-1" FahrtspZugsicherung="45.8333" Fahrtkm="51.56" FahrtHLDruck="5"/>
<FahrtEintrag FahrtTyp="5" FahrtWeg="-1" FahrtZeit="2023-01-13 10:03:11" Kennung_FahrtZeitms="2023-01-13 10:03:11:149" Fahrtsp="-1" FahrtspStrecke="-1" FahrtspSignal="-1" FahrtspZugsicherung="-1" FahrtText="Zugende passiert Ende Weichenbereich" FahrtHLDruck="-1" FahrtParameter="4" FahrtFBSchalter="-10000"/>
<FahrtEintrag FahrtWeg="3708.03" FahrtZeit="2023-01-13 10:03:11" Kennung_FahrtZeitms="2023-01-13 10:03:11:348" Fahrtsp="10.5073" FahrtspStrecke="11.1111" FahrtspSignal="-1" FahrtspZugsicherung="45.8333" Fahrtkm="51.5682" FahrtHLDruck="5"/>
<FahrtEintrag FahrtWeg="3733.2566" FahrtZeit="2023-01-13 10:03:13" Kennung_FahrtZeitms="2023-01-13 10:03:13:428" Fahrtsp="10.4776" FahrtspStrecke="11.1111" FahrtspSignal="-1" FahrtspZugsicherung="45.8333" Fahrtkm="51.5682" FahrtHLDruck="5"/>
<FahrtEintrag FahrtWeg="3758.4512" FahrtZeit="2023-01-13 10:03:15" Kennung_FahrtZeitms="2023-01-13 10:03:15:492" Fahrtsp="10.4478" FahrtspStrecke="11.1111" FahrtspSignal="-1" FahrtspZugsicherung="45.8333" Fahrtkm="51.626" FahrtHLDruck="5"/>
<FahrtEintrag FahrtWeg="3783.4631" FahrtZeit="2023-01-13 10:03:18" Kennung_FahrtZeitms="2023-01-13 10:03:18:568" Fahrtsp="10.4182" FahrtspStrecke="11.1111" FahrtspSignal="-1" FahrtspZugsicherung="45.8333" Fahrtkm="51.626" FahrtHLDruck="5"/>
<FahrtEintrag FahrtWeg="3808.6838" FahrtZeit="2023-01-13 10:03:20" Kennung_FahrtZeitms="2023-01-13 10:03:20:678" Fahrtsp="10.3884" FahrtspStrecke="11.1111" FahrtspSignal="-1" FahrtspZugsicherung="45.8333" Fahrtkm="51.6598" FahrtHLDruck="5"/>
<FahrtEintrag FahrtWeg="3833.9949" FahrtZeit="2023-01-13 10:03:23" Kennung_FahrtZeitms="2023-01-13 10:03:23:738" Fahrtsp="10.3584" FahrtspStrecke="11.1111" FahrtspSignal="-1" FahrtspZugsicherung="45.8333" Fahrtkm="51.6598" FahrtHLDruck="5"/>
<FahrtEintrag FahrtWeg="3859.2324" FahrtZeit="2023-01-13 10:03:25" Kennung_FahrtZeitms="2023-01-13 10:03:25:774" Fahrtsp="10.3285" FahrtspStrecke="11.1111" FahrtspSignal="-1" FahrtspZugsicherung="45.8333" Fahrtkm="51.6598" FahrtHLDruck="5"/>
<FahrtEintrag FahrtWeg="3884.407" FahrtZeit="2023-01-13 10:03:28" Kennung_FahrtZeitms="2023-01-13 10:03:28:788" Fahrtsp="10.2986" FahrtspStrecke="11.1111" FahrtspSignal="-1" FahrtspZugsicherung="45.8333" Fahrtkm="51.6598" FahrtHLDruck="5"/>
<FahrtEintrag FahrtWeg="3909.6094" FahrtZeit="2023-01-13 10:03:30" Kennung_FahrtZeitms="2023-01-13 10:03:30:858" Fahrtsp="10.3583" FahrtspStrecke="11.1111" FahrtspSignal="-1" FahrtspZugsicherung="45.8333" Fahrtkm="51.7594" FahrtHLDruck="5" FahrtFBSchalter="5"/>
<FahrtEintrag FahrtWeg="3934.8303" FahrtZeit="2023-01-13 10:03:32" Kennung_FahrtZeitms="2023-01-13 10:03:32:251" Fahrtsp="10.6212" FahrtspStrecke="11.1111" FahrtspSignal="-1" FahrtspZugsicherung="45.8333" Fahrtkm="51.7595" FahrtHLDruck="5" FahrtFBSchalter="5"/>
<FahrtEintrag FahrtWeg="3960.1565" FahrtZeit="2023-01-13 10:03:35" Kennung_FahrtZeitms="2023-01-13 10:03:35:228" Fahrtsp="10.8753" FahrtspStrecke="11.1111" FahrtspSignal="-1" FahrtspZugsicherung="45.8333" Fahrtkm="51.7595" FahrtHLDruck="5" FahrtFBSchalter="5"/>
<FahrtEintrag FahrtWeg="3985.322" FahrtZeit="2023-01-13 10:03:37" Kennung_FahrtZeitms="2023-01-13 10:03:37:191" Fahrtsp="10.9856" FahrtspStrecke="11.1111" FahrtspSignal="-1" FahrtspZugsicherung="45.8333" Fahrtkm="51.7595" FahrtHLDruck="5"/>
<FahrtEintrag FahrtWeg="4010.5308" FahrtZeit="2023-01-13 10:03:39" Kennung_FahrtZeitms="2023-01-13 10:03:39:119" Fahrtsp="10.9564" FahrtspStrecke="11.1111" FahrtspSignal="-1" FahrtspZugsicherung="45.8333" Fahrtkm="51.8589" FahrtHLDruck="5"/>
<FahrtEintrag FahrtWeg="4035.7563" FahrtZeit="2023-01-13 10:03:42" Kennung_FahrtZeitms="2023-01-13 10:03:42:103" Fahrtsp="10.9271" FahrtspStrecke="11.1111" FahrtspSignal="-1" FahrtspZugsicherung="45.8333" Fahrtkm="51.8589" FahrtHLDruck="5"/>
<FahrtEintrag FahrtWeg="4060.8191" FahrtZeit="2023-01-13 10:03:44" Kennung_FahrtZeitms="2023-01-13 10:03:44:098" Fahrtsp="10.898" FahrtspStrecke="11.1111" FahrtspSignal="-1" FahrtspZugsicherung="45.8333" Fahrtkm="51.8589" FahrtHLDruck="5"/>
<FahrtEintrag FahrtWeg="4085.9905" FahrtZeit="2023-01-13 10:03:46" Kennung_FahrtZeitms="2023-01-13 10:03:46:060" Fahrtsp="10.8687" FahrtspStrecke="11.1111" FahrtspSignal="-1" FahrtspZugsicherung="45.8333" Fahrtkm="51.8589" FahrtHLDruck="5"/>
<FahrtEintrag FahrtWeg="4111.0684" FahrtZeit="2023-01-13 10:03:48" Kennung_FahrtZeitms="2023-01-13 10:03:48:080" Fahrtsp="10.8395" FahrtspStrecke="11.1111" FahrtspSignal="-1" FahrtspZugsicherung="45.8333" Fahrtkm="51.9585" FahrtHLDruck="5"/>
<FahrtEintrag FahrtWeg="4136.3687" FahrtZeit="2023-01-13 10:03:51" Kennung_FahrtZeitms="2023-01-13 10:03:51:024" Fahrtsp="10.81" FahrtspStrecke="11.1111" FahrtspSignal="-1" FahrtspZugsicherung="45.8333" Fahrtkm="51.9585" FahrtHLDruck="5"/>
<FahrtEintrag FahrtWeg="4161.5723" FahrtZeit="2023-01-13 10:03:53" Kennung_FahrtZeitms="2023-01-13 10:03:53:059" Fahrtsp="10.7806" FahrtspStrecke="11.1111" FahrtspSignal="-1" FahrtspZugsicherung="45.8333" Fahrtkm="51.9585" FahrtHLDruck="5"/>
<FahrtEintrag FahrtWeg="4186.6284" FahrtZeit="2023-01-13 10:03:56" Kennung_FahrtZeitms="2023-01-13 10:03:56:046" Fahrtsp="10.7513" FahrtspStrecke="11.1111" FahrtspSignal="-1" FahrtspZugsicherung="45.8333" Fahrtkm="52.058" FahrtHLDruck="5"/>
<FahrtEintrag FahrtWeg="4211.6509" FahrtZeit="2023-01-13 10:03:58" Kennung_FahrtZeitms="2023-01-13 10:03:58:089" Fahrtsp="10.7221" FahrtspStrecke="11.1111" FahrtspSignal="-1" FahrtspZugsicherung="45.8333" Fahrtkm="52.0719" FahrtHLDruck="5"/>
<FahrtEintrag FahrtWeg="4236.6558" FahrtZeit="2023-01-13 10:04:00" Kennung_FahrtZeitms="2023-01-13 10:04:00:106" Fahrtsp="10.6928" FahrtspStrecke="11.1111" FahrtspSignal="-1" FahrtspZugsicherung="45.8333" Fahrtkm="52.072" FahrtHLDruck="5"/>
<FahrtEintrag FahrtWeg="4261.6621" FahrtZeit="2023-01-13 10:04:03" Kennung_FahrtZeitms="2023-01-13 10:04:03:085" Fahrtsp="10.6635" FahrtspStrecke="11.1111" FahrtspSignal="-1" FahrtspZugsicherung="45.8333" Fahrtkm="52.072" FahrtHLDruck="5"/>
<FahrtEintrag FahrtWeg="4286.9067" FahrtZeit="2023-01-13 10:04:05" Kennung_FahrtZeitms="2023-01-13 10:04:05:092" Fahrtsp="10.6339" FahrtspStrecke="11.1111" FahrtspSignal="-1" FahrtspZugsicherung="45.8333" Fahrtkm="52.1577" FahrtHLDruck="5"/>
<FahrtEintrag FahrtWeg="4312.0166" FahrtZeit="2023-01-13 10:04:07" Kennung_FahrtZeitms="2023-01-13 10:04:07:067" Fahrtsp="10.6045" FahrtspStrecke="11.1111" FahrtspSignal="-1" FahrtspZugsicherung="45.8333" Fahrtkm="52.1577" FahrtHLDruck="5"/>
<FahrtEintrag FahrtWeg="4337.3218" FahrtZeit="2023-01-13 10:04:10" Kennung_FahrtZeitms="2023-01-13 10:04:10:077" Fahrtsp="10.5747" FahrtspStrecke="11.1111" FahrtspSignal="-1" FahrtspZugsicherung="45.8333" Fahrtkm="52.1577" FahrtHLDruck="5"/>
<FahrtEintrag FahrtWeg="4362.3955" FahrtZeit="2023-01-13 10:04:12" Kennung_FahrtZeitms="2023-01-13 10:04:12:062" Fahrtsp="10.5452" FahrtspStrecke="11.1111" FahrtspSignal="-1" FahrtspZugsicherung="45.8333" Fahrtkm="52.222" FahrtHLDruck="5"/>
<FahrtEintrag FahrtWeg="4387.4819" FahrtZeit="2023-01-13 10:04:15" Kennung_FahrtZeitms="2023-01-13 10:04:15:115" Fahrtsp="10.5157" FahrtspStrecke="11.1111" FahrtspSignal="-1" FahrtspZugsicherung="45.8333" Fahrtkm="52.2572" FahrtHLDruck="5"/>
<FahrtEintrag FahrtWeg="4412.5386" FahrtZeit="2023-01-13 10:04:17" Kennung_FahrtZeitms="2023-01-13 10:04:17:121" Fahrtsp="10.4862" FahrtspStrecke="11.1111" FahrtspSignal="-1" FahrtspZugsicherung="45.8333" Fahrtkm="52.2572" FahrtHLDruck="5"/>
<FahrtEintrag FahrtWeg="4437.7891" FahrtZeit="2023-01-13 10:04:19" Kennung_FahrtZeitms="2023-01-13 10:04:19:151" Fahrtsp="10.4564" FahrtspStrecke="11.1111" FahrtspSignal="-1" FahrtspZugsicherung="45.8333" Fahrtkm="52.2572" FahrtHLDruck="5"/>
<FahrtEintrag FahrtWeg="4462.8022" FahrtZeit="2023-01-13 10:04:22" Kennung_FahrtZeitms="2023-01-13 10:04:22:068" Fahrtsp="10.4182" FahrtspStrecke="11.1111" FahrtspSignal="-1" FahrtspZugsicherung="45.8333" Fahrtkm="52.3341" FahrtHLDruck="5"/>
<FahrtEintrag FahrtWeg="4487.8677" FahrtZeit="2023-01-13 10:04:24" Kennung_FahrtZeitms="2023-01-13 10:04:24:058" Fahrtsp="10.2125" FahrtspStrecke="11.1111" FahrtspSignal="-1" FahrtspZugsicherung="45.8333" Fahrtkm="52.3568" FahrtHLDruck="5"/>
<FahrtEintrag FahrtWeg="4513.0659" FahrtZeit="2023-01-13 10:04:27" Kennung_FahrtZeitms="2023-01-13 10:04:27:014" Fahrtsp="9.9504" FahrtspStrecke="11.1111" FahrtspSignal="-1" FahrtspZugsicherung="45.8333" Fahrtkm="52.3568" FahrtHLDruck="5" FahrtFBSchalter="4"/>
<FahrtEintrag FahrtWeg="4538.4004" FahrtZeit="2023-01-13 10:04:29" Kennung_FahrtZeitms="2023-01-13 10:04:29:005" Fahrtsp="10.052" FahrtspStrecke="11.1111" FahrtspSignal="-1" FahrtspZugsicherung="45.8333" Fahrtkm="52.3568" FahrtHLDruck="5" FahrtFBSchalter="7"/>
<FahrtEintrag FahrtWeg="4563.7466" FahrtZeit="2023-01-13 10:04:32" Kennung_FahrtZeitms="2023-01-13 10:04:32:029" Fahrtsp="10.1578" FahrtspStrecke="11.1111" FahrtspSignal="-1" FahrtspZugsicherung="45.8333" Fahrtkm="52.3568" FahrtHLDruck="5" FahrtFBSchalter="7"/>
<FahrtEintrag FahrtWeg="4588.8677" FahrtZeit="2023-01-13 10:04:34" Kennung_FahrtZeitms="2023-01-13 10:04:34:077" Fahrtsp="10.2597" FahrtspStrecke="11.1111" FahrtspSignal="-1" FahrtspZugsicherung="45.8333" Fahrtkm="52.4564" FahrtHLDruck="5" FahrtFBSchalter="7"/>
<FahrtEintrag FahrtWeg="4613.8779" FahrtZeit="2023-01-13 10:04:37" Kennung_FahrtZeitms="2023-01-13 10:04:37:081" Fahrtsp="10.3582" FahrtspStrecke="11.1111" FahrtspSignal="-1" FahrtspZugsicherung="45.8333" Fahrtkm="52.4564" FahrtHLDruck="5" FahrtFBSchalter="7"/>
<FahrtEintrag FahrtWeg="4639.0684" FahrtZeit="2023-01-13 10:04:39" Kennung_FahrtZeitms="2023-01-13 10:04:39:057" Fahrtsp="10.4547" FahrtspStrecke="11.1111" FahrtspSignal="-1" FahrtspZugsicherung="45.8333" Fahrtkm="52.4564" FahrtHLDruck="5" FahrtFBSchalter="7"/>
<FahrtEintrag FahrtWeg="4664.3315" FahrtZeit="2023-01-13 10:04:41" Kennung_FahrtZeitms="2023-01-13 10:04:41:053" Fahrtsp="10.2458" FahrtspStrecke="11.1111" FahrtspSignal="-1" FahrtspZugsicherung="45.8333" Fahrtkm="52.4563" FahrtHLDruck="5" FahrtFBSchalter="1"/>
<FahrtEintrag FahrtWeg="4689.6445" FahrtZeit="2023-01-13 10:04:44" Kennung_FahrtZeitms="2023-01-13 10:04:44:090" Fahrtsp="9.9799" FahrtspStrecke="11.1111" FahrtspSignal="-1" FahrtspZugsicherung="45.8333" Fahrtkm="52.5558" FahrtHLDruck="5" FahrtFBSchalter="1"/>
<FahrtEintrag FahrtWeg="4714.8984" FahrtZeit="2023-01-13 10:04:46" Kennung_FahrtZeitms="2023-01-13 10:04:46:021" Fahrtsp="9.8436" FahrtspStrecke="11.1111" FahrtspSignal="-1" FahrtspZugsicherung="45.8333" Fahrtkm="52.5558" FahrtHLDruck="5" FahrtFBSchalter="5"/>
<FahrtEintrag FahrtWeg="4740.0283" FahrtZeit="2023-01-13 10:04:49" Kennung_FahrtZeitms="2023-01-13 10:04:49:087" Fahrtsp="9.8289" FahrtspStrecke="11.1111" FahrtspSignal="-1" FahrtspZugsicherung="45.8333" Fahrtkm="52.5558" FahrtHLDruck="5" FahrtFBSchalter="5"/>
<FahrtEintrag FahrtWeg="4765.1885" FahrtZeit="2023-01-13 10:04:52" Kennung_FahrtZeitms="2023-01-13 10:04:52:085" Fahrtsp="9.8144" FahrtspStrecke="11.1111" FahrtspSignal="-1" FahrtspZugsicherung="45.8333" Fahrtkm="52.5558" FahrtHLDruck="5" FahrtFBSchalter="5"/>
<FahrtEintrag FahrtWeg="4790.2124" FahrtZeit="2023-01-13 10:04:54" Kennung_FahrtZeitms="2023-01-13 10:04:54:087" Fahrtsp="9.8144" FahrtspStrecke="11.1111" FahrtspSignal="-1" FahrtspZugsicherung="45.8333" Fahrtkm="52.6554" FahrtHLDruck="5" FahrtFBSchalter="16"/>
<FahrtEintrag FahrtWeg="4815.3359" FahrtZeit="2023-01-13 10:04:57" Kennung_FahrtZeitms="2023-01-13 10:04:57:079" Fahrtsp="10.4463" FahrtspStrecke="11.1111" FahrtspSignal="-1" FahrtspZugsicherung="45.8333" Fahrtkm="52.6554" FahrtHLDruck="5" FahrtFBSchalter="16"/>
<FahrtEintrag FahrtWeg="4840.6577" FahrtZeit="2023-01-13 10:04:59" Kennung_FahrtZeitms="2023-01-13 10:04:59:094" Fahrtsp="10.8239" FahrtspStrecke="11.1111" FahrtspSignal="-1" FahrtspZugsicherung="45.8333" Fahrtkm="52.6555" FahrtHLDruck="5" FahrtFBSchalter="10"/>
<FahrtEintrag FahrtWeg="4865.7686" FahrtZeit="2023-01-13 10:05:01" Kennung_FahrtZeitms="2023-01-13 10:05:01:040" Fahrtsp="10.969" FahrtspStrecke="11.1111" FahrtspSignal="-1" FahrtspZugsicherung="45.8333" Fahrtkm="52.6554" FahrtHLDruck="5" FahrtFBSchalter="8"/>
<FahrtEintrag FahrtWeg="4890.8486" FahrtZeit="2023-01-13 10:05:03" Kennung_FahrtZeitms="2023-01-13 10:05:03:002" Fahrtsp="11.1026" FahrtspStrecke="11.1111" FahrtspSignal="-1" FahrtspZugsicherung="45.8333" Fahrtkm="52.7549" FahrtHLDruck="5" FahrtFBSchalter="8"/>
<FahrtEintrag FahrtWeg="4916.0288" FahrtZeit="2023-01-13 10:05:06" Kennung_FahrtZeitms="2023-01-13 10:05:06:001" Fahrtsp="11.2325" FahrtspStrecke="11.1111" FahrtspSignal="-1" FahrtspZugsicherung="45.8333" Fahrtkm="52.7549" FahrtHLDruck="5" FahrtFBSchalter="8"/>
<FahrtEintrag FahrtWeg="4920.1611" FahrtZeit="2023-01-13 10:05:06" Kennung_FahrtZeitms="2023-01-13 10:05:06:201" Fahrtsp="11.2534" FahrtspStrecke="11.1111" FahrtspSignal="-1" FahrtspZugsicherung="45.8333" Fahrtkm="52.7549" FahrtHLDruck="5" FahrtFBSchalter="8"/>
<FahrtEintrag FahrtWeg="4947.2603" FahrtZeit="2023-01-13 10:05:08" Kennung_FahrtZeitms="2023-01-13 10:05:08:223" Fahrtsp="11.3593" FahrtspStrecke="11.1111" FahrtspSignal="-1" FahrtspZugsicherung="45.8333" Fahrtkm="52.755" FahrtHLDruck="5"/>
<FahrtEintrag FahrtWeg="4972.3159" FahrtZeit="2023-01-13 10:05:11" Kennung_FahrtZeitms="2023-01-13 10:05:11:311" Fahrtsp="11.0648" FahrtspStrecke="11.1111" FahrtspSignal="-1" FahrtspZugsicherung="45.8333" Fahrtkm="52.7549" FahrtHLDruck="5"/>
<FahrtEintrag FahrtWeg="4997.5415" FahrtZeit="2023-01-13 10:05:13" Kennung_FahrtZeitms="2023-01-13 10:05:13:315" Fahrtsp="10.7608" FahrtspStrecke="11.1111" FahrtspSignal="-1" FahrtspZugsicherung="45.8333" Fahrtkm="52.8545" FahrtHLDruck="5"/>
<FahrtEintrag FahrtWeg="5022.5513" FahrtZeit="2023-01-13 10:05:15" Kennung_FahrtZeitms="2023-01-13 10:05:15:259" Fahrtsp="10.4511" FahrtspStrecke="11.1111" FahrtspSignal="-1" FahrtspZugsicherung="45.8333" Fahrtkm="52.8545" FahrtHLDruck="5"/>
<FahrtEintrag FahrtWeg="5038.9087" FahrtZeit="2023-01-13 10:05:17" Kennung_FahrtZeitms="2023-01-13 10:05:17:220" Fahrtsp="10.1305" FahrtspStrecke="11.1111" FahrtspSignal="-1" FahrtspZugsicherung="45.8333" Fahrtkm="52.8545" FahrtHLDruck="5"/>
<FahrtEintrag FahrtTyp="8" FahrtWeg="-1" FahrtZeit="2023-01-13 10:20:17" Kennung_FahrtZeitms="2023-01-13 10:05:20:021" Fahrtsp="-1" FahrtspStrecke="-1" FahrtspSignal="-1" FahrtspZugsicherung="-1" FahrtHLDruck="-1" FahrtParameter="48" FahrtFBSchalter="-10000"/>
<FahrtEintrag FahrtWeg="5081.9735" FahrtZeit="2023-01-13 10:05:20" Kennung_FahrtZeitms="2023-01-13 10:05:20:354" Fahrtsp="9.8206" FahrtspStrecke="11.1111" FahrtspSignal="-1" FahrtspZugsicherung="45.8333" Fahrtkm="52.906" FahrtHLDruck="5" FahrtFBSchalter="2"/>
<FahrtEintrag FahrtTyp="8" FahrtWeg="-1" FahrtZeit="2023-01-13 10:20:17" Kennung_FahrtZeitms="2023-01-13 10:05:20:531" Fahrtsp="-1" FahrtspStrecke="-1" FahrtspSignal="-1" FahrtspZugsicherung="-1" FahrtHLDruck="-1" FahrtParameter="16" FahrtFBSchalter="-10000"/>
<FahrtEintrag FahrtWeg="5099.0044" FahrtZeit="2023-01-13 10:05:23" Kennung_FahrtZeitms="2023-01-13 10:05:22:439" Fahrtsp="9.6121" FahrtspStrecke="11.1111" FahrtspSignal="-1" FahrtspZugsicherung="45.8333" Fahrtkm="52.9541" FahrtHLDruck="5" FahrtFBSchalter="2"/>
<FahrtEintrag FahrtWeg="5123.0742" FahrtZeit="2023-01-13 10:05:26" Kennung_FahrtZeitms="2023-01-13 10:05:26:330" Fahrtsp="9.4015" FahrtspStrecke="11.1111" FahrtspSignal="-1" FahrtspZugsicherung="45.8333" Fahrtkm="52.9541" FahrtHLDruck="5" FahrtFBSchalter="2"/>
<FahrtEintrag FahrtWeg="5148.0796" FahrtZeit="2023-01-13 10:05:28" Kennung_FahrtZeitms="2023-01-13 10:05:28:291" Fahrtsp="9.4328" FahrtspStrecke="11.1111" FahrtspSignal="-1" FahrtspZugsicherung="45.8333" Fahrtkm="52.9541" FahrtHLDruck="5" FahrtFBSchalter="7"/>
<FahrtEintrag FahrtWeg="5173.125" FahrtZeit="2023-01-13 10:05:31" Kennung_FahrtZeitms="2023-01-13 10:05:31:365" Fahrtsp="9.5564" FahrtspStrecke="11.1111" FahrtspSignal="-1" FahrtspZugsicherung="45.8333" Fahrtkm="53.0374" FahrtHLDruck="5" FahrtFBSchalter="7"/>
<FahrtEintrag FahrtWeg="5198.3169" FahrtZeit="2023-01-13 10:05:34" Kennung_FahrtZeitms="2023-01-13 10:05:34:266" Fahrtsp="9.6768" FahrtspStrecke="11.1111" FahrtspSignal="-1" FahrtspZugsicherung="45.8333" Fahrtkm="53.0545" FahrtHLDruck="5" FahrtFBSchalter="7"/>
<FahrtEintrag FahrtWeg="5223.522" FahrtZeit="2023-01-13 10:05:36" Kennung_FahrtZeitms="2023-01-13 10:05:36:252" Fahrtsp="9.9701" FahrtspStrecke="11.1111" FahrtspSignal="-1" FahrtspZugsicherung="45.8333" Fahrtkm="53.0798" FahrtHLDruck="5" FahrtFBSchalter="10"/>
<FahrtEintrag FahrtWeg="5248.6079" FahrtZeit="2023-01-13 10:05:39" Kennung_FahrtZeitms="2023-01-13 10:05:39:231" Fahrtsp="10.2585" FahrtspStrecke="11.1111" FahrtspSignal="-1" FahrtspZugsicherung="45.8333" Fahrtkm="53.0536" FahrtHLDruck="5" FahrtFBSchalter="10"/>
<FahrtEintrag FahrtWeg="5273.9165" FahrtZeit="2023-01-13 10:05:41" Kennung_FahrtZeitms="2023-01-13 10:05:41:246" Fahrtsp="10.5341" FahrtspStrecke="11.1111" FahrtspSignal="-1" FahrtspZugsicherung="45.8333" Fahrtkm="53.0536" FahrtHLDruck="5" FahrtFBSchalter="10"/>
<FahrtEintrag FahrtWeg="5299.1978" FahrtZeit="2023-01-13 10:05:43" Kennung_FahrtZeitms="2023-01-13 10:05:43:334" Fahrtsp="10.2742" FahrtspStrecke="11.1111" FahrtspSignal="-1" FahrtspZugsicherung="45.8333" Fahrtkm="53.1532" FahrtHLDruck="5"/>
<FahrtEintrag FahrtWeg="5324.3091" FahrtZeit="2023-01-13 10:05:46" Kennung_FahrtZeitms="2023-01-13 10:05:46:419" Fahrtsp="9.949" FahrtspStrecke="11.1111" FahrtspSignal="-1" FahrtspZugsicherung="45.8333" Fahrtkm="53.1532" FahrtHLDruck="5"/>
<FahrtEintrag FahrtWeg="5349.4482" FahrtZeit="2023-01-13 10:05:49" Kennung_FahrtZeitms="2023-01-13 10:05:49:328" Fahrtsp="9.613" FahrtspStrecke="11.1111" FahrtspSignal="-1" FahrtspZugsicherung="45.8333" Fahrtkm="53.1532" FahrtHLDruck="5"/>
<FahrtEintrag FahrtWeg="5374.6768" FahrtZeit="2023-01-13 10:05:51" Kennung_FahrtZeitms="2023-01-13 10:05:51:450" Fahrtsp="9.3078" FahrtspStrecke="11.1111" FahrtspSignal="-1" FahrtspZugsicherung="45.8333" Fahrtkm="53.1532" FahrtHLDruck="5" FahrtFBSchalter="4"/>
<FahrtEintrag FahrtWeg="5399.6816" FahrtZeit="2023-01-13 10:05:54" Kennung_FahrtZeitms="2023-01-13 10:05:54:229" Fahrtsp="9.2319" FahrtspStrecke="11.1111" FahrtspSignal="-1" FahrtspZugsicherung="45.8333" Fahrtkm="53.2528" FahrtHLDruck="5" FahrtFBSchalter="4"/>
<FahrtEintrag FahrtWeg="5424.7866" FahrtZeit="2023-01-13 10:05:57" Kennung_FahrtZeitms="2023-01-13 10:05:57:129" Fahrtsp="9.1561" FahrtspStrecke="11.1111" FahrtspSignal="-1" FahrtspZugsicherung="45.8333" Fahrtkm="53.2528" FahrtHLDruck="5" FahrtFBSchalter="4"/>
<FahrtEintrag FahrtWeg="5450.0571" FahrtZeit="2023-01-13 10:05:59" Kennung_FahrtZeitms="2023-01-13 10:05:59:084" Fahrtsp="9.3019" FahrtspStrecke="11.1111" FahrtspSignal="-1" FahrtspZugsicherung="45.8333" Fahrtkm="53.2528" FahrtHLDruck="5" FahrtFBSchalter="12"/>
<FahrtEintrag FahrtWeg="5475.0903" FahrtZeit="2023-01-13 10:06:02" Kennung_FahrtZeitms="2023-01-13 10:06:02:060" Fahrtsp="9.7918" FahrtspStrecke="11.1111" FahrtspSignal="-1" FahrtspZugsicherung="45.8333" Fahrtkm="53.2528" FahrtHLDruck="5" FahrtFBSchalter="12"/>
<FahrtEintrag FahrtTyp="5" FahrtWeg="5479.5923" FahrtZeit="2023-01-13 10:06:03" Kennung_FahrtZeitms="2023-01-13 10:06:03:093" Fahrtsp="9.8604" FahrtspStrecke="11.1111" FahrtspSignal="-1" FahrtspZugsicherung="45.8333" FahrtText="Üst Moorrasen A" Fahrtkm="53.2528" FahrtHLDruck="5" FahrtFBSchalter="10"/>
<FahrtEintrag FahrtWeg="5504.8306" FahrtZeit="2023-01-13 10:06:05" Kennung_FahrtZeitms="2023-01-13 10:06:05:066" Fahrtsp="10.1524" FahrtspStrecke="11.1111" FahrtspSignal="-1" FahrtspZugsicherung="45.8333" Fahrtkm="53.3524" FahrtHLDruck="5" FahrtFBSchalter="10"/>
<FahrtEintrag FahrtWeg="5530.1143" FahrtZeit="2023-01-13 10:06:08" Kennung_FahrtZeitms="2023-01-13 10:06:08:060" Fahrtsp="10.2833" FahrtspStrecke="11.1111" FahrtspSignal="-1" FahrtspZugsicherung="45.8333" Fahrtkm="53.3524" FahrtHLDruck="5" FahrtFBSchalter="7"/>
<FahrtEintrag FahrtWeg="5555.4453" FahrtZeit="2023-01-13 10:06:10" Kennung_FahrtZeitms="2023-01-13 10:06:10:060" Fahrtsp="10.0727" FahrtspStrecke="11.1111" FahrtspSignal="-1" FahrtspZugsicherung="45.8333" Fahrtkm="53.3524" FahrtHLDruck="5" FahrtFBSchalter="1"/>
<FahrtEintrag FahrtWeg="5580.6919" FahrtZeit="2023-01-13 10:06:13" Kennung_FahrtZeitms="2023-01-13 10:06:13:060" Fahrtsp="9.8036" FahrtspStrecke="11.1111" FahrtspSignal="-1" FahrtspZugsicherung="45.8333" Fahrtkm="53.452" FahrtHLDruck="5" FahrtFBSchalter="1"/>
<FahrtEintrag FahrtWeg="5605.8037" FahrtZeit="2023-01-13 10:06:15" Kennung_FahrtZeitms="2023-01-13 10:06:15:060" Fahrtsp="9.7415" FahrtspStrecke="11.1111" FahrtspSignal="-1" FahrtspZugsicherung="45.8333" Fahrtkm="53.452" FahrtHLDruck="5" FahrtFBSchalter="5"/>
<FahrtEintrag FahrtWeg="5630.9336" FahrtZeit="2023-01-13 10:06:18" Kennung_FahrtZeitms="2023-01-13 10:06:18:060" Fahrtsp="9.7282" FahrtspStrecke="11.1111" FahrtspSignal="-1" FahrtspZugsicherung="45.8333" Fahrtkm="53.452" FahrtHLDruck="5" FahrtFBSchalter="5"/>
<FahrtEintrag FahrtWeg="5656.1152" FahrtZeit="2023-01-13 10:06:20" Kennung_FahrtZeitms="2023-01-13 10:06:20:060" Fahrtsp="9.7149" FahrtspStrecke="11.1111" FahrtspSignal="-1" FahrtspZugsicherung="45.8333" Fahrtkm="53.452" FahrtHLDruck="5" FahrtFBSchalter="5"/>
<FahrtEintrag FahrtWeg="5681.1987" FahrtZeit="2023-01-13 10:06:23" Kennung_FahrtZeitms="2023-01-13 10:06:23:060" Fahrtsp="9.488" FahrtspStrecke="11.1111" FahrtspSignal="-1" FahrtspZugsicherung="45.8333" Fahrtkm="53.5516" FahrtHLDruck="5" FahrtFBSchalter="1"/>
<FahrtEintrag FahrtWeg="5706.394" FahrtZeit="2023-01-13 10:06:26" Kennung_FahrtZeitms="2023-01-13 10:06:26:060" Fahrtsp="9.205" FahrtspStrecke="11.1111" FahrtspSignal="-1" FahrtspZugsicherung="45.8333" Fahrtkm="53.5516" FahrtHLDruck="5" FahrtFBSchalter="1"/>
<FahrtEintrag FahrtWeg="5731.4546" FahrtZeit="2023-01-13 10:06:28" Kennung_FahrtZeitms="2023-01-13 10:06:28:060" Fahrtsp="8.9159" FahrtspStrecke="11.1111" FahrtspSignal="-1" FahrtspZugsicherung="45.8333" Fahrtkm="53.5516" FahrtHLDruck="5" FahrtFBSchalter="1"/>
<FahrtEintrag FahrtWeg="5756.5889" FahrtZeit="2023-01-13 10:06:31" Kennung_FahrtZeitms="2023-01-13 10:06:31:060" Fahrtsp="9.005" FahrtspStrecke="11.1111" FahrtspSignal="-1" FahrtspZugsicherung="45.8333" Fahrtkm="53.5515" FahrtHLDruck="5" FahrtFBSchalter="7"/>
<FahrtEintrag FahrtWeg="5781.9038" FahrtZeit="2023-01-13 10:06:34" Kennung_FahrtZeitms="2023-01-13 10:06:34:060" Fahrtsp="9.1448" FahrtspStrecke="11.1111" FahrtspSignal="-1" FahrtspZugsicherung="45.8333" Fahrtkm="53.6522" FahrtHLDruck="5" FahrtFBSchalter="7"/>
<FahrtEintrag FahrtWeg="5806.9185" FahrtZeit="2023-01-13 10:06:37" Kennung_FahrtZeitms="2023-01-13 10:06:37:060" Fahrtsp="9.3243" FahrtspStrecke="11.1111" FahrtspSignal="-1" FahrtspZugsicherung="45.8333" Fahrtkm="53.674" FahrtHLDruck="5" FahrtFBSchalter="8"/>
<FahrtEintrag FahrtWeg="5832.0474" FahrtZeit="2023-01-13 10:06:39" Kennung_FahrtZeitms="2023-01-13 10:06:39:060" Fahrtsp="9.5186" FahrtspStrecke="11.1111" FahrtspSignal="-1" FahrtspZugsicherung="45.8333" Fahrtkm="53.6739" FahrtHLDruck="5" FahrtFBSchalter="8"/>
<FahrtEintrag FahrtWeg="5857.2974" FahrtZeit="2023-01-13 10:06:42" Kennung_FahrtZeitms="2023-01-13 10:06:42:060" Fahrtsp="9.5182" FahrtspStrecke="11.1111" FahrtspSignal="-1" FahrtspZugsicherung="45.8333" Fahrtkm="53.6739" FahrtHLDruck="5"/>
<FahrtEintrag FahrtTyp="7" FahrtWeg="5879.9028" FahrtZeit="2023-01-13 10:06:44" Kennung_FahrtZeitms="2023-01-13 10:06:44:072" Fahrtsp="9.0756" FahrtspStrecke="11.1111" FahrtspSignal="-1" FahrtspZugsicherung="45.8333" Fahrtkm="53.7325" FahrtHLDruck="4.2925"/>
<FahrtEintrag FahrtTyp="8" FahrtWeg="-1" FahrtZeit="2023-01-13 10:06:46" Kennung_FahrtZeitms="2023-01-13 10:06:46:172" Fahrtsp="-1" FahrtspStrecke="-1" FahrtspSignal="-1" FahrtspZugsicherung="-1" FahrtHLDruck="-1" FahrtParameter="192" FahrtFBSchalter="-10000"/>
<FahrtEintrag FahrtWeg="5893.5791" FahrtZeit="2023-01-13 10:06:46" Kennung_FahrtZeitms="2023-01-13 10:06:46:186" Fahrtsp="8.6035" FahrtspStrecke="11.1111" FahrtspSignal="-1" FahrtspZugsicherung="45.8333" Fahrtkm="53.7325" FahrtHLDruck="1.5824"/>
<FahrtEintrag FahrtWeg="5918.7476" FahrtZeit="2023-01-13 10:06:49" Kennung_FahrtZeitms="2023-01-13 10:06:49:116" Fahrtsp="6.8648" FahrtspStrecke="11.1111" FahrtspSignal="-1" FahrtspZugsicherung="45.8333" Fahrtkm="53.787"/>
<FahrtEintrag FahrtWeg="5939.1318" FahrtZeit="2023-01-13 10:06:54" Kennung_FahrtZeitms="2023-01-13 10:06:54:061" Fahrtsp="0.9505" FahrtspStrecke="11.1111" FahrtspSignal="-1" FahrtspZugsicherung="45.8333" Fahrtkm="53.7868"/>
<FahrtEintrag FahrtTyp="1" FahrtWeg="5939.6543" FahrtZeit="2023-01-13 10:06:55" Kennung_FahrtZeitms="2023-01-13 10:06:55:100" FahrtspStrecke="11.1111" FahrtspSignal="-1" FahrtspZugsicherung="45.8333" Fahrtkm="53.7868"/>
<FahrtEintrag FahrtTyp="8" FahrtWeg="-1" FahrtZeit="2023-01-13 10:06:56" Kennung_FahrtZeitms="2023-01-13 10:06:56:002" Fahrtsp="-1" FahrtspStrecke="-1" FahrtspSignal="-1" FahrtspZugsicherung="-1" FahrtHLDruck="-1" FahrtParameter="64" FahrtFBSchalter="-10000"/>
<FahrtEintrag FahrtWeg="5939.6543" FahrtZeit="2023-01-13 10:06:56" Kennung_FahrtZeitms="2023-01-13 10:06:56:065" FahrtspStrecke="11.1111" FahrtspSignal="-1" FahrtspZugsicherung="45.8333" Fahrtkm="53.7868"/>
<FahrtEintrag FahrtWeg="5939.6543" FahrtZeit="2023-01-13 10:07:01" Kennung_FahrtZeitms="2023-01-13 10:07:01:060" FahrtspStrecke="11.1111" FahrtspSignal="-1" FahrtspZugsicherung="45.8333" Fahrtkm="53.7868"/>
<FahrtEintrag FahrtWeg="5939.6543" FahrtZeit="2023-01-13 10:07:06" Kennung_FahrtZeitms="2023-01-13 10:07:06:066" FahrtspStrecke="11.1111" FahrtspSignal="-1" FahrtspZugsicherung="45.8333" Fahrtkm="53.7868"/>
<FahrtEintrag FahrtWeg="5939.6543" FahrtZeit="2023-01-13 10:07:11" Kennung_FahrtZeitms="2023-01-13 10:07:11:069" FahrtspStrecke="11.1111" FahrtspSignal="-1" FahrtspZugsicherung="45.8333" Fahrtkm="53.7868"/>
<FahrtEintrag FahrtWeg="5939.6543" FahrtZeit="2023-01-13 10:07:16" Kennung_FahrtZeitms="2023-01-13 10:07:16:069" FahrtspStrecke="11.1111" FahrtspSignal="-1" FahrtspZugsicherung="45.8333" Fahrtkm="53.7868"/>
<FahrtEintrag FahrtWeg="5939.6543" FahrtZeit="2023-01-13 10:07:21" Kennung_FahrtZeitms="2023-01-13 10:07:21:070" FahrtspStrecke="11.1111" FahrtspSignal="-1" FahrtspZugsicherung="45.8333" Fahrtkm="53.7868"/>
<FahrtEintrag FahrtWeg="5939.6543" FahrtZeit="2023-01-13 10:07:26" Kennung_FahrtZeitms="2023-01-13 10:07:26:074" FahrtspStrecke="11.1111" FahrtspSignal="-1" FahrtspZugsicherung="45.8333" Fahrtkm="53.7868"/>
</result>
</Zusi>
