﻿<?xml version="1.0" encoding="UTF-8"?>
<Zusi>
<Info DateiTyp="result" Version="A.1" MinVersion="A.0"/>
<result Zugnummer="4711 (FaS)" TfNummer="A5" Datum="2023-01-20 10:27:40" Verbrauch="154265776">
<FahrtEintrag FahrtTyp="2" FahrtWeg="1516.7542" FahrtZeit="2023-01-20 09:50:00" Kennung_FahrtZeitms="2023-01-20 09:50:00:099" FahrtspStrecke="11.1111" FahrtspSignal="-1" FahrtspZugsicherung="-1" FahrtText="" Fahrtkm="49.3855" FahrtHLDruck="5" FahrtFplAnk="44946.410156" FahrtFplAbf="44946.417969"/>
<FahrtEintrag FahrtWeg="1516.7542" FahrtZeit="2023-01-20 09:50:05" Kennung_FahrtZeitms="2023-01-20 09:50:05:000" FahrtspStrecke="11.1111" FahrtspSignal="-1" FahrtspZugsicherung="45.8333" Fahrtkm="49.3855" FahrtHLDruck="5"/>
<FahrtEintrag FahrtWeg="1516.7542" FahrtZeit="2023-01-20 09:50:10" Kennung_FahrtZeitms="2023-01-20 09:50:10:000" FahrtspStrecke="11.1111" FahrtspSignal="-1" FahrtspZugsicherung="45.8333" Fahrtkm="49.3855" FahrtHLDruck="5"/>
<FahrtEintrag FahrtWeg="1516.7542" FahrtZeit="2023-01-20 09:50:15" Kennung_FahrtZeitms="2023-01-20 09:50:15:000" FahrtspStrecke="11.1111" FahrtspSignal="-1" FahrtspZugsicherung="45.8333" Fahrtkm="49.3855" FahrtHLDruck="5"/>
<FahrtEintrag FahrtWeg="1516.7542" FahrtZeit="2023-01-20 09:50:20" Kennung_FahrtZeitms="2023-01-20 09:50:20:000" FahrtspStrecke="11.1111" FahrtspSignal="-1" FahrtspZugsicherung="45.8333" Fahrtkm="49.3855" FahrtHLDruck="5"/>
<FahrtEintrag FahrtWeg="1516.7542" FahrtZeit="2023-01-20 09:50:25" Kennung_FahrtZeitms="2023-01-20 09:50:25:000" FahrtspStrecke="11.1111" FahrtspSignal="-1" FahrtspZugsicherung="45.8333" Fahrtkm="49.3855" FahrtHLDruck="5"/>
<FahrtEintrag FahrtWeg="1516.7542" FahrtZeit="2023-01-20 09:50:30" Kennung_FahrtZeitms="2023-01-20 09:50:30:000" FahrtspStrecke="11.1111" FahrtspSignal="-1" FahrtspZugsicherung="45.8333" Fahrtkm="49.3855" FahrtHLDruck="5"/>
<FahrtEintrag FahrtWeg="1516.7542" FahrtZeit="2023-01-20 09:50:35" Kennung_FahrtZeitms="2023-01-20 09:50:35:000" FahrtspStrecke="11.1111" FahrtspSignal="-1" FahrtspZugsicherung="45.8333" Fahrtkm="49.3855" FahrtHLDruck="5"/>
<FahrtEintrag FahrtWeg="1516.7542" FahrtZeit="2023-01-20 09:50:40" Kennung_FahrtZeitms="2023-01-20 09:50:40:000" FahrtspStrecke="11.1111" FahrtspSignal="-1" FahrtspZugsicherung="45.8333" Fahrtkm="49.3855" FahrtHLDruck="5"/>
<FahrtEintrag FahrtWeg="1516.7542" FahrtZeit="2023-01-20 09:50:45" Kennung_FahrtZeitms="2023-01-20 09:50:45:000" FahrtspStrecke="11.1111" FahrtspSignal="-1" FahrtspZugsicherung="45.8333" Fahrtkm="49.3855" FahrtHLDruck="5"/>
<FahrtEintrag FahrtWeg="1516.7542" FahrtZeit="2023-01-20 09:50:50" Kennung_FahrtZeitms="2023-01-20 09:50:50:000" FahrtspStrecke="11.1111" FahrtspSignal="-1" FahrtspZugsicherung="45.8333" Fahrtkm="49.3855" FahrtHLDruck="5"/>
<FahrtEintrag FahrtWeg="1516.7542" FahrtZeit="2023-01-20 09:50:55" Kennung_FahrtZeitms="2023-01-20 09:50:55:000" FahrtspStrecke="11.1111" FahrtspSignal="-1" FahrtspZugsicherung="45.8333" Fahrtkm="49.3855" FahrtHLDruck="5"/>
<FahrtEintrag FahrtWeg="1516.7542" FahrtZeit="2023-01-20 09:51:00" Kennung_FahrtZeitms="2023-01-20 09:51:00:000" FahrtspStrecke="11.1111" FahrtspSignal="-1" FahrtspZugsicherung="45.8333" Fahrtkm="49.3855" FahrtHLDruck="5"/>
<FahrtEintrag FahrtWeg="1516.7542" FahrtZeit="2023-01-20 09:51:05" Kennung_FahrtZeitms="2023-01-20 09:51:05:000" FahrtspStrecke="11.1111" FahrtspSignal="-1" FahrtspZugsicherung="45.8333" Fahrtkm="49.3855" FahrtHLDruck="5"/>
<FahrtEintrag FahrtWeg="1516.7542" FahrtZeit="2023-01-20 09:51:10" Kennung_FahrtZeitms="2023-01-20 09:51:10:000" FahrtspStrecke="11.1111" FahrtspSignal="-1" FahrtspZugsicherung="45.8333" Fahrtkm="49.3855" FahrtHLDruck="5"/>
<FahrtEintrag FahrtWeg="1516.7542" FahrtZeit="2023-01-20 09:51:15" Kennung_FahrtZeitms="2023-01-20 09:51:15:000" FahrtspStrecke="11.1111" FahrtspSignal="-1" FahrtspZugsicherung="45.8333" Fahrtkm="49.3855" FahrtHLDruck="5"/>
<FahrtEintrag FahrtWeg="1516.7542" FahrtZeit="2023-01-20 09:51:20" Kennung_FahrtZeitms="2023-01-20 09:51:20:000" FahrtspStrecke="11.1111" FahrtspSignal="-1" FahrtspZugsicherung="45.8333" Fahrtkm="49.3855" FahrtHLDruck="5"/>
<FahrtEintrag FahrtWeg="1516.7542" FahrtZeit="2023-01-20 09:51:25" Kennung_FahrtZeitms="2023-01-20 09:51:25:000" FahrtspStrecke="11.1111" FahrtspSignal="-1" FahrtspZugsicherung="45.8333" Fahrtkm="49.3855" FahrtHLDruck="5"/>
<FahrtEintrag FahrtWeg="1516.7542" FahrtZeit="2023-01-20 09:51:30" Kennung_FahrtZeitms="2023-01-20 09:51:30:000" FahrtspStrecke="11.1111" FahrtspSignal="-1" FahrtspZugsicherung="45.8333" Fahrtkm="49.3855" FahrtHLDruck="5"/>
<FahrtEintrag FahrtWeg="1516.7542" FahrtZeit="2023-01-20 09:51:35" Kennung_FahrtZeitms="2023-01-20 09:51:35:000" FahrtspStrecke="11.1111" FahrtspSignal="-1" FahrtspZugsicherung="45.8333" Fahrtkm="49.3855" FahrtHLDruck="5"/>
<FahrtEintrag FahrtWeg="1516.7542" FahrtZeit="2023-01-20 09:51:40" Kennung_FahrtZeitms="2023-01-20 09:51:40:000" FahrtspStrecke="11.1111" FahrtspSignal="-1" FahrtspZugsicherung="45.8333" Fahrtkm="49.3855" FahrtHLDruck="5"/>
<FahrtEintrag FahrtWeg="1516.7542" FahrtZeit="2023-01-20 09:51:45" Kennung_FahrtZeitms="2023-01-20 09:51:45:000" FahrtspStrecke="11.1111" FahrtspSignal="-1" FahrtspZugsicherung="45.8333" Fahrtkm="49.3855" FahrtHLDruck="5"/>
<FahrtEintrag FahrtWeg="1516.7542" FahrtZeit="2023-01-20 09:51:50" Kennung_FahrtZeitms="2023-01-20 09:51:50:000" FahrtspStrecke="11.1111" FahrtspSignal="-1" FahrtspZugsicherung="45.8333" Fahrtkm="49.3855" FahrtHLDruck="5"/>
<FahrtEintrag FahrtWeg="1516.7542" FahrtZeit="2023-01-20 09:51:55" Kennung_FahrtZeitms="2023-01-20 09:51:55:000" FahrtspStrecke="11.1111" FahrtspSignal="-1" FahrtspZugsicherung="45.8333" Fahrtkm="49.3855" FahrtHLDruck="5"/>
<FahrtEintrag FahrtWeg="1516.7542" FahrtZeit="2023-01-20 09:52:00" Kennung_FahrtZeitms="2023-01-20 09:52:00:000" FahrtspStrecke="11.1111" FahrtspSignal="-1" FahrtspZugsicherung="45.8333" Fahrtkm="49.3855" FahrtHLDruck="5"/>
<FahrtEintrag FahrtWeg="1516.7542" FahrtZeit="2023-01-20 09:52:05" Kennung_FahrtZeitms="2023-01-20 09:52:05:000" FahrtspStrecke="11.1111" FahrtspSignal="-1" FahrtspZugsicherung="45.8333" Fahrtkm="49.3855" FahrtHLDruck="5"/>
<FahrtEintrag FahrtWeg="1516.7542" FahrtZeit="2023-01-20 09:52:10" Kennung_FahrtZeitms="2023-01-20 09:52:10:000" FahrtspStrecke="11.1111" FahrtspSignal="-1" FahrtspZugsicherung="45.8333" Fahrtkm="49.3855" FahrtHLDruck="5"/>
<FahrtEintrag FahrtWeg="1516.7542" FahrtZeit="2023-01-20 09:52:15" Kennung_FahrtZeitms="2023-01-20 09:52:15:000" FahrtspStrecke="11.1111" FahrtspSignal="-1" FahrtspZugsicherung="45.8333" Fahrtkm="49.3855" FahrtHLDruck="5"/>
<FahrtEintrag FahrtWeg="1516.7542" FahrtZeit="2023-01-20 09:52:20" Kennung_FahrtZeitms="2023-01-20 09:52:20:000" FahrtspStrecke="11.1111" FahrtspSignal="-1" FahrtspZugsicherung="45.8333" Fahrtkm="49.3855" FahrtHLDruck="5"/>
<FahrtEintrag FahrtWeg="1516.7542" FahrtZeit="2023-01-20 09:52:25" Kennung_FahrtZeitms="2023-01-20 09:52:25:000" FahrtspStrecke="11.1111" FahrtspSignal="-1" FahrtspZugsicherung="45.8333" Fahrtkm="49.3855" FahrtHLDruck="5"/>
<FahrtEintrag FahrtWeg="1516.7542" FahrtZeit="2023-01-20 09:52:30" Kennung_FahrtZeitms="2023-01-20 09:52:30:000" FahrtspStrecke="11.1111" FahrtspSignal="-1" FahrtspZugsicherung="45.8333" Fahrtkm="49.3855" FahrtHLDruck="5"/>
<FahrtEintrag FahrtWeg="1516.7542" FahrtZeit="2023-01-20 09:52:35" Kennung_FahrtZeitms="2023-01-20 09:52:35:000" FahrtspStrecke="11.1111" FahrtspSignal="-1" FahrtspZugsicherung="45.8333" Fahrtkm="49.3855" FahrtHLDruck="5"/>
<FahrtEintrag FahrtWeg="1516.7542" FahrtZeit="2023-01-20 09:52:40" Kennung_FahrtZeitms="2023-01-20 09:52:40:000" FahrtspStrecke="11.1111" FahrtspSignal="-1" FahrtspZugsicherung="45.8333" Fahrtkm="49.3855" FahrtHLDruck="5"/>
<FahrtEintrag FahrtWeg="1516.7542" FahrtZeit="2023-01-20 09:52:45" Kennung_FahrtZeitms="2023-01-20 09:52:45:000" FahrtspStrecke="11.1111" FahrtspSignal="-1" FahrtspZugsicherung="45.8333" Fahrtkm="49.3855" FahrtHLDruck="5"/>
<FahrtEintrag FahrtWeg="1516.7542" FahrtZeit="2023-01-20 09:52:50" Kennung_FahrtZeitms="2023-01-20 09:52:50:000" FahrtspStrecke="11.1111" FahrtspSignal="-1" FahrtspZugsicherung="45.8333" Fahrtkm="49.3855" FahrtHLDruck="5"/>
<FahrtEintrag FahrtWeg="1516.7542" FahrtZeit="2023-01-20 09:52:55" Kennung_FahrtZeitms="2023-01-20 09:52:55:000" FahrtspStrecke="11.1111" FahrtspSignal="-1" FahrtspZugsicherung="45.8333" Fahrtkm="49.3855" FahrtHLDruck="5"/>
<FahrtEintrag FahrtWeg="1516.7542" FahrtZeit="2023-01-20 09:53:00" Kennung_FahrtZeitms="2023-01-20 09:53:00:000" FahrtspStrecke="11.1111" FahrtspSignal="-1" FahrtspZugsicherung="45.8333" Fahrtkm="49.3855" FahrtHLDruck="5"/>
<FahrtEintrag FahrtWeg="1516.7542" FahrtZeit="2023-01-20 09:53:05" Kennung_FahrtZeitms="2023-01-20 09:53:05:000" FahrtspStrecke="11.1111" FahrtspSignal="-1" FahrtspZugsicherung="45.8333" Fahrtkm="49.3855" FahrtHLDruck="5"/>
<FahrtEintrag FahrtWeg="1516.7542" FahrtZeit="2023-01-20 09:53:10" Kennung_FahrtZeitms="2023-01-20 09:53:10:000" FahrtspStrecke="11.1111" FahrtspSignal="-1" FahrtspZugsicherung="45.8333" Fahrtkm="49.3855" FahrtHLDruck="5"/>
<FahrtEintrag FahrtWeg="1516.7542" FahrtZeit="2023-01-20 09:53:15" Kennung_FahrtZeitms="2023-01-20 09:53:15:000" FahrtspStrecke="11.1111" FahrtspSignal="-1" FahrtspZugsicherung="45.8333" Fahrtkm="49.3855" FahrtHLDruck="5"/>
<FahrtEintrag FahrtWeg="1516.7542" FahrtZeit="2023-01-20 09:53:20" Kennung_FahrtZeitms="2023-01-20 09:53:20:000" FahrtspStrecke="11.1111" FahrtspSignal="-1" FahrtspZugsicherung="45.8333" Fahrtkm="49.3855" FahrtHLDruck="5"/>
<FahrtEintrag FahrtWeg="1516.7542" FahrtZeit="2023-01-20 09:53:25" Kennung_FahrtZeitms="2023-01-20 09:53:25:000" FahrtspStrecke="11.1111" FahrtspSignal="-1" FahrtspZugsicherung="45.8333" Fahrtkm="49.3855" FahrtHLDruck="5"/>
<FahrtEintrag FahrtWeg="1516.7542" FahrtZeit="2023-01-20 09:53:30" Kennung_FahrtZeitms="2023-01-20 09:53:30:000" FahrtspStrecke="11.1111" FahrtspSignal="-1" FahrtspZugsicherung="45.8333" Fahrtkm="49.3855" FahrtHLDruck="5"/>
<FahrtEintrag FahrtWeg="1516.7542" FahrtZeit="2023-01-20 09:53:35" Kennung_FahrtZeitms="2023-01-20 09:53:35:000" FahrtspStrecke="11.1111" FahrtspSignal="-1" FahrtspZugsicherung="45.8333" Fahrtkm="49.3855" FahrtHLDruck="5"/>
<FahrtEintrag FahrtWeg="1516.7542" FahrtZeit="2023-01-20 09:53:40" Kennung_FahrtZeitms="2023-01-20 09:53:40:000" FahrtspStrecke="11.1111" FahrtspSignal="-1" FahrtspZugsicherung="45.8333" Fahrtkm="49.3855" FahrtHLDruck="5"/>
<FahrtEintrag FahrtWeg="1516.7542" FahrtZeit="2023-01-20 09:53:45" Kennung_FahrtZeitms="2023-01-20 09:53:45:000" FahrtspStrecke="11.1111" FahrtspSignal="-1" FahrtspZugsicherung="45.8333" Fahrtkm="49.3855" FahrtHLDruck="5"/>
<FahrtEintrag FahrtWeg="1516.7542" FahrtZeit="2023-01-20 09:53:50" Kennung_FahrtZeitms="2023-01-20 09:53:50:000" FahrtspStrecke="11.1111" FahrtspSignal="-1" FahrtspZugsicherung="45.8333" Fahrtkm="49.3855" FahrtHLDruck="5"/>
<FahrtEintrag FahrtWeg="1516.7542" FahrtZeit="2023-01-20 09:53:55" Kennung_FahrtZeitms="2023-01-20 09:53:55:000" FahrtspStrecke="11.1111" FahrtspSignal="-1" FahrtspZugsicherung="45.8333" Fahrtkm="49.3855" FahrtHLDruck="5"/>
<FahrtEintrag FahrtWeg="1516.7542" FahrtZeit="2023-01-20 09:54:00" Kennung_FahrtZeitms="2023-01-20 09:54:00:000" FahrtspStrecke="11.1111" FahrtspSignal="-1" FahrtspZugsicherung="45.8333" Fahrtkm="49.3855" FahrtHLDruck="5"/>
<FahrtEintrag FahrtWeg="1516.7542" FahrtZeit="2023-01-20 09:54:05" Kennung_FahrtZeitms="2023-01-20 09:54:05:000" FahrtspStrecke="11.1111" FahrtspSignal="-1" FahrtspZugsicherung="45.8333" Fahrtkm="49.3855" FahrtHLDruck="5"/>
<FahrtEintrag FahrtWeg="1516.7542" FahrtZeit="2023-01-20 09:54:10" Kennung_FahrtZeitms="2023-01-20 09:54:10:000" FahrtspStrecke="11.1111" FahrtspSignal="-1" FahrtspZugsicherung="45.8333" Fahrtkm="49.3855" FahrtHLDruck="5"/>
<FahrtEintrag FahrtWeg="1516.7542" FahrtZeit="2023-01-20 09:54:16" Kennung_FahrtZeitms="2023-01-20 09:54:16:000" FahrtspStrecke="11.1111" FahrtspSignal="-1" FahrtspZugsicherung="45.8333" Fahrtkm="49.3855" FahrtHLDruck="5"/>
<FahrtEintrag FahrtWeg="1516.7542" FahrtZeit="2023-01-20 09:54:21" Kennung_FahrtZeitms="2023-01-20 09:54:21:000" FahrtspStrecke="11.1111" FahrtspSignal="-1" FahrtspZugsicherung="45.8333" Fahrtkm="49.3855" FahrtHLDruck="5"/>
<FahrtEintrag FahrtWeg="1516.7542" FahrtZeit="2023-01-20 09:54:26" Kennung_FahrtZeitms="2023-01-20 09:54:26:000" FahrtspStrecke="11.1111" FahrtspSignal="-1" FahrtspZugsicherung="45.8333" Fahrtkm="49.3855" FahrtHLDruck="5"/>
<FahrtEintrag FahrtWeg="1516.7542" FahrtZeit="2023-01-20 09:54:31" Kennung_FahrtZeitms="2023-01-20 09:54:31:000" FahrtspStrecke="11.1111" FahrtspSignal="-1" FahrtspZugsicherung="45.8333" Fahrtkm="49.3855" FahrtHLDruck="5"/>
<FahrtEintrag FahrtWeg="1516.7542" FahrtZeit="2023-01-20 09:54:36" Kennung_FahrtZeitms="2023-01-20 09:54:36:000" FahrtspStrecke="11.1111" FahrtspSignal="-1" FahrtspZugsicherung="45.8333" Fahrtkm="49.3855" FahrtHLDruck="5"/>
<FahrtEintrag FahrtWeg="1516.7542" FahrtZeit="2023-01-20 09:54:41" Kennung_FahrtZeitms="2023-01-20 09:54:41:000" FahrtspStrecke="11.1111" FahrtspSignal="-1" FahrtspZugsicherung="45.8333" Fahrtkm="49.3855" FahrtHLDruck="5"/>
<FahrtEintrag FahrtWeg="1516.7542" FahrtZeit="2023-01-20 09:54:46" Kennung_FahrtZeitms="2023-01-20 09:54:46:000" FahrtspStrecke="11.1111" FahrtspSignal="-1" FahrtspZugsicherung="45.8333" Fahrtkm="49.3855" FahrtHLDruck="5"/>
<FahrtEintrag FahrtWeg="1516.7542" FahrtZeit="2023-01-20 09:54:51" Kennung_FahrtZeitms="2023-01-20 09:54:51:000" FahrtspStrecke="11.1111" FahrtspSignal="-1" FahrtspZugsicherung="45.8333" Fahrtkm="49.3855" FahrtHLDruck="5"/>
<FahrtEintrag FahrtWeg="1516.7542" FahrtZeit="2023-01-20 09:54:56" Kennung_FahrtZeitms="2023-01-20 09:54:56:000" FahrtspStrecke="11.1111" FahrtspSignal="-1" FahrtspZugsicherung="45.8333" Fahrtkm="49.3855" FahrtHLDruck="5"/>
<FahrtEintrag FahrtWeg="1516.7542" FahrtZeit="2023-01-20 09:55:01" Kennung_FahrtZeitms="2023-01-20 09:55:01:000" FahrtspStrecke="11.1111" FahrtspSignal="-1" FahrtspZugsicherung="45.8333" Fahrtkm="49.3855" FahrtHLDruck="5"/>
<FahrtEintrag FahrtWeg="1516.7542" FahrtZeit="2023-01-20 09:55:06" Kennung_FahrtZeitms="2023-01-20 09:55:06:000" FahrtspStrecke="11.1111" FahrtspSignal="-1" FahrtspZugsicherung="45.8333" Fahrtkm="49.3855" FahrtHLDruck="5"/>
<FahrtEintrag FahrtWeg="1516.7542" FahrtZeit="2023-01-20 09:55:11" Kennung_FahrtZeitms="2023-01-20 09:55:11:000" FahrtspStrecke="11.1111" FahrtspSignal="-1" FahrtspZugsicherung="45.8333" Fahrtkm="49.3855" FahrtHLDruck="5"/>
<FahrtEintrag FahrtWeg="1516.7542" FahrtZeit="2023-01-20 09:55:16" Kennung_FahrtZeitms="2023-01-20 09:55:16:000" FahrtspStrecke="11.1111" FahrtspSignal="-1" FahrtspZugsicherung="45.8333" Fahrtkm="49.3855" FahrtHLDruck="5"/>
<FahrtEintrag FahrtWeg="1516.7542" FahrtZeit="2023-01-20 09:55:21" Kennung_FahrtZeitms="2023-01-20 09:55:21:000" FahrtspStrecke="11.1111" FahrtspSignal="-1" FahrtspZugsicherung="45.8333" Fahrtkm="49.3855" FahrtHLDruck="5"/>
<FahrtEintrag FahrtWeg="1516.7542" FahrtZeit="2023-01-20 09:55:26" Kennung_FahrtZeitms="2023-01-20 09:55:26:000" FahrtspStrecke="11.1111" FahrtspSignal="-1" FahrtspZugsicherung="45.8333" Fahrtkm="49.3855" FahrtHLDruck="5"/>
<FahrtEintrag FahrtWeg="1516.7542" FahrtZeit="2023-01-20 09:55:31" Kennung_FahrtZeitms="2023-01-20 09:55:31:000" FahrtspStrecke="11.1111" FahrtspSignal="-1" FahrtspZugsicherung="45.8333" Fahrtkm="49.3855" FahrtHLDruck="5"/>
<FahrtEintrag FahrtWeg="1516.7542" FahrtZeit="2023-01-20 09:55:36" Kennung_FahrtZeitms="2023-01-20 09:55:36:000" FahrtspStrecke="11.1111" FahrtspSignal="-1" FahrtspZugsicherung="45.8333" Fahrtkm="49.3855" FahrtHLDruck="5"/>
<FahrtEintrag FahrtWeg="1516.7542" FahrtZeit="2023-01-20 09:55:41" Kennung_FahrtZeitms="2023-01-20 09:55:41:000" FahrtspStrecke="11.1111" FahrtspSignal="-1" FahrtspZugsicherung="45.8333" Fahrtkm="49.3855" FahrtHLDruck="5"/>
<FahrtEintrag FahrtWeg="1516.7542" FahrtZeit="2023-01-20 09:55:46" Kennung_FahrtZeitms="2023-01-20 09:55:46:000" FahrtspStrecke="11.1111" FahrtspSignal="-1" FahrtspZugsicherung="45.8333" Fahrtkm="49.3855" FahrtHLDruck="5"/>
<FahrtEintrag FahrtWeg="1516.7542" FahrtZeit="2023-01-20 09:55:51" Kennung_FahrtZeitms="2023-01-20 09:55:51:000" FahrtspStrecke="11.1111" FahrtspSignal="-1" FahrtspZugsicherung="45.8333" Fahrtkm="49.3855" FahrtHLDruck="5"/>
<FahrtEintrag FahrtWeg="1516.7542" FahrtZeit="2023-01-20 09:55:56" Kennung_FahrtZeitms="2023-01-20 09:55:56:000" FahrtspStrecke="11.1111" FahrtspSignal="-1" FahrtspZugsicherung="45.8333" Fahrtkm="49.3855" FahrtHLDruck="5"/>
<FahrtEintrag FahrtWeg="1516.7542" FahrtZeit="2023-01-20 09:56:01" Kennung_FahrtZeitms="2023-01-20 09:56:01:000" FahrtspStrecke="11.1111" FahrtspSignal="-1" FahrtspZugsicherung="45.8333" Fahrtkm="49.3855" FahrtHLDruck="5"/>
<FahrtEintrag FahrtWeg="1516.7542" FahrtZeit="2023-01-20 09:56:06" Kennung_FahrtZeitms="2023-01-20 09:56:06:000" FahrtspStrecke="11.1111" FahrtspSignal="-1" FahrtspZugsicherung="45.8333" Fahrtkm="49.3855" FahrtHLDruck="5"/>
<FahrtEintrag FahrtWeg="1516.7542" FahrtZeit="2023-01-20 09:56:11" Kennung_FahrtZeitms="2023-01-20 09:56:11:000" FahrtspStrecke="11.1111" FahrtspSignal="-1" FahrtspZugsicherung="45.8333" Fahrtkm="49.3855" FahrtHLDruck="5"/>
<FahrtEintrag FahrtWeg="1516.7542" FahrtZeit="2023-01-20 09:56:16" Kennung_FahrtZeitms="2023-01-20 09:56:16:000" FahrtspStrecke="11.1111" FahrtspSignal="-1" FahrtspZugsicherung="45.8333" Fahrtkm="49.3855" FahrtHLDruck="5"/>
<FahrtEintrag FahrtWeg="1516.7542" FahrtZeit="2023-01-20 09:56:21" Kennung_FahrtZeitms="2023-01-20 09:56:21:000" FahrtspStrecke="11.1111" FahrtspSignal="-1" FahrtspZugsicherung="45.8333" Fahrtkm="49.3855" FahrtHLDruck="5"/>
<FahrtEintrag FahrtWeg="1516.7542" FahrtZeit="2023-01-20 09:56:26" Kennung_FahrtZeitms="2023-01-20 09:56:26:000" FahrtspStrecke="11.1111" FahrtspSignal="-1" FahrtspZugsicherung="45.8333" Fahrtkm="49.3855" FahrtHLDruck="5"/>
<FahrtEintrag FahrtWeg="1516.7542" FahrtZeit="2023-01-20 09:56:31" Kennung_FahrtZeitms="2023-01-20 09:56:31:000" FahrtspStrecke="11.1111" FahrtspSignal="-1" FahrtspZugsicherung="45.8333" Fahrtkm="49.3855" FahrtHLDruck="5"/>
<FahrtEintrag FahrtWeg="1516.7542" FahrtZeit="2023-01-20 09:56:36" Kennung_FahrtZeitms="2023-01-20 09:56:36:000" FahrtspStrecke="11.1111" FahrtspSignal="-1" FahrtspZugsicherung="45.8333" Fahrtkm="49.3855" FahrtHLDruck="5"/>
<FahrtEintrag FahrtWeg="1516.7542" FahrtZeit="2023-01-20 09:56:41" Kennung_FahrtZeitms="2023-01-20 09:56:41:000" FahrtspStrecke="11.1111" FahrtspSignal="-1" FahrtspZugsicherung="45.8333" Fahrtkm="49.3855" FahrtHLDruck="5"/>
<FahrtEintrag FahrtWeg="1516.7542" FahrtZeit="2023-01-20 09:56:46" Kennung_FahrtZeitms="2023-01-20 09:56:46:000" FahrtspStrecke="11.1111" FahrtspSignal="-1" FahrtspZugsicherung="45.8333" Fahrtkm="49.3855" FahrtHLDruck="5"/>
<FahrtEintrag FahrtWeg="1516.7542" FahrtZeit="2023-01-20 09:56:51" Kennung_FahrtZeitms="2023-01-20 09:56:51:000" FahrtspStrecke="11.1111" FahrtspSignal="-1" FahrtspZugsicherung="45.8333" Fahrtkm="49.3855" FahrtHLDruck="5"/>
<FahrtEintrag FahrtWeg="1516.7542" FahrtZeit="2023-01-20 09:56:56" Kennung_FahrtZeitms="2023-01-20 09:56:56:000" FahrtspStrecke="11.1111" FahrtspSignal="-1" FahrtspZugsicherung="45.8333" Fahrtkm="49.3855" FahrtHLDruck="5"/>
<FahrtEintrag FahrtWeg="1516.7542" FahrtZeit="2023-01-20 09:57:01" Kennung_FahrtZeitms="2023-01-20 09:57:01:000" FahrtspStrecke="11.1111" FahrtspSignal="-1" FahrtspZugsicherung="45.8333" Fahrtkm="49.3855" FahrtHLDruck="5"/>
<FahrtEintrag FahrtWeg="1516.7542" FahrtZeit="2023-01-20 09:57:06" Kennung_FahrtZeitms="2023-01-20 09:57:06:000" FahrtspStrecke="11.1111" FahrtspSignal="-1" FahrtspZugsicherung="45.8333" Fahrtkm="49.3855" FahrtHLDruck="5"/>
<FahrtEintrag FahrtWeg="1516.7542" FahrtZeit="2023-01-20 09:57:11" Kennung_FahrtZeitms="2023-01-20 09:57:11:000" FahrtspStrecke="11.1111" FahrtspSignal="-1" FahrtspZugsicherung="45.8333" Fahrtkm="49.3855" FahrtHLDruck="5"/>
<FahrtEintrag FahrtWeg="1516.7542" FahrtZeit="2023-01-20 09:57:16" Kennung_FahrtZeitms="2023-01-20 09:57:16:000" FahrtspStrecke="11.1111" FahrtspSignal="-1" FahrtspZugsicherung="45.8333" Fahrtkm="49.3855" FahrtHLDruck="5"/>
<FahrtEintrag FahrtWeg="1516.7542" FahrtZeit="2023-01-20 09:57:21" Kennung_FahrtZeitms="2023-01-20 09:57:21:000" FahrtspStrecke="11.1111" FahrtspSignal="-1" FahrtspZugsicherung="45.8333" Fahrtkm="49.3855" FahrtHLDruck="5"/>
<FahrtEintrag FahrtWeg="1516.7542" FahrtZeit="2023-01-20 09:57:26" Kennung_FahrtZeitms="2023-01-20 09:57:26:000" FahrtspStrecke="11.1111" FahrtspSignal="-1" FahrtspZugsicherung="45.8333" Fahrtkm="49.3855" FahrtHLDruck="5"/>
<FahrtEintrag FahrtWeg="1516.7542" FahrtZeit="2023-01-20 09:57:31" Kennung_FahrtZeitms="2023-01-20 09:57:31:000" FahrtspStrecke="11.1111" FahrtspSignal="-1" FahrtspZugsicherung="45.8333" Fahrtkm="49.3855" FahrtHLDruck="5"/>
<FahrtEintrag FahrtWeg="1516.7542" FahrtZeit="2023-01-20 09:57:36" Kennung_FahrtZeitms="2023-01-20 09:57:36:000" FahrtspStrecke="11.1111" FahrtspSignal="-1" FahrtspZugsicherung="45.8333" Fahrtkm="49.3855" FahrtHLDruck="5"/>
<FahrtEintrag FahrtWeg="1516.7542" FahrtZeit="2023-01-20 09:57:41" Kennung_FahrtZeitms="2023-01-20 09:57:41:000" FahrtspStrecke="11.1111" FahrtspSignal="-1" FahrtspZugsicherung="45.8333" Fahrtkm="49.3855" FahrtHLDruck="5"/>
<FahrtEintrag FahrtWeg="1516.7542" FahrtZeit="2023-01-20 09:57:46" Kennung_FahrtZeitms="2023-01-20 09:57:46:000" FahrtspStrecke="11.1111" FahrtspSignal="-1" FahrtspZugsicherung="45.8333" Fahrtkm="49.3855" FahrtHLDruck="5"/>
<FahrtEintrag FahrtWeg="1516.7542" FahrtZeit="2023-01-20 09:57:51" Kennung_FahrtZeitms="2023-01-20 09:57:51:000" FahrtspStrecke="11.1111" FahrtspSignal="-1" FahrtspZugsicherung="45.8333" Fahrtkm="49.3855" FahrtHLDruck="5"/>
<FahrtEintrag FahrtWeg="1516.7542" FahrtZeit="2023-01-20 09:57:56" Kennung_FahrtZeitms="2023-01-20 09:57:56:000" FahrtspStrecke="11.1111" FahrtspSignal="-1" FahrtspZugsicherung="45.8333" Fahrtkm="49.3855" FahrtHLDruck="5"/>
<FahrtEintrag FahrtWeg="1516.7542" FahrtZeit="2023-01-20 09:58:01" Kennung_FahrtZeitms="2023-01-20 09:58:01:000" FahrtspStrecke="11.1111" FahrtspSignal="-1" FahrtspZugsicherung="45.8333" Fahrtkm="49.3855" FahrtHLDruck="5"/>
<FahrtEintrag FahrtWeg="1516.7542" FahrtZeit="2023-01-20 09:58:06" Kennung_FahrtZeitms="2023-01-20 09:58:06:000" FahrtspStrecke="11.1111" FahrtspSignal="-1" FahrtspZugsicherung="45.8333" Fahrtkm="49.3855" FahrtHLDruck="5"/>
<FahrtEintrag FahrtWeg="1516.7542" FahrtZeit="2023-01-20 09:58:11" Kennung_FahrtZeitms="2023-01-20 09:58:11:000" FahrtspStrecke="11.1111" FahrtspSignal="-1" FahrtspZugsicherung="45.8333" Fahrtkm="49.3855" FahrtHLDruck="5"/>
<FahrtEintrag FahrtWeg="1516.7542" FahrtZeit="2023-01-20 09:58:16" Kennung_FahrtZeitms="2023-01-20 09:58:16:000" FahrtspStrecke="11.1111" FahrtspSignal="-1" FahrtspZugsicherung="45.8333" Fahrtkm="49.3855" FahrtHLDruck="5"/>
<FahrtEintrag FahrtWeg="1516.7542" FahrtZeit="2023-01-20 09:58:21" Kennung_FahrtZeitms="2023-01-20 09:58:21:000" FahrtspStrecke="11.1111" FahrtspSignal="-1" FahrtspZugsicherung="45.8333" Fahrtkm="49.3855" FahrtHLDruck="5"/>
<FahrtEintrag FahrtWeg="1516.7542" FahrtZeit="2023-01-20 09:58:26" Kennung_FahrtZeitms="2023-01-20 09:58:26:000" FahrtspStrecke="11.1111" FahrtspSignal="-1" FahrtspZugsicherung="45.8333" Fahrtkm="49.3855" FahrtHLDruck="5"/>
<FahrtEintrag FahrtWeg="1516.7542" FahrtZeit="2023-01-20 09:58:31" Kennung_FahrtZeitms="2023-01-20 09:58:31:000" FahrtspStrecke="11.1111" FahrtspSignal="-1" FahrtspZugsicherung="45.8333" Fahrtkm="49.3855" FahrtHLDruck="5"/>
<FahrtEintrag FahrtWeg="1516.7542" FahrtZeit="2023-01-20 09:58:36" Kennung_FahrtZeitms="2023-01-20 09:58:36:000" FahrtspStrecke="11.1111" FahrtspSignal="-1" FahrtspZugsicherung="45.8333" Fahrtkm="49.3855" FahrtHLDruck="5"/>
<FahrtEintrag FahrtWeg="1516.7542" FahrtZeit="2023-01-20 09:58:41" Kennung_FahrtZeitms="2023-01-20 09:58:41:000" FahrtspStrecke="11.1111" FahrtspSignal="-1" FahrtspZugsicherung="45.8333" Fahrtkm="49.3855" FahrtHLDruck="5"/>
<FahrtEintrag FahrtWeg="1516.7542" FahrtZeit="2023-01-20 09:58:46" Kennung_FahrtZeitms="2023-01-20 09:58:46:000" FahrtspStrecke="11.1111" FahrtspSignal="-1" FahrtspZugsicherung="45.8333" Fahrtkm="49.3855" FahrtHLDruck="5"/>
<FahrtEintrag FahrtWeg="1516.7542" FahrtZeit="2023-01-20 09:58:51" Kennung_FahrtZeitms="2023-01-20 09:58:51:000" FahrtspStrecke="11.1111" FahrtspSignal="-1" FahrtspZugsicherung="45.8333" Fahrtkm="49.3855" FahrtHLDruck="5"/>
<FahrtEintrag FahrtWeg="1516.7542" FahrtZeit="2023-01-20 09:58:56" Kennung_FahrtZeitms="2023-01-20 09:58:56:000" FahrtspStrecke="11.1111" FahrtspSignal="-1" FahrtspZugsicherung="45.8333" Fahrtkm="49.3855" FahrtHLDruck="5"/>
<FahrtEintrag FahrtWeg="1516.7542" FahrtZeit="2023-01-20 09:59:01" Kennung_FahrtZeitms="2023-01-20 09:59:01:000" FahrtspStrecke="11.1111" FahrtspSignal="-1" FahrtspZugsicherung="45.8333" Fahrtkm="49.3855" FahrtHLDruck="5"/>
<FahrtEintrag FahrtWeg="1516.7542" FahrtZeit="2023-01-20 09:59:06" Kennung_FahrtZeitms="2023-01-20 09:59:06:000" FahrtspStrecke="11.1111" FahrtspSignal="-1" FahrtspZugsicherung="45.8333" Fahrtkm="49.3855" FahrtHLDruck="5"/>
<FahrtEintrag FahrtWeg="1516.7542" FahrtZeit="2023-01-20 09:59:11" Kennung_FahrtZeitms="2023-01-20 09:59:11:000" FahrtspStrecke="11.1111" FahrtspSignal="-1" FahrtspZugsicherung="45.8333" Fahrtkm="49.3855" FahrtHLDruck="5"/>
<FahrtEintrag FahrtWeg="1516.7542" FahrtZeit="2023-01-20 09:59:16" Kennung_FahrtZeitms="2023-01-20 09:59:16:000" FahrtspStrecke="11.1111" FahrtspSignal="-1" FahrtspZugsicherung="45.8333" Fahrtkm="49.3855" FahrtHLDruck="5"/>
<FahrtEintrag FahrtTyp="1" FahrtWeg="1516.9761" FahrtZeit="2023-01-20 09:59:20" Kennung_FahrtZeitms="2023-01-20 09:59:20:000" FahrtspStrecke="11.1111" FahrtspSignal="-1" FahrtspZugsicherung="45.8333" Fahrtkm="49.3799" FahrtHLDruck="5" FahrtFBSchalter="23"/>
<FahrtEintrag FahrtTyp="1" FahrtWeg="1517.059" FahrtZeit="2023-01-20 09:59:22" Kennung_FahrtZeitms="2023-01-20 09:59:22:000" FahrtspStrecke="11.1111" FahrtspSignal="-1" FahrtspZugsicherung="45.8333" Fahrtkm="49.3799" FahrtHLDruck="5"/>
<FahrtEintrag FahrtWeg="1517.059" FahrtZeit="2023-01-20 09:59:27" Kennung_FahrtZeitms="2023-01-20 09:59:27:000" FahrtspStrecke="11.1111" FahrtspSignal="-1" FahrtspZugsicherung="45.8333" Fahrtkm="49.3799" FahrtHLDruck="4.8882"/>
<FahrtEintrag FahrtWeg="1517.059" FahrtZeit="2023-01-20 09:59:32" Kennung_FahrtZeitms="2023-01-20 09:59:32:000" FahrtspStrecke="11.1111" FahrtspSignal="-1" FahrtspZugsicherung="45.8333" Fahrtkm="49.3799" FahrtHLDruck="5.0001"/>
<FahrtEintrag FahrtWeg="1517.8722" FahrtZeit="2023-01-20 09:59:37" Kennung_FahrtZeitms="2023-01-20 09:59:37:000" Fahrtsp="0.8066" FahrtspStrecke="11.1111" FahrtspSignal="-1" FahrtspZugsicherung="45.8333" Fahrtkm="49.3799" FahrtHLDruck="5.0001" FahrtFBSchalter="15"/>
<FahrtEintrag FahrtWeg="1527.2028" FahrtZeit="2023-01-20 09:59:42" Kennung_FahrtZeitms="2023-01-20 09:59:42:000" Fahrtsp="2.9568" FahrtspStrecke="11.1111" FahrtspSignal="-1" FahrtspZugsicherung="12.5" Fahrtkm="49.393" FahrtHLDruck="5.0001" FahrtFBSchalter="14"/>
<FahrtEintrag FahrtTyp="8" FahrtWeg="-1" FahrtZeit="2023-01-20 09:59:46" Kennung_FahrtZeitms="2023-01-20 09:59:46:000" Fahrtsp="-1" FahrtspStrecke="-1" FahrtspSignal="-1" FahrtspZugsicherung="-1" FahrtHLDruck="-1" FahrtParameter="9" FahrtFBSchalter="-10000"/>
<FahrtEintrag FahrtWeg="1539.4467" FahrtZeit="2023-01-20 09:59:46" Kennung_FahrtZeitms="2023-01-20 09:59:46:000" Fahrtsp="4.1636" FahrtspStrecke="11.1111" FahrtspSignal="-1" FahrtspZugsicherung="12.5" Fahrtkm="49.406" FahrtHLDruck="5.0001" FahrtFBSchalter="12"/>
<FahrtEintrag FahrtTyp="5" FahrtWeg="1549.9399" FahrtZeit="2023-01-20 09:59:48" Kennung_FahrtZeitms="2023-01-20 09:59:48:000" Fahrtsp="4.9495" FahrtspStrecke="11.1111" FahrtspSignal="11.1111" FahrtspZugsicherung="12.5" FahrtText="Allenbach N1" Fahrtkm="49.4061" FahrtHLDruck="5.0001" FahrtFBSchalter="12"/>
<FahrtEintrag FahrtTyp="6" FahrtWeg="1549.9399" FahrtZeit="2023-01-20 09:59:48" Kennung_FahrtZeitms="2023-01-20 09:59:48:000" Fahrtsp="4.9495" FahrtspStrecke="11.1111" FahrtspSignal="11.1111" FahrtspZugsicherung="12.5" Fahrtkm="49.4061" FahrtHLDruck="5.0001" FahrtFBSchalter="12"/>
<FahrtEintrag FahrtTyp="8" FahrtWeg="-1" FahrtZeit="2023-01-20 09:59:49" Kennung_FahrtZeitms="2023-01-20 09:59:49:000" Fahrtsp="-1" FahrtspStrecke="-1" FahrtspSignal="-1" FahrtspZugsicherung="-1" FahrtHLDruck="-1" FahrtParameter="1" FahrtFBSchalter="-10000"/>
<FahrtEintrag FahrtWeg="1555.9685" FahrtZeit="2023-01-20 09:59:49" Kennung_FahrtZeitms="2023-01-20 09:59:49:000" Fahrtsp="5.3257" FahrtspStrecke="11.1111" FahrtspSignal="11.1111" FahrtspZugsicherung="12.5" Fahrtkm="49.419" FahrtHLDruck="5.0001" FahrtFBSchalter="12"/>
<FahrtEintrag FahrtWeg="1580.9878" FahrtZeit="2023-01-20 09:59:53" Kennung_FahrtZeitms="2023-01-20 09:59:53:000" Fahrtsp="6.6651" FahrtspStrecke="11.1111" FahrtspSignal="11.1111" FahrtspZugsicherung="12.5" Fahrtkm="49.4422" FahrtHLDruck="5.0001" FahrtFBSchalter="12"/>
<FahrtEintrag FahrtWeg="1606.0681" FahrtZeit="2023-01-20 09:59:57" Kennung_FahrtZeitms="2023-01-20 09:59:57:000" Fahrtsp="7.595" FahrtspStrecke="11.1111" FahrtspSignal="11.1111" FahrtspZugsicherung="12.5" Fahrtkm="49.4682" FahrtHLDruck="5.0001" FahrtFBSchalter="6"/>
<FahrtEintrag FahrtWeg="1631.1205" FahrtZeit="2023-01-20 10:00:00" Kennung_FahrtZeitms="2023-01-20 10:00:00:000" Fahrtsp="8.0443" FahrtspStrecke="11.1111" FahrtspSignal="11.1111" FahrtspZugsicherung="12.5" Fahrtkm="49.4682" FahrtHLDruck="5.0001" FahrtFBSchalter="6"/>
<FahrtEintrag FahrtWeg="1656.1349" FahrtZeit="2023-01-20 10:00:03" Kennung_FahrtZeitms="2023-01-20 10:00:03:000" Fahrtsp="8.4608" FahrtspStrecke="11.1111" FahrtspSignal="11.1111" FahrtspZugsicherung="12.5" Fahrtkm="49.5243" FahrtHLDruck="5.0001" FahrtFBSchalter="6"/>
<FahrtEintrag FahrtWeg="1686.2076" FahrtZeit="2023-01-20 10:00:07" Kennung_FahrtZeitms="2023-01-20 10:00:07:000" Fahrtsp="8.8437" FahrtspStrecke="11.1111" FahrtspSignal="11.1111" FahrtspZugsicherung="12.5" Fahrtkm="49.5528" FahrtHLDruck="5" FahrtFBSchalter="6"/>
<FahrtEintrag FahrtWeg="1706.4385" FahrtZeit="2023-01-20 10:00:09" Kennung_FahrtZeitms="2023-01-20 10:00:09:000" Fahrtsp="9.1953" FahrtspStrecke="11.1111" FahrtspSignal="11.1111" FahrtspZugsicherung="12.5" Fahrtkm="49.565" FahrtHLDruck="5" FahrtFBSchalter="6"/>
<FahrtEintrag FahrtWeg="1731.7603" FahrtZeit="2023-01-20 10:00:11" Kennung_FahrtZeitms="2023-01-20 10:00:11:000" Fahrtsp="9.5209" FahrtspStrecke="11.1111" FahrtspSignal="11.1111" FahrtspZugsicherung="12.5" Fahrtkm="49.5924" FahrtHLDruck="5"/>
<FahrtEintrag FahrtTyp="8" FahrtWeg="-1" FahrtZeit="2023-01-20 10:00:12" Kennung_FahrtZeitms="2023-01-20 10:00:12:000" Fahrtsp="-1" FahrtspStrecke="-1" FahrtspSignal="-1" FahrtspZugsicherung="-1" FahrtHLDruck="-1" FahrtParameter="48" FahrtFBSchalter="-10000"/>
<FahrtEintrag FahrtWeg="1734.6556" FahrtZeit="2023-01-20 10:00:12" Kennung_FahrtZeitms="2023-01-20 10:00:12:000" Fahrtsp="9.5066" FahrtspStrecke="11.1111" FahrtspSignal="11.1111" FahrtspZugsicherung="12.5" Fahrtkm="49.6015" FahrtHLDruck="5"/>
<FahrtEintrag FahrtTyp="8" FahrtWeg="-1" FahrtZeit="2023-01-20 10:00:13" Kennung_FahrtZeitms="2023-01-20 10:00:13:000" Fahrtsp="-1" FahrtspStrecke="-1" FahrtspSignal="-1" FahrtspZugsicherung="-1" FahrtHLDruck="-1" FahrtParameter="16" FahrtFBSchalter="-10000"/>
<FahrtEintrag FahrtWeg="1744.0604" FahrtZeit="2023-01-20 10:00:13" Kennung_FahrtZeitms="2023-01-20 10:00:13:000" Fahrtsp="9.4909" FahrtspStrecke="11.1111" FahrtspSignal="11.1111" FahrtspZugsicherung="12.5" Fahrtkm="49.6015" FahrtHLDruck="5"/>
<FahrtEintrag FahrtWeg="1769.323" FahrtZeit="2023-01-20 10:00:15" Kennung_FahrtZeitms="2023-01-20 10:00:15:000" Fahrtsp="9.4299" FahrtspStrecke="11.1111" FahrtspSignal="11.1111" FahrtspZugsicherung="12.5" Fahrtkm="49.6015" FahrtHLDruck="5"/>
<FahrtEintrag FahrtWeg="1794.353" FahrtZeit="2023-01-20 10:00:18" Kennung_FahrtZeitms="2023-01-20 10:00:18:000" Fahrtsp="9.3693" FahrtspStrecke="11.1111" FahrtspSignal="11.1111" FahrtspZugsicherung="12.5" Fahrtkm="49.6525" FahrtHLDruck="5"/>
<FahrtEintrag FahrtWeg="1819.6377" FahrtZeit="2023-01-20 10:00:21" Kennung_FahrtZeitms="2023-01-20 10:00:21:000" Fahrtsp="9.3078" FahrtspStrecke="11.1111" FahrtspSignal="11.1111" FahrtspZugsicherung="12.5" Fahrtkm="49.6525" FahrtHLDruck="5"/>
<FahrtEintrag FahrtWeg="1844.6875" FahrtZeit="2023-01-20 10:00:24" Kennung_FahrtZeitms="2023-01-20 10:00:24:000" Fahrtsp="9.2475" FahrtspStrecke="11.1111" FahrtspSignal="11.1111" FahrtspZugsicherung="12.5" Fahrtkm="49.7151" FahrtHLDruck="5" FahrtFBSchalter="4"/>
<FahrtEintrag FahrtWeg="1869.7312" FahrtZeit="2023-01-20 10:00:26" Kennung_FahrtZeitms="2023-01-20 10:00:26:000" Fahrtsp="9.5211" FahrtspStrecke="11.1111" FahrtspSignal="11.1111" FahrtspZugsicherung="12.5" Fahrtkm="49.7413" FahrtHLDruck="5" FahrtFBSchalter="5"/>
<FahrtEintrag FahrtWeg="1894.9232" FahrtZeit="2023-01-20 10:00:29" Kennung_FahrtZeitms="2023-01-20 10:00:29:000" Fahrtsp="9.8098" FahrtspStrecke="11.1111" FahrtspSignal="11.1111" FahrtspZugsicherung="12.5" Fahrtkm="49.7649" FahrtHLDruck="5" FahrtFBSchalter="4"/>
<FahrtEintrag FahrtWeg="1920.1757" FahrtZeit="2023-01-20 10:00:31" Kennung_FahrtZeitms="2023-01-20 10:00:31:000" Fahrtsp="9.9037" FahrtspStrecke="11.1111" FahrtspSignal="11.1111" FahrtspZugsicherung="12.5" Fahrtkm="49.7903" FahrtHLDruck="5" FahrtFBSchalter="2"/>
<FahrtEintrag FahrtWeg="1945.2118" FahrtZeit="2023-01-20 10:00:34" Kennung_FahrtZeitms="2023-01-20 10:00:34:000" Fahrtsp="9.95" FahrtspStrecke="11.1111" FahrtspSignal="11.1111" FahrtspZugsicherung="12.5" Fahrtkm="49.8157" FahrtHLDruck="5" FahrtFBSchalter="1"/>
<FahrtEintrag FahrtWeg="1970.3158" FahrtZeit="2023-01-20 10:00:36" Kennung_FahrtZeitms="2023-01-20 10:00:36:000" Fahrtsp="9.978" FahrtspStrecke="11.1111" FahrtspSignal="11.1111" FahrtspZugsicherung="12.5" Fahrtkm="49.8392" FahrtHLDruck="5" FahrtFBSchalter="1"/>
<FahrtEintrag FahrtWeg="1995.6826" FahrtZeit="2023-01-20 10:00:39" Kennung_FahrtZeitms="2023-01-20 10:00:39:000" Fahrtsp="10.006" FahrtspStrecke="11.1111" FahrtspSignal="11.1111" FahrtspZugsicherung="12.5" Fahrtkm="49.8677" FahrtHLDruck="5" FahrtFBSchalter="1"/>
<FahrtEintrag FahrtTyp="5" FahrtWeg="-1" FahrtZeit="2023-01-20 10:00:41" Kennung_FahrtZeitms="2023-01-20 10:00:41:000" Fahrtsp="-1" FahrtspStrecke="-1" FahrtspSignal="-1" FahrtspZugsicherung="-1" FahrtText="Zugende passiert Ende Weichenbereich" FahrtHLDruck="-1" FahrtParameter="4" FahrtFBSchalter="-10000"/>
<FahrtEintrag FahrtWeg="2015.7443" FahrtZeit="2023-01-20 10:00:41" Kennung_FahrtZeitms="2023-01-20 10:00:41:042" Fahrtsp="10.028" FahrtspStrecke="11.1111" FahrtspSignal="-1" FahrtspZugsicherung="12.5" Fahrtkm="49.8679" FahrtHLDruck="5" FahrtFBSchalter="1"/>
<FahrtEintrag FahrtWeg="2041.0529" FahrtZeit="2023-01-20 10:00:43" Kennung_FahrtZeitms="2023-01-20 10:00:43:521" Fahrtsp="10.0557" FahrtspStrecke="11.1111" FahrtspSignal="-1" FahrtspZugsicherung="12.5" Fahrtkm="49.8679" FahrtHLDruck="5" FahrtFBSchalter="1"/>
<FahrtEintrag FahrtWeg="2066.301" FahrtZeit="2023-01-20 10:00:46" Kennung_FahrtZeitms="2023-01-20 10:00:46:573" Fahrtsp="10.0831" FahrtspStrecke="11.1111" FahrtspSignal="-1" FahrtspZugsicherung="12.5" Fahrtkm="49.8679" FahrtHLDruck="5" FahrtFBSchalter="1"/>
<FahrtEintrag FahrtWeg="2091.6116" FahrtZeit="2023-01-20 10:00:48" Kennung_FahrtZeitms="2023-01-20 10:00:48:614" Fahrtsp="10.1103" FahrtspStrecke="11.1111" FahrtspSignal="-1" FahrtspZugsicherung="45.8333" Fahrtkm="49.8679" FahrtHLDruck="5" FahrtFBSchalter="1"/>
<FahrtEintrag FahrtWeg="2116.8105" FahrtZeit="2023-01-20 10:00:51" Kennung_FahrtZeitms="2023-01-20 10:00:51:605" Fahrtsp="10.1373" FahrtspStrecke="11.1111" FahrtspSignal="-1" FahrtspZugsicherung="45.8333" Fahrtkm="49.9674" FahrtHLDruck="5" FahrtFBSchalter="1"/>
<FahrtEintrag FahrtWeg="2141.958" FahrtZeit="2023-01-20 10:00:53" Kennung_FahrtZeitms="2023-01-20 10:00:53:611" Fahrtsp="10.164" FahrtspStrecke="11.1111" FahrtspSignal="-1" FahrtspZugsicherung="45.8333" Fahrtkm="49.9674" FahrtHLDruck="5" FahrtFBSchalter="1"/>
<FahrtEintrag FahrtWeg="2167.2075" FahrtZeit="2023-01-20 10:00:56" Kennung_FahrtZeitms="2023-01-20 10:00:56:612" Fahrtsp="10.1907" FahrtspStrecke="11.1111" FahrtspSignal="-1" FahrtspZugsicherung="45.8333" Fahrtkm="49.9674" FahrtHLDruck="5" FahrtFBSchalter="1"/>
<FahrtEintrag FahrtWeg="2192.488" FahrtZeit="2023-01-20 10:00:58" Kennung_FahrtZeitms="2023-01-20 10:00:58:621" Fahrtsp="10.2172" FahrtspStrecke="11.1111" FahrtspSignal="-1" FahrtspZugsicherung="45.8333" Fahrtkm="50.0544" FahrtHLDruck="5" FahrtFBSchalter="1"/>
<FahrtEintrag FahrtWeg="2217.6426" FahrtZeit="2023-01-20 10:01:01" Kennung_FahrtZeitms="2023-01-20 10:01:01:603" Fahrtsp="10.2433" FahrtspStrecke="11.1111" FahrtspSignal="-1" FahrtspZugsicherung="45.8333" Fahrtkm="50.067" FahrtHLDruck="5" FahrtFBSchalter="1"/>
<FahrtEintrag FahrtWeg="2242.814" FahrtZeit="2023-01-20 10:01:03" Kennung_FahrtZeitms="2023-01-20 10:01:03:581" Fahrtsp="10.2693" FahrtspStrecke="11.1111" FahrtspSignal="-1" FahrtspZugsicherung="45.8333" Fahrtkm="50.067" FahrtHLDruck="5" FahrtFBSchalter="1"/>
<FahrtEintrag FahrtWeg="2268.1582" FahrtZeit="2023-01-20 10:01:06" Kennung_FahrtZeitms="2023-01-20 10:01:06:572" Fahrtsp="10.2954" FahrtspStrecke="11.1111" FahrtspSignal="-1" FahrtspZugsicherung="45.8333" Fahrtkm="50.0669" FahrtHLDruck="5" FahrtFBSchalter="1"/>
<FahrtEintrag FahrtWeg="2293.3416" FahrtZeit="2023-01-20 10:01:08" Kennung_FahrtZeitms="2023-01-20 10:01:08:575" Fahrtsp="10.3211" FahrtspStrecke="11.1111" FahrtspSignal="-1" FahrtspZugsicherung="45.8333" Fahrtkm="50.0669" FahrtHLDruck="5" FahrtFBSchalter="1"/>
<FahrtEintrag FahrtWeg="2318.6365" FahrtZeit="2023-01-20 10:01:11" Kennung_FahrtZeitms="2023-01-20 10:01:11:581" Fahrtsp="10.3467" FahrtspStrecke="11.1111" FahrtspSignal="-1" FahrtspZugsicherung="45.8333" Fahrtkm="50.1665" FahrtHLDruck="5" FahrtFBSchalter="1"/>
<FahrtEintrag FahrtTyp="8" FahrtWeg="-1" FahrtZeit="2023-01-20 10:01:13" Kennung_FahrtZeitms="2023-01-20 10:01:13:102" Fahrtsp="-1" FahrtspStrecke="-1" FahrtspSignal="-1" FahrtspZugsicherung="-1" FahrtHLDruck="-1" FahrtParameter="48" FahrtFBSchalter="-10000"/>
<FahrtEintrag FahrtWeg="2343.282" FahrtZeit="2023-01-20 10:01:13" Kennung_FahrtZeitms="2023-01-20 10:01:13:255" Fahrtsp="10.3715" FahrtspStrecke="11.1111" FahrtspSignal="-1" FahrtspZugsicherung="45.8333" Fahrtkm="50.1665" FahrtHLDruck="5" FahrtFBSchalter="1"/>
<FahrtEintrag FahrtTyp="8" FahrtWeg="-1" FahrtZeit="2023-01-20 10:01:13" Kennung_FahrtZeitms="2023-01-20 10:01:13:395" Fahrtsp="-1" FahrtspStrecke="-1" FahrtspSignal="-1" FahrtspZugsicherung="-1" FahrtHLDruck="-1" FahrtParameter="16" FahrtFBSchalter="-10000"/>
<FahrtEintrag FahrtWeg="2346.8975" FahrtZeit="2023-01-20 10:01:13" Kennung_FahrtZeitms="2023-01-20 10:01:13:579" Fahrtsp="10.3751" FahrtspStrecke="11.1111" FahrtspSignal="-1" FahrtspZugsicherung="45.8333" Fahrtkm="50.1665" FahrtHLDruck="5" FahrtFBSchalter="1"/>
<FahrtEintrag FahrtWeg="2372.2041" FahrtZeit="2023-01-20 10:01:16" Kennung_FahrtZeitms="2023-01-20 10:01:16:570" Fahrtsp="10.4004" FahrtspStrecke="11.1111" FahrtspSignal="-1" FahrtspZugsicherung="45.8333" Fahrtkm="50.1665" FahrtHLDruck="5" FahrtFBSchalter="1"/>
<FahrtEintrag FahrtWeg="2397.3433" FahrtZeit="2023-01-20 10:01:18" Kennung_FahrtZeitms="2023-01-20 10:01:18:595" Fahrtsp="10.3844" FahrtspStrecke="11.1111" FahrtspSignal="-1" FahrtspZugsicherung="45.8333" Fahrtkm="50.1704" FahrtHLDruck="5"/>
<FahrtEintrag FahrtWeg="2422.646" FahrtZeit="2023-01-20 10:01:21" Kennung_FahrtZeitms="2023-01-20 10:01:21:563" Fahrtsp="10.3501" FahrtspStrecke="11.1111" FahrtspSignal="-1" FahrtspZugsicherung="45.8333" Fahrtkm="50.1958" FahrtHLDruck="5"/>
<FahrtEintrag FahrtWeg="2447.8169" FahrtZeit="2023-01-20 10:01:23" Kennung_FahrtZeitms="2023-01-20 10:01:23:601" Fahrtsp="10.3159" FahrtspStrecke="11.1111" FahrtspSignal="-1" FahrtspZugsicherung="45.8333" Fahrtkm="50.266" FahrtHLDruck="5"/>
<FahrtEintrag FahrtWeg="2472.8865" FahrtZeit="2023-01-20 10:01:25" Kennung_FahrtZeitms="2023-01-20 10:01:25:457" Fahrtsp="10.5364" FahrtspStrecke="11.1111" FahrtspSignal="-1" FahrtspZugsicherung="45.8333" Fahrtkm="50.266" FahrtHLDruck="5" FahrtFBSchalter="5"/>
<FahrtEintrag FahrtWeg="2498.0217" FahrtZeit="2023-01-20 10:01:28" Kennung_FahrtZeitms="2023-01-20 10:01:28:505" Fahrtsp="10.7877" FahrtspStrecke="11.1111" FahrtspSignal="-1" FahrtspZugsicherung="45.8333" Fahrtkm="50.3655" FahrtHLDruck="5" FahrtFBSchalter="5"/>
<FahrtEintrag FahrtWeg="2523.3284" FahrtZeit="2023-01-20 10:01:30" Kennung_FahrtZeitms="2023-01-20 10:01:30:594" Fahrtsp="11.0316" FahrtspStrecke="11.1111" FahrtspSignal="-1" FahrtspZugsicherung="45.8333" Fahrtkm="50.3655" FahrtHLDruck="5" FahrtFBSchalter="5"/>
<FahrtEintrag FahrtWeg="2548.3911" FahrtZeit="2023-01-20 10:01:32" Kennung_FahrtZeitms="2023-01-20 10:01:32:573" Fahrtsp="11.0776" FahrtspStrecke="11.1111" FahrtspSignal="-1" FahrtspZugsicherung="45.8333" Fahrtkm="50.3655" FahrtHLDruck="5"/>
<FahrtEintrag FahrtWeg="2573.6157" FahrtZeit="2023-01-20 10:01:34" Kennung_FahrtZeitms="2023-01-20 10:01:34:582" Fahrtsp="11.0445" FahrtspStrecke="11.1111" FahrtspSignal="-1" FahrtspZugsicherung="45.8333" Fahrtkm="50.3655" FahrtHLDruck="5"/>
<FahrtEintrag FahrtWeg="2598.6235" FahrtZeit="2023-01-20 10:01:37" Kennung_FahrtZeitms="2023-01-20 10:01:37:605" Fahrtsp="11.0115" FahrtspStrecke="11.1111" FahrtspSignal="-1" FahrtspZugsicherung="45.8333" Fahrtkm="50.4651" FahrtHLDruck="5"/>
<FahrtEintrag FahrtWeg="2623.6899" FahrtZeit="2023-01-20 10:01:39" Kennung_FahrtZeitms="2023-01-20 10:01:39:563" Fahrtsp="10.9784" FahrtspStrecke="11.1111" FahrtspSignal="-1" FahrtspZugsicherung="45.8333" Fahrtkm="50.4651" FahrtHLDruck="5"/>
<FahrtEintrag FahrtWeg="2649.0005" FahrtZeit="2023-01-20 10:01:41" Kennung_FahrtZeitms="2023-01-20 10:01:41:551" Fahrtsp="10.945" FahrtspStrecke="11.1111" FahrtspSignal="-1" FahrtspZugsicherung="45.8333" Fahrtkm="50.4651" FahrtHLDruck="5"/>
<FahrtEintrag FahrtWeg="2674.1096" FahrtZeit="2023-01-20 10:01:44" Kennung_FahrtZeitms="2023-01-20 10:01:44:568" Fahrtsp="10.9118" FahrtspStrecke="11.1111" FahrtspSignal="-1" FahrtspZugsicherung="45.8333" Fahrtkm="50.5393" FahrtHLDruck="5"/>
<FahrtEintrag FahrtWeg="2702.9166" FahrtZeit="2023-01-20 10:01:46" Kennung_FahrtZeitms="2023-01-20 10:01:46:566" Fahrtsp="10.8786" FahrtspStrecke="11.1111" FahrtspSignal="-1" FahrtspZugsicherung="45.8333" Fahrtkm="50.5645" FahrtHLDruck="5"/>
<FahrtEintrag FahrtWeg="2724.2087" FahrtZeit="2023-01-20 10:01:48" Kennung_FahrtZeitms="2023-01-20 10:01:48:613" Fahrtsp="10.8454" FahrtspStrecke="11.1111" FahrtspSignal="-1" FahrtspZugsicherung="45.8333" Fahrtkm="50.5645" FahrtHLDruck="5"/>
<FahrtEintrag FahrtWeg="2749.4805" FahrtZeit="2023-01-20 10:01:51" Kennung_FahrtZeitms="2023-01-20 10:01:51:618" Fahrtsp="10.8119" FahrtspStrecke="11.1111" FahrtspSignal="-1" FahrtspZugsicherung="45.8333" Fahrtkm="50.5645" FahrtHLDruck="5"/>
<FahrtEintrag FahrtWeg="2774.5869" FahrtZeit="2023-01-20 10:01:53" Kennung_FahrtZeitms="2023-01-20 10:01:53:592" Fahrtsp="10.7785" FahrtspStrecke="11.1111" FahrtspSignal="-1" FahrtspZugsicherung="45.8333" Fahrtkm="50.5645" FahrtHLDruck="5"/>
<FahrtEintrag FahrtWeg="2799.8135" FahrtZeit="2023-01-20 10:01:55" Kennung_FahrtZeitms="2023-01-20 10:01:55:580" Fahrtsp="10.6449" FahrtspStrecke="11.1111" FahrtspSignal="-1" FahrtspZugsicherung="45.8333" Fahrtkm="50.6642" FahrtHLDruck="5"/>
<FahrtEintrag FahrtTyp="8" FahrtWeg="-1" FahrtZeit="2023-01-20 10:01:56" Kennung_FahrtZeitms="2023-01-20 10:01:56:451" Fahrtsp="-1" FahrtspStrecke="-1" FahrtspSignal="-1" FahrtspZugsicherung="-1" FahrtHLDruck="-1" FahrtParameter="48" FahrtFBSchalter="-10000"/>
<FahrtEintrag FahrtWeg="2806.3222" FahrtZeit="2023-01-20 10:01:56" Kennung_FahrtZeitms="2023-01-20 10:01:56:501" Fahrtsp="10.5201" FahrtspStrecke="11.1111" FahrtspSignal="-1" FahrtspZugsicherung="45.8333" Fahrtkm="50.6679" FahrtHLDruck="5"/>
<FahrtEintrag FahrtTyp="8" FahrtWeg="-1" FahrtZeit="2023-01-20 10:01:56" Kennung_FahrtZeitms="2023-01-20 10:01:56:555" Fahrtsp="-1" FahrtspStrecke="-1" FahrtspSignal="-1" FahrtspZugsicherung="-1" FahrtHLDruck="-1" FahrtParameter="16" FahrtFBSchalter="-10000"/>
<FahrtEintrag FahrtWeg="2824.9353" FahrtZeit="2023-01-20 10:01:58" Kennung_FahrtZeitms="2023-01-20 10:01:58:237" Fahrtsp="10.5114" FahrtspStrecke="11.1111" FahrtspSignal="-1" FahrtspZugsicherung="45.8333" Fahrtkm="50.6679" FahrtHLDruck="5"/>
<FahrtEintrag FahrtWeg="2849.9575" FahrtZeit="2023-01-20 10:02:00" Kennung_FahrtZeitms="2023-01-20 10:02:00:611" Fahrtsp="10.5078" FahrtspStrecke="11.1111" FahrtspSignal="-1" FahrtspZugsicherung="45.8333" Fahrtkm="50.6679" FahrtHLDruck="5"/>
<FahrtEintrag FahrtWeg="2874.9866" FahrtZeit="2023-01-20 10:02:02" Kennung_FahrtZeitms="2023-01-20 10:02:02:621" Fahrtsp="10.5045" FahrtspStrecke="11.1111" FahrtspSignal="-1" FahrtspZugsicherung="45.8333" Fahrtkm="50.6679" FahrtHLDruck="5"/>
<FahrtEintrag FahrtWeg="2900.2444" FahrtZeit="2023-01-20 10:02:05" Kennung_FahrtZeitms="2023-01-20 10:02:05:598" Fahrtsp="10.5006" FahrtspStrecke="11.1111" FahrtspSignal="-1" FahrtspZugsicherung="45.8333" Fahrtkm="50.7638" FahrtHLDruck="5"/>
<FahrtEintrag FahrtWeg="2925.2449" FahrtZeit="2023-01-20 10:02:07" Kennung_FahrtZeitms="2023-01-20 10:02:07:612" Fahrtsp="10.5001" FahrtspStrecke="11.1111" FahrtspSignal="-1" FahrtspZugsicherung="45.8333" Fahrtkm="50.7638" FahrtHLDruck="5"/>
<FahrtEintrag FahrtWeg="2950.2832" FahrtZeit="2023-01-20 10:02:09" Kennung_FahrtZeitms="2023-01-20 10:02:09:560" Fahrtsp="10.4992" FahrtspStrecke="11.1111" FahrtspSignal="-1" FahrtspZugsicherung="45.8333" Fahrtkm="50.7638" FahrtHLDruck="5"/>
<FahrtEintrag FahrtWeg="2966.5359" FahrtZeit="2023-01-20 10:02:11" Kennung_FahrtZeitms="2023-01-20 10:02:11:103" Fahrtsp="10.4921" FahrtspStrecke="11.1111" FahrtspSignal="-1" FahrtspZugsicherung="45.8333" Fahrtkm="50.7638" FahrtHLDruck="5"/>
<FahrtEintrag FahrtWeg="2969.7712" FahrtZeit="2023-01-20 10:02:11" Kennung_FahrtZeitms="2023-01-20 10:02:11:235" Fahrtsp="10.4884" FahrtspStrecke="11.1111" FahrtspSignal="-1" FahrtspZugsicherung="45.8333" Fahrtkm="50.7638" FahrtHLDruck="5"/>
<FahrtEintrag FahrtWeg="2994.8943" FahrtZeit="2023-01-20 10:02:13" Kennung_FahrtZeitms="2023-01-20 10:02:13:938" Fahrtsp="10.4834" FahrtspStrecke="11.1111" FahrtspSignal="-1" FahrtspZugsicherung="45.8333" Fahrtkm="50.8633" FahrtHLDruck="5"/>
<FahrtEintrag FahrtWeg="3020.2131" FahrtZeit="2023-01-20 10:02:15" Kennung_FahrtZeitms="2023-01-20 10:02:15:112" Fahrtsp="10.4492" FahrtspStrecke="11.1111" FahrtspSignal="-1" FahrtspZugsicherung="45.8333" Fahrtkm="50.8633" FahrtHLDruck="5"/>
<FahrtEintrag FahrtWeg="3045.2144" FahrtZeit="2023-01-20 10:02:18" Kennung_FahrtZeitms="2023-01-20 10:02:18:080" Fahrtsp="10.4155" FahrtspStrecke="11.1111" FahrtspSignal="-1" FahrtspZugsicherung="45.8333" Fahrtkm="50.8633" FahrtHLDruck="5"/>
<FahrtEintrag FahrtWeg="3070.3562" FahrtZeit="2023-01-20 10:02:20" Kennung_FahrtZeitms="2023-01-20 10:02:20:092" Fahrtsp="10.3814" FahrtspStrecke="11.1111" FahrtspSignal="-1" FahrtspZugsicherung="45.8333" Fahrtkm="50.8633" FahrtHLDruck="5"/>
<FahrtEintrag FahrtWeg="3095.4043" FahrtZeit="2023-01-20 10:02:22" Kennung_FahrtZeitms="2023-01-20 10:02:22:023" Fahrtsp="10.3475" FahrtspStrecke="11.1111" FahrtspSignal="-1" FahrtspZugsicherung="45.8333" Fahrtkm="50.9629" FahrtHLDruck="5"/>
<FahrtEintrag FahrtWeg="3120.5579" FahrtZeit="2023-01-20 10:02:25" Kennung_FahrtZeitms="2023-01-20 10:02:25:057" Fahrtsp="10.3133" FahrtspStrecke="11.1111" FahrtspSignal="-1" FahrtspZugsicherung="45.8333" Fahrtkm="50.9629" FahrtHLDruck="5"/>
<FahrtEintrag FahrtWeg="3145.8503" FahrtZeit="2023-01-20 10:02:27" Kennung_FahrtZeitms="2023-01-20 10:02:27:049" Fahrtsp="10.2789" FahrtspStrecke="11.1111" FahrtspSignal="-1" FahrtspZugsicherung="45.8333" Fahrtkm="50.9629" FahrtHLDruck="5"/>
<FahrtEintrag FahrtWeg="3171.0649" FahrtZeit="2023-01-20 10:02:30" Kennung_FahrtZeitms="2023-01-20 10:02:30:060" Fahrtsp="10.2716" FahrtspStrecke="11.1111" FahrtspSignal="-1" FahrtspZugsicherung="45.8333" Fahrtkm="51.0379" FahrtHLDruck="5" FahrtFBSchalter="5"/>
<FahrtEintrag FahrtWeg="3196.0835" FahrtZeit="2023-01-20 10:02:32" Kennung_FahrtZeitms="2023-01-20 10:02:32:075" Fahrtsp="10.5252" FahrtspStrecke="11.1111" FahrtspSignal="-1" FahrtspZugsicherung="45.8333" Fahrtkm="51.0625" FahrtHLDruck="5" FahrtFBSchalter="4"/>
<FahrtEintrag FahrtWeg="3221.2651" FahrtZeit="2023-01-20 10:02:35" Kennung_FahrtZeitms="2023-01-20 10:02:35:079" Fahrtsp="10.4985" FahrtspStrecke="11.1111" FahrtspSignal="-1" FahrtspZugsicherung="45.8333" Fahrtkm="51.0625" FahrtHLDruck="5"/>
<FahrtEintrag FahrtWeg="3246.3809" FahrtZeit="2023-01-20 10:02:37" Kennung_FahrtZeitms="2023-01-20 10:02:37:098" Fahrtsp="10.4646" FahrtspStrecke="11.1111" FahrtspSignal="-1" FahrtspZugsicherung="45.8333" Fahrtkm="51.0625" FahrtHLDruck="5"/>
<FahrtEintrag FahrtWeg="3271.415" FahrtZeit="2023-01-20 10:02:39" Kennung_FahrtZeitms="2023-01-20 10:02:39:080" Fahrtsp="10.4308" FahrtspStrecke="11.1111" FahrtspSignal="-1" FahrtspZugsicherung="45.8333" Fahrtkm="51.1379" FahrtHLDruck="5"/>
<FahrtEintrag FahrtWeg="3296.5784" FahrtZeit="2023-01-20 10:02:42" Kennung_FahrtZeitms="2023-01-20 10:02:42:060" Fahrtsp="10.3968" FahrtspStrecke="11.1111" FahrtspSignal="-1" FahrtspZugsicherung="45.8333" Fahrtkm="51.162" FahrtHLDruck="5"/>
<FahrtEintrag FahrtWeg="3321.865" FahrtZeit="2023-01-20 10:02:44" Kennung_FahrtZeitms="2023-01-20 10:02:44:086" Fahrtsp="10.3625" FahrtspStrecke="11.1111" FahrtspSignal="-1" FahrtspZugsicherung="45.8333" Fahrtkm="51.162" FahrtHLDruck="5"/>
<FahrtEintrag FahrtWeg="3347.0659" FahrtZeit="2023-01-20 10:02:47" Kennung_FahrtZeitms="2023-01-20 10:02:47:091" Fahrtsp="10.3284" FahrtspStrecke="11.1111" FahrtspSignal="-1" FahrtspZugsicherung="45.8333" Fahrtkm="51.2129" FahrtHLDruck="5"/>
<FahrtEintrag FahrtWeg="3372.0679" FahrtZeit="2023-01-20 10:02:49" Kennung_FahrtZeitms="2023-01-20 10:02:49:155" Fahrtsp="10.4118" FahrtspStrecke="11.1111" FahrtspSignal="-1" FahrtspZugsicherung="45.8333" Fahrtkm="51.2129" FahrtHLDruck="5" FahrtFBSchalter="3"/>
<FahrtEintrag FahrtWeg="3397.3225" FahrtZeit="2023-01-20 10:02:51" Kennung_FahrtZeitms="2023-01-20 10:02:51:062" Fahrtsp="10.5537" FahrtspStrecke="11.1111" FahrtspSignal="-1" FahrtspZugsicherung="45.8333" Fahrtkm="51.2617" FahrtHLDruck="5" FahrtFBSchalter="3"/>
<FahrtEintrag FahrtWeg="3422.6003" FahrtZeit="2023-01-20 10:02:54" Kennung_FahrtZeitms="2023-01-20 10:02:54:082" Fahrtsp="10.6927" FahrtspStrecke="11.1111" FahrtspSignal="-1" FahrtspZugsicherung="45.8333" Fahrtkm="51.288" FahrtHLDruck="5" FahrtFBSchalter="3"/>
<FahrtEintrag FahrtWeg="3447.9001" FahrtZeit="2023-01-20 10:02:56" Kennung_FahrtZeitms="2023-01-20 10:02:56:058" Fahrtsp="10.8288" FahrtspStrecke="11.1111" FahrtspSignal="-1" FahrtspZugsicherung="45.8333" Fahrtkm="51.288" FahrtHLDruck="5" FahrtFBSchalter="3"/>
<FahrtEintrag FahrtWeg="3472.9563" FahrtZeit="2023-01-20 10:02:58" Kennung_FahrtZeitms="2023-01-20 10:02:58:078" Fahrtsp="10.9608" FahrtspStrecke="11.1111" FahrtspSignal="-1" FahrtspZugsicherung="45.8333" Fahrtkm="51.288" FahrtHLDruck="5" FahrtFBSchalter="3"/>
<FahrtEintrag FahrtWeg="3500.1633" FahrtZeit="2023-01-20 10:03:02" Kennung_FahrtZeitms="2023-01-20 10:03:02:479" Fahrtsp="11.0837" FahrtspStrecke="11.1111" FahrtspSignal="-1" FahrtspZugsicherung="45.8333" Fahrtkm="51.3612" FahrtHLDruck="5"/>
<FahrtEintrag FahrtWeg="3525.2539" FahrtZeit="2023-01-20 10:03:03" Kennung_FahrtZeitms="2023-01-20 10:03:03:075" Fahrtsp="11.0507" FahrtspStrecke="11.1111" FahrtspSignal="-1" FahrtspZugsicherung="45.8333" Fahrtkm="51.3612" FahrtHLDruck="5"/>
<FahrtEintrag FahrtWeg="3550.6025" FahrtZeit="2023-01-20 10:03:05" Kennung_FahrtZeitms="2023-01-20 10:03:05:095" Fahrtsp="11.0173" FahrtspStrecke="11.1111" FahrtspSignal="-1" FahrtspZugsicherung="45.8333" Fahrtkm="51.3612" FahrtHLDruck="5"/>
<FahrtEintrag FahrtTyp="8" FahrtWeg="-1" FahrtZeit="2023-01-20 10:03:12" Kennung_FahrtZeitms="2023-01-20 10:03:08:085" Fahrtsp="-1" FahrtspStrecke="-1" FahrtspSignal="-1" FahrtspZugsicherung="-1" FahrtHLDruck="-1" FahrtParameter="48" FahrtFBSchalter="-10000"/>
<FahrtEintrag FahrtWeg="3575.8647" FahrtZeit="2023-01-20 10:03:08" Kennung_FahrtZeitms="2023-01-20 10:03:08:469" Fahrtsp="10.9842" FahrtspStrecke="11.1111" FahrtspSignal="-1" FahrtspZugsicherung="45.8333" Fahrtkm="51.3612" FahrtHLDruck="5"/>
<FahrtEintrag FahrtTyp="8" FahrtWeg="-1" FahrtZeit="2023-01-20 10:03:08" Kennung_FahrtZeitms="2023-01-20 10:03:08:869" Fahrtsp="-1" FahrtspStrecke="-1" FahrtspSignal="-1" FahrtspZugsicherung="-1" FahrtHLDruck="-1" FahrtParameter="16" FahrtFBSchalter="-10000"/>
<FahrtEintrag FahrtWeg="3585.9014" FahrtZeit="2023-01-20 10:03:09" Kennung_FahrtZeitms="2023-01-20 10:03:09:384" Fahrtsp="10.9509" FahrtspStrecke="11.1111" FahrtspSignal="-1" FahrtspZugsicherung="45.8333" Fahrtkm="51.4608" FahrtHLDruck="5"/>
<FahrtEintrag FahrtWeg="3609.0125" FahrtZeit="2023-01-20 10:03:11" Kennung_FahrtZeitms="2023-01-20 10:03:11:495" Fahrtsp="10.9376" FahrtspStrecke="11.1111" FahrtspSignal="-1" FahrtspZugsicherung="45.8333" Fahrtkm="51.4608" FahrtHLDruck="5"/>
<FahrtEintrag FahrtWeg="3634.1453" FahrtZeit="2023-01-20 10:03:14" Kennung_FahrtZeitms="2023-01-20 10:03:14:633" Fahrtsp="10.9043" FahrtspStrecke="11.1111" FahrtspSignal="-1" FahrtspZugsicherung="45.8333" Fahrtkm="51.4607" FahrtHLDruck="5"/>
<FahrtEintrag FahrtWeg="3659.3467" FahrtZeit="2023-01-20 10:03:16" Kennung_FahrtZeitms="2023-01-20 10:03:16:585" Fahrtsp="10.871" FahrtspStrecke="11.1111" FahrtspSignal="-1" FahrtspZugsicherung="45.8333" Fahrtkm="51.4608" FahrtHLDruck="5"/>
<FahrtEintrag FahrtWeg="3684.4624" FahrtZeit="2023-01-20 10:03:19" Kennung_FahrtZeitms="2023-01-20 10:03:19:531" Fahrtsp="10.8376" FahrtspStrecke="11.1111" FahrtspSignal="-1" FahrtspZugsicherung="45.8333" Fahrtkm="51.4607" FahrtHLDruck="5"/>
<FahrtEintrag FahrtTyp="5" FahrtWeg="3687.8945" FahrtZeit="2023-01-20 10:03:19" Kennung_FahrtZeitms="2023-01-20 10:03:19:709" Fahrtsp="10.8326" FahrtspStrecke="11.1111" FahrtspSignal="-1" FahrtspZugsicherung="45.8333" FahrtText="LZB-Bk 21/22/121/122 LZB-Bk 21" Fahrtkm="51.4607" FahrtHLDruck="5"/>
<FahrtEintrag FahrtTyp="5" FahrtWeg="-1" FahrtZeit="2023-01-20 10:03:19" Kennung_FahrtZeitms="2023-01-20 10:03:19:709" Fahrtsp="-1" FahrtspStrecke="-1" FahrtspSignal="-1" FahrtspZugsicherung="-1" FahrtText="Zugende passiert Ende Weichenbereich" FahrtHLDruck="-1" FahrtParameter="4" FahrtFBSchalter="-10000"/>
<FahrtEintrag FahrtWeg="3688.2371" FahrtZeit="2023-01-20 10:03:19" Kennung_FahrtZeitms="2023-01-20 10:03:19:872" Fahrtsp="10.8326" FahrtspStrecke="11.1111" FahrtspSignal="-1" FahrtspZugsicherung="45.8333" Fahrtkm="51.5602" FahrtHLDruck="5"/>
<FahrtEintrag FahrtTyp="5" FahrtWeg="-1" FahrtZeit="2023-01-20 10:03:21" Kennung_FahrtZeitms="2023-01-20 10:03:21:052" Fahrtsp="-1" FahrtspStrecke="-1" FahrtspSignal="-1" FahrtspZugsicherung="-1" FahrtText="Zugende passiert Ende Weichenbereich" FahrtHLDruck="-1" FahrtParameter="4" FahrtFBSchalter="-10000"/>
<FahrtEintrag FahrtWeg="3708.1467" FahrtZeit="2023-01-20 10:03:21" Kennung_FahrtZeitms="2023-01-20 10:03:21:293" Fahrtsp="10.8062" FahrtspStrecke="11.1111" FahrtspSignal="-1" FahrtspZugsicherung="45.8333" Fahrtkm="51.5682" FahrtHLDruck="5"/>
<FahrtEintrag FahrtWeg="3733.4333" FahrtZeit="2023-01-20 10:03:23" Kennung_FahrtZeitms="2023-01-20 10:03:23:125" Fahrtsp="10.7726" FahrtspStrecke="11.1111" FahrtspSignal="-1" FahrtspZugsicherung="45.8333" Fahrtkm="51.5682" FahrtHLDruck="5"/>
<FahrtEintrag FahrtWeg="3758.6707" FahrtZeit="2023-01-20 10:03:26" Kennung_FahrtZeitms="2023-01-20 10:03:26:326" Fahrtsp="10.7389" FahrtspStrecke="11.1111" FahrtspSignal="-1" FahrtspZugsicherung="45.8333" Fahrtkm="51.626" FahrtHLDruck="5"/>
<FahrtEintrag FahrtWeg="3783.7158" FahrtZeit="2023-01-20 10:03:28" Kennung_FahrtZeitms="2023-01-20 10:03:28:381" Fahrtsp="10.7055" FahrtspStrecke="11.1111" FahrtspSignal="-1" FahrtspZugsicherung="45.8333" Fahrtkm="51.626" FahrtHLDruck="5"/>
<FahrtEintrag FahrtWeg="3808.9539" FahrtZeit="2023-01-20 10:03:30" Kennung_FahrtZeitms="2023-01-20 10:03:30:482" Fahrtsp="10.6718" FahrtspStrecke="11.1111" FahrtspSignal="-1" FahrtspZugsicherung="45.8333" Fahrtkm="51.6598" FahrtHLDruck="5"/>
<FahrtEintrag FahrtWeg="3834.0073" FahrtZeit="2023-01-20 10:03:33" Kennung_FahrtZeitms="2023-01-20 10:03:33:407" Fahrtsp="10.6705" FahrtspStrecke="11.1111" FahrtspSignal="-1" FahrtspZugsicherung="45.8333" Fahrtkm="51.6598" FahrtHLDruck="5" FahrtFBSchalter="1"/>
<FahrtEintrag FahrtWeg="3859.0662" FahrtZeit="2023-01-20 10:03:35" Kennung_FahrtZeitms="2023-01-20 10:03:35:559" Fahrtsp="10.6937" FahrtspStrecke="11.1111" FahrtspSignal="-1" FahrtspZugsicherung="45.8333" Fahrtkm="51.6598" FahrtHLDruck="5" FahrtFBSchalter="1"/>
<FahrtEintrag FahrtWeg="3884.1353" FahrtZeit="2023-01-20 10:03:37" Kennung_FahrtZeitms="2023-01-20 10:03:37:632" Fahrtsp="10.6995" FahrtspStrecke="11.1111" FahrtspSignal="-1" FahrtspZugsicherung="45.8333" Fahrtkm="51.6598" FahrtHLDruck="5"/>
<FahrtEintrag FahrtWeg="3909.1968" FahrtZeit="2023-01-20 10:03:40" Kennung_FahrtZeitms="2023-01-20 10:03:40:554" Fahrtsp="10.666" FahrtspStrecke="11.1111" FahrtspSignal="-1" FahrtspZugsicherung="45.8333" Fahrtkm="51.7595" FahrtHLDruck="5"/>
<FahrtEintrag FahrtWeg="3934.208" FahrtZeit="2023-01-20 10:03:42" Kennung_FahrtZeitms="2023-01-20 10:03:42:710" Fahrtsp="10.772" FahrtspStrecke="11.1111" FahrtspSignal="-1" FahrtspZugsicherung="45.8333" Fahrtkm="51.7595" FahrtHLDruck="5" FahrtFBSchalter="4"/>
<FahrtEintrag FahrtWeg="3959.5095" FahrtZeit="2023-01-20 10:03:44" Kennung_FahrtZeitms="2023-01-20 10:03:44:667" Fahrtsp="10.9616" FahrtspStrecke="11.1111" FahrtspSignal="-1" FahrtspZugsicherung="45.8333" Fahrtkm="51.7595" FahrtHLDruck="5" FahrtFBSchalter="4"/>
<FahrtEintrag FahrtWeg="3984.8513" FahrtZeit="2023-01-20 10:03:47" Kennung_FahrtZeitms="2023-01-20 10:03:47:650" Fahrtsp="11.0374" FahrtspStrecke="11.1111" FahrtspSignal="-1" FahrtspZugsicherung="45.8333" Fahrtkm="51.7595" FahrtHLDruck="5"/>
<FahrtEintrag FahrtWeg="4010.1846" FahrtZeit="2023-01-20 10:03:49" Kennung_FahrtZeitms="2023-01-20 10:03:49:742" Fahrtsp="11.004" FahrtspStrecke="11.1111" FahrtspSignal="-1" FahrtspZugsicherung="45.8333" Fahrtkm="51.8589" FahrtHLDruck="5"/>
<FahrtEintrag FahrtWeg="4035.1899" FahrtZeit="2023-01-20 10:03:51" Kennung_FahrtZeitms="2023-01-20 10:03:51:634" Fahrtsp="10.9709" FahrtspStrecke="11.1111" FahrtspSignal="-1" FahrtspZugsicherung="45.8333" Fahrtkm="51.8589" FahrtHLDruck="5"/>
<FahrtEintrag FahrtWeg="4060.2964" FahrtZeit="2023-01-20 10:03:53" Kennung_FahrtZeitms="2023-01-20 10:03:53:746" Fahrtsp="10.9377" FahrtspStrecke="11.1111" FahrtspSignal="-1" FahrtspZugsicherung="45.8333" Fahrtkm="51.8589" FahrtHLDruck="5"/>
<FahrtEintrag FahrtWeg="4085.5417" FahrtZeit="2023-01-20 10:03:56" Kennung_FahrtZeitms="2023-01-20 10:03:56:498" Fahrtsp="10.9043" FahrtspStrecke="11.1111" FahrtspSignal="-1" FahrtspZugsicherung="45.8333" Fahrtkm="51.8589" FahrtHLDruck="5"/>
<FahrtEintrag FahrtWeg="4110.6875" FahrtZeit="2023-01-20 10:03:58" Kennung_FahrtZeitms="2023-01-20 10:03:58:631" Fahrtsp="10.871" FahrtspStrecke="11.1111" FahrtspSignal="-1" FahrtspZugsicherung="45.8333" Fahrtkm="51.9585" FahrtHLDruck="5"/>
<FahrtEintrag FahrtWeg="4135.7285" FahrtZeit="2023-01-20 10:04:00" Kennung_FahrtZeitms="2023-01-20 10:04:00:695" Fahrtsp="10.8378" FahrtspStrecke="11.1111" FahrtspSignal="-1" FahrtspZugsicherung="45.8333" Fahrtkm="51.9585" FahrtHLDruck="5"/>
<FahrtEintrag FahrtWeg="4160.9834" FahrtZeit="2023-01-20 10:04:03" Kennung_FahrtZeitms="2023-01-20 10:04:03:629" Fahrtsp="10.8042" FahrtspStrecke="11.1111" FahrtspSignal="-1" FahrtspZugsicherung="45.8333" Fahrtkm="51.9585" FahrtHLDruck="5"/>
<FahrtEintrag FahrtWeg="4186.0693" FahrtZeit="2023-01-20 10:04:05" Kennung_FahrtZeitms="2023-01-20 10:04:05:678" Fahrtsp="10.7709" FahrtspStrecke="11.1111" FahrtspSignal="-1" FahrtspZugsicherung="45.8333" Fahrtkm="52.058" FahrtHLDruck="5"/>
<FahrtEintrag FahrtWeg="4211.1411" FahrtZeit="2023-01-20 10:04:07" Kennung_FahrtZeitms="2023-01-20 10:04:07:673" Fahrtsp="10.7374" FahrtspStrecke="11.1111" FahrtspSignal="-1" FahrtspZugsicherung="45.8333" Fahrtkm="52.0719" FahrtHLDruck="5"/>
<FahrtEintrag FahrtWeg="4236.3799" FahrtZeit="2023-01-20 10:04:10" Kennung_FahrtZeitms="2023-01-20 10:04:10:726" Fahrtsp="10.849" FahrtspStrecke="11.1111" FahrtspSignal="-1" FahrtspZugsicherung="45.8333" Fahrtkm="52.072" FahrtHLDruck="5" FahrtFBSchalter="4"/>
<FahrtEintrag FahrtWeg="4261.6382" FahrtZeit="2023-01-20 10:04:12" Kennung_FahrtZeitms="2023-01-20 10:04:12:779" Fahrtsp="11.0362" FahrtspStrecke="11.1111" FahrtspSignal="-1" FahrtspZugsicherung="45.8333" Fahrtkm="52.072" FahrtHLDruck="5" FahrtFBSchalter="4"/>
<FahrtEintrag FahrtWeg="4286.9829" FahrtZeit="2023-01-20 10:04:14" Kennung_FahrtZeitms="2023-01-20 10:04:14:730" Fahrtsp="11.1318" FahrtspStrecke="11.1111" FahrtspSignal="-1" FahrtspZugsicherung="45.8333" Fahrtkm="52.1577" FahrtHLDruck="5"/>
<FahrtEintrag FahrtWeg="4312.1147" FahrtZeit="2023-01-20 10:04:17" Kennung_FahrtZeitms="2023-01-20 10:04:17:643" Fahrtsp="11.0988" FahrtspStrecke="11.1111" FahrtspSignal="-1" FahrtspZugsicherung="45.8333" Fahrtkm="52.1577" FahrtHLDruck="5"/>
<FahrtEintrag FahrtWeg="4337.4531" FahrtZeit="2023-01-20 10:04:19" Kennung_FahrtZeitms="2023-01-20 10:04:19:773" Fahrtsp="11.0654" FahrtspStrecke="11.1111" FahrtspSignal="-1" FahrtspZugsicherung="45.8333" Fahrtkm="52.1577" FahrtHLDruck="5"/>
<FahrtEintrag FahrtWeg="4362.7651" FahrtZeit="2023-01-20 10:04:21" Kennung_FahrtZeitms="2023-01-20 10:04:21:740" Fahrtsp="11.0321" FahrtspStrecke="11.1111" FahrtspSignal="-1" FahrtspZugsicherung="45.8333" Fahrtkm="52.222" FahrtHLDruck="5"/>
<FahrtEintrag FahrtWeg="4388.145" FahrtZeit="2023-01-20 10:04:24" Kennung_FahrtZeitms="2023-01-20 10:04:24:880" Fahrtsp="10.9987" FahrtspStrecke="11.1111" FahrtspSignal="-1" FahrtspZugsicherung="45.8333" Fahrtkm="52.2572" FahrtHLDruck="5"/>
<FahrtEintrag FahrtWeg="4413.3682" FahrtZeit="2023-01-20 10:04:26" Kennung_FahrtZeitms="2023-01-20 10:04:26:928" Fahrtsp="10.9654" FahrtspStrecke="11.1111" FahrtspSignal="-1" FahrtspZugsicherung="45.8333" Fahrtkm="52.2572" FahrtHLDruck="5"/>
<FahrtEintrag FahrtWeg="4438.4648" FahrtZeit="2023-01-20 10:04:28" Kennung_FahrtZeitms="2023-01-20 10:04:28:932" Fahrtsp="10.9322" FahrtspStrecke="11.1111" FahrtspSignal="-1" FahrtspZugsicherung="45.8333" Fahrtkm="52.2572" FahrtHLDruck="5"/>
<FahrtEintrag FahrtWeg="4463.8208" FahrtZeit="2023-01-20 10:04:31" Kennung_FahrtZeitms="2023-01-20 10:04:31:868" Fahrtsp="10.8883" FahrtspStrecke="11.1111" FahrtspSignal="-1" FahrtspZugsicherung="45.8333" Fahrtkm="52.3355" FahrtHLDruck="5"/>
<FahrtEintrag FahrtWeg="4489.062" FahrtZeit="2023-01-20 10:04:33" Kennung_FahrtZeitms="2023-01-20 10:04:33:868" Fahrtsp="10.6757" FahrtspStrecke="11.1111" FahrtspSignal="-1" FahrtspZugsicherung="45.8333" Fahrtkm="52.3568" FahrtHLDruck="5"/>
<FahrtEintrag FahrtWeg="4514.3047" FahrtZeit="2023-01-20 10:04:35" Kennung_FahrtZeitms="2023-01-20 10:04:35:792" Fahrtsp="10.3569" FahrtspStrecke="11.1111" FahrtspSignal="-1" FahrtspZugsicherung="45.8333" Fahrtkm="52.3568" FahrtHLDruck="5"/>
<FahrtEintrag FahrtWeg="4539.5176" FahrtZeit="2023-01-20 10:04:38" Kennung_FahrtZeitms="2023-01-20 10:04:38:872" Fahrtsp="10.2489" FahrtspStrecke="11.1111" FahrtspSignal="-1" FahrtspZugsicherung="45.8333" Fahrtkm="52.3568" FahrtHLDruck="5" FahrtFBSchalter="8"/>
<FahrtEintrag FahrtWeg="4564.6543" FahrtZeit="2023-01-20 10:04:40" Kennung_FahrtZeitms="2023-01-20 10:04:40:860" Fahrtsp="10.4028" FahrtspStrecke="11.1111" FahrtspSignal="-1" FahrtspZugsicherung="45.8333" Fahrtkm="52.3568" FahrtHLDruck="5" FahrtFBSchalter="8"/>
<FahrtEintrag FahrtWeg="4589.7598" FahrtZeit="2023-01-20 10:04:43" Kennung_FahrtZeitms="2023-01-20 10:04:43:844" Fahrtsp="10.5511" FahrtspStrecke="11.1111" FahrtspSignal="-1" FahrtspZugsicherung="45.8333" Fahrtkm="52.4564" FahrtHLDruck="5" FahrtFBSchalter="8"/>
<FahrtEintrag FahrtWeg="4615.0615" FahrtZeit="2023-01-20 10:04:45" Kennung_FahrtZeitms="2023-01-20 10:04:45:852" Fahrtsp="10.6058" FahrtspStrecke="11.1111" FahrtspSignal="-1" FahrtspZugsicherung="45.8333" Fahrtkm="52.4564" FahrtHLDruck="5" FahrtFBSchalter="5"/>
<FahrtEintrag FahrtWeg="4640.3501" FahrtZeit="2023-01-20 10:04:47" Kennung_FahrtZeitms="2023-01-20 10:04:47:788" Fahrtsp="10.5809" FahrtspStrecke="11.1111" FahrtspSignal="-1" FahrtspZugsicherung="45.8333" Fahrtkm="52.4564" FahrtHLDruck="5" FahrtFBSchalter="6"/>
<FahrtEintrag FahrtWeg="4665.4282" FahrtZeit="2023-01-20 10:04:50" Kennung_FahrtZeitms="2023-01-20 10:04:50:000" Fahrtsp="10.6103" FahrtspStrecke="11.1111" FahrtspSignal="-1" FahrtspZugsicherung="45.8333" Fahrtkm="52.4564" FahrtHLDruck="5" FahrtFBSchalter="6"/>
<FahrtEintrag FahrtWeg="4690.6641" FahrtZeit="2023-01-20 10:04:52" Kennung_FahrtZeitms="2023-01-20 10:04:52:076" Fahrtsp="10.6393" FahrtspStrecke="11.1111" FahrtspSignal="-1" FahrtspZugsicherung="45.8333" Fahrtkm="52.5559" FahrtHLDruck="5" FahrtFBSchalter="6"/>
<FahrtEintrag FahrtWeg="4715.7959" FahrtZeit="2023-01-20 10:04:54" Kennung_FahrtZeitms="2023-01-20 10:04:54:120" Fahrtsp="10.6676" FahrtspStrecke="11.1111" FahrtspSignal="-1" FahrtspZugsicherung="45.8333" Fahrtkm="52.5559" FahrtHLDruck="5" FahrtFBSchalter="6"/>
<FahrtEintrag FahrtWeg="4741.0596" FahrtZeit="2023-01-20 10:04:57" Kennung_FahrtZeitms="2023-01-20 10:04:57:028" Fahrtsp="10.6955" FahrtspStrecke="11.1111" FahrtspSignal="-1" FahrtspZugsicherung="45.8333" Fahrtkm="52.5558" FahrtHLDruck="5" FahrtFBSchalter="6"/>
<FahrtEintrag FahrtWeg="4766.1338" FahrtZeit="2023-01-20 10:04:59" Kennung_FahrtZeitms="2023-01-20 10:04:59:052" Fahrtsp="10.7227" FahrtspStrecke="11.1111" FahrtspSignal="-1" FahrtspZugsicherung="45.8333" Fahrtkm="52.5558" FahrtHLDruck="5" FahrtFBSchalter="6"/>
<FahrtEintrag FahrtWeg="4791.4697" FahrtZeit="2023-01-20 10:05:01" Kennung_FahrtZeitms="2023-01-20 10:05:01:012" Fahrtsp="10.7497" FahrtspStrecke="11.1111" FahrtspSignal="-1" FahrtspZugsicherung="45.8333" Fahrtkm="52.6554" FahrtHLDruck="5" FahrtFBSchalter="6"/>
<FahrtEintrag FahrtWeg="4816.4995" FahrtZeit="2023-01-20 10:05:04" Kennung_FahrtZeitms="2023-01-20 10:05:04:008" Fahrtsp="10.7759" FahrtspStrecke="11.1111" FahrtspSignal="-1" FahrtspZugsicherung="45.8333" Fahrtkm="52.6554" FahrtHLDruck="5" FahrtFBSchalter="6"/>
<FahrtEintrag FahrtWeg="4841.7866" FahrtZeit="2023-01-20 10:05:06" Kennung_FahrtZeitms="2023-01-20 10:05:06:008" Fahrtsp="10.8019" FahrtspStrecke="11.1111" FahrtspSignal="-1" FahrtspZugsicherung="45.8333" Fahrtkm="52.6555" FahrtHLDruck="5" FahrtFBSchalter="6"/>
<FahrtEintrag FahrtWeg="4867.0181" FahrtZeit="2023-01-20 10:05:08" Kennung_FahrtZeitms="2023-01-20 10:05:08:036" Fahrtsp="10.8273" FahrtspStrecke="11.1111" FahrtspSignal="-1" FahrtspZugsicherung="45.8333" Fahrtkm="52.6554" FahrtHLDruck="5" FahrtFBSchalter="6"/>
<FahrtEintrag FahrtWeg="4892.0386" FahrtZeit="2023-01-20 10:05:11" Kennung_FahrtZeitms="2023-01-20 10:05:11:076" Fahrtsp="10.8521" FahrtspStrecke="11.1111" FahrtspSignal="-1" FahrtspZugsicherung="45.8333" Fahrtkm="52.7549" FahrtHLDruck="5" FahrtFBSchalter="6"/>
<FahrtEintrag FahrtWeg="4917.1782" FahrtZeit="2023-01-20 10:05:13" Kennung_FahrtZeitms="2023-01-20 10:05:13:072" Fahrtsp="10.8766" FahrtspStrecke="11.1111" FahrtspSignal="-1" FahrtspZugsicherung="45.8333" Fahrtkm="52.7549" FahrtHLDruck="5" FahrtFBSchalter="6"/>
<FahrtEintrag FahrtWeg="4942.1953" FahrtZeit="2023-01-20 10:05:15" Kennung_FahrtZeitms="2023-01-20 10:05:15:092" Fahrtsp="10.9005" FahrtspStrecke="11.1111" FahrtspSignal="-1" FahrtspZugsicherung="45.8333" Fahrtkm="52.7549" FahrtHLDruck="5" FahrtFBSchalter="6"/>
<FahrtEintrag FahrtWeg="4967.5054" FahrtZeit="2023-01-20 10:05:18" Kennung_FahrtZeitms="2023-01-20 10:05:18:092" Fahrtsp="10.9243" FahrtspStrecke="11.1111" FahrtspSignal="-1" FahrtspZugsicherung="45.8333" Fahrtkm="52.7549" FahrtHLDruck="5" FahrtFBSchalter="6"/>
<FahrtEintrag FahrtWeg="4992.5273" FahrtZeit="2023-01-20 10:05:20" Kennung_FahrtZeitms="2023-01-20 10:05:20:984" Fahrtsp="10.9474" FahrtspStrecke="11.1111" FahrtspSignal="-1" FahrtspZugsicherung="45.8333" Fahrtkm="52.7799" FahrtHLDruck="5" FahrtFBSchalter="6"/>
<FahrtEintrag FahrtWeg="5017.644" FahrtZeit="2023-01-20 10:05:22" Kennung_FahrtZeitms="2023-01-20 10:05:22:948" Fahrtsp="10.9702" FahrtspStrecke="11.1111" FahrtspSignal="-1" FahrtspZugsicherung="45.8333" Fahrtkm="52.7799" FahrtHLDruck="5" FahrtFBSchalter="6"/>
<FahrtEintrag FahrtWeg="5038.9087" FahrtZeit="2023-01-20 10:05:24" Kennung_FahrtZeitms="2023-01-20 10:05:24:526" Fahrtsp="10.9927" FahrtspStrecke="11.1111" FahrtspSignal="-1" FahrtspZugsicherung="45.8333" Fahrtkm="52.8544" FahrtHLDruck="5" FahrtFBSchalter="6"/>
<FahrtEintrag FahrtWeg="5042.9668" FahrtZeit="2023-01-20 10:05:24" Kennung_FahrtZeitms="2023-01-20 10:05:24:896" Fahrtsp="10.9927" FahrtspStrecke="11.1111" FahrtspSignal="-1" FahrtspZugsicherung="45.8333" Fahrtkm="52.8545" FahrtHLDruck="5" FahrtFBSchalter="6"/>
<FahrtEintrag FahrtWeg="5068.0898" FahrtZeit="2023-01-20 10:05:27" Kennung_FahrtZeitms="2023-01-20 10:05:27:044" Fahrtsp="11.0147" FahrtspStrecke="11.1111" FahrtspSignal="-1" FahrtspZugsicherung="45.8333" Fahrtkm="52.8545" FahrtHLDruck="5" FahrtFBSchalter="6"/>
<FahrtEintrag FahrtWeg="5093.168" FahrtZeit="2023-01-20 10:05:29" Kennung_FahrtZeitms="2023-01-20 10:05:29:008" Fahrtsp="11.0363" FahrtspStrecke="11.1111" FahrtspSignal="-1" FahrtspZugsicherung="45.8333" Fahrtkm="52.9541" FahrtHLDruck="5" FahrtFBSchalter="6"/>
<FahrtEintrag FahrtWeg="5103.8213" FahrtZeit="2023-01-20 10:05:30" Kennung_FahrtZeitms="2023-01-20 10:05:30:760" Fahrtsp="11.0453" FahrtspStrecke="11.1111" FahrtspSignal="-1" FahrtspZugsicherung="45.8333" Fahrtkm="52.9541" FahrtHLDruck="5" FahrtFBSchalter="6"/>
<FahrtEintrag FahrtWeg="5128.8794" FahrtZeit="2023-01-20 10:05:32" Kennung_FahrtZeitms="2023-01-20 10:05:32:612" Fahrtsp="11.0664" FahrtspStrecke="11.1111" FahrtspSignal="-1" FahrtspZugsicherung="45.8333" Fahrtkm="52.9541" FahrtHLDruck="5" FahrtFBSchalter="6"/>
<FahrtEintrag FahrtTyp="8" FahrtWeg="-1" FahrtZeit="2023-01-20 10:05:33" Kennung_FahrtZeitms="2023-01-20 10:05:33:928" Fahrtsp="-1" FahrtspStrecke="-1" FahrtspSignal="-1" FahrtspZugsicherung="-1" FahrtHLDruck="-1" FahrtParameter="48" FahrtFBSchalter="-10000"/>
<FahrtEintrag FahrtWeg="5144.2457" FahrtZeit="2023-01-20 10:05:34" Kennung_FahrtZeitms="2023-01-20 10:05:34:003" Fahrtsp="11.0404" FahrtspStrecke="11.1111" FahrtspSignal="-1" FahrtspZugsicherung="45.8333" Fahrtkm="52.9672" FahrtHLDruck="5" FahrtFBSchalter="6"/>
<FahrtEintrag FahrtTyp="8" FahrtWeg="-1" FahrtZeit="2023-01-20 10:05:30" Kennung_FahrtZeitms="2023-01-20 10:05:34:203" Fahrtsp="-1" FahrtspStrecke="-1" FahrtspSignal="-1" FahrtspZugsicherung="-1" FahrtHLDruck="-1" FahrtParameter="16" FahrtFBSchalter="-10000"/>
<FahrtEintrag FahrtWeg="5155.8892" FahrtZeit="2023-01-20 10:05:35" Kennung_FahrtZeitms="2023-01-20 10:05:35:056" Fahrtsp="10.9557" FahrtspStrecke="11.1111" FahrtspSignal="-1" FahrtspZugsicherung="45.8333" Fahrtkm="52.9672" FahrtHLDruck="5"/>
<FahrtEintrag FahrtWeg="5178.9111" FahrtZeit="2023-01-20 10:05:37" Kennung_FahrtZeitms="2023-01-20 10:05:37:158" Fahrtsp="10.6471" FahrtspStrecke="11.1111" FahrtspSignal="-1" FahrtspZugsicherung="45.8333" Fahrtkm="53.0374" FahrtHLDruck="5"/>
<FahrtEintrag FahrtWeg="5204.1733" FahrtZeit="2023-01-20 10:05:39" Kennung_FahrtZeitms="2023-01-20 10:05:39:292" Fahrtsp="10.3598" FahrtspStrecke="11.1111" FahrtspSignal="-1" FahrtspZugsicherung="45.8333" Fahrtkm="53.0604" FahrtHLDruck="5" FahrtFBSchalter="3"/>
<FahrtEintrag FahrtWeg="5229.1865" FahrtZeit="2023-01-20 10:05:42" Kennung_FahrtZeitms="2023-01-20 10:05:42:452" Fahrtsp="10.42" FahrtspStrecke="11.1111" FahrtspSignal="-1" FahrtspZugsicherung="45.8333" Fahrtkm="53.0854" FahrtHLDruck="5" FahrtFBSchalter="10"/>
<FahrtEintrag FahrtWeg="5254.2876" FahrtZeit="2023-01-20 10:05:44" Kennung_FahrtZeitms="2023-01-20 10:05:44:528" Fahrtsp="10.6813" FahrtspStrecke="11.1111" FahrtspSignal="-1" FahrtspZugsicherung="45.8333" Fahrtkm="53.0536" FahrtHLDruck="5" FahrtFBSchalter="10"/>
<FahrtEintrag FahrtWeg="5279.3125" FahrtZeit="2023-01-20 10:05:46" Kennung_FahrtZeitms="2023-01-20 10:05:46:546" Fahrtsp="10.9292" FahrtspStrecke="11.1111" FahrtspSignal="-1" FahrtspZugsicherung="45.8333" Fahrtkm="53.0536" FahrtHLDruck="5" FahrtFBSchalter="10"/>
<FahrtEintrag FahrtWeg="5304.459" FahrtZeit="2023-01-20 10:05:49" Kennung_FahrtZeitms="2023-01-20 10:05:49:644" Fahrtsp="10.8287" FahrtspStrecke="11.1111" FahrtspSignal="-1" FahrtspZugsicherung="45.8333" Fahrtkm="53.1533" FahrtHLDruck="5"/>
<FahrtEintrag FahrtWeg="5329.5693" FahrtZeit="2023-01-20 10:05:51" Kennung_FahrtZeitms="2023-01-20 10:05:51:693" Fahrtsp="10.5155" FahrtspStrecke="11.1111" FahrtspSignal="-1" FahrtspZugsicherung="45.8333" Fahrtkm="53.1532" FahrtHLDruck="5"/>
<FahrtEintrag FahrtWeg="5354.6304" FahrtZeit="2023-01-20 10:05:54" Kennung_FahrtZeitms="2023-01-20 10:05:54:792" Fahrtsp="10.1938" FahrtspStrecke="11.1111" FahrtspSignal="-1" FahrtspZugsicherung="45.8333" Fahrtkm="53.1532" FahrtHLDruck="5"/>
<FahrtEintrag FahrtWeg="5379.6812" FahrtZeit="2023-01-20 10:05:56" Kennung_FahrtZeitms="2023-01-20 10:05:56:849" Fahrtsp="9.8788" FahrtspStrecke="11.1111" FahrtspSignal="-1" FahrtspZugsicherung="45.8333" Fahrtkm="53.1532" FahrtHLDruck="5" FahrtFBSchalter="2"/>
<FahrtEintrag FahrtWeg="5404.707" FahrtZeit="2023-01-20 10:05:59" Kennung_FahrtZeitms="2023-01-20 10:05:59:951" Fahrtsp="9.9122" FahrtspStrecke="11.1111" FahrtspSignal="-1" FahrtspZugsicherung="45.8333" Fahrtkm="53.2528" FahrtHLDruck="5" FahrtFBSchalter="8"/>
<FahrtEintrag FahrtWeg="5429.8252" FahrtZeit="2023-01-20 10:06:01" Kennung_FahrtZeitms="2023-01-20 10:06:01:936" Fahrtsp="10.0783" FahrtspStrecke="11.1111" FahrtspSignal="-1" FahrtspZugsicherung="45.8333" Fahrtkm="53.2528" FahrtHLDruck="5" FahrtFBSchalter="8"/>
<FahrtEintrag FahrtWeg="5455.1006" FahrtZeit="2023-01-20 10:06:04" Kennung_FahrtZeitms="2023-01-20 10:06:04:961" Fahrtsp="10.2393" FahrtspStrecke="11.1111" FahrtspSignal="-1" FahrtspZugsicherung="45.8333" Fahrtkm="53.2529" FahrtHLDruck="5" FahrtFBSchalter="8"/>
<FahrtEintrag FahrtTyp="5" FahrtWeg="5479.7852" FahrtZeit="2023-01-20 10:06:06" Kennung_FahrtZeitms="2023-01-20 10:06:05:264" Fahrtsp="10.393" FahrtspStrecke="11.1111" FahrtspSignal="-1" FahrtspZugsicherung="45.8333" FahrtText="Üst Moorrasen A" Fahrtkm="53.2529" FahrtHLDruck="5" FahrtFBSchalter="8"/>
<FahrtEintrag FahrtWeg="5505.1099" FahrtZeit="2023-01-20 10:06:09" Kennung_FahrtZeitms="2023-01-20 10:06:09:777" Fahrtsp="10.5408" FahrtspStrecke="11.1111" FahrtspSignal="-1" FahrtspZugsicherung="45.8333" Fahrtkm="53.3524" FahrtHLDruck="5" FahrtFBSchalter="8"/>
<FahrtEintrag FahrtWeg="5530.3145" FahrtZeit="2023-01-20 10:06:12" Kennung_FahrtZeitms="2023-01-20 10:06:12:145" Fahrtsp="10.685" FahrtspStrecke="11.1111" FahrtspSignal="-1" FahrtspZugsicherung="45.8333" Fahrtkm="53.3524" FahrtHLDruck="5" FahrtFBSchalter="8"/>
<FahrtEintrag FahrtWeg="5555.6133" FahrtZeit="2023-01-20 10:06:13" Kennung_FahrtZeitms="2023-01-20 10:06:13:625" Fahrtsp="10.7519" FahrtspStrecke="11.1111" FahrtspSignal="-1" FahrtspZugsicherung="45.8333" Fahrtkm="53.3524" FahrtHLDruck="5" FahrtFBSchalter="2"/>
<FahrtEintrag FahrtWeg="5580.6309" FahrtZeit="2023-01-20 10:06:16" Kennung_FahrtZeitms="2023-01-20 10:06:16:023" Fahrtsp="10.5445" FahrtspStrecke="11.1111" FahrtspSignal="-1" FahrtspZugsicherung="45.8333" Fahrtkm="53.452" FahrtHLDruck="5"/>
<FahrtEintrag FahrtWeg="5606.0454" FahrtZeit="2023-01-20 10:06:18" Kennung_FahrtZeitms="2023-01-20 10:06:18:753" Fahrtsp="10.2681" FahrtspStrecke="11.1111" FahrtspSignal="-1" FahrtspZugsicherung="45.8333" Fahrtkm="53.452" FahrtHLDruck="5" FahrtFBSchalter="4"/>
<FahrtEintrag FahrtWeg="5631.0942" FahrtZeit="2023-01-20 10:06:21" Kennung_FahrtZeitms="2023-01-20 10:06:21:441" Fahrtsp="10.1839" FahrtspStrecke="11.1111" FahrtspSignal="-1" FahrtspZugsicherung="45.8333" Fahrtkm="53.452" FahrtHLDruck="5" FahrtFBSchalter="4"/>
<FahrtEintrag FahrtWeg="5656.1436" FahrtZeit="2023-01-20 10:06:23" Kennung_FahrtZeitms="2023-01-20 10:06:23:412" Fahrtsp="10.1" FahrtspStrecke="11.1111" FahrtspSignal="-1" FahrtspZugsicherung="45.8333" Fahrtkm="53.452" FahrtHLDruck="5" FahrtFBSchalter="4"/>
<FahrtEintrag FahrtWeg="5681.2524" FahrtZeit="2023-01-20 10:06:25" Kennung_FahrtZeitms="2023-01-20 10:06:25:982" Fahrtsp="10.0747" FahrtspStrecke="11.1111" FahrtspSignal="-1" FahrtspZugsicherung="45.8333" Fahrtkm="53.5516" FahrtHLDruck="5" FahrtFBSchalter="9"/>
<FahrtEintrag FahrtWeg="5706.2925" FahrtZeit="2023-01-20 10:06:28" Kennung_FahrtZeitms="2023-01-20 10:06:28:894" Fahrtsp="10.2938" FahrtspStrecke="11.1111" FahrtspSignal="-1" FahrtspZugsicherung="45.8333" Fahrtkm="53.5516" FahrtHLDruck="5" FahrtFBSchalter="9"/>
<FahrtEintrag FahrtWeg="5731.4287" FahrtZeit="2023-01-20 10:06:30" Kennung_FahrtZeitms="2023-01-20 10:06:30:939" Fahrtsp="10.4117" FahrtspStrecke="11.1111" FahrtspSignal="-1" FahrtspZugsicherung="45.8333" Fahrtkm="53.5516" FahrtHLDruck="5" FahrtFBSchalter="6"/>
<FahrtEintrag FahrtWeg="5756.6685" FahrtZeit="2023-01-20 10:06:33" Kennung_FahrtZeitms="2023-01-20 10:06:33:135" Fahrtsp="10.4444" FahrtspStrecke="11.1111" FahrtspSignal="-1" FahrtspZugsicherung="45.8333" Fahrtkm="53.5516" FahrtHLDruck="5" FahrtFBSchalter="6"/>
<FahrtEintrag FahrtWeg="5781.8779" FahrtZeit="2023-01-20 10:06:35" Kennung_FahrtZeitms="2023-01-20 10:06:35:331" Fahrtsp="10.4765" FahrtspStrecke="11.1111" FahrtspSignal="-1" FahrtspZugsicherung="45.8333" Fahrtkm="53.6523" FahrtHLDruck="5" FahrtFBSchalter="6"/>
<FahrtEintrag FahrtWeg="5807.0723" FahrtZeit="2023-01-20 10:06:37" Kennung_FahrtZeitms="2023-01-20 10:06:37:193" Fahrtsp="10.5079" FahrtspStrecke="11.1111" FahrtspSignal="-1" FahrtspZugsicherung="45.8333" Fahrtkm="53.674" FahrtHLDruck="5" FahrtFBSchalter="6"/>
<FahrtEintrag FahrtWeg="5832.3838" FahrtZeit="2023-01-20 10:06:40" Kennung_FahrtZeitms="2023-01-20 10:06:40:051" Fahrtsp="10.5389" FahrtspStrecke="11.1111" FahrtspSignal="-1" FahrtspZugsicherung="45.8333" Fahrtkm="53.674" FahrtHLDruck="5" FahrtFBSchalter="6"/>
<FahrtEintrag FahrtWeg="5857.541" FahrtZeit="2023-01-20 10:06:42" Kennung_FahrtZeitms="2023-01-20 10:06:42:292" Fahrtsp="10.569" FahrtspStrecke="11.1111" FahrtspSignal="-1" FahrtspZugsicherung="45.8333" Fahrtkm="53.674" FahrtHLDruck="5" FahrtFBSchalter="6"/>
<FahrtEintrag FahrtTyp="7" FahrtWeg="5880.1143" FahrtZeit="2023-01-20 10:06:44" Kennung_FahrtZeitms="2023-01-20 10:06:44:092" Fahrtsp="10.5957" FahrtspStrecke="11.1111" FahrtspSignal="-1" FahrtspZugsicherung="45.8333" Fahrtkm="53.7326" FahrtHLDruck="5" FahrtFBSchalter="6"/>
<FahrtEintrag FahrtWeg="5905.5" FahrtZeit="2023-01-20 10:06:47" Kennung_FahrtZeitms="2023-01-20 10:06:47:332" Fahrtsp="10.6326" FahrtspStrecke="11.1111" FahrtspSignal="-1" FahrtspZugsicherung="45.8333" Fahrtkm="53.7326" FahrtHLDruck="5"/>
<FahrtEintrag FahrtWeg="5930.7754" FahrtZeit="2023-01-20 10:06:49" Kennung_FahrtZeitms="2023-01-20 10:06:49:663" Fahrtsp="10.0825" FahrtspStrecke="11.1111" FahrtspSignal="-1" FahrtspZugsicherung="45.8333" Fahrtkm="53.7871" FahrtHLDruck="4.7344"/>
<FahrtEintrag FahrtWeg="5955.8057" FahrtZeit="2023-01-20 10:06:52" Kennung_FahrtZeitms="2023-01-20 10:06:52:281" Fahrtsp="8.25" FahrtspStrecke="11.1111" FahrtspSignal="-1" FahrtspZugsicherung="45.8333" Fahrtkm="53.8178" FahrtHLDruck="4.3586"/>
<FahrtEintrag FahrtWeg="5980.8301" FahrtZeit="2023-01-20 10:06:56" Kennung_FahrtZeitms="2023-01-20 10:06:56:442" Fahrtsp="4.792" FahrtspStrecke="11.1111" FahrtspSignal="-1" FahrtspZugsicherung="45.8333" Fahrtkm="53.8515" FahrtHLDruck="4.33"/>
<FahrtEintrag FahrtWeg="5993.0557" FahrtZeit="2023-01-20 10:07:01" Kennung_FahrtZeitms="2023-01-20 10:07:01:722" Fahrtsp="0.7571" FahrtspStrecke="11.1111" FahrtspSignal="-1" FahrtspZugsicherung="45.8333" Fahrtkm="53.8514" FahrtHLDruck="4.7012"/>
<FahrtEintrag FahrtTyp="1" FahrtWeg="5994.0806" FahrtZeit="2023-01-20 10:07:04" Kennung_FahrtZeitms="2023-01-20 10:07:04:211" FahrtspStrecke="11.1111" FahrtspSignal="-1" FahrtspZugsicherung="45.8333" Fahrtkm="53.8514" FahrtHLDruck="5"/>
<FahrtEintrag FahrtWeg="5994.0806" FahrtZeit="2023-01-20 10:07:09" Kennung_FahrtZeitms="2023-01-20 10:07:09:482" FahrtspStrecke="11.1111" FahrtspSignal="-1" FahrtspZugsicherung="45.8333" Fahrtkm="53.8514" FahrtHLDruck="5"/>
<FahrtEintrag FahrtWeg="5993.978" FahrtZeit="2023-01-20 10:07:14" Kennung_FahrtZeitms="2023-01-20 10:07:14:221" Fahrtsp="-0.0925" FahrtspStrecke="11.1111" FahrtspSignal="-1" FahrtspZugsicherung="45.8333" Fahrtkm="53.8514" FahrtHLDruck="5"/>
<FahrtEintrag FahrtWeg="5992.7397" FahrtZeit="2023-01-20 10:07:19" Kennung_FahrtZeitms="2023-01-20 10:07:19:754" Fahrtsp="-0.4121" FahrtspStrecke="11.1111" FahrtspSignal="-1" FahrtspZugsicherung="45.8333" Fahrtkm="53.8514" FahrtHLDruck="5"/>
<FahrtEintrag FahrtWeg="5989.8101" FahrtZeit="2023-01-20 10:07:24" Kennung_FahrtZeitms="2023-01-20 10:07:24:213" Fahrtsp="-0.7511" FahrtspStrecke="11.1111" FahrtspSignal="-1" FahrtspZugsicherung="45.8333" Fahrtkm="53.8514" FahrtHLDruck="5"/>
<FahrtEintrag FahrtWeg="5985.1621" FahrtZeit="2023-01-20 10:07:29" Kennung_FahrtZeitms="2023-01-20 10:07:29:412" Fahrtsp="-1.091" FahrtspStrecke="11.1111" FahrtspSignal="-1" FahrtspZugsicherung="45.8333" Fahrtkm="53.8514" FahrtHLDruck="5"/>
<FahrtEintrag FahrtWeg="5978.8145" FahrtZeit="2023-01-20 10:07:34" Kennung_FahrtZeitms="2023-01-20 10:07:34:237" Fahrtsp="-1.4302" FahrtspStrecke="11.1111" FahrtspSignal="-1" FahrtspZugsicherung="45.8333" Fahrtkm="53.8482" FahrtHLDruck="5"/>
</result>
</Zusi>
