﻿<?xml version="1.0" encoding="UTF-8"?>
<Zusi>
<Info DateiTyp="result" Version="A.1" MinVersion="A.0"/>
<result Zugnummer="4711 (FaS)" Datum="2023-01-23 10:32:39" Verbrauch="155321392">
<FahrtEintrag FahrtTyp="2" FahrtWeg="1516.7542" FahrtZeit="2023-01-23 09:50:00" Kennung_FahrtZeitms="2023-01-23 09:50:00:093" FahrtspStrecke="11.1111" FahrtspSignal="-1" FahrtspZugsicherung="-1" FahrtText="" Fahrtkm="49.3855" FahrtHLDruck="5" FahrtFplAnk="44949.410156" FahrtFplAbf="44949.417969"/>
<FahrtEintrag FahrtWeg="1516.7542" FahrtZeit="2023-01-23 09:50:05" Kennung_FahrtZeitms="2023-01-23 09:50:05:120" FahrtspStrecke="11.1111" FahrtspSignal="-1" FahrtspZugsicherung="45.8333" Fahrtkm="49.3855" FahrtHLDruck="5"/>
<FahrtEintrag FahrtWeg="1516.7542" FahrtZeit="2023-01-23 09:50:10" Kennung_FahrtZeitms="2023-01-23 09:50:10:139" FahrtspStrecke="11.1111" FahrtspSignal="-1" FahrtspZugsicherung="45.8333" Fahrtkm="49.3855" FahrtHLDruck="5" FahrtFBSchalter="-39"/>
<FahrtEintrag FahrtWeg="1516.7542" FahrtZeit="2023-01-23 09:50:15" Kennung_FahrtZeitms="2023-01-23 09:50:15:142" FahrtspStrecke="11.1111" FahrtspSignal="-1" FahrtspZugsicherung="45.8333" Fahrtkm="49.3855" FahrtHLDruck="5"/>
<FahrtEintrag FahrtWeg="1516.7542" FahrtZeit="2023-01-23 09:50:20" Kennung_FahrtZeitms="2023-01-23 09:50:20:316" FahrtspStrecke="11.1111" FahrtspSignal="-1" FahrtspZugsicherung="45.8333" Fahrtkm="49.3855" FahrtHLDruck="5"/>
<FahrtEintrag FahrtWeg="1516.7542" FahrtZeit="2023-01-23 09:50:25" Kennung_FahrtZeitms="2023-01-23 09:50:25:319" FahrtspStrecke="11.1111" FahrtspSignal="-1" FahrtspZugsicherung="45.8333" Fahrtkm="49.3855" FahrtHLDruck="5"/>
<FahrtEintrag FahrtWeg="1516.7542" FahrtZeit="2023-01-23 09:50:30" Kennung_FahrtZeitms="2023-01-23 09:50:30:320" FahrtspStrecke="11.1111" FahrtspSignal="-1" FahrtspZugsicherung="45.8333" Fahrtkm="49.3855" FahrtHLDruck="5"/>
<FahrtEintrag FahrtWeg="1516.7542" FahrtZeit="2023-01-23 09:50:35" Kennung_FahrtZeitms="2023-01-23 09:50:35:322" FahrtspStrecke="11.1111" FahrtspSignal="-1" FahrtspZugsicherung="45.8333" Fahrtkm="49.3855" FahrtHLDruck="5"/>
<FahrtEintrag FahrtWeg="1516.7542" FahrtZeit="2023-01-23 09:50:40" Kennung_FahrtZeitms="2023-01-23 09:50:40:323" FahrtspStrecke="11.1111" FahrtspSignal="-1" FahrtspZugsicherung="45.8333" Fahrtkm="49.3855" FahrtHLDruck="5"/>
<FahrtEintrag FahrtWeg="1516.7542" FahrtZeit="2023-01-23 09:50:45" Kennung_FahrtZeitms="2023-01-23 09:50:45:324" FahrtspStrecke="11.1111" FahrtspSignal="-1" FahrtspZugsicherung="45.8333" Fahrtkm="49.3855" FahrtHLDruck="5"/>
<FahrtEintrag FahrtWeg="1516.7542" FahrtZeit="2023-01-23 09:50:50" Kennung_FahrtZeitms="2023-01-23 09:50:50:325" FahrtspStrecke="11.1111" FahrtspSignal="-1" FahrtspZugsicherung="45.8333" Fahrtkm="49.3855" FahrtHLDruck="5"/>
<FahrtEintrag FahrtWeg="1516.7542" FahrtZeit="2023-01-23 09:50:55" Kennung_FahrtZeitms="2023-01-23 09:50:55:326" FahrtspStrecke="11.1111" FahrtspSignal="-1" FahrtspZugsicherung="45.8333" Fahrtkm="49.3855" FahrtHLDruck="5"/>
<FahrtEintrag FahrtWeg="1516.7542" FahrtZeit="2023-01-23 09:51:00" Kennung_FahrtZeitms="2023-01-23 09:51:00:328" FahrtspStrecke="11.1111" FahrtspSignal="-1" FahrtspZugsicherung="45.8333" Fahrtkm="49.3855" FahrtHLDruck="5"/>
<FahrtEintrag FahrtWeg="1516.7542" FahrtZeit="2023-01-23 09:51:05" Kennung_FahrtZeitms="2023-01-23 09:51:05:329" FahrtspStrecke="11.1111" FahrtspSignal="-1" FahrtspZugsicherung="45.8333" Fahrtkm="49.3855" FahrtHLDruck="5"/>
<FahrtEintrag FahrtWeg="1516.7542" FahrtZeit="2023-01-23 09:51:10" Kennung_FahrtZeitms="2023-01-23 09:51:10:330" FahrtspStrecke="11.1111" FahrtspSignal="-1" FahrtspZugsicherung="45.8333" Fahrtkm="49.3855" FahrtHLDruck="5"/>
<FahrtEintrag FahrtWeg="1516.7542" FahrtZeit="2023-01-23 09:51:15" Kennung_FahrtZeitms="2023-01-23 09:51:15:331" FahrtspStrecke="11.1111" FahrtspSignal="-1" FahrtspZugsicherung="45.8333" Fahrtkm="49.3855" FahrtHLDruck="5"/>
<FahrtEintrag FahrtWeg="1516.7542" FahrtZeit="2023-01-23 09:51:20" Kennung_FahrtZeitms="2023-01-23 09:51:20:333" FahrtspStrecke="11.1111" FahrtspSignal="-1" FahrtspZugsicherung="45.8333" Fahrtkm="49.3855" FahrtHLDruck="5"/>
<FahrtEintrag FahrtWeg="1516.7542" FahrtZeit="2023-01-23 09:51:25" Kennung_FahrtZeitms="2023-01-23 09:51:25:334" FahrtspStrecke="11.1111" FahrtspSignal="-1" FahrtspZugsicherung="45.8333" Fahrtkm="49.3855" FahrtHLDruck="5"/>
<FahrtEintrag FahrtWeg="1516.7542" FahrtZeit="2023-01-23 09:51:30" Kennung_FahrtZeitms="2023-01-23 09:51:30:335" FahrtspStrecke="11.1111" FahrtspSignal="-1" FahrtspZugsicherung="45.8333" Fahrtkm="49.3855" FahrtHLDruck="5"/>
<FahrtEintrag FahrtWeg="1516.7542" FahrtZeit="2023-01-23 09:51:35" Kennung_FahrtZeitms="2023-01-23 09:51:35:336" FahrtspStrecke="11.1111" FahrtspSignal="-1" FahrtspZugsicherung="45.8333" Fahrtkm="49.3855" FahrtHLDruck="5"/>
<FahrtEintrag FahrtWeg="1516.7542" FahrtZeit="2023-01-23 09:51:40" Kennung_FahrtZeitms="2023-01-23 09:51:40:337" FahrtspStrecke="11.1111" FahrtspSignal="-1" FahrtspZugsicherung="45.8333" Fahrtkm="49.3855" FahrtHLDruck="5"/>
<FahrtEintrag FahrtWeg="1516.7542" FahrtZeit="2023-01-23 09:51:45" Kennung_FahrtZeitms="2023-01-23 09:51:45:339" FahrtspStrecke="11.1111" FahrtspSignal="-1" FahrtspZugsicherung="45.8333" Fahrtkm="49.3855" FahrtHLDruck="5"/>
<FahrtEintrag FahrtWeg="1516.7542" FahrtZeit="2023-01-23 09:51:50" Kennung_FahrtZeitms="2023-01-23 09:51:50:340" FahrtspStrecke="11.1111" FahrtspSignal="-1" FahrtspZugsicherung="45.8333" Fahrtkm="49.3855" FahrtHLDruck="5"/>
<FahrtEintrag FahrtWeg="1516.7542" FahrtZeit="2023-01-23 09:51:55" Kennung_FahrtZeitms="2023-01-23 09:51:55:341" FahrtspStrecke="11.1111" FahrtspSignal="-1" FahrtspZugsicherung="45.8333" Fahrtkm="49.3855" FahrtHLDruck="5"/>
<FahrtEintrag FahrtWeg="1516.7542" FahrtZeit="2023-01-23 09:52:00" Kennung_FahrtZeitms="2023-01-23 09:52:00:342" FahrtspStrecke="11.1111" FahrtspSignal="-1" FahrtspZugsicherung="45.8333" Fahrtkm="49.3855" FahrtHLDruck="5"/>
<FahrtEintrag FahrtWeg="1516.7542" FahrtZeit="2023-01-23 09:52:05" Kennung_FahrtZeitms="2023-01-23 09:52:05:344" FahrtspStrecke="11.1111" FahrtspSignal="-1" FahrtspZugsicherung="45.8333" Fahrtkm="49.3855" FahrtHLDruck="5"/>
<FahrtEintrag FahrtWeg="1516.7542" FahrtZeit="2023-01-23 09:52:10" Kennung_FahrtZeitms="2023-01-23 09:52:10:345" FahrtspStrecke="11.1111" FahrtspSignal="-1" FahrtspZugsicherung="45.8333" Fahrtkm="49.3855" FahrtHLDruck="5"/>
<FahrtEintrag FahrtWeg="1516.7542" FahrtZeit="2023-01-23 09:52:15" Kennung_FahrtZeitms="2023-01-23 09:52:15:346" FahrtspStrecke="11.1111" FahrtspSignal="-1" FahrtspZugsicherung="45.8333" Fahrtkm="49.3855" FahrtHLDruck="5"/>
<FahrtEintrag FahrtWeg="1516.7542" FahrtZeit="2023-01-23 09:52:20" Kennung_FahrtZeitms="2023-01-23 09:52:20:347" FahrtspStrecke="11.1111" FahrtspSignal="-1" FahrtspZugsicherung="45.8333" Fahrtkm="49.3855" FahrtHLDruck="5"/>
<FahrtEintrag FahrtWeg="1516.7542" FahrtZeit="2023-01-23 09:52:25" Kennung_FahrtZeitms="2023-01-23 09:52:25:348" FahrtspStrecke="11.1111" FahrtspSignal="-1" FahrtspZugsicherung="45.8333" Fahrtkm="49.3855" FahrtHLDruck="5"/>
<FahrtEintrag FahrtWeg="1516.7542" FahrtZeit="2023-01-23 09:52:30" Kennung_FahrtZeitms="2023-01-23 09:52:30:349" FahrtspStrecke="11.1111" FahrtspSignal="-1" FahrtspZugsicherung="45.8333" Fahrtkm="49.3855" FahrtHLDruck="5"/>
<FahrtEintrag FahrtWeg="1516.7542" FahrtZeit="2023-01-23 09:52:35" Kennung_FahrtZeitms="2023-01-23 09:52:35:351" FahrtspStrecke="11.1111" FahrtspSignal="-1" FahrtspZugsicherung="45.8333" Fahrtkm="49.3855" FahrtHLDruck="5"/>
<FahrtEintrag FahrtWeg="1516.7542" FahrtZeit="2023-01-23 09:52:40" Kennung_FahrtZeitms="2023-01-23 09:52:40:353" FahrtspStrecke="11.1111" FahrtspSignal="-1" FahrtspZugsicherung="45.8333" Fahrtkm="49.3855" FahrtHLDruck="5"/>
<FahrtEintrag FahrtWeg="1516.7542" FahrtZeit="2023-01-23 09:52:45" Kennung_FahrtZeitms="2023-01-23 09:52:45:354" FahrtspStrecke="11.1111" FahrtspSignal="-1" FahrtspZugsicherung="45.8333" Fahrtkm="49.3855" FahrtHLDruck="5"/>
<FahrtEintrag FahrtWeg="1516.7542" FahrtZeit="2023-01-23 09:52:50" Kennung_FahrtZeitms="2023-01-23 09:52:50:355" FahrtspStrecke="11.1111" FahrtspSignal="-1" FahrtspZugsicherung="45.8333" Fahrtkm="49.3855" FahrtHLDruck="5"/>
<FahrtEintrag FahrtWeg="1516.7542" FahrtZeit="2023-01-23 09:52:55" Kennung_FahrtZeitms="2023-01-23 09:52:55:357" FahrtspStrecke="11.1111" FahrtspSignal="-1" FahrtspZugsicherung="45.8333" Fahrtkm="49.3855" FahrtHLDruck="5"/>
<FahrtEintrag FahrtWeg="1516.7542" FahrtZeit="2023-01-23 09:53:00" Kennung_FahrtZeitms="2023-01-23 09:53:00:358" FahrtspStrecke="11.1111" FahrtspSignal="-1" FahrtspZugsicherung="45.8333" Fahrtkm="49.3855" FahrtHLDruck="5"/>
<FahrtEintrag FahrtWeg="1516.7542" FahrtZeit="2023-01-23 09:53:05" Kennung_FahrtZeitms="2023-01-23 09:53:05:359" FahrtspStrecke="11.1111" FahrtspSignal="-1" FahrtspZugsicherung="45.8333" Fahrtkm="49.3855" FahrtHLDruck="5"/>
<FahrtEintrag FahrtWeg="1516.7542" FahrtZeit="2023-01-23 09:53:10" Kennung_FahrtZeitms="2023-01-23 09:53:10:361" FahrtspStrecke="11.1111" FahrtspSignal="-1" FahrtspZugsicherung="45.8333" Fahrtkm="49.3855" FahrtHLDruck="5"/>
<FahrtEintrag FahrtWeg="1516.7542" FahrtZeit="2023-01-23 09:53:15" Kennung_FahrtZeitms="2023-01-23 09:53:15:362" FahrtspStrecke="11.1111" FahrtspSignal="-1" FahrtspZugsicherung="45.8333" Fahrtkm="49.3855" FahrtHLDruck="5"/>
<FahrtEintrag FahrtWeg="1516.7542" FahrtZeit="2023-01-23 09:53:20" Kennung_FahrtZeitms="2023-01-23 09:53:20:363" FahrtspStrecke="11.1111" FahrtspSignal="-1" FahrtspZugsicherung="45.8333" Fahrtkm="49.3855" FahrtHLDruck="5"/>
<FahrtEintrag FahrtWeg="1516.7542" FahrtZeit="2023-01-23 09:53:25" Kennung_FahrtZeitms="2023-01-23 09:53:25:365" FahrtspStrecke="11.1111" FahrtspSignal="-1" FahrtspZugsicherung="45.8333" Fahrtkm="49.3855" FahrtHLDruck="5"/>
<FahrtEintrag FahrtWeg="1516.7542" FahrtZeit="2023-01-23 09:53:30" Kennung_FahrtZeitms="2023-01-23 09:53:30:366" FahrtspStrecke="11.1111" FahrtspSignal="-1" FahrtspZugsicherung="45.8333" Fahrtkm="49.3855" FahrtHLDruck="5"/>
<FahrtEintrag FahrtWeg="1516.7542" FahrtZeit="2023-01-23 09:53:35" Kennung_FahrtZeitms="2023-01-23 09:53:35:367" FahrtspStrecke="11.1111" FahrtspSignal="-1" FahrtspZugsicherung="45.8333" Fahrtkm="49.3855" FahrtHLDruck="5"/>
<FahrtEintrag FahrtWeg="1516.7542" FahrtZeit="2023-01-23 09:53:40" Kennung_FahrtZeitms="2023-01-23 09:53:40:368" FahrtspStrecke="11.1111" FahrtspSignal="-1" FahrtspZugsicherung="45.8333" Fahrtkm="49.3855" FahrtHLDruck="5"/>
<FahrtEintrag FahrtWeg="1516.7542" FahrtZeit="2023-01-23 09:53:45" Kennung_FahrtZeitms="2023-01-23 09:53:45:369" FahrtspStrecke="11.1111" FahrtspSignal="-1" FahrtspZugsicherung="45.8333" Fahrtkm="49.3855" FahrtHLDruck="5"/>
<FahrtEintrag FahrtWeg="1516.7542" FahrtZeit="2023-01-23 09:53:50" Kennung_FahrtZeitms="2023-01-23 09:53:50:372" FahrtspStrecke="11.1111" FahrtspSignal="-1" FahrtspZugsicherung="45.8333" Fahrtkm="49.3855" FahrtHLDruck="5"/>
<FahrtEintrag FahrtWeg="1516.7542" FahrtZeit="2023-01-23 09:53:55" Kennung_FahrtZeitms="2023-01-23 09:53:55:373" FahrtspStrecke="11.1111" FahrtspSignal="-1" FahrtspZugsicherung="45.8333" Fahrtkm="49.3855" FahrtHLDruck="5"/>
<FahrtEintrag FahrtWeg="1516.7542" FahrtZeit="2023-01-23 09:54:00" Kennung_FahrtZeitms="2023-01-23 09:54:00:374" FahrtspStrecke="11.1111" FahrtspSignal="-1" FahrtspZugsicherung="45.8333" Fahrtkm="49.3855" FahrtHLDruck="5"/>
<FahrtEintrag FahrtWeg="1516.7542" FahrtZeit="2023-01-23 09:54:05" Kennung_FahrtZeitms="2023-01-23 09:54:05:375" FahrtspStrecke="11.1111" FahrtspSignal="-1" FahrtspZugsicherung="45.8333" Fahrtkm="49.3855" FahrtHLDruck="5"/>
<FahrtEintrag FahrtWeg="1516.7542" FahrtZeit="2023-01-23 09:54:10" Kennung_FahrtZeitms="2023-01-23 09:54:10:377" FahrtspStrecke="11.1111" FahrtspSignal="-1" FahrtspZugsicherung="45.8333" Fahrtkm="49.3855" FahrtHLDruck="5"/>
<FahrtEintrag FahrtWeg="1516.7542" FahrtZeit="2023-01-23 09:54:15" Kennung_FahrtZeitms="2023-01-23 09:54:15:378" FahrtspStrecke="11.1111" FahrtspSignal="-1" FahrtspZugsicherung="45.8333" Fahrtkm="49.3855" FahrtHLDruck="5"/>
<FahrtEintrag FahrtWeg="1516.7542" FahrtZeit="2023-01-23 09:54:20" Kennung_FahrtZeitms="2023-01-23 09:54:20:379" FahrtspStrecke="11.1111" FahrtspSignal="-1" FahrtspZugsicherung="45.8333" Fahrtkm="49.3855" FahrtHLDruck="5"/>
<FahrtEintrag FahrtWeg="1516.7542" FahrtZeit="2023-01-23 09:54:25" Kennung_FahrtZeitms="2023-01-23 09:54:25:381" FahrtspStrecke="11.1111" FahrtspSignal="-1" FahrtspZugsicherung="45.8333" Fahrtkm="49.3855" FahrtHLDruck="5"/>
<FahrtEintrag FahrtWeg="1516.7542" FahrtZeit="2023-01-23 09:54:30" Kennung_FahrtZeitms="2023-01-23 09:54:30:382" FahrtspStrecke="11.1111" FahrtspSignal="-1" FahrtspZugsicherung="45.8333" Fahrtkm="49.3855" FahrtHLDruck="5"/>
<FahrtEintrag FahrtWeg="1516.7542" FahrtZeit="2023-01-23 09:54:35" Kennung_FahrtZeitms="2023-01-23 09:54:35:383" FahrtspStrecke="11.1111" FahrtspSignal="-1" FahrtspZugsicherung="45.8333" Fahrtkm="49.3855" FahrtHLDruck="5"/>
<FahrtEintrag FahrtWeg="1516.7542" FahrtZeit="2023-01-23 09:54:40" Kennung_FahrtZeitms="2023-01-23 09:54:40:385" FahrtspStrecke="11.1111" FahrtspSignal="-1" FahrtspZugsicherung="45.8333" Fahrtkm="49.3855" FahrtHLDruck="5"/>
<FahrtEintrag FahrtWeg="1516.7542" FahrtZeit="2023-01-23 09:54:45" Kennung_FahrtZeitms="2023-01-23 09:54:45:386" FahrtspStrecke="11.1111" FahrtspSignal="-1" FahrtspZugsicherung="45.8333" Fahrtkm="49.3855" FahrtHLDruck="5"/>
<FahrtEintrag FahrtWeg="1516.7542" FahrtZeit="2023-01-23 09:54:50" Kennung_FahrtZeitms="2023-01-23 09:54:50:387" FahrtspStrecke="11.1111" FahrtspSignal="-1" FahrtspZugsicherung="45.8333" Fahrtkm="49.3855" FahrtHLDruck="5"/>
<FahrtEintrag FahrtWeg="1516.7542" FahrtZeit="2023-01-23 09:54:55" Kennung_FahrtZeitms="2023-01-23 09:54:55:388" FahrtspStrecke="11.1111" FahrtspSignal="-1" FahrtspZugsicherung="45.8333" Fahrtkm="49.3855" FahrtHLDruck="5"/>
<FahrtEintrag FahrtWeg="1516.7542" FahrtZeit="2023-01-23 09:55:00" Kennung_FahrtZeitms="2023-01-23 09:55:00:390" FahrtspStrecke="11.1111" FahrtspSignal="-1" FahrtspZugsicherung="45.8333" Fahrtkm="49.3855" FahrtHLDruck="5"/>
<FahrtEintrag FahrtWeg="1516.7542" FahrtZeit="2023-01-23 09:55:05" Kennung_FahrtZeitms="2023-01-23 09:55:05:391" FahrtspStrecke="11.1111" FahrtspSignal="-1" FahrtspZugsicherung="45.8333" Fahrtkm="49.3855" FahrtHLDruck="5"/>
<FahrtEintrag FahrtWeg="1516.7542" FahrtZeit="2023-01-23 09:55:10" Kennung_FahrtZeitms="2023-01-23 09:55:10:392" FahrtspStrecke="11.1111" FahrtspSignal="-1" FahrtspZugsicherung="45.8333" Fahrtkm="49.3855" FahrtHLDruck="5"/>
<FahrtEintrag FahrtWeg="1516.7542" FahrtZeit="2023-01-23 09:55:15" Kennung_FahrtZeitms="2023-01-23 09:55:15:393" FahrtspStrecke="11.1111" FahrtspSignal="-1" FahrtspZugsicherung="45.8333" Fahrtkm="49.3855" FahrtHLDruck="5"/>
<FahrtEintrag FahrtWeg="1516.7542" FahrtZeit="2023-01-23 09:55:20" Kennung_FahrtZeitms="2023-01-23 09:55:20:395" FahrtspStrecke="11.1111" FahrtspSignal="-1" FahrtspZugsicherung="45.8333" Fahrtkm="49.3855" FahrtHLDruck="5"/>
<FahrtEintrag FahrtWeg="1516.7542" FahrtZeit="2023-01-23 09:55:25" Kennung_FahrtZeitms="2023-01-23 09:55:25:396" FahrtspStrecke="11.1111" FahrtspSignal="-1" FahrtspZugsicherung="45.8333" Fahrtkm="49.3855" FahrtHLDruck="5"/>
<FahrtEintrag FahrtWeg="1516.7542" FahrtZeit="2023-01-23 09:55:30" Kennung_FahrtZeitms="2023-01-23 09:55:30:397" FahrtspStrecke="11.1111" FahrtspSignal="-1" FahrtspZugsicherung="45.8333" Fahrtkm="49.3855" FahrtHLDruck="5"/>
<FahrtEintrag FahrtWeg="1516.7542" FahrtZeit="2023-01-23 09:55:35" Kennung_FahrtZeitms="2023-01-23 09:55:35:399" FahrtspStrecke="11.1111" FahrtspSignal="-1" FahrtspZugsicherung="45.8333" Fahrtkm="49.3855" FahrtHLDruck="5"/>
<FahrtEintrag FahrtWeg="1516.7542" FahrtZeit="2023-01-23 09:55:40" Kennung_FahrtZeitms="2023-01-23 09:55:40:400" FahrtspStrecke="11.1111" FahrtspSignal="-1" FahrtspZugsicherung="45.8333" Fahrtkm="49.3855" FahrtHLDruck="5"/>
<FahrtEintrag FahrtWeg="1516.7542" FahrtZeit="2023-01-23 09:55:45" Kennung_FahrtZeitms="2023-01-23 09:55:45:401" FahrtspStrecke="11.1111" FahrtspSignal="-1" FahrtspZugsicherung="45.8333" Fahrtkm="49.3855" FahrtHLDruck="5"/>
<FahrtEintrag FahrtWeg="1516.7542" FahrtZeit="2023-01-23 09:55:50" Kennung_FahrtZeitms="2023-01-23 09:55:50:403" FahrtspStrecke="11.1111" FahrtspSignal="-1" FahrtspZugsicherung="45.8333" Fahrtkm="49.3855" FahrtHLDruck="5"/>
<FahrtEintrag FahrtWeg="1516.7542" FahrtZeit="2023-01-23 09:55:55" Kennung_FahrtZeitms="2023-01-23 09:55:55:404" FahrtspStrecke="11.1111" FahrtspSignal="-1" FahrtspZugsicherung="45.8333" Fahrtkm="49.3855" FahrtHLDruck="5"/>
<FahrtEintrag FahrtWeg="1516.7542" FahrtZeit="2023-01-23 09:56:00" Kennung_FahrtZeitms="2023-01-23 09:56:00:405" FahrtspStrecke="11.1111" FahrtspSignal="-1" FahrtspZugsicherung="45.8333" Fahrtkm="49.3855" FahrtHLDruck="5"/>
<FahrtEintrag FahrtWeg="1516.7542" FahrtZeit="2023-01-23 09:56:05" Kennung_FahrtZeitms="2023-01-23 09:56:05:406" FahrtspStrecke="11.1111" FahrtspSignal="-1" FahrtspZugsicherung="45.8333" Fahrtkm="49.3855" FahrtHLDruck="5"/>
<FahrtEintrag FahrtWeg="1516.7542" FahrtZeit="2023-01-23 09:56:10" Kennung_FahrtZeitms="2023-01-23 09:56:10:407" FahrtspStrecke="11.1111" FahrtspSignal="-1" FahrtspZugsicherung="45.8333" Fahrtkm="49.3855" FahrtHLDruck="5"/>
<FahrtEintrag FahrtWeg="1516.7542" FahrtZeit="2023-01-23 09:56:15" Kennung_FahrtZeitms="2023-01-23 09:56:15:409" FahrtspStrecke="11.1111" FahrtspSignal="-1" FahrtspZugsicherung="45.8333" Fahrtkm="49.3855" FahrtHLDruck="5"/>
<FahrtEintrag FahrtWeg="1516.7542" FahrtZeit="2023-01-23 09:56:20" Kennung_FahrtZeitms="2023-01-23 09:56:20:410" FahrtspStrecke="11.1111" FahrtspSignal="-1" FahrtspZugsicherung="45.8333" Fahrtkm="49.3855" FahrtHLDruck="5"/>
<FahrtEintrag FahrtWeg="1516.7542" FahrtZeit="2023-01-23 09:56:25" Kennung_FahrtZeitms="2023-01-23 09:56:25:411" FahrtspStrecke="11.1111" FahrtspSignal="-1" FahrtspZugsicherung="45.8333" Fahrtkm="49.3855" FahrtHLDruck="5"/>
<FahrtEintrag FahrtWeg="1516.7542" FahrtZeit="2023-01-23 09:56:30" Kennung_FahrtZeitms="2023-01-23 09:56:30:414" FahrtspStrecke="11.1111" FahrtspSignal="-1" FahrtspZugsicherung="45.8333" Fahrtkm="49.3855" FahrtHLDruck="5"/>
<FahrtEintrag FahrtWeg="1516.7542" FahrtZeit="2023-01-23 09:56:35" Kennung_FahrtZeitms="2023-01-23 09:56:35:415" FahrtspStrecke="11.1111" FahrtspSignal="-1" FahrtspZugsicherung="45.8333" Fahrtkm="49.3855" FahrtHLDruck="5"/>
<FahrtEintrag FahrtWeg="1516.7542" FahrtZeit="2023-01-23 09:56:40" Kennung_FahrtZeitms="2023-01-23 09:56:40:416" FahrtspStrecke="11.1111" FahrtspSignal="-1" FahrtspZugsicherung="45.8333" Fahrtkm="49.3855" FahrtHLDruck="5"/>
<FahrtEintrag FahrtWeg="1516.7542" FahrtZeit="2023-01-23 09:56:45" Kennung_FahrtZeitms="2023-01-23 09:56:45:417" FahrtspStrecke="11.1111" FahrtspSignal="-1" FahrtspZugsicherung="45.8333" Fahrtkm="49.3855" FahrtHLDruck="5"/>
<FahrtEintrag FahrtWeg="1516.7542" FahrtZeit="2023-01-23 09:56:50" Kennung_FahrtZeitms="2023-01-23 09:56:50:419" FahrtspStrecke="11.1111" FahrtspSignal="-1" FahrtspZugsicherung="45.8333" Fahrtkm="49.3855" FahrtHLDruck="5"/>
<FahrtEintrag FahrtWeg="1516.7542" FahrtZeit="2023-01-23 09:56:55" Kennung_FahrtZeitms="2023-01-23 09:56:55:420" FahrtspStrecke="11.1111" FahrtspSignal="-1" FahrtspZugsicherung="45.8333" Fahrtkm="49.3855" FahrtHLDruck="5"/>
<FahrtEintrag FahrtWeg="1516.7542" FahrtZeit="2023-01-23 09:57:00" Kennung_FahrtZeitms="2023-01-23 09:57:00:423" FahrtspStrecke="11.1111" FahrtspSignal="-1" FahrtspZugsicherung="45.8333" Fahrtkm="49.3855" FahrtHLDruck="5"/>
<FahrtEintrag FahrtWeg="1516.7542" FahrtZeit="2023-01-23 09:57:05" Kennung_FahrtZeitms="2023-01-23 09:57:05:423" FahrtspStrecke="11.1111" FahrtspSignal="-1" FahrtspZugsicherung="45.8333" Fahrtkm="49.3855" FahrtHLDruck="5"/>
<FahrtEintrag FahrtWeg="1516.7542" FahrtZeit="2023-01-23 09:57:10" Kennung_FahrtZeitms="2023-01-23 09:57:10:424" FahrtspStrecke="11.1111" FahrtspSignal="-1" FahrtspZugsicherung="45.8333" Fahrtkm="49.3855" FahrtHLDruck="5"/>
<FahrtEintrag FahrtWeg="1516.7542" FahrtZeit="2023-01-23 09:57:15" Kennung_FahrtZeitms="2023-01-23 09:57:15:425" FahrtspStrecke="11.1111" FahrtspSignal="-1" FahrtspZugsicherung="45.8333" Fahrtkm="49.3855" FahrtHLDruck="5"/>
<FahrtEintrag FahrtWeg="1516.7542" FahrtZeit="2023-01-23 09:57:20" Kennung_FahrtZeitms="2023-01-23 09:57:20:426" FahrtspStrecke="11.1111" FahrtspSignal="-1" FahrtspZugsicherung="45.8333" Fahrtkm="49.3855" FahrtHLDruck="5"/>
<FahrtEintrag FahrtWeg="1516.7542" FahrtZeit="2023-01-23 09:57:25" Kennung_FahrtZeitms="2023-01-23 09:57:25:427" FahrtspStrecke="11.1111" FahrtspSignal="-1" FahrtspZugsicherung="45.8333" Fahrtkm="49.3855" FahrtHLDruck="5"/>
<FahrtEintrag FahrtWeg="1516.7542" FahrtZeit="2023-01-23 09:57:30" Kennung_FahrtZeitms="2023-01-23 09:57:30:429" FahrtspStrecke="11.1111" FahrtspSignal="-1" FahrtspZugsicherung="45.8333" Fahrtkm="49.3855" FahrtHLDruck="5"/>
<FahrtEintrag FahrtWeg="1516.7542" FahrtZeit="2023-01-23 09:57:35" Kennung_FahrtZeitms="2023-01-23 09:57:35:430" FahrtspStrecke="11.1111" FahrtspSignal="-1" FahrtspZugsicherung="45.8333" Fahrtkm="49.3855" FahrtHLDruck="5"/>
<FahrtEintrag FahrtWeg="1516.7542" FahrtZeit="2023-01-23 09:57:40" Kennung_FahrtZeitms="2023-01-23 09:57:40:432" FahrtspStrecke="11.1111" FahrtspSignal="-1" FahrtspZugsicherung="45.8333" Fahrtkm="49.3855" FahrtHLDruck="5"/>
<FahrtEintrag FahrtWeg="1516.7542" FahrtZeit="2023-01-23 09:57:45" Kennung_FahrtZeitms="2023-01-23 09:57:45:433" FahrtspStrecke="11.1111" FahrtspSignal="-1" FahrtspZugsicherung="45.8333" Fahrtkm="49.3855" FahrtHLDruck="5"/>
<FahrtEintrag FahrtWeg="1516.7542" FahrtZeit="2023-01-23 09:57:50" Kennung_FahrtZeitms="2023-01-23 09:57:50:435" FahrtspStrecke="11.1111" FahrtspSignal="-1" FahrtspZugsicherung="45.8333" Fahrtkm="49.3855" FahrtHLDruck="5"/>
<FahrtEintrag FahrtWeg="1516.7542" FahrtZeit="2023-01-23 09:57:55" Kennung_FahrtZeitms="2023-01-23 09:57:55:436" FahrtspStrecke="11.1111" FahrtspSignal="-1" FahrtspZugsicherung="45.8333" Fahrtkm="49.3855" FahrtHLDruck="5"/>
<FahrtEintrag FahrtWeg="1516.7542" FahrtZeit="2023-01-23 09:58:00" Kennung_FahrtZeitms="2023-01-23 09:58:00:437" FahrtspStrecke="11.1111" FahrtspSignal="-1" FahrtspZugsicherung="45.8333" Fahrtkm="49.3855" FahrtHLDruck="5"/>
<FahrtEintrag FahrtWeg="1516.7542" FahrtZeit="2023-01-23 09:58:05" Kennung_FahrtZeitms="2023-01-23 09:58:05:439" FahrtspStrecke="11.1111" FahrtspSignal="-1" FahrtspZugsicherung="45.8333" Fahrtkm="49.3855" FahrtHLDruck="5"/>
<FahrtEintrag FahrtWeg="1516.7542" FahrtZeit="2023-01-23 09:58:10" Kennung_FahrtZeitms="2023-01-23 09:58:10:440" FahrtspStrecke="11.1111" FahrtspSignal="-1" FahrtspZugsicherung="45.8333" Fahrtkm="49.3855" FahrtHLDruck="5"/>
<FahrtEintrag FahrtWeg="1516.7542" FahrtZeit="2023-01-23 09:58:15" Kennung_FahrtZeitms="2023-01-23 09:58:15:441" FahrtspStrecke="11.1111" FahrtspSignal="-1" FahrtspZugsicherung="45.8333" Fahrtkm="49.3855" FahrtHLDruck="5"/>
<FahrtEintrag FahrtWeg="1516.7542" FahrtZeit="2023-01-23 09:58:20" Kennung_FahrtZeitms="2023-01-23 09:58:20:443" FahrtspStrecke="11.1111" FahrtspSignal="-1" FahrtspZugsicherung="45.8333" Fahrtkm="49.3855" FahrtHLDruck="5"/>
<FahrtEintrag FahrtWeg="1516.7542" FahrtZeit="2023-01-23 09:58:25" Kennung_FahrtZeitms="2023-01-23 09:58:25:444" FahrtspStrecke="11.1111" FahrtspSignal="-1" FahrtspZugsicherung="45.8333" Fahrtkm="49.3855" FahrtHLDruck="5"/>
<FahrtEintrag FahrtWeg="1516.7542" FahrtZeit="2023-01-23 09:58:30" Kennung_FahrtZeitms="2023-01-23 09:58:30:445" FahrtspStrecke="11.1111" FahrtspSignal="-1" FahrtspZugsicherung="45.8333" Fahrtkm="49.3855" FahrtHLDruck="5"/>
<FahrtEintrag FahrtWeg="1516.7542" FahrtZeit="2023-01-23 09:58:35" Kennung_FahrtZeitms="2023-01-23 09:58:35:447" FahrtspStrecke="11.1111" FahrtspSignal="-1" FahrtspZugsicherung="45.8333" Fahrtkm="49.3855" FahrtHLDruck="5"/>
<FahrtEintrag FahrtWeg="1516.7542" FahrtZeit="2023-01-23 09:58:40" Kennung_FahrtZeitms="2023-01-23 09:58:40:448" FahrtspStrecke="11.1111" FahrtspSignal="-1" FahrtspZugsicherung="45.8333" Fahrtkm="49.3855" FahrtHLDruck="5"/>
<FahrtEintrag FahrtWeg="1516.7542" FahrtZeit="2023-01-23 09:58:45" Kennung_FahrtZeitms="2023-01-23 09:58:45:449" FahrtspStrecke="11.1111" FahrtspSignal="-1" FahrtspZugsicherung="45.8333" Fahrtkm="49.3855" FahrtHLDruck="5"/>
<FahrtEintrag FahrtWeg="1516.7542" FahrtZeit="2023-01-23 09:58:50" Kennung_FahrtZeitms="2023-01-23 09:58:50:450" FahrtspStrecke="11.1111" FahrtspSignal="-1" FahrtspZugsicherung="45.8333" Fahrtkm="49.3855" FahrtHLDruck="5"/>
<FahrtEintrag FahrtWeg="1516.7542" FahrtZeit="2023-01-23 09:58:55" Kennung_FahrtZeitms="2023-01-23 09:58:55:451" FahrtspStrecke="11.1111" FahrtspSignal="-1" FahrtspZugsicherung="45.8333" Fahrtkm="49.3855" FahrtHLDruck="5"/>
<FahrtEintrag FahrtWeg="1516.7542" FahrtZeit="2023-01-23 09:59:00" Kennung_FahrtZeitms="2023-01-23 09:59:00:453" FahrtspStrecke="11.1111" FahrtspSignal="-1" FahrtspZugsicherung="45.8333" Fahrtkm="49.3855" FahrtHLDruck="5"/>
<FahrtEintrag FahrtWeg="1516.7542" FahrtZeit="2023-01-23 09:59:05" Kennung_FahrtZeitms="2023-01-23 09:59:05:473" FahrtspStrecke="11.1111" FahrtspSignal="-1" FahrtspZugsicherung="45.8333" Fahrtkm="49.3855" FahrtHLDruck="5"/>
<FahrtEintrag FahrtWeg="1517.3815" FahrtZeit="2023-01-23 09:59:12" Kennung_FahrtZeitms="2023-01-23 09:59:12:475" Fahrtsp="0.9239" FahrtspStrecke="11.1111" FahrtspSignal="-1" FahrtspZugsicherung="45.8333" Fahrtkm="49.3799" FahrtHLDruck="5" FahrtFBSchalter="25"/>
<FahrtEintrag FahrtWeg="1531.4447" FahrtZeit="2023-01-23 09:59:17" Kennung_FahrtZeitms="2023-01-23 09:59:17:324" Fahrtsp="3.9632" FahrtspStrecke="11.1111" FahrtspSignal="-1" FahrtspZugsicherung="12.5" Fahrtkm="49.393" FahrtHLDruck="5" FahrtFBSchalter="10"/>
<FahrtEintrag FahrtTyp="8" FahrtWeg="-1" FahrtZeit="2023-01-23 09:59:19" Kennung_FahrtZeitms="2023-01-23 09:59:19:529" Fahrtsp="-1" FahrtspStrecke="-1" FahrtspSignal="-1" FahrtspZugsicherung="-1" FahrtHLDruck="-1" FahrtParameter="9" FahrtFBSchalter="-10000"/>
<FahrtEintrag FahrtWeg="1539.4148" FahrtZeit="2023-01-23 09:59:19" Kennung_FahrtZeitms="2023-01-23 09:59:19:629" Fahrtsp="4.4922" FahrtspStrecke="11.1111" FahrtspSignal="-1" FahrtspZugsicherung="12.5" Fahrtkm="49.406" FahrtHLDruck="5" FahrtFBSchalter="10"/>
<FahrtEintrag FahrtTyp="5" FahrtWeg="1549.9974" FahrtZeit="2023-01-23 09:59:21" Kennung_FahrtZeitms="2023-01-23 09:59:21:044" Fahrtsp="5.1074" FahrtspStrecke="11.1111" FahrtspSignal="11.1111" FahrtspZugsicherung="12.5" FahrtText="Allenbach N1" Fahrtkm="49.4061" FahrtHLDruck="5" FahrtFBSchalter="10"/>
<FahrtEintrag FahrtTyp="6" FahrtWeg="1549.9974" FahrtZeit="2023-01-23 09:59:21" Kennung_FahrtZeitms="2023-01-23 09:59:21:124" Fahrtsp="5.1074" FahrtspStrecke="11.1111" FahrtspSignal="11.1111" FahrtspZugsicherung="12.5" Fahrtkm="49.4061" FahrtHLDruck="5" FahrtFBSchalter="10"/>
<FahrtEintrag FahrtTyp="8" FahrtWeg="-1" FahrtZeit="2023-01-23 09:59:23" Kennung_FahrtZeitms="2023-01-23 09:59:23:542" Fahrtsp="-1" FahrtspStrecke="-1" FahrtspSignal="-1" FahrtspZugsicherung="-1" FahrtHLDruck="-1" FahrtParameter="1" FahrtFBSchalter="-10000"/>
<FahrtEintrag FahrtWeg="1561.2491" FahrtZeit="2023-01-23 09:59:23" Kennung_FahrtZeitms="2023-01-23 09:59:23:542" Fahrtsp="5.662" FahrtspStrecke="11.1111" FahrtspSignal="11.1111" FahrtspZugsicherung="12.5" Fahrtkm="49.419" FahrtHLDruck="5" FahrtFBSchalter="10"/>
<FahrtEintrag FahrtWeg="1586.2988" FahrtZeit="2023-01-23 09:59:27" Kennung_FahrtZeitms="2023-01-23 09:59:27:271" Fahrtsp="7.1258" FahrtspStrecke="11.1111" FahrtspSignal="11.1111" FahrtspZugsicherung="12.5" Fahrtkm="49.4422" FahrtHLDruck="5" FahrtFBSchalter="16"/>
<FahrtEintrag FahrtWeg="1611.4897" FahrtZeit="2023-01-23 09:59:30" Kennung_FahrtZeitms="2023-01-23 09:59:30:444" Fahrtsp="8.2874" FahrtspStrecke="11.1111" FahrtspSignal="11.1111" FahrtspZugsicherung="12.5" Fahrtkm="49.4682" FahrtHLDruck="5" FahrtFBSchalter="12"/>
<FahrtEintrag FahrtWeg="1636.8077" FahrtZeit="2023-01-23 09:59:33" Kennung_FahrtZeitms="2023-01-23 09:59:33:172" Fahrtsp="8.8699" FahrtspStrecke="11.1111" FahrtspSignal="11.1111" FahrtspZugsicherung="12.5" Fahrtkm="49.4682" FahrtHLDruck="5" FahrtFBSchalter="1"/>
<FahrtEintrag FahrtWeg="1662.1138" FahrtZeit="2023-01-23 09:59:36" Kennung_FahrtZeitms="2023-01-23 09:59:36:356" Fahrtsp="9.0138" FahrtspStrecke="11.1111" FahrtspSignal="11.1111" FahrtspZugsicherung="12.5" Fahrtkm="49.5304" FahrtHLDruck="5" FahrtFBSchalter="7"/>
<FahrtEintrag FahrtWeg="1686.017" FahrtZeit="2023-01-23 09:59:38" Kennung_FahrtZeitms="2023-01-23 09:59:38:983" Fahrtsp="9.1008" FahrtspStrecke="11.1111" FahrtspSignal="11.1111" FahrtspZugsicherung="12.5" Fahrtkm="49.5528" FahrtHLDruck="5" FahrtFBSchalter="7"/>
<FahrtEintrag FahrtWeg="1687.1508" FahrtZeit="2023-01-23 09:59:39" Kennung_FahrtZeitms="2023-01-23 09:59:39:542" Fahrtsp="9.4757" FahrtspStrecke="11.1111" FahrtspSignal="11.1111" FahrtspZugsicherung="12.5" Fahrtkm="49.5529" FahrtHLDruck="5" FahrtFBSchalter="7"/>
<FahrtEintrag FahrtWeg="1712.47" FahrtZeit="2023-01-23 09:59:41" Kennung_FahrtZeitms="2023-01-23 09:59:41:662" Fahrtsp="9.4644" FahrtspStrecke="11.1111" FahrtspSignal="11.1111" FahrtspZugsicherung="12.5" Fahrtkm="49.5765" FahrtHLDruck="5"/>
<FahrtEintrag FahrtWeg="1737.6151" FahrtZeit="2023-01-23 09:59:44" Kennung_FahrtZeitms="2023-01-23 09:59:44:492" Fahrtsp="9.4003" FahrtspStrecke="11.1111" FahrtspSignal="11.1111" FahrtspZugsicherung="12.5" Fahrtkm="49.5924" FahrtHLDruck="5"/>
<FahrtEintrag FahrtTyp="8" FahrtWeg="-1" FahrtZeit="2023-01-23 09:59:45" Kennung_FahrtZeitms="2023-01-23 09:59:45:981" Fahrtsp="-1" FahrtspStrecke="-1" FahrtspSignal="-1" FahrtspZugsicherung="-1" FahrtHLDruck="-1" FahrtParameter="48" FahrtFBSchalter="-10000"/>
<FahrtEintrag FahrtWeg="1754.3741" FahrtZeit="2023-01-23 09:59:45" Kennung_FahrtZeitms="2023-01-23 09:59:45:985" Fahrtsp="9.3873" FahrtspStrecke="11.1111" FahrtspSignal="11.1111" FahrtspZugsicherung="12.5" Fahrtkm="49.621" FahrtHLDruck="5"/>
<FahrtEintrag FahrtTyp="8" FahrtWeg="-1" FahrtZeit="2023-01-23 09:59:46" Kennung_FahrtZeitms="2023-01-23 09:59:46:195" Fahrtsp="-1" FahrtspStrecke="-1" FahrtspSignal="-1" FahrtspZugsicherung="-1" FahrtHLDruck="-1" FahrtParameter="16" FahrtFBSchalter="-10000"/>
<FahrtEintrag FahrtWeg="1771.1449" FahrtZeit="2023-01-23 09:59:47" Kennung_FahrtZeitms="2023-01-23 09:59:47:886" Fahrtsp="9.3251" FahrtspStrecke="11.1111" FahrtspSignal="11.1111" FahrtspZugsicherung="12.5" Fahrtkm="49.621" FahrtHLDruck="5"/>
<FahrtEintrag FahrtWeg="1786.4047" FahrtZeit="2023-01-23 09:59:51" Kennung_FahrtZeitms="2023-01-23 09:59:51:278" Fahrtsp="9.2682" FahrtspStrecke="11.1111" FahrtspSignal="11.1111" FahrtspZugsicherung="12.5" Fahrtkm="49.6525" FahrtHLDruck="5"/>
<FahrtEintrag FahrtWeg="1821.5043" FahrtZeit="2023-01-23 09:59:53" Kennung_FahrtZeitms="2023-01-23 09:59:53:822" Fahrtsp="9.2115" FahrtspStrecke="11.1111" FahrtspSignal="11.1111" FahrtspZugsicherung="12.5" Fahrtkm="49.6525" FahrtHLDruck="5"/>
<FahrtEintrag FahrtWeg="1846.7517" FahrtZeit="2023-01-23 09:59:56" Kennung_FahrtZeitms="2023-01-23 09:59:56:603" Fahrtsp="9.1908" FahrtspStrecke="11.1111" FahrtspSignal="11.1111" FahrtspZugsicherung="12.5" Fahrtkm="49.7187" FahrtHLDruck="5" FahrtFBSchalter="4"/>
<FahrtEintrag FahrtWeg="1871.8378" FahrtZeit="2023-01-23 09:59:59" Kennung_FahrtZeitms="2023-01-23 09:59:59:179" Fahrtsp="9.6085" FahrtspStrecke="11.1111" FahrtspSignal="11.1111" FahrtspZugsicherung="12.5" Fahrtkm="49.7413" FahrtHLDruck="5" FahrtFBSchalter="8"/>
<FahrtEintrag FahrtWeg="1897.2378" FahrtZeit="2023-01-23 10:00:01" Kennung_FahrtZeitms="2023-01-23 10:00:01:591" Fahrtsp="10.0899" FahrtspStrecke="11.1111" FahrtspSignal="11.1111" FahrtspZugsicherung="12.5" Fahrtkm="49.7649" FahrtHLDruck="5" FahrtFBSchalter="6"/>
<FahrtEintrag FahrtWeg="1922.3562" FahrtZeit="2023-01-23 10:00:04" Kennung_FahrtZeitms="2023-01-23 10:00:04:482" Fahrtsp="10.0844" FahrtspStrecke="11.1111" FahrtspSignal="11.1111" FahrtspZugsicherung="12.5" Fahrtkm="49.7903" FahrtHLDruck="5"/>
<FahrtEintrag FahrtWeg="1947.4333" FahrtZeit="2023-01-23 10:00:06" Kennung_FahrtZeitms="2023-01-23 10:00:06:714" Fahrtsp="10.0543" FahrtspStrecke="11.1111" FahrtspSignal="11.1111" FahrtspZugsicherung="12.5" Fahrtkm="49.8157" FahrtHLDruck="5"/>
<FahrtEintrag FahrtWeg="1972.4866" FahrtZeit="2023-01-23 10:00:09" Kennung_FahrtZeitms="2023-01-23 10:00:09:392" Fahrtsp="10.028" FahrtspStrecke="11.1111" FahrtspSignal="11.1111" FahrtspZugsicherung="12.5" Fahrtkm="49.8392" FahrtHLDruck="5" FahrtFBSchalter="2"/>
<FahrtEintrag FahrtWeg="1997.8654" FahrtZeit="2023-01-23 10:00:11" Kennung_FahrtZeitms="2023-01-23 10:00:11:321" Fahrtsp="10.1223" FahrtspStrecke="11.1111" FahrtspSignal="11.1111" FahrtspZugsicherung="12.5" Fahrtkm="49.8679" FahrtHLDruck="5" FahrtFBSchalter="2"/>
<FahrtEintrag FahrtTyp="5" FahrtWeg="-1" FahrtZeit="2023-01-23 10:00:13" Kennung_FahrtZeitms="2023-01-23 10:00:13:000" Fahrtsp="-1" FahrtspStrecke="-1" FahrtspSignal="-1" FahrtspZugsicherung="-1" FahrtText="Zugende passiert Ende Weichenbereich" FahrtHLDruck="-1" FahrtParameter="4" FahrtFBSchalter="-10000"/>
<FahrtEintrag FahrtWeg="2015.645" FahrtZeit="2023-01-23 10:00:13" Kennung_FahrtZeitms="2023-01-23 10:00:13:004" Fahrtsp="10.1875" FahrtspStrecke="11.1111" FahrtspSignal="-1" FahrtspZugsicherung="12.5" Fahrtkm="49.8679" FahrtHLDruck="5" FahrtFBSchalter="2"/>
<FahrtEintrag FahrtWeg="2040.6691" FahrtZeit="2023-01-23 10:00:15" Kennung_FahrtZeitms="2023-01-23 10:00:15:124" Fahrtsp="10.1977" FahrtspStrecke="11.1111" FahrtspSignal="-1" FahrtspZugsicherung="12.5" Fahrtkm="49.8679" FahrtHLDruck="5"/>
<FahrtEintrag FahrtWeg="2065.9956" FahrtZeit="2023-01-23 10:00:18" Kennung_FahrtZeitms="2023-01-23 10:00:18:233" Fahrtsp="10.1675" FahrtspStrecke="11.1111" FahrtspSignal="-1" FahrtspZugsicherung="12.5" Fahrtkm="49.8679" FahrtHLDruck="5"/>
<FahrtEintrag FahrtWeg="2091.2756" FahrtZeit="2023-01-23 10:00:20" Kennung_FahrtZeitms="2023-01-23 10:00:20:542" Fahrtsp="10.1372" FahrtspStrecke="11.1111" FahrtspSignal="-1" FahrtspZugsicherung="45.8333" Fahrtkm="49.8679" FahrtHLDruck="5"/>
<FahrtEintrag FahrtWeg="2116.3542" FahrtZeit="2023-01-23 10:00:23" Kennung_FahrtZeitms="2023-01-23 10:00:23:452" Fahrtsp="10.1072" FahrtspStrecke="11.1111" FahrtspSignal="-1" FahrtspZugsicherung="45.8333" Fahrtkm="49.9674" FahrtHLDruck="5"/>
<FahrtEintrag FahrtWeg="2141.6155" FahrtZeit="2023-01-23 10:00:25" Kennung_FahrtZeitms="2023-01-23 10:00:25:963" Fahrtsp="10.077" FahrtspStrecke="11.1111" FahrtspSignal="-1" FahrtspZugsicherung="45.8333" Fahrtkm="49.9674" FahrtHLDruck="5"/>
<FahrtEintrag FahrtWeg="2166.7939" FahrtZeit="2023-01-23 10:00:28" Kennung_FahrtZeitms="2023-01-23 10:00:28:749" Fahrtsp="10.0468" FahrtspStrecke="11.1111" FahrtspSignal="-1" FahrtspZugsicherung="45.8333" Fahrtkm="49.9674" FahrtHLDruck="5"/>
<FahrtEintrag FahrtWeg="2176.813" FahrtZeit="2023-01-23 10:00:29" Kennung_FahrtZeitms="2023-01-23 10:00:29:373" Fahrtsp="10.0348" FahrtspStrecke="11.1111" FahrtspSignal="-1" FahrtspZugsicherung="45.8333" Fahrtkm="49.9674" FahrtHLDruck="5"/>
<FahrtEintrag FahrtWeg="2179.2993" FahrtZeit="2023-01-23 10:00:29" Kennung_FahrtZeitms="2023-01-23 10:00:29:448" Fahrtsp="10.0318" FahrtspStrecke="11.1111" FahrtspSignal="-1" FahrtspZugsicherung="45.8333" Fahrtkm="49.9674" FahrtHLDruck="5"/>
<FahrtEintrag FahrtWeg="2204.5977" FahrtZeit="2023-01-23 10:00:32" Kennung_FahrtZeitms="2023-01-23 10:00:32:462" Fahrtsp="10.0013" FahrtspStrecke="11.1111" FahrtspSignal="-1" FahrtspZugsicherung="45.8333" Fahrtkm="50.0669" FahrtHLDruck="5"/>
<FahrtEintrag FahrtWeg="2229.7385" FahrtZeit="2023-01-23 10:00:34" Kennung_FahrtZeitms="2023-01-23 10:00:34:727" Fahrtsp="9.9711" FahrtspStrecke="11.1111" FahrtspSignal="-1" FahrtspZugsicherung="45.8333" Fahrtkm="50.0669" FahrtHLDruck="5"/>
<FahrtEintrag FahrtWeg="2254.7959" FahrtZeit="2023-01-23 10:00:37" Kennung_FahrtZeitms="2023-01-23 10:00:37:508" Fahrtsp="9.9641" FahrtspStrecke="11.1111" FahrtspSignal="-1" FahrtspZugsicherung="45.8333" Fahrtkm="50.0669" FahrtHLDruck="5" FahrtFBSchalter="2"/>
<FahrtEintrag FahrtWeg="2279.9966" FahrtZeit="2023-01-23 10:00:39" Kennung_FahrtZeitms="2023-01-23 10:00:39:567" Fahrtsp="10.1493" FahrtspStrecke="11.1111" FahrtspSignal="-1" FahrtspZugsicherung="45.8333" Fahrtkm="50.0669" FahrtHLDruck="5" FahrtFBSchalter="4"/>
<FahrtEintrag FahrtWeg="2305.1543" FahrtZeit="2023-01-23 10:00:42" Kennung_FahrtZeitms="2023-01-23 10:00:42:001" Fahrtsp="10.4155" FahrtspStrecke="11.1111" FahrtspSignal="-1" FahrtspZugsicherung="45.8333" Fahrtkm="50.1665" FahrtHLDruck="5" FahrtFBSchalter="6"/>
<FahrtEintrag FahrtWeg="2330.4216" FahrtZeit="2023-01-23 10:00:44" Kennung_FahrtZeitms="2023-01-23 10:00:44:164" Fahrtsp="10.5233" FahrtspStrecke="11.1111" FahrtspSignal="-1" FahrtspZugsicherung="45.8333" Fahrtkm="50.1665" FahrtHLDruck="5" FahrtFBSchalter="2"/>
<FahrtEintrag FahrtWeg="2355.6702" FahrtZeit="2023-01-23 10:00:46" Kennung_FahrtZeitms="2023-01-23 10:00:46:518" Fahrtsp="10.6762" FahrtspStrecke="11.1111" FahrtspSignal="-1" FahrtspZugsicherung="45.8333" Fahrtkm="50.1665" FahrtHLDruck="5"/>
<FahrtEintrag FahrtWeg="2380.6875" FahrtZeit="2023-01-23 10:00:49" Kennung_FahrtZeitms="2023-01-23 10:00:49:256" Fahrtsp="10.6468" FahrtspStrecke="11.1111" FahrtspSignal="-1" FahrtspZugsicherung="45.8333" Fahrtkm="50.1665" FahrtHLDruck="5"/>
<FahrtEintrag FahrtWeg="2405.9688" FahrtZeit="2023-01-23 10:00:51" Kennung_FahrtZeitms="2023-01-23 10:00:51:334" Fahrtsp="10.6172" FahrtspStrecke="11.1111" FahrtspSignal="-1" FahrtspZugsicherung="45.8333" Fahrtkm="50.179" FahrtHLDruck="5"/>
<FahrtEintrag FahrtWeg="2431.3032" FahrtZeit="2023-01-23 10:00:53" Kennung_FahrtZeitms="2023-01-23 10:00:53:647" Fahrtsp="10.5874" FahrtspStrecke="11.1111" FahrtspSignal="-1" FahrtspZugsicherung="45.8333" Fahrtkm="50.2044" FahrtHLDruck="5"/>
<FahrtEintrag FahrtWeg="2456.5554" FahrtZeit="2023-01-23 10:00:56" Kennung_FahrtZeitms="2023-01-23 10:00:56:388" Fahrtsp="10.5577" FahrtspStrecke="11.1111" FahrtspSignal="-1" FahrtspZugsicherung="45.8333" Fahrtkm="50.266" FahrtHLDruck="5"/>
<FahrtEintrag FahrtWeg="2481.6536" FahrtZeit="2023-01-23 10:00:58" Kennung_FahrtZeitms="2023-01-23 10:00:58:813" Fahrtsp="10.5281" FahrtspStrecke="11.1111" FahrtspSignal="-1" FahrtspZugsicherung="45.8333" Fahrtkm="50.266" FahrtHLDruck="5"/>
<FahrtEintrag FahrtWeg="2506.6567" FahrtZeit="2023-01-23 10:01:00" Kennung_FahrtZeitms="2023-01-23 10:01:00:751" Fahrtsp="10.4987" FahrtspStrecke="11.1111" FahrtspSignal="-1" FahrtspZugsicherung="45.8333" Fahrtkm="50.3655" FahrtHLDruck="5"/>
<FahrtEintrag FahrtWeg="2531.7041" FahrtZeit="2023-01-23 10:01:03" Kennung_FahrtZeitms="2023-01-23 10:01:03:002" Fahrtsp="10.4691" FahrtspStrecke="11.1111" FahrtspSignal="-1" FahrtspZugsicherung="45.8333" Fahrtkm="50.3655" FahrtHLDruck="5"/>
<FahrtEintrag FahrtWeg="2556.8337" FahrtZeit="2023-01-23 10:01:05" Kennung_FahrtZeitms="2023-01-23 10:01:05:334" Fahrtsp="10.4395" FahrtspStrecke="11.1111" FahrtspSignal="-1" FahrtspZugsicherung="45.8333" Fahrtkm="50.3655" FahrtHLDruck="5"/>
<FahrtEintrag FahrtWeg="2581.9333" FahrtZeit="2023-01-23 10:01:08" Kennung_FahrtZeitms="2023-01-23 10:01:08:284" Fahrtsp="10.4098" FahrtspStrecke="11.1111" FahrtspSignal="-1" FahrtspZugsicherung="45.8333" Fahrtkm="50.3655" FahrtHLDruck="5"/>
<FahrtEintrag FahrtWeg="2606.9609" FahrtZeit="2023-01-23 10:01:10" Kennung_FahrtZeitms="2023-01-23 10:01:10:511" Fahrtsp="10.3802" FahrtspStrecke="11.1111" FahrtspSignal="-1" FahrtspZugsicherung="45.8333" Fahrtkm="50.4651" FahrtHLDruck="5"/>
<FahrtEintrag FahrtWeg="2632.0671" FahrtZeit="2023-01-23 10:01:13" Kennung_FahrtZeitms="2023-01-23 10:01:13:394" Fahrtsp="10.3504" FahrtspStrecke="11.1111" FahrtspSignal="-1" FahrtspZugsicherung="45.8333" Fahrtkm="50.4651" FahrtHLDruck="5"/>
<FahrtEintrag FahrtWeg="2657.1912" FahrtZeit="2023-01-23 10:01:15" Kennung_FahrtZeitms="2023-01-23 10:01:15:647" Fahrtsp="10.3325" FahrtspStrecke="11.1111" FahrtspSignal="-1" FahrtspZugsicherung="45.8333" Fahrtkm="50.4651" FahrtHLDruck="5" FahrtFBSchalter="1"/>
<FahrtEintrag FahrtWeg="2682.4553" FahrtZeit="2023-01-23 10:01:17" Kennung_FahrtZeitms="2023-01-23 10:01:17:993" Fahrtsp="10.3623" FahrtspStrecke="11.1111" FahrtspSignal="-1" FahrtspZugsicherung="45.8333" Fahrtkm="50.5393" FahrtHLDruck="5" FahrtFBSchalter="1"/>
<FahrtEintrag FahrtWeg="2703.0166" FahrtZeit="2023-01-23 10:01:19" Kennung_FahrtZeitms="2023-01-23 10:01:19:968" Fahrtsp="10.4277" FahrtspStrecke="11.1111" FahrtspSignal="-1" FahrtspZugsicherung="45.8333" Fahrtkm="50.5647" FahrtHLDruck="5" FahrtFBSchalter="2"/>
<FahrtEintrag FahrtWeg="2707.5029" FahrtZeit="2023-01-23 10:01:20" Kennung_FahrtZeitms="2023-01-23 10:01:20:064" Fahrtsp="10.4877" FahrtspStrecke="11.1111" FahrtspSignal="-1" FahrtspZugsicherung="45.8333" Fahrtkm="50.5647" FahrtHLDruck="5" FahrtFBSchalter="2"/>
<FahrtEintrag FahrtWeg="2732.7712" FahrtZeit="2023-01-23 10:01:22" Kennung_FahrtZeitms="2023-01-23 10:01:22:368" Fahrtsp="10.5023" FahrtspStrecke="11.1111" FahrtspSignal="-1" FahrtspZugsicherung="45.8333" Fahrtkm="50.5647" FahrtHLDruck="5"/>
<FahrtEintrag FahrtWeg="2758.0596" FahrtZeit="2023-01-23 10:01:25" Kennung_FahrtZeitms="2023-01-23 10:01:25:264" Fahrtsp="10.4725" FahrtspStrecke="11.1111" FahrtspSignal="-1" FahrtspZugsicherung="45.8333" Fahrtkm="50.5647" FahrtHLDruck="5"/>
<FahrtEintrag FahrtWeg="2783.0735" FahrtZeit="2023-01-23 10:01:27" Kennung_FahrtZeitms="2023-01-23 10:01:27:637" Fahrtsp="10.443" FahrtspStrecke="11.1111" FahrtspSignal="-1" FahrtspZugsicherung="45.8333" Fahrtkm="50.5647" FahrtHLDruck="5"/>
<FahrtEintrag FahrtWeg="2808.3677" FahrtZeit="2023-01-23 10:01:29" Kennung_FahrtZeitms="2023-01-23 10:01:29:324" Fahrtsp="10.4131" FahrtspStrecke="11.1111" FahrtspSignal="-1" FahrtspZugsicherung="45.8333" Fahrtkm="50.6642" FahrtHLDruck="5"/>
<FahrtEintrag FahrtTyp="8" FahrtWeg="-1" FahrtZeit="2023-01-23 10:01:30" Kennung_FahrtZeitms="2023-01-23 10:01:30:072" Fahrtsp="-1" FahrtspStrecke="-1" FahrtspSignal="-1" FahrtspZugsicherung="-1" FahrtHLDruck="-1" FahrtParameter="48" FahrtFBSchalter="-10000"/>
<FahrtEintrag FahrtWeg="2808.3677" FahrtZeit="2023-01-23 10:01:30" Kennung_FahrtZeitms="2023-01-23 10:01:30:099" Fahrtsp="10.2301" FahrtspStrecke="11.1111" FahrtspSignal="-1" FahrtspZugsicherung="45.8333" Fahrtkm="50.6701" FahrtHLDruck="5"/>
<FahrtEintrag FahrtTyp="8" FahrtWeg="-1" FahrtZeit="2023-01-23 10:01:30" Kennung_FahrtZeitms="2023-01-23 10:01:30:299" Fahrtsp="-1" FahrtspStrecke="-1" FahrtspSignal="-1" FahrtspZugsicherung="-1" FahrtHLDruck="-1" FahrtParameter="16" FahrtFBSchalter="-10000"/>
<FahrtEintrag FahrtWeg="2833.5078" FahrtZeit="2023-01-23 10:01:32" Kennung_FahrtZeitms="2023-01-23 10:01:32:647" Fahrtsp="10.3833" FahrtspStrecke="11.1111" FahrtspSignal="-1" FahrtspZugsicherung="45.8333" Fahrtkm="50.6701" FahrtHLDruck="5"/>
<FahrtEintrag FahrtWeg="2858.7104" FahrtZeit="2023-01-23 10:01:34" Kennung_FahrtZeitms="2023-01-23 10:01:34:759" Fahrtsp="10.3535" FahrtspStrecke="11.1111" FahrtspSignal="-1" FahrtspZugsicherung="45.8333" Fahrtkm="50.6701" FahrtHLDruck="5"/>
<FahrtEintrag FahrtWeg="2883.8967" FahrtZeit="2023-01-23 10:01:37" Kennung_FahrtZeitms="2023-01-23 10:01:37:322" Fahrtsp="10.3236" FahrtspStrecke="11.1111" FahrtspSignal="-1" FahrtspZugsicherung="45.8333" Fahrtkm="50.6701" FahrtHLDruck="5"/>
<FahrtEintrag FahrtWeg="2908.9023" FahrtZeit="2023-01-23 10:01:39" Kennung_FahrtZeitms="2023-01-23 10:01:39:575" Fahrtsp="10.2939" FahrtspStrecke="11.1111" FahrtspSignal="-1" FahrtspZugsicherung="45.8333" Fahrtkm="50.7638" FahrtHLDruck="5"/>
<FahrtEintrag FahrtWeg="2934.0957" FahrtZeit="2023-01-23 10:01:42" Kennung_FahrtZeitms="2023-01-23 10:01:42:055" Fahrtsp="10.2639" FahrtspStrecke="11.1111" FahrtspSignal="-1" FahrtspZugsicherung="45.8333" Fahrtkm="50.7638" FahrtHLDruck="5"/>
<FahrtEintrag FahrtWeg="2959.3127" FahrtZeit="2023-01-23 10:01:44" Kennung_FahrtZeitms="2023-01-23 10:01:44:407" Fahrtsp="10.2339" FahrtspStrecke="11.1111" FahrtspSignal="-1" FahrtspZugsicherung="45.8333" Fahrtkm="50.7638" FahrtHLDruck="5"/>
<FahrtEintrag FahrtWeg="2960.8977" FahrtZeit="2023-01-23 10:01:44" Kennung_FahrtZeitms="2023-01-23 10:01:44:562" Fahrtsp="10.232" FahrtspStrecke="11.1111" FahrtspSignal="-1" FahrtspZugsicherung="45.8333" Fahrtkm="50.7638" FahrtHLDruck="5"/>
<FahrtEintrag FahrtWeg="2988.8032" FahrtZeit="2023-01-23 10:01:47" Kennung_FahrtZeitms="2023-01-23 10:01:47:292" Fahrtsp="10.2172" FahrtspStrecke="11.1111" FahrtspSignal="-1" FahrtspZugsicherung="45.8333" Fahrtkm="50.7638" FahrtHLDruck="5" FahrtFBSchalter="1"/>
<FahrtEintrag FahrtWeg="3013.9346" FahrtZeit="2023-01-23 10:01:49" Kennung_FahrtZeitms="2023-01-23 10:01:49:112" Fahrtsp="10.3021" FahrtspStrecke="11.1111" FahrtspSignal="-1" FahrtspZugsicherung="45.8333" Fahrtkm="50.8633" FahrtHLDruck="5" FahrtFBSchalter="3"/>
<FahrtEintrag FahrtWeg="3039.1162" FahrtZeit="2023-01-23 10:01:52" Kennung_FahrtZeitms="2023-01-23 10:01:52:042" Fahrtsp="10.5696" FahrtspStrecke="11.1111" FahrtspSignal="-1" FahrtspZugsicherung="45.8333" Fahrtkm="50.8633" FahrtHLDruck="5" FahrtFBSchalter="7"/>
<FahrtEintrag FahrtWeg="3064.2129" FahrtZeit="2023-01-23 10:01:54" Kennung_FahrtZeitms="2023-01-23 10:01:54:076" Fahrtsp="10.9119" FahrtspStrecke="11.1111" FahrtspSignal="-1" FahrtspZugsicherung="45.8333" Fahrtkm="50.8634" FahrtHLDruck="5"/>
<FahrtEintrag FahrtWeg="3089.3164" FahrtZeit="2023-01-23 10:01:56" Kennung_FahrtZeitms="2023-01-23 10:01:56:119" Fahrtsp="10.8828" FahrtspStrecke="11.1111" FahrtspSignal="-1" FahrtspZugsicherung="45.8333" Fahrtkm="50.8634" FahrtHLDruck="5"/>
<FahrtEintrag FahrtWeg="3114.6584" FahrtZeit="2023-01-23 10:01:59" Kennung_FahrtZeitms="2023-01-23 10:01:59:161" Fahrtsp="10.8533" FahrtspStrecke="11.1111" FahrtspSignal="-1" FahrtspZugsicherung="45.8333" Fahrtkm="50.963" FahrtHLDruck="5"/>
<FahrtEintrag FahrtWeg="3139.6741" FahrtZeit="2023-01-23 10:02:01" Kennung_FahrtZeitms="2023-01-23 10:02:01:164" Fahrtsp="10.8241" FahrtspStrecke="11.1111" FahrtspSignal="-1" FahrtspZugsicherung="45.8333" Fahrtkm="50.963" FahrtHLDruck="5"/>
<FahrtEintrag FahrtWeg="3164.8374" FahrtZeit="2023-01-23 10:02:03" Kennung_FahrtZeitms="2023-01-23 10:02:03:423" Fahrtsp="10.7947" FahrtspStrecke="11.1111" FahrtspSignal="-1" FahrtspZugsicherung="45.8333" Fahrtkm="50.963" FahrtHLDruck="5"/>
<FahrtEintrag FahrtWeg="3189.9048" FahrtZeit="2023-01-23 10:02:06" Kennung_FahrtZeitms="2023-01-23 10:02:06:423" Fahrtsp="10.7655" FahrtspStrecke="11.1111" FahrtspSignal="-1" FahrtspZugsicherung="45.8333" Fahrtkm="51.038" FahrtHLDruck="5"/>
<FahrtEintrag FahrtWeg="3215.1765" FahrtZeit="2023-01-23 10:02:08" Kennung_FahrtZeitms="2023-01-23 10:02:08:365" Fahrtsp="10.736" FahrtspStrecke="11.1111" FahrtspSignal="-1" FahrtspZugsicherung="45.8333" Fahrtkm="51.0626" FahrtHLDruck="5"/>
<FahrtEintrag FahrtWeg="3240.2402" FahrtZeit="2023-01-23 10:02:10" Kennung_FahrtZeitms="2023-01-23 10:02:10:268" Fahrtsp="10.7067" FahrtspStrecke="11.1111" FahrtspSignal="-1" FahrtspZugsicherung="45.8333" Fahrtkm="51.0625" FahrtHLDruck="5"/>
<FahrtEintrag FahrtWeg="3265.314" FahrtZeit="2023-01-23 10:02:13" Kennung_FahrtZeitms="2023-01-23 10:02:13:254" Fahrtsp="10.6773" FahrtspStrecke="11.1111" FahrtspSignal="-1" FahrtspZugsicherung="45.8333" Fahrtkm="51.0626" FahrtHLDruck="5"/>
<FahrtEintrag FahrtWeg="3290.6614" FahrtZeit="2023-01-23 10:02:15" Kennung_FahrtZeitms="2023-01-23 10:02:15:253" Fahrtsp="10.6476" FahrtspStrecke="11.1111" FahrtspSignal="-1" FahrtspZugsicherung="45.8333" Fahrtkm="51.1621" FahrtHLDruck="5"/>
<FahrtEintrag FahrtWeg="3315.855" FahrtZeit="2023-01-23 10:02:18" Kennung_FahrtZeitms="2023-01-23 10:02:18:424" Fahrtsp="10.6181" FahrtspStrecke="11.1111" FahrtspSignal="-1" FahrtspZugsicherung="45.8333" Fahrtkm="51.1621" FahrtHLDruck="5"/>
<FahrtEintrag FahrtWeg="3341.1079" FahrtZeit="2023-01-23 10:02:20" Kennung_FahrtZeitms="2023-01-23 10:02:20:639" Fahrtsp="10.5884" FahrtspStrecke="11.1111" FahrtspSignal="-1" FahrtspZugsicherung="45.8333" Fahrtkm="51.213" FahrtHLDruck="5"/>
<FahrtEintrag FahrtWeg="3364.8677" FahrtZeit="2023-01-23 10:02:22" Kennung_FahrtZeitms="2023-01-23 10:02:22:079" Fahrtsp="10.5605" FahrtspStrecke="11.1111" FahrtspSignal="-1" FahrtspZugsicherung="45.8333" Fahrtkm="51.213" FahrtHLDruck="5"/>
<FahrtEintrag FahrtWeg="3367.3413" FahrtZeit="2023-01-23 10:02:22" Kennung_FahrtZeitms="2023-01-23 10:02:22:189" Fahrtsp="10.5576" FahrtspStrecke="11.1111" FahrtspSignal="-1" FahrtspZugsicherung="45.8333" Fahrtkm="51.213" FahrtHLDruck="5"/>
<FahrtEintrag FahrtWeg="3392.6807" FahrtZeit="2023-01-23 10:02:25" Kennung_FahrtZeitms="2023-01-23 10:02:25:169" Fahrtsp="10.5278" FahrtspStrecke="11.1111" FahrtspSignal="-1" FahrtspZugsicherung="45.8333" Fahrtkm="51.2617" FahrtHLDruck="5"/>
<FahrtEintrag FahrtWeg="3417.6997" FahrtZeit="2023-01-23 10:02:27" Kennung_FahrtZeitms="2023-01-23 10:02:27:069" Fahrtsp="10.4983" FahrtspStrecke="11.1111" FahrtspSignal="-1" FahrtspZugsicherung="45.8333" Fahrtkm="51.288" FahrtHLDruck="5"/>
<FahrtEintrag FahrtWeg="3442.717" FahrtZeit="2023-01-23 10:02:30" Kennung_FahrtZeitms="2023-01-23 10:02:30:269" Fahrtsp="10.4687" FahrtspStrecke="11.1111" FahrtspSignal="-1" FahrtspZugsicherung="45.8333" Fahrtkm="51.288" FahrtHLDruck="5"/>
<FahrtEintrag FahrtWeg="3468.0508" FahrtZeit="2023-01-23 10:02:32" Kennung_FahrtZeitms="2023-01-23 10:02:32:223" Fahrtsp="10.4388" FahrtspStrecke="11.1111" FahrtspSignal="-1" FahrtspZugsicherung="45.8333" Fahrtkm="51.288" FahrtHLDruck="5"/>
<FahrtEintrag FahrtWeg="3500.0747" FahrtZeit="2023-01-23 10:02:35" Kennung_FahrtZeitms="2023-01-23 10:02:35:295" Fahrtsp="10.4091" FahrtspStrecke="11.1111" FahrtspSignal="-1" FahrtspZugsicherung="45.8333" Fahrtkm="51.3611" FahrtHLDruck="5"/>
<FahrtEintrag FahrtTyp="8" FahrtWeg="-1" FahrtZeit="2023-01-23 10:02:37" Kennung_FahrtZeitms="2023-01-23 10:02:37:185" Fahrtsp="-1" FahrtspStrecke="-1" FahrtspSignal="-1" FahrtspZugsicherung="-1" FahrtHLDruck="-1" FahrtParameter="48" FahrtFBSchalter="-10000"/>
<FahrtEintrag FahrtWeg="3520.343" FahrtZeit="2023-01-23 10:02:37" Kennung_FahrtZeitms="2023-01-23 10:02:37:191" Fahrtsp="10.5605" FahrtspStrecke="11.1111" FahrtspSignal="-1" FahrtspZugsicherung="45.8333" Fahrtkm="51.3811" FahrtHLDruck="5"/>
<FahrtEintrag FahrtTyp="8" FahrtWeg="-1" FahrtZeit="2023-01-23 10:02:32" Kennung_FahrtZeitms="2023-01-23 10:02:37:396" Fahrtsp="-1" FahrtspStrecke="-1" FahrtspSignal="-1" FahrtspZugsicherung="-1" FahrtHLDruck="-1" FahrtParameter="16" FahrtFBSchalter="-10000"/>
<FahrtEintrag FahrtWeg="3543.2014" FahrtZeit="2023-01-23 10:02:39" Kennung_FahrtZeitms="2023-01-23 10:02:39:601" Fahrtsp="10.6614" FahrtspStrecke="11.1111" FahrtspSignal="-1" FahrtspZugsicherung="45.8333" Fahrtkm="51.3811" FahrtHLDruck="5" FahrtFBSchalter="1"/>
<FahrtEintrag FahrtWeg="3568.2141" FahrtZeit="2023-01-23 10:02:41" Kennung_FahrtZeitms="2023-01-23 10:02:41:993" Fahrtsp="10.5907" FahrtspStrecke="11.1111" FahrtspSignal="-1" FahrtspZugsicherung="45.8333" Fahrtkm="51.3811" FahrtHLDruck="5" FahrtFBSchalter="1"/>
<FahrtEintrag FahrtWeg="3593.4536" FahrtZeit="2023-01-23 10:02:44" Kennung_FahrtZeitms="2023-01-23 10:02:44:123" Fahrtsp="10.4315" FahrtspStrecke="11.1111" FahrtspSignal="-1" FahrtspZugsicherung="45.8333" Fahrtkm="51.4607" FahrtHLDruck="5" FahrtFBSchalter="3"/>
<FahrtEintrag FahrtWeg="3618.5452" FahrtZeit="2023-01-23 10:02:46" Kennung_FahrtZeitms="2023-01-23 10:02:46:475" Fahrtsp="10.6264" FahrtspStrecke="11.1111" FahrtspSignal="-1" FahrtspZugsicherung="45.8333" Fahrtkm="51.4607" FahrtHLDruck="5" FahrtFBSchalter="4"/>
<FahrtEintrag FahrtWeg="3643.7375" FahrtZeit="2023-01-23 10:02:49" Kennung_FahrtZeitms="2023-01-23 10:02:49:658" Fahrtsp="10.6312" FahrtspStrecke="11.1111" FahrtspSignal="-1" FahrtspZugsicherung="45.8333" Fahrtkm="51.4607" FahrtHLDruck="5"/>
<FahrtEintrag FahrtWeg="3668.7793" FahrtZeit="2023-01-23 10:02:51" Kennung_FahrtZeitms="2023-01-23 10:02:51:833" Fahrtsp="10.6018" FahrtspStrecke="11.1111" FahrtspSignal="-1" FahrtspZugsicherung="45.8333" Fahrtkm="51.4607" FahrtHLDruck="5"/>
<FahrtEintrag FahrtTyp="5" FahrtWeg="3687.8743" FahrtZeit="2023-01-23 10:02:53" Kennung_FahrtZeitms="2023-01-23 10:02:53:134" Fahrtsp="10.5789" FahrtspStrecke="11.1111" FahrtspSignal="-1" FahrtspZugsicherung="45.8333" FahrtText="LZB-Bk 21/22/121/122 LZB-Bk 21" Fahrtkm="51.4607" FahrtHLDruck="5"/>
<FahrtEintrag FahrtTyp="5" FahrtWeg="-1" FahrtZeit="2023-01-23 10:02:53" Kennung_FahrtZeitms="2023-01-23 10:02:53:235" Fahrtsp="-1" FahrtspStrecke="-1" FahrtspSignal="-1" FahrtspZugsicherung="-1" FahrtText="Zugende passiert Ende Weichenbereich" FahrtHLDruck="-1" FahrtParameter="4" FahrtFBSchalter="-10000"/>
<FahrtEintrag FahrtWeg="3688.2107" FahrtZeit="2023-01-23 10:02:53" Kennung_FahrtZeitms="2023-01-23 10:02:53:682" Fahrtsp="10.5789" FahrtspStrecke="11.1111" FahrtspSignal="-1" FahrtspZugsicherung="45.8333" Fahrtkm="51.5602" FahrtHLDruck="5"/>
<FahrtEintrag FahrtTyp="5" FahrtWeg="-1" FahrtZeit="2023-01-23 10:02:55" Kennung_FahrtZeitms="2023-01-23 10:02:53:005" Fahrtsp="-1" FahrtspStrecke="-1" FahrtspSignal="-1" FahrtspZugsicherung="-1" FahrtText="Zugende passiert Ende Weichenbereich" FahrtHLDruck="-1" FahrtParameter="4" FahrtFBSchalter="-10000"/>
<FahrtEintrag FahrtWeg="3688.2107" FahrtZeit="2023-01-23 10:02:53" Kennung_FahrtZeitms="2023-01-23 10:02:53:681" Fahrtsp="10.5789" FahrtspStrecke="11.1111" FahrtspSignal="-1" FahrtspZugsicherung="45.8333" Fahrtkm="51.5602" FahrtHLDruck="5"/>
<FahrtEintrag FahrtWeg="3708.1165" FahrtZeit="2023-01-23 10:02:55" Kennung_FahrtZeitms="2023-01-23 10:02:55:673" Fahrtsp="10.5556" FahrtspStrecke="11.1111" FahrtspSignal="-1" FahrtspZugsicherung="45.8333" Fahrtkm="51.5682" FahrtHLDruck="5"/>
<FahrtEintrag FahrtWeg="3733.2986" FahrtZeit="2023-01-23 10:02:57" Kennung_FahrtZeitms="2023-01-23 10:02:57:224" Fahrtsp="10.5259" FahrtspStrecke="11.1111" FahrtspSignal="-1" FahrtspZugsicherung="45.8333" Fahrtkm="51.5682" FahrtHLDruck="5"/>
<FahrtEintrag FahrtWeg="3758.4333" FahrtZeit="2023-01-23 10:03:00" Kennung_FahrtZeitms="2023-01-23 10:03:00:565" Fahrtsp="10.4963" FahrtspStrecke="11.1111" FahrtspSignal="-1" FahrtspZugsicherung="45.8333" Fahrtkm="51.626" FahrtHLDruck="5"/>
<FahrtEintrag FahrtWeg="3783.657" FahrtZeit="2023-01-23 10:03:02" Kennung_FahrtZeitms="2023-01-23 10:03:02:216" Fahrtsp="10.4665" FahrtspStrecke="11.1111" FahrtspSignal="-1" FahrtspZugsicherung="45.8333" Fahrtkm="51.626" FahrtHLDruck="5"/>
<FahrtEintrag FahrtWeg="3808.7791" FahrtZeit="2023-01-23 10:03:04" Kennung_FahrtZeitms="2023-01-23 10:03:04:433" Fahrtsp="10.4368" FahrtspStrecke="11.1111" FahrtspSignal="-1" FahrtspZugsicherung="45.8333" Fahrtkm="51.6598" FahrtHLDruck="5"/>
<FahrtEintrag FahrtWeg="3834.0767" FahrtZeit="2023-01-23 10:03:07" Kennung_FahrtZeitms="2023-01-23 10:03:07:242" Fahrtsp="10.4069" FahrtspStrecke="11.1111" FahrtspSignal="-1" FahrtspZugsicherung="45.8333" Fahrtkm="51.6598" FahrtHLDruck="5"/>
<FahrtEintrag FahrtWeg="3859.3445" FahrtZeit="2023-01-23 10:03:09" Kennung_FahrtZeitms="2023-01-23 10:03:09:501" Fahrtsp="10.4453" FahrtspStrecke="11.1111" FahrtspSignal="-1" FahrtspZugsicherung="45.8333" Fahrtkm="51.6598" FahrtHLDruck="5" FahrtFBSchalter="2"/>
<FahrtEintrag FahrtWeg="3884.4124" FahrtZeit="2023-01-23 10:03:12" Kennung_FahrtZeitms="2023-01-23 10:03:12:387" Fahrtsp="10.5321" FahrtspStrecke="11.1111" FahrtspSignal="-1" FahrtspZugsicherung="45.8333" Fahrtkm="51.6598" FahrtHLDruck="5" FahrtFBSchalter="2"/>
<FahrtEintrag FahrtWeg="3909.6426" FahrtZeit="2023-01-23 10:03:14" Kennung_FahrtZeitms="2023-01-23 10:03:14:261" Fahrtsp="10.5963" FahrtspStrecke="11.1111" FahrtspSignal="-1" FahrtspZugsicherung="45.8333" Fahrtkm="51.7595" FahrtHLDruck="5"/>
<FahrtEintrag FahrtWeg="3934.866" FahrtZeit="2023-01-23 10:03:17" Kennung_FahrtZeitms="2023-01-23 10:03:17:378" Fahrtsp="10.5667" FahrtspStrecke="11.1111" FahrtspSignal="-1" FahrtspZugsicherung="45.8333" Fahrtkm="51.7595" FahrtHLDruck="5"/>
<FahrtEintrag FahrtWeg="3959.885" FahrtZeit="2023-01-23 10:03:19" Kennung_FahrtZeitms="2023-01-23 10:03:19:755" Fahrtsp="10.5372" FahrtspStrecke="11.1111" FahrtspSignal="-1" FahrtspZugsicherung="45.8333" Fahrtkm="51.7594" FahrtHLDruck="5"/>
<FahrtEintrag FahrtWeg="3984.895" FahrtZeit="2023-01-23 10:03:21" Kennung_FahrtZeitms="2023-01-23 10:03:21:591" Fahrtsp="10.5078" FahrtspStrecke="11.1111" FahrtspSignal="-1" FahrtspZugsicherung="45.8333" Fahrtkm="51.7594" FahrtHLDruck="5"/>
<FahrtEintrag FahrtWeg="4010.1572" FahrtZeit="2023-01-23 10:03:24" Kennung_FahrtZeitms="2023-01-23 10:03:24:092" Fahrtsp="10.478" FahrtspStrecke="11.1111" FahrtspSignal="-1" FahrtspZugsicherung="45.8333" Fahrtkm="51.8589" FahrtHLDruck="5"/>
<FahrtEintrag FahrtWeg="4035.4468" FahrtZeit="2023-01-23 10:03:26" Kennung_FahrtZeitms="2023-01-23 10:03:26:564" Fahrtsp="10.4481" FahrtspStrecke="11.1111" FahrtspSignal="-1" FahrtspZugsicherung="45.8333" Fahrtkm="51.8589" FahrtHLDruck="5"/>
<FahrtEintrag FahrtWeg="4060.582" FahrtZeit="2023-01-23 10:03:28" Kennung_FahrtZeitms="2023-01-23 10:03:28:686" Fahrtsp="10.4184" FahrtspStrecke="11.1111" FahrtspSignal="-1" FahrtspZugsicherung="45.8333" Fahrtkm="51.8589" FahrtHLDruck="5"/>
<FahrtEintrag FahrtWeg="4085.7722" FahrtZeit="2023-01-23 10:03:31" Kennung_FahrtZeitms="2023-01-23 10:03:31:512" Fahrtsp="10.3886" FahrtspStrecke="11.1111" FahrtspSignal="-1" FahrtspZugsicherung="45.8333" Fahrtkm="51.8589" FahrtHLDruck="5"/>
<FahrtEintrag FahrtWeg="4110.8789" FahrtZeit="2023-01-23 10:03:33" Kennung_FahrtZeitms="2023-01-23 10:03:33:897" Fahrtsp="10.7078" FahrtspStrecke="11.1111" FahrtspSignal="-1" FahrtspZugsicherung="45.8333" Fahrtkm="51.9585" FahrtHLDruck="5" FahrtFBSchalter="8"/>
<FahrtEintrag FahrtWeg="4135.9102" FahrtZeit="2023-01-23 10:03:36" Kennung_FahrtZeitms="2023-01-23 10:03:36:915" Fahrtsp="11.0798" FahrtspStrecke="11.1111" FahrtspSignal="-1" FahrtspZugsicherung="45.8333" Fahrtkm="51.9585" FahrtHLDruck="5"/>
<FahrtEintrag FahrtWeg="4160.9111" FahrtZeit="2023-01-23 10:03:38" Kennung_FahrtZeitms="2023-01-23 10:03:38:221" Fahrtsp="11.4118" FahrtspStrecke="11.1111" FahrtspSignal="-1" FahrtspZugsicherung="45.8333" Fahrtkm="52.0264" FahrtHLDruck="5"/>
<FahrtEintrag FahrtWeg="4186.0713" FahrtZeit="2023-01-23 10:03:40" Kennung_FahrtZeitms="2023-01-23 10:03:40:510" Fahrtsp="11.0218" FahrtspStrecke="11.1111" FahrtspSignal="-1" FahrtspZugsicherung="45.8333" Fahrtkm="52.058" FahrtHLDruck="5"/>
<FahrtEintrag FahrtWeg="4211.2046" FahrtZeit="2023-01-23 10:03:42" Kennung_FahrtZeitms="2023-01-23 10:03:42:913" Fahrtsp="10.9927" FahrtspStrecke="11.1111" FahrtspSignal="-1" FahrtspZugsicherung="45.8333" Fahrtkm="52.072" FahrtHLDruck="5"/>
<FahrtEintrag FahrtWeg="4236.3867" FahrtZeit="2023-01-23 10:03:45" Kennung_FahrtZeitms="2023-01-23 10:03:45:354" Fahrtsp="10.9635" FahrtspStrecke="11.1111" FahrtspSignal="-1" FahrtspZugsicherung="45.8333" Fahrtkm="52.072" FahrtHLDruck="5"/>
<FahrtEintrag FahrtWeg="4261.7158" FahrtZeit="2023-01-23 10:03:47" Kennung_FahrtZeitms="2023-01-23 10:03:47:741" Fahrtsp="10.9341" FahrtspStrecke="11.1111" FahrtspSignal="-1" FahrtspZugsicherung="45.8333" Fahrtkm="52.072" FahrtHLDruck="5"/>
<FahrtEintrag FahrtWeg="4286.77" FahrtZeit="2023-01-23 10:03:49" Kennung_FahrtZeitms="2023-01-23 10:03:49:882" Fahrtsp="10.905" FahrtspStrecke="11.1111" FahrtspSignal="-1" FahrtspZugsicherung="45.8333" Fahrtkm="52.1577" FahrtHLDruck="5"/>
<FahrtEintrag FahrtWeg="4311.9531" FahrtZeit="2023-01-23 10:03:52" Kennung_FahrtZeitms="2023-01-23 10:03:52:233" Fahrtsp="10.8758" FahrtspStrecke="11.1111" FahrtspSignal="-1" FahrtspZugsicherung="45.8333" Fahrtkm="52.1577" FahrtHLDruck="5"/>
<FahrtEintrag FahrtWeg="4337.3281" FahrtZeit="2023-01-23 10:03:54" Kennung_FahrtZeitms="2023-01-23 10:03:54:483" Fahrtsp="10.8462" FahrtspStrecke="11.1111" FahrtspSignal="-1" FahrtspZugsicherung="45.8333" Fahrtkm="52.1577" FahrtHLDruck="5"/>
<FahrtEintrag FahrtWeg="4362.7144" FahrtZeit="2023-01-23 10:03:56" Kennung_FahrtZeitms="2023-01-23 10:03:56:689" Fahrtsp="10.8166" FahrtspStrecke="11.1111" FahrtspSignal="-1" FahrtspZugsicherung="45.8333" Fahrtkm="52.222" FahrtHLDruck="5"/>
<FahrtEintrag FahrtWeg="4387.7964" FahrtZeit="2023-01-23 10:03:59" Kennung_FahrtZeitms="2023-01-23 10:03:59:748" Fahrtsp="10.7874" FahrtspStrecke="11.1111" FahrtspSignal="-1" FahrtspZugsicherung="45.8333" Fahrtkm="52.2572" FahrtHLDruck="5"/>
<FahrtEintrag FahrtWeg="4412.8628" FahrtZeit="2023-01-23 10:04:01" Kennung_FahrtZeitms="2023-01-23 10:04:01:736" Fahrtsp="10.7582" FahrtspStrecke="11.1111" FahrtspSignal="-1" FahrtspZugsicherung="45.8333" Fahrtkm="52.2572" FahrtHLDruck="5"/>
<FahrtEintrag FahrtWeg="4438.1094" FahrtZeit="2023-01-23 10:04:03" Kennung_FahrtZeitms="2023-01-23 10:04:03:735" Fahrtsp="10.7287" FahrtspStrecke="11.1111" FahrtspSignal="-1" FahrtspZugsicherung="45.8333" Fahrtkm="52.2572" FahrtHLDruck="5"/>
<FahrtEintrag FahrtWeg="4463.1938" FahrtZeit="2023-01-23 10:04:06" Kennung_FahrtZeitms="2023-01-23 10:04:06:332" Fahrtsp="10.6902" FahrtspStrecke="11.1111" FahrtspSignal="-1" FahrtspZugsicherung="45.8333" Fahrtkm="52.3352" FahrtHLDruck="5"/>
<FahrtEintrag FahrtWeg="4488.3984" FahrtZeit="2023-01-23 10:04:08" Kennung_FahrtZeitms="2023-01-23 10:04:08:913" Fahrtsp="10.4844" FahrtspStrecke="11.1111" FahrtspSignal="-1" FahrtspZugsicherung="45.8333" Fahrtkm="52.3568" FahrtHLDruck="5"/>
<FahrtEintrag FahrtWeg="4513.5093" FahrtZeit="2023-01-23 10:04:11" Kennung_FahrtZeitms="2023-01-23 10:04:11:433" Fahrtsp="10.4069" FahrtspStrecke="11.1111" FahrtspSignal="-1" FahrtspZugsicherung="45.8333" Fahrtkm="52.3568" FahrtHLDruck="5" FahrtFBSchalter="7"/>
<FahrtEintrag FahrtWeg="4538.7754" FahrtZeit="2023-01-23 10:04:13" Kennung_FahrtZeitms="2023-01-23 10:04:13:506" Fahrtsp="10.6263" FahrtspStrecke="11.1111" FahrtspSignal="-1" FahrtspZugsicherung="45.8333" Fahrtkm="52.3568" FahrtHLDruck="5" FahrtFBSchalter="7"/>
<FahrtEintrag FahrtWeg="4563.9258" FahrtZeit="2023-01-23 10:04:15" Kennung_FahrtZeitms="2023-01-23 10:04:15:803" Fahrtsp="10.7154" FahrtspStrecke="11.1111" FahrtspSignal="-1" FahrtspZugsicherung="45.8333" Fahrtkm="52.3568" FahrtHLDruck="5" FahrtFBSchalter="7"/>
<FahrtEintrag FahrtWeg="4589.2163" FahrtZeit="2023-01-23 10:04:18" Kennung_FahrtZeitms="2023-01-23 10:04:18:662" Fahrtsp="10.8026" FahrtspStrecke="11.1111" FahrtspSignal="-1" FahrtspZugsicherung="45.8333" Fahrtkm="52.4564" FahrtHLDruck="5" FahrtFBSchalter="7"/>
<FahrtEintrag FahrtWeg="4614.5029" FahrtZeit="2023-01-23 10:04:20" Kennung_FahrtZeitms="2023-01-23 10:04:20:951" Fahrtsp="10.7366" FahrtspStrecke="11.1111" FahrtspSignal="-1" FahrtspZugsicherung="45.8333" Fahrtkm="52.4564" FahrtHLDruck="5" FahrtFBSchalter="4"/>
<FahrtEintrag FahrtWeg="4639.541" FahrtZeit="2023-01-23 10:04:22" Kennung_FahrtZeitms="2023-01-23 10:04:22:923" Fahrtsp="10.6551" FahrtspStrecke="11.1111" FahrtspSignal="-1" FahrtspZugsicherung="45.8333" Fahrtkm="52.4564" FahrtHLDruck="5" FahrtFBSchalter="4"/>
<FahrtEintrag FahrtWeg="4664.7192" FahrtZeit="2023-01-23 10:04:25" Kennung_FahrtZeitms="2023-01-23 10:04:25:376" Fahrtsp="10.7368" FahrtspStrecke="11.1111" FahrtspSignal="-1" FahrtspZugsicherung="45.8333" Fahrtkm="52.4564" FahrtHLDruck="5" FahrtFBSchalter="8"/>
<FahrtEintrag FahrtWeg="4689.8877" FahrtZeit="2023-01-23 10:04:27" Kennung_FahrtZeitms="2023-01-23 10:04:27:747" Fahrtsp="10.8504" FahrtspStrecke="11.1111" FahrtspSignal="-1" FahrtspZugsicherung="45.8333" Fahrtkm="52.5559" FahrtHLDruck="5" FahrtFBSchalter="4"/>
<FahrtEintrag FahrtWeg="4715.2227" FahrtZeit="2023-01-23 10:04:29" Kennung_FahrtZeitms="2023-01-23 10:04:29:473" Fahrtsp="10.7676" FahrtspStrecke="11.1111" FahrtspSignal="-1" FahrtspZugsicherung="45.8333" Fahrtkm="52.5559" FahrtHLDruck="5" FahrtFBSchalter="4"/>
<FahrtEintrag FahrtWeg="4740.5249" FahrtZeit="2023-01-23 10:04:32" Kennung_FahrtZeitms="2023-01-23 10:04:32:485" Fahrtsp="10.6851" FahrtspStrecke="11.1111" FahrtspSignal="-1" FahrtspZugsicherung="45.8333" Fahrtkm="52.5558" FahrtHLDruck="5" FahrtFBSchalter="4"/>
<FahrtEintrag FahrtWeg="4765.7344" FahrtZeit="2023-01-23 10:04:34" Kennung_FahrtZeitms="2023-01-23 10:04:34:358" Fahrtsp="10.6033" FahrtspStrecke="11.1111" FahrtspSignal="-1" FahrtspZugsicherung="45.8333" Fahrtkm="52.5558" FahrtHLDruck="5" FahrtFBSchalter="4"/>
<FahrtEintrag FahrtWeg="4790.9526" FahrtZeit="2023-01-23 10:04:36" Kennung_FahrtZeitms="2023-01-23 10:04:36:433" Fahrtsp="10.5217" FahrtspStrecke="11.1111" FahrtspSignal="-1" FahrtspZugsicherung="45.8333" Fahrtkm="52.6554" FahrtHLDruck="5" FahrtFBSchalter="4"/>
<FahrtEintrag FahrtWeg="4816.2593" FahrtZeit="2023-01-23 10:04:39" Kennung_FahrtZeitms="2023-01-23 10:04:39:084" Fahrtsp="10.4401" FahrtspStrecke="11.1111" FahrtspSignal="-1" FahrtspZugsicherung="45.8333" Fahrtkm="52.6554" FahrtHLDruck="5" FahrtFBSchalter="4"/>
<FahrtEintrag FahrtWeg="4841.4932" FahrtZeit="2023-01-23 10:04:41" Kennung_FahrtZeitms="2023-01-23 10:04:41:642" Fahrtsp="10.3591" FahrtspStrecke="11.1111" FahrtspSignal="-1" FahrtspZugsicherung="45.8333" Fahrtkm="52.6554" FahrtHLDruck="5" FahrtFBSchalter="4"/>
<FahrtEintrag FahrtWeg="4866.7988" FahrtZeit="2023-01-23 10:04:44" Kennung_FahrtZeitms="2023-01-23 10:04:44:204" Fahrtsp="10.4248" FahrtspStrecke="11.1111" FahrtspSignal="-1" FahrtspZugsicherung="45.8333" Fahrtkm="52.6554" FahrtHLDruck="5" FahrtFBSchalter="7"/>
<FahrtEintrag FahrtWeg="4892.1284" FahrtZeit="2023-01-23 10:04:46" Kennung_FahrtZeitms="2023-01-23 10:04:46:294" Fahrtsp="10.52" FahrtspStrecke="11.1111" FahrtspSignal="-1" FahrtspZugsicherung="45.8333" Fahrtkm="52.7549" FahrtHLDruck="5" FahrtFBSchalter="7"/>
<FahrtEintrag FahrtWeg="4917.1997" FahrtZeit="2023-01-23 10:04:48" Kennung_FahrtZeitms="2023-01-23 10:04:48:778" Fahrtsp="10.6117" FahrtspStrecke="11.1111" FahrtspSignal="-1" FahrtspZugsicherung="45.8333" Fahrtkm="52.7549" FahrtHLDruck="5" FahrtFBSchalter="7"/>
<FahrtEintrag FahrtWeg="4961.0801" FahrtZeit="2023-01-23 10:04:52" Kennung_FahrtZeitms="2023-01-23 10:04:52:884" Fahrtsp="10.7237" FahrtspStrecke="11.1111" FahrtspSignal="-1" FahrtspZugsicherung="45.8333" Fahrtkm="52.7549" FahrtHLDruck="5"/>
<FahrtEintrag FahrtWeg="4986.1978" FahrtZeit="2023-01-23 10:04:55" Kennung_FahrtZeitms="2023-01-23 10:04:55:745" Fahrtsp="10.4117" FahrtspStrecke="11.1111" FahrtspSignal="-1" FahrtspZugsicherung="45.8333" Fahrtkm="52.8545" FahrtHLDruck="5"/>
<FahrtEintrag FahrtWeg="5011.4692" FahrtZeit="2023-01-23 10:04:57" Kennung_FahrtZeitms="2023-01-23 10:04:57:789" Fahrtsp="10.0885" FahrtspStrecke="11.1111" FahrtspSignal="-1" FahrtspZugsicherung="45.8333" Fahrtkm="52.8545" FahrtHLDruck="5"/>
<FahrtEintrag FahrtWeg="5038.9087" FahrtZeit="2023-01-23 10:05:00" Kennung_FahrtZeitms="2023-01-23 10:05:00:800" Fahrtsp="10.2721" FahrtspStrecke="11.1111" FahrtspSignal="-1" FahrtspZugsicherung="45.8333" Fahrtkm="52.8545" FahrtHLDruck="5" FahrtFBSchalter="6"/>
<FahrtEintrag FahrtTyp="8" FahrtWeg="-1" FahrtZeit="2023-01-23 10:05:01" Kennung_FahrtZeitms="2023-01-23 10:05:01:295" Fahrtsp="-1" FahrtspStrecke="-1" FahrtspSignal="-1" FahrtspZugsicherung="-1" FahrtHLDruck="-1" FahrtParameter="48" FahrtFBSchalter="-10000"/>
<FahrtEintrag FahrtWeg="5044.7863" FahrtZeit="2023-01-23 10:05:01" Kennung_FahrtZeitms="2023-01-23 10:05:01:325" Fahrtsp="10.6701" FahrtspStrecke="11.1111" FahrtspSignal="-1" FahrtspZugsicherung="45.8333" Fahrtkm="52.8614" FahrtHLDruck="5" FahrtFBSchalter="6"/>
<FahrtEintrag FahrtTyp="8" FahrtWeg="-1" FahrtZeit="2023-01-23 10:05:01" Fahrtsp="-1" FahrtspStrecke="-1" FahrtspSignal="-1" FahrtspZugsicherung="-1" FahrtHLDruck="-1" FahrtParameter="16" FahrtFBSchalter="-10000"/>
<FahrtEintrag FahrtWeg="5061.8091" FahrtZeit="2023-01-23 10:05:02" Kennung_FahrtZeitms="2023-01-23 10:05:02:931" Fahrtsp="10.6938" FahrtspStrecke="11.1111" FahrtspSignal="-1" FahrtspZugsicherung="45.8333" Fahrtkm="52.8545" FahrtHLDruck="5" FahrtFBSchalter="13"/>
<FahrtEintrag FahrtWeg="5086.938" FahrtZeit="2023-01-23 10:05:05" Kennung_FahrtZeitms="2023-01-23 10:05:05:084" Fahrtsp="10.6399" FahrtspStrecke="11.1111" FahrtspSignal="-1" FahrtspZugsicherung="45.8333" Fahrtkm="52.9541" FahrtHLDruck="5" FahrtFBSchalter="12"/>
<FahrtEintrag FahrtWeg="5112.1445" FahrtZeit="2023-01-23 10:05:07" Kennung_FahrtZeitms="2023-01-23 10:05:07:153" Fahrtsp="10.7255" FahrtspStrecke="11.1111" FahrtspSignal="-1" FahrtspZugsicherung="45.8333" Fahrtkm="52.9541" FahrtHLDruck="5" FahrtFBSchalter="6"/>
<FahrtEintrag FahrtWeg="5137.4775" FahrtZeit="2023-01-23 10:05:09" Kennung_FahrtZeitms="2023-01-23 10:05:09:165" Fahrtsp="10.7566" FahrtspStrecke="11.1111" FahrtspSignal="-1" FahrtspZugsicherung="45.8333" Fahrtkm="52.9541" FahrtHLDruck="5" FahrtFBSchalter="6"/>
<FahrtEintrag FahrtWeg="5162.7285" FahrtZeit="2023-01-23 10:05:12" Kennung_FahrtZeitms="2023-01-23 10:05:12:185" Fahrtsp="10.787" FahrtspStrecke="11.1111" FahrtspSignal="-1" FahrtspZugsicherung="45.8333" Fahrtkm="52.9541" FahrtHLDruck="5" FahrtFBSchalter="6"/>
<FahrtEintrag FahrtWeg="5187.8164" FahrtZeit="2023-01-23 10:05:14" Kennung_FahrtZeitms="2023-01-23 10:05:14:190" Fahrtsp="10.7849" FahrtspStrecke="11.1111" FahrtspSignal="-1" FahrtspZugsicherung="45.8333" Fahrtkm="53.0439" FahrtHLDruck="5" FahrtFBSchalter="1"/>
<FahrtEintrag FahrtWeg="5212.8315" FahrtZeit="2023-01-23 10:05:17" Kennung_FahrtZeitms="2023-01-23 10:05:17:208" Fahrtsp="10.5334" FahrtspStrecke="11.1111" FahrtspSignal="-1" FahrtspZugsicherung="45.8333" Fahrtkm="53.0689" FahrtHLDruck="5" FahrtFBSchalter="1"/>
<FahrtEintrag FahrtWeg="5237.9829" FahrtZeit="2023-01-23 10:05:19" Kennung_FahrtZeitms="2023-01-23 10:05:19:199" Fahrtsp="10.2754" FahrtspStrecke="11.1111" FahrtspSignal="-1" FahrtspZugsicherung="45.8333" Fahrtkm="53.0536" FahrtHLDruck="5" FahrtFBSchalter="1"/>
<FahrtEintrag FahrtWeg="5263.1382" FahrtZeit="2023-01-23 10:05:21" Kennung_FahrtZeitms="2023-01-23 10:05:21:209" Fahrtsp="10.254" FahrtspStrecke="11.1111" FahrtspSignal="-1" FahrtspZugsicherung="45.8333" Fahrtkm="53.0536" FahrtHLDruck="5" FahrtFBSchalter="6"/>
<FahrtEintrag FahrtWeg="5288.3306" FahrtZeit="2023-01-23 10:05:24" Kennung_FahrtZeitms="2023-01-23 10:05:24:229" Fahrtsp="10.294" FahrtspStrecke="11.1111" FahrtspSignal="-1" FahrtspZugsicherung="45.8333" Fahrtkm="53.1532" FahrtHLDruck="5" FahrtFBSchalter="6"/>
<FahrtEintrag FahrtWeg="5313.6504" FahrtZeit="2023-01-23 10:05:26" Kennung_FahrtZeitms="2023-01-23 10:05:26:208" Fahrtsp="10.3334" FahrtspStrecke="11.1111" FahrtspSignal="-1" FahrtspZugsicherung="45.8333" Fahrtkm="53.1532" FahrtHLDruck="5" FahrtFBSchalter="6"/>
<FahrtEintrag FahrtWeg="5338.9199" FahrtZeit="2023-01-23 10:05:29" Kennung_FahrtZeitms="2023-01-23 10:05:29:200" Fahrtsp="10.3719" FahrtspStrecke="11.1111" FahrtspSignal="-1" FahrtspZugsicherung="45.8333" Fahrtkm="53.1532" FahrtHLDruck="5" FahrtFBSchalter="6"/>
<FahrtEintrag FahrtWeg="5364.1621" FahrtZeit="2023-01-23 10:05:31" Kennung_FahrtZeitms="2023-01-23 10:05:31:193" Fahrtsp="10.4097" FahrtspStrecke="11.1111" FahrtspSignal="-1" FahrtspZugsicherung="45.8333" Fahrtkm="53.1532" FahrtHLDruck="5" FahrtFBSchalter="6"/>
<FahrtEintrag FahrtWeg="5389.3838" FahrtZeit="2023-01-23 10:05:34" Kennung_FahrtZeitms="2023-01-23 10:05:34:208" Fahrtsp="10.4466" FahrtspStrecke="11.1111" FahrtspSignal="-1" FahrtspZugsicherung="45.8333" Fahrtkm="53.2528" FahrtHLDruck="5" FahrtFBSchalter="6"/>
<FahrtEintrag FahrtWeg="5414.7065" FahrtZeit="2023-01-23 10:05:36" Kennung_FahrtZeitms="2023-01-23 10:05:36:203" Fahrtsp="10.483" FahrtspStrecke="11.1111" FahrtspSignal="-1" FahrtspZugsicherung="45.8333" Fahrtkm="53.2529" FahrtHLDruck="5" FahrtFBSchalter="6"/>
<FahrtEintrag FahrtWeg="5439.9321" FahrtZeit="2023-01-23 10:05:38" Kennung_FahrtZeitms="2023-01-23 10:05:38:199" Fahrtsp="10.5186" FahrtspStrecke="11.1111" FahrtspSignal="-1" FahrtspZugsicherung="45.8333" Fahrtkm="53.2529" FahrtHLDruck="5" FahrtFBSchalter="6"/>
<FahrtEintrag FahrtWeg="5465.2939" FahrtZeit="2023-01-23 10:05:41" Kennung_FahrtZeitms="2023-01-23 10:05:41:198" Fahrtsp="10.5295" FahrtspStrecke="11.1111" FahrtspSignal="-1" FahrtspZugsicherung="45.8333" Fahrtkm="53.2529" FahrtHLDruck="5" FahrtFBSchalter="4"/>
<FahrtEintrag FahrtTyp="5" FahrtWeg="5479.6074" FahrtZeit="2023-01-23 10:05:42" Kennung_FahrtZeitms="2023-01-23 10:05:42:006" Fahrtsp="10.4821" FahrtspStrecke="11.1111" FahrtspSignal="-1" FahrtspZugsicherung="45.8333" FahrtText="Üst Moorrasen A" Fahrtkm="53.2529" FahrtHLDruck="5" FahrtFBSchalter="4"/>
<FahrtEintrag FahrtWeg="5504.7266" FahrtZeit="2023-01-23 10:05:45" Kennung_FahrtZeitms="2023-01-23 10:05:45:373" Fahrtsp="10.4025" FahrtspStrecke="11.1111" FahrtspSignal="-1" FahrtspZugsicherung="45.8333" Fahrtkm="53.3524" FahrtHLDruck="5" FahrtFBSchalter="4"/>
<FahrtEintrag FahrtWeg="5529.8926" FahrtZeit="2023-01-23 10:05:47" Kennung_FahrtZeitms="2023-01-23 10:05:47:166" Fahrtsp="10.4153" FahrtspStrecke="11.1111" FahrtspSignal="-1" FahrtspZugsicherung="45.8333" Fahrtkm="53.3524" FahrtHLDruck="5" FahrtFBSchalter="9"/>
<FahrtEintrag FahrtWeg="5555.0376" FahrtZeit="2023-01-23 10:05:50" Kennung_FahrtZeitms="2023-01-23 10:05:50:215" Fahrtsp="10.6247" FahrtspStrecke="11.1111" FahrtspSignal="-1" FahrtspZugsicherung="45.8333" Fahrtkm="53.3524" FahrtHLDruck="5" FahrtFBSchalter="9"/>
<FahrtEintrag FahrtWeg="5580.395" FahrtZeit="2023-01-23 10:05:52" Kennung_FahrtZeitms="2023-01-23 10:05:52:118" Fahrtsp="10.827" FahrtspStrecke="11.1111" FahrtspSignal="-1" FahrtspZugsicherung="45.8333" Fahrtkm="53.452" FahrtHLDruck="5" FahrtFBSchalter="9"/>
<FahrtEintrag FahrtWeg="5605.6323" FahrtZeit="2023-01-23 10:05:54" Kennung_FahrtZeitms="2023-01-23 10:05:54:205" Fahrtsp="10.7192" FahrtspStrecke="11.1111" FahrtspSignal="-1" FahrtspZugsicherung="45.8333" Fahrtkm="53.452" FahrtHLDruck="5" FahrtFBSchalter="2"/>
<FahrtEintrag FahrtWeg="5630.7988" FahrtZeit="2023-01-23 10:05:57" Kennung_FahrtZeitms="2023-01-23 10:05:57:234" Fahrtsp="10.5311" FahrtspStrecke="11.1111" FahrtspSignal="-1" FahrtspZugsicherung="45.8333" Fahrtkm="53.4521" FahrtHLDruck="5" FahrtFBSchalter="3"/>
<FahrtEintrag FahrtWeg="5655.8101" FahrtZeit="2023-01-23 10:05:59" Kennung_FahrtZeitms="2023-01-23 10:05:59:187" Fahrtsp="10.3922" FahrtspStrecke="11.1111" FahrtspSignal="-1" FahrtspZugsicherung="45.8333" Fahrtkm="53.452" FahrtHLDruck="5" FahrtFBSchalter="3"/>
<FahrtEintrag FahrtWeg="5681.2383" FahrtZeit="2023-01-23 10:06:02" Kennung_FahrtZeitms="2023-01-23 10:06:02:219" Fahrtsp="10.2821" FahrtspStrecke="11.1111" FahrtspSignal="-1" FahrtspZugsicherung="45.8333" Fahrtkm="53.5516" FahrtHLDruck="5" FahrtFBSchalter="11"/>
<FahrtEintrag FahrtWeg="5706.6201" FahrtZeit="2023-01-23 10:06:04" Kennung_FahrtZeitms="2023-01-23 10:06:04:186" Fahrtsp="10.5911" FahrtspStrecke="11.1111" FahrtspSignal="-1" FahrtspZugsicherung="45.8333" Fahrtkm="53.5516" FahrtHLDruck="5" FahrtFBSchalter="11"/>
<FahrtEintrag FahrtWeg="5731.9019" FahrtZeit="2023-01-23 10:06:06" Kennung_FahrtZeitms="2023-01-23 10:06:06:201" Fahrtsp="10.9052" FahrtspStrecke="11.1111" FahrtspSignal="-1" FahrtspZugsicherung="45.8333" Fahrtkm="53.5516" FahrtHLDruck="5" FahrtFBSchalter="11"/>
<FahrtEintrag FahrtWeg="5756.9771" FahrtZeit="2023-01-23 10:06:09" Kennung_FahrtZeitms="2023-01-23 10:06:09:212" Fahrtsp="11.2" FahrtspStrecke="11.1111" FahrtspSignal="-1" FahrtspZugsicherung="45.8333" Fahrtkm="53.5516" FahrtHLDruck="5" FahrtFBSchalter="11"/>
<FahrtEintrag FahrtWeg="5782.063" FahrtZeit="2023-01-23 10:06:11" Kennung_FahrtZeitms="2023-01-23 10:06:11:204" Fahrtsp="11.252" FahrtspStrecke="11.1111" FahrtspSignal="-1" FahrtspZugsicherung="45.8333" Fahrtkm="53.6523" FahrtHLDruck="5"/>
<FahrtEintrag FahrtWeg="5807.1646" FahrtZeit="2023-01-23 10:06:13" Kennung_FahrtZeitms="2023-01-23 10:06:13:174" Fahrtsp="10.4406" FahrtspStrecke="11.1111" FahrtspSignal="-1" FahrtspZugsicherung="45.8333" Fahrtkm="53.674" FahrtHLDruck="5" FahrtFBSchalter="-79"/>
<FahrtEintrag FahrtWeg="5832.3257" FahrtZeit="2023-01-23 10:06:16" Kennung_FahrtZeitms="2023-01-23 10:06:16:246" Fahrtsp="8.4057" FahrtspStrecke="11.1111" FahrtspSignal="-1" FahrtspZugsicherung="45.8333" Fahrtkm="53.6739" FahrtHLDruck="5" FahrtFBSchalter="-34"/>
<FahrtEintrag FahrtWeg="5857.3696" FahrtZeit="2023-01-23 10:06:19" Kennung_FahrtZeitms="2023-01-23 10:06:19:215" Fahrtsp="6.8818" FahrtspStrecke="11.1111" FahrtspSignal="-1" FahrtspZugsicherung="45.8333" Fahrtkm="53.6738" FahrtHLDruck="5"/>
<FahrtEintrag FahrtTyp="7" FahrtWeg="5879.813" FahrtZeit="2023-01-23 10:06:22" Kennung_FahrtZeitms="2023-01-23 10:06:22:215" Fahrtsp="6.4017" FahrtspStrecke="11.1111" FahrtspSignal="-1" FahrtspZugsicherung="45.8333" Fahrtkm="53.7324" FahrtHLDruck="5"/>
<FahrtEintrag FahrtWeg="5904.9336" FahrtZeit="2023-01-23 10:06:27" Kennung_FahrtZeitms="2023-01-23 10:06:27:625" Fahrtsp="4.4694" FahrtspStrecke="11.1111" FahrtspSignal="-1" FahrtspZugsicherung="45.8333" Fahrtkm="53.7324" FahrtHLDruck="5" FahrtFBSchalter="-100"/>
<FahrtEintrag FahrtWeg="5914.9023" FahrtZeit="2023-01-23 10:06:32" Kennung_FahrtZeitms="2023-01-23 10:06:32:123" Fahrtsp="0.1967" FahrtspStrecke="11.1111" FahrtspSignal="-1" FahrtspZugsicherung="45.8333" Fahrtkm="53.7868" FahrtHLDruck="5" FahrtFBSchalter="-100"/>
<FahrtEintrag FahrtTyp="1" FahrtWeg="5914.9849" FahrtZeit="2023-01-23 10:06:33" Kennung_FahrtZeitms="2023-01-23 10:06:33:243" FahrtspStrecke="11.1111" FahrtspSignal="-1" FahrtspZugsicherung="45.8333" Fahrtkm="53.7868" FahrtHLDruck="5" FahrtFBSchalter="-100"/>
<FahrtEintrag FahrtTyp="1" FahrtWeg="5914.8354" FahrtZeit="2023-01-23 10:06:36" Kennung_FahrtZeitms="2023-01-23 10:06:36:222" FahrtspStrecke="11.1111" FahrtspSignal="-1" FahrtspZugsicherung="45.8333" Fahrtkm="53.7868" FahrtHLDruck="5" FahrtFBSchalter="-100"/>
</result>
</Zusi>
