﻿<Zusi>
<Info DateiTyp="result" Version="A.1" MinVersion="A.0"/>
<result Zugnummer="4711 (FaS)" Datum="2023-01-27 17:04:48" Verbrauch="157680112">
<FahrtEintrag FahrtTyp="2" FahrtWeg="1516.7542" FahrtZeit="2023-01-27 09:50:00" FahrtspStrecke="11.1111" FahrtspSignal="-1" FahrtspZugsicherung="-1" FahrtText="" Fahrtkm="49.3855" FahrtHLDruck="5" FahrtFplAnk="44953.410156" FahrtFplAbf="44953.417969"/>
<FahrtEintrag FahrtWeg="1516.7542" FahrtZeit="2023-01-27 09:50:05" Kennung_FahrtZeitms="2023-01-27 09:50:05:099" FahrtspStrecke="11.1111" FahrtspSignal="-1" FahrtspZugsicherung="45.8333" Fahrtkm="49.3855" FahrtHLDruck="5"/>
<FahrtEintrag FahrtWeg="1516.7542" FahrtZeit="2023-01-27 09:50:10" Kennung_FahrtZeitms="2023-01-27 09:50:10:099" FahrtspStrecke="11.1111" FahrtspSignal="-1" FahrtspZugsicherung="45.8333" Fahrtkm="49.3855" FahrtHLDruck="5"/>
<FahrtEintrag FahrtWeg="1516.7542" FahrtZeit="2023-01-27 09:50:15" Kennung_FahrtZeitms="2023-01-27 09:50:15:099" FahrtspStrecke="11.1111" FahrtspSignal="-1" FahrtspZugsicherung="45.8333" Fahrtkm="49.3855" FahrtHLDruck="5"/>
<FahrtEintrag FahrtWeg="1516.7542" FahrtZeit="2023-01-27 09:50:20" Kennung_FahrtZeitms="2023-01-27 09:50:20:094" FahrtspStrecke="11.1111" FahrtspSignal="-1" FahrtspZugsicherung="45.8333" Fahrtkm="49.3855" FahrtHLDruck="5"/>
<FahrtEintrag FahrtWeg="1516.7542" FahrtZeit="2023-01-27 09:50:25" Kennung_FahrtZeitms="2023-01-27 09:50:25:096" FahrtspStrecke="11.1111" FahrtspSignal="-1" FahrtspZugsicherung="45.8333" Fahrtkm="49.3855" FahrtHLDruck="5"/>
<FahrtEintrag FahrtWeg="1516.7542" FahrtZeit="2023-01-27 09:50:30" Kennung_FahrtZeitms="2023-01-27 09:50:30:098" FahrtspStrecke="11.1111" FahrtspSignal="-1" FahrtspZugsicherung="45.8333" Fahrtkm="49.3855" FahrtHLDruck="5"/>
<FahrtEintrag FahrtWeg="1516.7542" FahrtZeit="2023-01-27 09:50:35" Kennung_FahrtZeitms="2023-01-27 09:50:35:100" FahrtspStrecke="11.1111" FahrtspSignal="-1" FahrtspZugsicherung="45.8333" Fahrtkm="49.3855" FahrtHLDruck="5"/>
<FahrtEintrag FahrtWeg="1516.7542" FahrtZeit="2023-01-27 09:50:40" Kennung_FahrtZeitms="2023-01-27 09:50:40:102" FahrtspStrecke="11.1111" FahrtspSignal="-1" FahrtspZugsicherung="45.8333" Fahrtkm="49.3855" FahrtHLDruck="5"/>
<FahrtEintrag FahrtWeg="1516.7542" FahrtZeit="2023-01-27 09:50:45" Kennung_FahrtZeitms="2023-01-27 09:50:45:104" FahrtspStrecke="11.1111" FahrtspSignal="-1" FahrtspZugsicherung="45.8333" Fahrtkm="49.3855" FahrtHLDruck="5"/>
<FahrtEintrag FahrtWeg="1516.7542" FahrtZeit="2023-01-27 09:50:50" Kennung_FahrtZeitms="2023-01-27 09:50:50:106" FahrtspStrecke="11.1111" FahrtspSignal="-1" FahrtspZugsicherung="45.8333" Fahrtkm="49.3855" FahrtHLDruck="5"/>
<FahrtEintrag FahrtWeg="1516.7542" FahrtZeit="2023-01-27 09:50:55" Kennung_FahrtZeitms="2023-01-27 09:50:55:108" FahrtspStrecke="11.1111" FahrtspSignal="-1" FahrtspZugsicherung="45.8333" Fahrtkm="49.3855" FahrtHLDruck="5"/>
<FahrtEintrag FahrtWeg="1516.7542" FahrtZeit="2023-01-27 09:51:00" Kennung_FahrtZeitms="2023-01-27 09:51:00:110" FahrtspStrecke="11.1111" FahrtspSignal="-1" FahrtspZugsicherung="45.8333" Fahrtkm="49.3855" FahrtHLDruck="5"/>
<FahrtEintrag FahrtWeg="1516.7542" FahrtZeit="2023-01-27 09:51:05" Kennung_FahrtZeitms="2023-01-27 09:51:05:112" FahrtspStrecke="11.1111" FahrtspSignal="-1" FahrtspZugsicherung="45.8333" Fahrtkm="49.3855" FahrtHLDruck="5"/>
<FahrtEintrag FahrtWeg="1516.7542" FahrtZeit="2023-01-27 09:51:10" Kennung_FahrtZeitms="2023-01-27 09:51:10:114" FahrtspStrecke="11.1111" FahrtspSignal="-1" FahrtspZugsicherung="45.8333" Fahrtkm="49.3855" FahrtHLDruck="5"/>
<FahrtEintrag FahrtWeg="1516.7542" FahrtZeit="2023-01-27 09:51:15" Kennung_FahrtZeitms="2023-01-27 09:51:15:116" FahrtspStrecke="11.1111" FahrtspSignal="-1" FahrtspZugsicherung="45.8333" Fahrtkm="49.3855" FahrtHLDruck="5"/>
<FahrtEintrag FahrtWeg="1516.7542" FahrtZeit="2023-01-27 09:51:20" Kennung_FahrtZeitms="2023-01-27 09:51:20:118" FahrtspStrecke="11.1111" FahrtspSignal="-1" FahrtspZugsicherung="45.8333" Fahrtkm="49.3855" FahrtHLDruck="5"/>
<FahrtEintrag FahrtWeg="1516.7542" FahrtZeit="2023-01-27 09:51:25" Kennung_FahrtZeitms="2023-01-27 09:51:25:120" FahrtspStrecke="11.1111" FahrtspSignal="-1" FahrtspZugsicherung="45.8333" Fahrtkm="49.3855" FahrtHLDruck="5"/>
<FahrtEintrag FahrtWeg="1516.7542" FahrtZeit="2023-01-27 09:51:30" Kennung_FahrtZeitms="2023-01-27 09:51:30:122" FahrtspStrecke="11.1111" FahrtspSignal="-1" FahrtspZugsicherung="45.8333" Fahrtkm="49.3855" FahrtHLDruck="5"/>
<FahrtEintrag FahrtWeg="1516.7542" FahrtZeit="2023-01-27 09:51:35" Kennung_FahrtZeitms="2023-01-27 09:51:35:124" FahrtspStrecke="11.1111" FahrtspSignal="-1" FahrtspZugsicherung="45.8333" Fahrtkm="49.3855" FahrtHLDruck="5"/>
<FahrtEintrag FahrtWeg="1516.7542" FahrtZeit="2023-01-27 09:51:40" Kennung_FahrtZeitms="2023-01-27 09:51:40:126" FahrtspStrecke="11.1111" FahrtspSignal="-1" FahrtspZugsicherung="45.8333" Fahrtkm="49.3855" FahrtHLDruck="5"/>
<FahrtEintrag FahrtWeg="1516.7542" FahrtZeit="2023-01-27 09:51:45" Kennung_FahrtZeitms="2023-01-27 09:51:45:128" FahrtspStrecke="11.1111" FahrtspSignal="-1" FahrtspZugsicherung="45.8333" Fahrtkm="49.3855" FahrtHLDruck="5"/>
<FahrtEintrag FahrtWeg="1516.7542" FahrtZeit="2023-01-27 09:51:50" Kennung_FahrtZeitms="2023-01-27 09:51:50:130" FahrtspStrecke="11.1111" FahrtspSignal="-1" FahrtspZugsicherung="45.8333" Fahrtkm="49.3855" FahrtHLDruck="5"/>
<FahrtEintrag FahrtWeg="1516.7542" FahrtZeit="2023-01-27 09:51:55" Kennung_FahrtZeitms="2023-01-27 09:51:55:132" FahrtspStrecke="11.1111" FahrtspSignal="-1" FahrtspZugsicherung="45.8333" Fahrtkm="49.3855" FahrtHLDruck="5"/>
<FahrtEintrag FahrtWeg="1516.7542" FahrtZeit="2023-01-27 09:52:00" Kennung_FahrtZeitms="2023-01-27 09:52:00:134" FahrtspStrecke="11.1111" FahrtspSignal="-1" FahrtspZugsicherung="45.8333" Fahrtkm="49.3855" FahrtHLDruck="5"/>
<FahrtEintrag FahrtWeg="1516.7542" FahrtZeit="2023-01-27 09:52:05" Kennung_FahrtZeitms="2023-01-27 09:52:05:136" FahrtspStrecke="11.1111" FahrtspSignal="-1" FahrtspZugsicherung="45.8333" Fahrtkm="49.3855" FahrtHLDruck="5"/>
<FahrtEintrag FahrtWeg="1516.7542" FahrtZeit="2023-01-27 09:52:10" Kennung_FahrtZeitms="2023-01-27 09:52:10:138" FahrtspStrecke="11.1111" FahrtspSignal="-1" FahrtspZugsicherung="45.8333" Fahrtkm="49.3855" FahrtHLDruck="5"/>
<FahrtEintrag FahrtWeg="1516.7542" FahrtZeit="2023-01-27 09:52:15" Kennung_FahrtZeitms="2023-01-27 09:52:15:140" FahrtspStrecke="11.1111" FahrtspSignal="-1" FahrtspZugsicherung="45.8333" Fahrtkm="49.3855" FahrtHLDruck="5"/>
<FahrtEintrag FahrtWeg="1516.7542" FahrtZeit="2023-01-27 09:52:20" Kennung_FahrtZeitms="2023-01-27 09:52:20:142" FahrtspStrecke="11.1111" FahrtspSignal="-1" FahrtspZugsicherung="45.8333" Fahrtkm="49.3855" FahrtHLDruck="5"/>
<FahrtEintrag FahrtWeg="1516.7542" FahrtZeit="2023-01-27 09:52:25" Kennung_FahrtZeitms="2023-01-27 09:52:25:144" FahrtspStrecke="11.1111" FahrtspSignal="-1" FahrtspZugsicherung="45.8333" Fahrtkm="49.3855" FahrtHLDruck="5"/>
<FahrtEintrag FahrtWeg="1516.7542" FahrtZeit="2023-01-27 09:52:30" Kennung_FahrtZeitms="2023-01-27 09:52:30:146" FahrtspStrecke="11.1111" FahrtspSignal="-1" FahrtspZugsicherung="45.8333" Fahrtkm="49.3855" FahrtHLDruck="5"/>
<FahrtEintrag FahrtWeg="1516.7542" FahrtZeit="2023-01-27 09:52:35" Kennung_FahrtZeitms="2023-01-27 09:52:35:148" FahrtspStrecke="11.1111" FahrtspSignal="-1" FahrtspZugsicherung="45.8333" Fahrtkm="49.3855" FahrtHLDruck="5"/>
<FahrtEintrag FahrtWeg="1516.7542" FahrtZeit="2023-01-27 09:52:40" Kennung_FahrtZeitms="2023-01-27 09:52:40:150" FahrtspStrecke="11.1111" FahrtspSignal="-1" FahrtspZugsicherung="45.8333" Fahrtkm="49.3855" FahrtHLDruck="5"/>
<FahrtEintrag FahrtWeg="1516.7542" FahrtZeit="2023-01-27 09:52:45" Kennung_FahrtZeitms="2023-01-27 09:52:45:152" FahrtspStrecke="11.1111" FahrtspSignal="-1" FahrtspZugsicherung="45.8333" Fahrtkm="49.3855" FahrtHLDruck="5"/>
<FahrtEintrag FahrtWeg="1516.7542" FahrtZeit="2023-01-27 09:52:50" Kennung_FahrtZeitms="2023-01-27 09:52:50:154" FahrtspStrecke="11.1111" FahrtspSignal="-1" FahrtspZugsicherung="45.8333" Fahrtkm="49.3855" FahrtHLDruck="5"/>
<FahrtEintrag FahrtWeg="1516.7542" FahrtZeit="2023-01-27 09:52:55" Kennung_FahrtZeitms="2023-01-27 09:52:55:156" FahrtspStrecke="11.1111" FahrtspSignal="-1" FahrtspZugsicherung="45.8333" Fahrtkm="49.3855" FahrtHLDruck="5"/>
<FahrtEintrag FahrtWeg="1516.7542" FahrtZeit="2023-01-27 09:53:00" Kennung_FahrtZeitms="2023-01-27 09:53:00:158" FahrtspStrecke="11.1111" FahrtspSignal="-1" FahrtspZugsicherung="45.8333" Fahrtkm="49.3855" FahrtHLDruck="5"/>
<FahrtEintrag FahrtWeg="1516.7542" FahrtZeit="2023-01-27 09:53:05" Kennung_FahrtZeitms="2023-01-27 09:53:05:160" FahrtspStrecke="11.1111" FahrtspSignal="-1" FahrtspZugsicherung="45.8333" Fahrtkm="49.3855" FahrtHLDruck="5"/>
<FahrtEintrag FahrtWeg="1516.7542" FahrtZeit="2023-01-27 09:53:10" Kennung_FahrtZeitms="2023-01-27 09:53:10:162" FahrtspStrecke="11.1111" FahrtspSignal="-1" FahrtspZugsicherung="45.8333" Fahrtkm="49.3855" FahrtHLDruck="5"/>
<FahrtEintrag FahrtWeg="1516.7542" FahrtZeit="2023-01-27 09:53:15" Kennung_FahrtZeitms="2023-01-27 09:53:15:164" FahrtspStrecke="11.1111" FahrtspSignal="-1" FahrtspZugsicherung="45.8333" Fahrtkm="49.3855" FahrtHLDruck="5"/>
<FahrtEintrag FahrtWeg="1516.7542" FahrtZeit="2023-01-27 09:53:21" Kennung_FahrtZeitms="2023-01-27 09:53:21:166" FahrtspStrecke="11.1111" FahrtspSignal="-1" FahrtspZugsicherung="45.8333" Fahrtkm="49.3855" FahrtHLDruck="5"/>
<FahrtEintrag FahrtWeg="1516.7542" FahrtZeit="2023-01-27 09:53:26" Kennung_FahrtZeitms="2023-01-27 09:53:26:168" FahrtspStrecke="11.1111" FahrtspSignal="-1" FahrtspZugsicherung="45.8333" Fahrtkm="49.3855" FahrtHLDruck="5"/>
<FahrtEintrag FahrtWeg="1516.7542" FahrtZeit="2023-01-27 09:53:31" Kennung_FahrtZeitms="2023-01-27 09:53:31:170" FahrtspStrecke="11.1111" FahrtspSignal="-1" FahrtspZugsicherung="45.8333" Fahrtkm="49.3855" FahrtHLDruck="5"/>
<FahrtEintrag FahrtWeg="1516.7542" FahrtZeit="2023-01-27 09:53:36" Kennung_FahrtZeitms="2023-01-27 09:53:36:172" FahrtspStrecke="11.1111" FahrtspSignal="-1" FahrtspZugsicherung="45.8333" Fahrtkm="49.3855" FahrtHLDruck="5"/>
<FahrtEintrag FahrtWeg="1516.7542" FahrtZeit="2023-01-27 09:53:41" Kennung_FahrtZeitms="2023-01-27 09:53:41:174" FahrtspStrecke="11.1111" FahrtspSignal="-1" FahrtspZugsicherung="45.8333" Fahrtkm="49.3855" FahrtHLDruck="5"/>
<FahrtEintrag FahrtWeg="1516.7542" FahrtZeit="2023-01-27 09:53:46" Kennung_FahrtZeitms="2023-01-27 09:53:46:176" FahrtspStrecke="11.1111" FahrtspSignal="-1" FahrtspZugsicherung="45.8333" Fahrtkm="49.3855" FahrtHLDruck="5"/>
<FahrtEintrag FahrtWeg="1516.7542" FahrtZeit="2023-01-27 09:53:51" Kennung_FahrtZeitms="2023-01-27 09:53:51:178" FahrtspStrecke="11.1111" FahrtspSignal="-1" FahrtspZugsicherung="45.8333" Fahrtkm="49.3855" FahrtHLDruck="5"/>
<FahrtEintrag FahrtWeg="1516.7542" FahrtZeit="2023-01-27 09:53:56" Kennung_FahrtZeitms="2023-01-27 09:53:56:180" FahrtspStrecke="11.1111" FahrtspSignal="-1" FahrtspZugsicherung="45.8333" Fahrtkm="49.3855" FahrtHLDruck="5"/>
<FahrtEintrag FahrtWeg="1516.7542" FahrtZeit="2023-01-27 09:54:01" Kennung_FahrtZeitms="2023-01-27 09:54:01:182" FahrtspStrecke="11.1111" FahrtspSignal="-1" FahrtspZugsicherung="45.8333" Fahrtkm="49.3855" FahrtHLDruck="5"/>
<FahrtEintrag FahrtWeg="1516.7542" FahrtZeit="2023-01-27 09:54:06" Kennung_FahrtZeitms="2023-01-27 09:54:06:184" FahrtspStrecke="11.1111" FahrtspSignal="-1" FahrtspZugsicherung="45.8333" Fahrtkm="49.3855" FahrtHLDruck="5"/>
<FahrtEintrag FahrtWeg="1516.7542" FahrtZeit="2023-01-27 09:54:11" Kennung_FahrtZeitms="2023-01-27 09:54:11:186" FahrtspStrecke="11.1111" FahrtspSignal="-1" FahrtspZugsicherung="45.8333" Fahrtkm="49.3855" FahrtHLDruck="5"/>
<FahrtEintrag FahrtWeg="1516.7542" FahrtZeit="2023-01-27 09:54:16" Kennung_FahrtZeitms="2023-01-27 09:54:16:188" FahrtspStrecke="11.1111" FahrtspSignal="-1" FahrtspZugsicherung="45.8333" Fahrtkm="49.3855" FahrtHLDruck="5"/>
<FahrtEintrag FahrtWeg="1516.7542" FahrtZeit="2023-01-27 09:54:21" Kennung_FahrtZeitms="2023-01-27 09:54:21:190" FahrtspStrecke="11.1111" FahrtspSignal="-1" FahrtspZugsicherung="45.8333" Fahrtkm="49.3855" FahrtHLDruck="5"/>
<FahrtEintrag FahrtWeg="1516.7542" FahrtZeit="2023-01-27 09:54:26" Kennung_FahrtZeitms="2023-01-27 09:54:26:192" FahrtspStrecke="11.1111" FahrtspSignal="-1" FahrtspZugsicherung="45.8333" Fahrtkm="49.3855" FahrtHLDruck="5"/>
<FahrtEintrag FahrtWeg="1516.7542" FahrtZeit="2023-01-27 09:54:31" Kennung_FahrtZeitms="2023-01-27 09:54:31:194" FahrtspStrecke="11.1111" FahrtspSignal="-1" FahrtspZugsicherung="45.8333" Fahrtkm="49.3855" FahrtHLDruck="5"/>
<FahrtEintrag FahrtWeg="1516.7542" FahrtZeit="2023-01-27 09:54:36" Kennung_FahrtZeitms="2023-01-27 09:54:36:196" FahrtspStrecke="11.1111" FahrtspSignal="-1" FahrtspZugsicherung="45.8333" Fahrtkm="49.3855" FahrtHLDruck="5"/>
<FahrtEintrag FahrtWeg="1516.7542" FahrtZeit="2023-01-27 09:54:41" Kennung_FahrtZeitms="2023-01-27 09:54:41:198" FahrtspStrecke="11.1111" FahrtspSignal="-1" FahrtspZugsicherung="45.8333" Fahrtkm="49.3855" FahrtHLDruck="5"/>
<FahrtEintrag FahrtWeg="1516.7542" FahrtZeit="2023-01-27 09:54:46" Kennung_FahrtZeitms="2023-01-27 09:54:46:200" FahrtspStrecke="11.1111" FahrtspSignal="-1" FahrtspZugsicherung="45.8333" Fahrtkm="49.3855" FahrtHLDruck="5"/>
<FahrtEintrag FahrtWeg="1516.7542" FahrtZeit="2023-01-27 09:54:51" Kennung_FahrtZeitms="2023-01-27 09:54:51:202" FahrtspStrecke="11.1111" FahrtspSignal="-1" FahrtspZugsicherung="45.8333" Fahrtkm="49.3855" FahrtHLDruck="5"/>
<FahrtEintrag FahrtWeg="1516.7542" FahrtZeit="2023-01-27 09:54:56" Kennung_FahrtZeitms="2023-01-27 09:54:56:204" FahrtspStrecke="11.1111" FahrtspSignal="-1" FahrtspZugsicherung="45.8333" Fahrtkm="49.3855" FahrtHLDruck="5"/>
<FahrtEintrag FahrtWeg="1516.7542" FahrtZeit="2023-01-27 09:55:01" Kennung_FahrtZeitms="2023-01-27 09:55:01:206" FahrtspStrecke="11.1111" FahrtspSignal="-1" FahrtspZugsicherung="45.8333" Fahrtkm="49.3855" FahrtHLDruck="5"/>
<FahrtEintrag FahrtWeg="1516.7542" FahrtZeit="2023-01-27 09:55:06" Kennung_FahrtZeitms="2023-01-27 09:55:06:208" FahrtspStrecke="11.1111" FahrtspSignal="-1" FahrtspZugsicherung="45.8333" Fahrtkm="49.3855" FahrtHLDruck="5"/>
<FahrtEintrag FahrtWeg="1516.7542" FahrtZeit="2023-01-27 09:55:11" Kennung_FahrtZeitms="2023-01-27 09:55:11:210" FahrtspStrecke="11.1111" FahrtspSignal="-1" FahrtspZugsicherung="45.8333" Fahrtkm="49.3855" FahrtHLDruck="5"/>
<FahrtEintrag FahrtWeg="1516.7542" FahrtZeit="2023-01-27 09:55:16" Kennung_FahrtZeitms="2023-01-27 09:55:16:212" FahrtspStrecke="11.1111" FahrtspSignal="-1" FahrtspZugsicherung="45.8333" Fahrtkm="49.3855" FahrtHLDruck="5"/>
<FahrtEintrag FahrtWeg="1516.7542" FahrtZeit="2023-01-27 09:55:21" Kennung_FahrtZeitms="2023-01-27 09:55:21:214" FahrtspStrecke="11.1111" FahrtspSignal="-1" FahrtspZugsicherung="45.8333" Fahrtkm="49.3855" FahrtHLDruck="5"/>
<FahrtEintrag FahrtWeg="1516.7542" FahrtZeit="2023-01-27 09:55:26" Kennung_FahrtZeitms="2023-01-27 09:55:26:216" FahrtspStrecke="11.1111" FahrtspSignal="-1" FahrtspZugsicherung="45.8333" Fahrtkm="49.3855" FahrtHLDruck="5"/>
<FahrtEintrag FahrtWeg="1516.7542" FahrtZeit="2023-01-27 09:55:31" Kennung_FahrtZeitms="2023-01-27 09:55:31:218" FahrtspStrecke="11.1111" FahrtspSignal="-1" FahrtspZugsicherung="45.8333" Fahrtkm="49.3855" FahrtHLDruck="5"/>
<FahrtEintrag FahrtWeg="1516.7542" FahrtZeit="2023-01-27 09:55:36" Kennung_FahrtZeitms="2023-01-27 09:55:36:220" FahrtspStrecke="11.1111" FahrtspSignal="-1" FahrtspZugsicherung="45.8333" Fahrtkm="49.3855" FahrtHLDruck="5"/>
<FahrtEintrag FahrtWeg="1516.7542" FahrtZeit="2023-01-27 09:55:41" Kennung_FahrtZeitms="2023-01-27 09:55:41:222" FahrtspStrecke="11.1111" FahrtspSignal="-1" FahrtspZugsicherung="45.8333" Fahrtkm="49.3855" FahrtHLDruck="5"/>
<FahrtEintrag FahrtWeg="1516.7542" FahrtZeit="2023-01-27 09:55:46" Kennung_FahrtZeitms="2023-01-27 09:55:46:224" FahrtspStrecke="11.1111" FahrtspSignal="-1" FahrtspZugsicherung="45.8333" Fahrtkm="49.3855" FahrtHLDruck="5"/>
<FahrtEintrag FahrtWeg="1516.7542" FahrtZeit="2023-01-27 09:55:51" Kennung_FahrtZeitms="2023-01-27 09:55:51:226" FahrtspStrecke="11.1111" FahrtspSignal="-1" FahrtspZugsicherung="45.8333" Fahrtkm="49.3855" FahrtHLDruck="5"/>
<FahrtEintrag FahrtWeg="1516.7542" FahrtZeit="2023-01-27 09:55:56" Kennung_FahrtZeitms="2023-01-27 09:55:56:228" FahrtspStrecke="11.1111" FahrtspSignal="-1" FahrtspZugsicherung="45.8333" Fahrtkm="49.3855" FahrtHLDruck="5"/>
<FahrtEintrag FahrtWeg="1516.7542" FahrtZeit="2023-01-27 09:56:01" Kennung_FahrtZeitms="2023-01-27 09:56:01:230" FahrtspStrecke="11.1111" FahrtspSignal="-1" FahrtspZugsicherung="45.8333" Fahrtkm="49.3855" FahrtHLDruck="5"/>
<FahrtEintrag FahrtWeg="1516.7542" FahrtZeit="2023-01-27 09:56:06" Kennung_FahrtZeitms="2023-01-27 09:56:06:232" FahrtspStrecke="11.1111" FahrtspSignal="-1" FahrtspZugsicherung="45.8333" Fahrtkm="49.3855" FahrtHLDruck="5"/>
<FahrtEintrag FahrtWeg="1516.7542" FahrtZeit="2023-01-27 09:56:11" Kennung_FahrtZeitms="2023-01-27 09:56:11:234" FahrtspStrecke="11.1111" FahrtspSignal="-1" FahrtspZugsicherung="45.8333" Fahrtkm="49.3855" FahrtHLDruck="5"/>
<FahrtEintrag FahrtWeg="1516.7542" FahrtZeit="2023-01-27 09:56:16" Kennung_FahrtZeitms="2023-01-27 09:56:16:236" FahrtspStrecke="11.1111" FahrtspSignal="-1" FahrtspZugsicherung="45.8333" Fahrtkm="49.3855" FahrtHLDruck="5"/>
<FahrtEintrag FahrtWeg="1516.7542" FahrtZeit="2023-01-27 09:56:21" Kennung_FahrtZeitms="2023-01-27 09:56:21:238" FahrtspStrecke="11.1111" FahrtspSignal="-1" FahrtspZugsicherung="45.8333" Fahrtkm="49.3855" FahrtHLDruck="5"/>
<FahrtEintrag FahrtWeg="1516.7542" FahrtZeit="2023-01-27 09:56:26" Kennung_FahrtZeitms="2023-01-27 09:56:26:240" FahrtspStrecke="11.1111" FahrtspSignal="-1" FahrtspZugsicherung="45.8333" Fahrtkm="49.3855" FahrtHLDruck="5"/>
<FahrtEintrag FahrtWeg="1516.7542" FahrtZeit="2023-01-27 09:56:31" Kennung_FahrtZeitms="2023-01-27 09:56:31:242" FahrtspStrecke="11.1111" FahrtspSignal="-1" FahrtspZugsicherung="45.8333" Fahrtkm="49.3855" FahrtHLDruck="5"/>
<FahrtEintrag FahrtWeg="1516.7542" FahrtZeit="2023-01-27 09:56:36" Kennung_FahrtZeitms="2023-01-27 09:56:36:244" FahrtspStrecke="11.1111" FahrtspSignal="-1" FahrtspZugsicherung="45.8333" Fahrtkm="49.3855" FahrtHLDruck="5"/>
<FahrtEintrag FahrtWeg="1516.7542" FahrtZeit="2023-01-27 09:56:41" Kennung_FahrtZeitms="2023-01-27 09:56:41:246" FahrtspStrecke="11.1111" FahrtspSignal="-1" FahrtspZugsicherung="45.8333" Fahrtkm="49.3855" FahrtHLDruck="5"/>
<FahrtEintrag FahrtWeg="1516.7542" FahrtZeit="2023-01-27 09:56:46" Kennung_FahrtZeitms="2023-01-27 09:56:46:248" FahrtspStrecke="11.1111" FahrtspSignal="-1" FahrtspZugsicherung="45.8333" Fahrtkm="49.3855" FahrtHLDruck="5"/>
<FahrtEintrag FahrtWeg="1516.7542" FahrtZeit="2023-01-27 09:56:51" Kennung_FahrtZeitms="2023-01-27 09:56:51:250" FahrtspStrecke="11.1111" FahrtspSignal="-1" FahrtspZugsicherung="45.8333" Fahrtkm="49.3855" FahrtHLDruck="5"/>
<FahrtEintrag FahrtWeg="1516.7542" FahrtZeit="2023-01-27 09:56:56" Kennung_FahrtZeitms="2023-01-27 09:56:56:252" FahrtspStrecke="11.1111" FahrtspSignal="-1" FahrtspZugsicherung="45.8333" Fahrtkm="49.3855" FahrtHLDruck="5"/>
<FahrtEintrag FahrtWeg="1516.7542" FahrtZeit="2023-01-27 09:57:01" Kennung_FahrtZeitms="2023-01-27 09:57:01:254" FahrtspStrecke="11.1111" FahrtspSignal="-1" FahrtspZugsicherung="45.8333" Fahrtkm="49.3855" FahrtHLDruck="5"/>
<FahrtEintrag FahrtWeg="1516.7542" FahrtZeit="2023-01-27 09:57:06" Kennung_FahrtZeitms="2023-01-27 09:57:06:256" FahrtspStrecke="11.1111" FahrtspSignal="-1" FahrtspZugsicherung="45.8333" Fahrtkm="49.3855" FahrtHLDruck="5"/>
<FahrtEintrag FahrtWeg="1516.7542" FahrtZeit="2023-01-27 09:57:11" Kennung_FahrtZeitms="2023-01-27 09:57:11:258" FahrtspStrecke="11.1111" FahrtspSignal="-1" FahrtspZugsicherung="45.8333" Fahrtkm="49.3855" FahrtHLDruck="5"/>
<FahrtEintrag FahrtWeg="1516.7542" FahrtZeit="2023-01-27 09:57:16" Kennung_FahrtZeitms="2023-01-27 09:57:16:260" FahrtspStrecke="11.1111" FahrtspSignal="-1" FahrtspZugsicherung="45.8333" Fahrtkm="49.3855" FahrtHLDruck="5"/>
<FahrtEintrag FahrtWeg="1516.7542" FahrtZeit="2023-01-27 09:57:21" Kennung_FahrtZeitms="2023-01-27 09:57:21:262" FahrtspStrecke="11.1111" FahrtspSignal="-1" FahrtspZugsicherung="45.8333" Fahrtkm="49.3855" FahrtHLDruck="5"/>
<FahrtEintrag FahrtWeg="1516.7542" FahrtZeit="2023-01-27 09:57:26" Kennung_FahrtZeitms="2023-01-27 09:57:26:264" FahrtspStrecke="11.1111" FahrtspSignal="-1" FahrtspZugsicherung="45.8333" Fahrtkm="49.3855" FahrtHLDruck="5"/>
<FahrtEintrag FahrtWeg="1516.7542" FahrtZeit="2023-01-27 09:57:31" Kennung_FahrtZeitms="2023-01-27 09:57:31:266" FahrtspStrecke="11.1111" FahrtspSignal="-1" FahrtspZugsicherung="45.8333" Fahrtkm="49.3855" FahrtHLDruck="5"/>
<FahrtEintrag FahrtWeg="1516.7542" FahrtZeit="2023-01-27 09:57:36" Kennung_FahrtZeitms="2023-01-27 09:57:36:268" FahrtspStrecke="11.1111" FahrtspSignal="-1" FahrtspZugsicherung="45.8333" Fahrtkm="49.3855" FahrtHLDruck="5"/>
<FahrtEintrag FahrtWeg="1516.7542" FahrtZeit="2023-01-27 09:57:41" Kennung_FahrtZeitms="2023-01-27 09:57:41:270" FahrtspStrecke="11.1111" FahrtspSignal="-1" FahrtspZugsicherung="45.8333" Fahrtkm="49.3855" FahrtHLDruck="5"/>
<FahrtEintrag FahrtWeg="1516.7542" FahrtZeit="2023-01-27 09:57:46" Kennung_FahrtZeitms="2023-01-27 09:57:46:272" FahrtspStrecke="11.1111" FahrtspSignal="-1" FahrtspZugsicherung="45.8333" Fahrtkm="49.3855" FahrtHLDruck="5"/>
<FahrtEintrag FahrtWeg="1516.7542" FahrtZeit="2023-01-27 09:57:51" Kennung_FahrtZeitms="2023-01-27 09:57:51:274" FahrtspStrecke="11.1111" FahrtspSignal="-1" FahrtspZugsicherung="45.8333" Fahrtkm="49.3855" FahrtHLDruck="5"/>
<FahrtEintrag FahrtWeg="1516.7542" FahrtZeit="2023-01-27 09:57:56" Kennung_FahrtZeitms="2023-01-27 09:57:56:276" FahrtspStrecke="11.1111" FahrtspSignal="-1" FahrtspZugsicherung="45.8333" Fahrtkm="49.3855" FahrtHLDruck="5"/>
<FahrtEintrag FahrtWeg="1516.7542" FahrtZeit="2023-01-27 09:58:01" Kennung_FahrtZeitms="2023-01-27 09:58:01:278" FahrtspStrecke="11.1111" FahrtspSignal="-1" FahrtspZugsicherung="45.8333" Fahrtkm="49.3855" FahrtHLDruck="5"/>
<FahrtEintrag FahrtWeg="1516.7542" FahrtZeit="2023-01-27 09:58:06" Kennung_FahrtZeitms="2023-01-27 09:58:06:280" FahrtspStrecke="11.1111" FahrtspSignal="-1" FahrtspZugsicherung="45.8333" Fahrtkm="49.3855" FahrtHLDruck="5"/>
<FahrtEintrag FahrtWeg="1516.7542" FahrtZeit="2023-01-27 09:58:11" Kennung_FahrtZeitms="2023-01-27 09:58:11:282" FahrtspStrecke="11.1111" FahrtspSignal="-1" FahrtspZugsicherung="45.8333" Fahrtkm="49.3855" FahrtHLDruck="5"/>
<FahrtEintrag FahrtWeg="1516.7542" FahrtZeit="2023-01-27 09:58:16" Kennung_FahrtZeitms="2023-01-27 09:58:16:284" FahrtspStrecke="11.1111" FahrtspSignal="-1" FahrtspZugsicherung="45.8333" Fahrtkm="49.3855" FahrtHLDruck="5"/>
<FahrtEintrag FahrtWeg="1516.7542" FahrtZeit="2023-01-27 09:58:21" Kennung_FahrtZeitms="2023-01-27 09:58:21:286" FahrtspStrecke="11.1111" FahrtspSignal="-1" FahrtspZugsicherung="45.8333" Fahrtkm="49.3855" FahrtHLDruck="5"/>
<FahrtEintrag FahrtWeg="1516.7542" FahrtZeit="2023-01-27 09:58:26" Kennung_FahrtZeitms="2023-01-27 09:58:26:288" FahrtspStrecke="11.1111" FahrtspSignal="-1" FahrtspZugsicherung="45.8333" Fahrtkm="49.3855" FahrtHLDruck="5"/>
<FahrtEintrag FahrtWeg="1516.7542" FahrtZeit="2023-01-27 09:58:31" Kennung_FahrtZeitms="2023-01-27 09:58:31:290" FahrtspStrecke="11.1111" FahrtspSignal="-1" FahrtspZugsicherung="45.8333" Fahrtkm="49.3855" FahrtHLDruck="5"/>
<FahrtEintrag FahrtWeg="1516.7542" FahrtZeit="2023-01-27 09:58:36" Kennung_FahrtZeitms="2023-01-27 09:58:36:292" FahrtspStrecke="11.1111" FahrtspSignal="-1" FahrtspZugsicherung="45.8333" Fahrtkm="49.3855" FahrtHLDruck="5"/>
<FahrtEintrag FahrtWeg="1516.7542" FahrtZeit="2023-01-27 09:58:41" Kennung_FahrtZeitms="2023-01-27 09:58:41:294" FahrtspStrecke="11.1111" FahrtspSignal="-1" FahrtspZugsicherung="45.8333" Fahrtkm="49.3855" FahrtHLDruck="5"/>
<FahrtEintrag FahrtWeg="1516.7542" FahrtZeit="2023-01-27 09:58:46" Kennung_FahrtZeitms="2023-01-27 09:58:46:296" FahrtspStrecke="11.1111" FahrtspSignal="-1" FahrtspZugsicherung="45.8333" Fahrtkm="49.3855" FahrtHLDruck="5"/>
<FahrtEintrag FahrtWeg="1516.7542" FahrtZeit="2023-01-27 09:58:51" Kennung_FahrtZeitms="2023-01-27 09:58:51:298" FahrtspStrecke="11.1111" FahrtspSignal="-1" FahrtspZugsicherung="45.8333" Fahrtkm="49.3855" FahrtHLDruck="5"/>
<FahrtEintrag FahrtWeg="1516.7542" FahrtZeit="2023-01-27 09:58:56" Kennung_FahrtZeitms="2023-01-27 09:58:56:300" FahrtspStrecke="11.1111" FahrtspSignal="-1" FahrtspZugsicherung="45.8333" Fahrtkm="49.3855" FahrtHLDruck="5"/>
<FahrtEintrag FahrtWeg="1516.7542" FahrtZeit="2023-01-27 09:59:01" Kennung_FahrtZeitms="2023-01-27 09:59:01:302" FahrtspStrecke="11.1111" FahrtspSignal="-1" FahrtspZugsicherung="45.8333" Fahrtkm="49.3855" FahrtHLDruck="5"/>
<FahrtEintrag FahrtWeg="1516.7542" FahrtZeit="2023-01-27 09:59:06" Kennung_FahrtZeitms="2023-01-27 09:59:06:304" FahrtspStrecke="11.1111" FahrtspSignal="-1" FahrtspZugsicherung="45.8333" Fahrtkm="49.3855" FahrtHLDruck="5"/>
<FahrtEintrag FahrtWeg="1516.7542" FahrtZeit="2023-01-27 09:59:11" Kennung_FahrtZeitms="2023-01-27 09:59:11:306" FahrtspStrecke="11.1111" FahrtspSignal="-1" FahrtspZugsicherung="45.8333" Fahrtkm="49.3855" FahrtHLDruck="5"/>
<FahrtEintrag FahrtWeg="1520.4443" FahrtZeit="2023-01-27 09:59:16" Kennung_FahrtZeitms="2023-01-27 09:59:16:308" Fahrtsp="2.2422" FahrtspStrecke="11.1111" FahrtspSignal="-1" FahrtspZugsicherung="12.5" Fahrtkm="49.38" FahrtHLDruck="5" FahrtFBSchalter="22"/>
<FahrtEintrag FahrtWeg="1537.9362" FahrtZeit="2023-01-27 09:59:23" Kennung_FahrtZeitms="2023-01-27 09:59:23:305" Fahrtsp="3.8626" FahrtspStrecke="11.1111" FahrtspSignal="-1" FahrtspZugsicherung="12.5" Fahrtkm="49.406" FahrtHLDruck="5"/>
<FahrtEintrag FahrtTyp="8" FahrtWeg="-1" FahrtZeit="2023-01-27 09:59:24" Kennung_FahrtZeitms="2023-01-27 09:59:24:350" Fahrtsp="-1" FahrtspStrecke="-1" FahrtspSignal="-1" FahrtspZugsicherung="-1" FahrtHLDruck="-1" FahrtParameter="9" FahrtFBSchalter="-10000"/>
<FahrtEintrag FahrtWeg="1541.6501" FahrtZeit="2023-01-27 09:59:24" Kennung_FahrtZeitms="2023-01-27 09:59:24:650" Fahrtsp="3.8384" FahrtspStrecke="11.1111" FahrtspSignal="-1" FahrtspZugsicherung="12.5" Fahrtkm="49.406" FahrtHLDruck="5"/>
<FahrtEintrag FahrtTyp="5" FahrtWeg="1549.9653" FahrtZeit="2023-01-27 09:59:25" Kennung_FahrtZeitms="2023-01-27 09:59:25:350" Fahrtsp="3.7827" FahrtspStrecke="11.1111" FahrtspSignal="11.1111" FahrtspZugsicherung="12.5" FahrtText="Allenbach N1" Fahrtkm="49.406" FahrtHLDruck="5"/>
<FahrtEintrag FahrtTyp="6" FahrtWeg="1549.9653" FahrtZeit="2023-01-27 09:59:25" Kennung_FahrtZeitms="2023-01-27 09:59:25:650" Fahrtsp="3.7827" FahrtspStrecke="11.1111" FahrtspSignal="11.1111" FahrtspZugsicherung="12.5" Fahrtkm="49.406" FahrtHLDruck="5"/>
<FahrtEintrag FahrtTyp="8" FahrtWeg="-1" FahrtZeit="2023-01-27 09:59:25" Kennung_FahrtZeitms="2023-01-27 09:59:25:950" Fahrtsp="-1" FahrtspStrecke="-1" FahrtspSignal="-1" FahrtspZugsicherung="-1" FahrtHLDruck="-1" FahrtParameter="1" FahrtFBSchalter="-10000"/>
<FahrtEintrag FahrtWeg="1554.2963" FahrtZeit="2023-01-27 09:59:26" Kennung_FahrtZeitms="2023-01-27 09:59:26:650" Fahrtsp="3.7549" FahrtspStrecke="11.1111" FahrtspSignal="11.1111" FahrtspZugsicherung="12.5" Fahrtkm="49.4189" FahrtHLDruck="5"/>
<FahrtEintrag FahrtWeg="1574.2172" FahrtZeit="2023-01-27 09:59:31" Kennung_FahrtZeitms="2023-01-27 09:59:31:480" Fahrtsp="4.5266" FahrtspStrecke="11.1111" FahrtspSignal="11.1111" FahrtspZugsicherung="12.5" Fahrtkm="49.4422" FahrtHLDruck="5" FahrtFBSchalter="9"/>
<FahrtEintrag FahrtWeg="1599.2474" FahrtZeit="2023-01-27 09:59:35" Kennung_FahrtZeitms="2023-01-27 09:59:35:560" Fahrtsp="5.7354" FahrtspStrecke="11.1111" FahrtspSignal="11.1111" FahrtspZugsicherung="12.5" Fahrtkm="49.468" FahrtHLDruck="5" FahrtFBSchalter="9"/>
<FahrtEintrag FahrtWeg="1624.4453" FahrtZeit="2023-01-27 09:59:40" Kennung_FahrtZeitms="2023-01-27 09:59:40:420" Fahrtsp="6.7005" FahrtspStrecke="11.1111" FahrtspSignal="11.1111" FahrtspZugsicherung="12.5" Fahrtkm="49.4681" FahrtHLDruck="5" FahrtFBSchalter="9"/>
<FahrtEintrag FahrtWeg="1649.7096" FahrtZeit="2023-01-27 09:59:43" Kennung_FahrtZeitms="2023-01-27 09:59:43:367" Fahrtsp="7.517" FahrtspStrecke="11.1111" FahrtspSignal="11.1111" FahrtspZugsicherung="12.5" Fahrtkm="49.4682" FahrtHLDruck="5" FahrtFBSchalter="9"/>
<FahrtEintrag FahrtWeg="1674.8324" FahrtZeit="2023-01-27 09:59:46" Kennung_FahrtZeitms="2023-01-27 09:59:46:218" Fahrtsp="8.2232" FahrtspStrecke="11.1111" FahrtspSignal="11.1111" FahrtspZugsicherung="12.5" Fahrtkm="49.5409" FahrtHLDruck="5" FahrtFBSchalter="9"/>
<FahrtEintrag FahrtWeg="1686.017" FahrtZeit="2023-01-27 09:59:47" Kennung_FahrtZeitms="2023-01-27 09:59:47:593" Fahrtsp="8.2232" FahrtspStrecke="11.1111" FahrtspSignal="11.1111" FahrtspZugsicherung="12.5" Fahrtkm="49.5528" FahrtHLDruck="5" FahrtFBSchalter="9"/>
<FahrtEintrag FahrtWeg="1700.0785" FahrtZeit="2023-01-27 09:59:49" Kennung_FahrtZeitms="2023-01-27 09:59:49:137" Fahrtsp="8.8441" FahrtspStrecke="11.1111" FahrtspSignal="11.1111" FahrtspZugsicherung="12.5" Fahrtkm="49.565" FahrtHLDruck="5" FahrtFBSchalter="9"/>
<FahrtEintrag FahrtWeg="1725.1006" FahrtZeit="2023-01-27 09:59:52" Kennung_FahrtZeitms="2023-01-27 09:59:52:230" Fahrtsp="9.1089" FahrtspStrecke="11.1111" FahrtspSignal="11.1111" FahrtspZugsicherung="12.5" Fahrtkm="49.5923" FahrtHLDruck="5"/>
<FahrtEintrag FahrtWeg="1725.4429" FahrtZeit="2023-01-27 09:59:52" Kennung_FahrtZeitms="2023-01-27 09:59:52:850" Fahrtsp="9.108" FahrtspStrecke="11.1111" FahrtspSignal="11.1111" FahrtspZugsicherung="12.5" Fahrtkm="49.5923" FahrtHLDruck="5"/>
<FahrtEintrag FahrtWeg="1727.4933" FahrtZeit="2023-01-27 09:59:52" Kennung_FahrtZeitms="2023-01-27 09:59:52:980" Fahrtsp="9.1029" FahrtspStrecke="11.1111" FahrtspSignal="11.1111" FahrtspZugsicherung="12.5" Fahrtkm="49.5923" FahrtHLDruck="5"/>
<FahrtEintrag FahrtTyp="8" FahrtWeg="-1" FahrtZeit="2023-01-27 09:59:53" Kennung_FahrtZeitms="2023-01-27 09:59:53:675" Fahrtsp="-1" FahrtspStrecke="-1" FahrtspSignal="-1" FahrtspZugsicherung="-1" FahrtHLDruck="-1" FahrtParameter="48" FahrtFBSchalter="-10000"/>
<FahrtEintrag FahrtWeg="1744.5691" FahrtZeit="2023-01-27 09:59:53" Kennung_FahrtZeitms="2023-01-27 09:59:53:781" Fahrtsp="9.108" FahrtspStrecke="11.1111" FahrtspSignal="11.1111" FahrtspZugsicherung="12.5" Fahrtkm="49.6114" FahrtHLDruck="5"/>
<FahrtEintrag FahrtTyp="8" FahrtWeg="-1" FahrtZeit="2023-01-27 09:59:53" Kennung_FahrtZeitms="2023-01-27 09:59:53:850" Fahrtsp="-1" FahrtspStrecke="-1" FahrtspSignal="-1" FahrtspZugsicherung="-1" FahrtHLDruck="-1" FahrtParameter="16" FahrtFBSchalter="-10000"/>
<FahrtEintrag FahrtWeg="1752.7296" FahrtZeit="2023-01-27 09:59:55" Kennung_FahrtZeitms="2023-01-27 09:59:55:435" Fahrtsp="9.0437" FahrtspStrecke="11.1111" FahrtspSignal="11.1111" FahrtspZugsicherung="12.5" Fahrtkm="49.6114" FahrtHLDruck="5"/>
<FahrtEintrag FahrtWeg="1778.0004" FahrtZeit="2023-01-27 09:59:58" Kennung_FahrtZeitms="2023-01-27 09:59:58:320" Fahrtsp="8.9855" FahrtspStrecke="11.1111" FahrtspSignal="11.1111" FahrtspZugsicherung="12.5" Fahrtkm="49.6114" FahrtHLDruck="5"/>
<FahrtEintrag FahrtWeg="1803.2148" FahrtZeit="2023-01-27 10:00:01" Kennung_FahrtZeitms="2023-01-27 10:00:01:203" Fahrtsp="8.9271" FahrtspStrecke="11.1111" FahrtspSignal="11.1111" FahrtspZugsicherung="12.5" Fahrtkm="49.6525" FahrtHLDruck="5"/>
<FahrtEintrag FahrtWeg="1828.5359" FahrtZeit="2023-01-27 10:00:04" Kennung_FahrtZeitms="2023-01-27 10:00:04:100" Fahrtsp="8.9471" FahrtspStrecke="11.1111" FahrtspSignal="11.1111" FahrtspZugsicherung="12.5" Fahrtkm="49.6525" FahrtHLDruck="5" FahrtFBSchalter="4"/>
<FahrtEintrag FahrtWeg="1853.6559" FahrtZeit="2023-01-27 10:00:06" Kennung_FahrtZeitms="2023-01-27 10:00:06:305" Fahrtsp="9.1753" FahrtspStrecke="11.1111" FahrtspSignal="11.1111" FahrtspZugsicherung="12.5" Fahrtkm="49.7237" FahrtHLDruck="5" FahrtFBSchalter="4"/>
<FahrtEintrag FahrtWeg="1878.8662" FahrtZeit="2023-01-27 10:00:09" Kennung_FahrtZeitms="2023-01-27 10:00:09:275" Fahrtsp="9.3601" FahrtspStrecke="11.1111" FahrtspSignal="11.1111" FahrtspZugsicherung="12.5" Fahrtkm="49.7413" FahrtHLDruck="5"/>
<FahrtEintrag FahrtWeg="1904.22" FahrtZeit="2023-01-27 10:00:12" Kennung_FahrtZeitms="2023-01-27 10:00:12:206" Fahrtsp="9.3284" FahrtspStrecke="11.1111" FahrtspSignal="11.1111" FahrtspZugsicherung="12.5" Fahrtkm="49.7762" FahrtHLDruck="5"/>
<FahrtEintrag FahrtWeg="1929.5498" FahrtZeit="2023-01-27 10:00:15" Kennung_FahrtZeitms="2023-01-27 10:00:15:137" Fahrtsp="9.2969" FahrtspStrecke="11.1111" FahrtspSignal="11.1111" FahrtspZugsicherung="12.5" Fahrtkm="49.7903" FahrtHLDruck="5"/>
<FahrtEintrag FahrtWeg="1954.5734" FahrtZeit="2023-01-27 10:00:17" Kennung_FahrtZeitms="2023-01-27 10:00:17:045" Fahrtsp="9.2657" FahrtspStrecke="11.1111" FahrtspSignal="11.1111" FahrtspZugsicherung="12.5" Fahrtkm="49.8157" FahrtHLDruck="5"/>
<FahrtEintrag FahrtWeg="1979.6766" FahrtZeit="2023-01-27 10:00:20" Kennung_FahrtZeitms="2023-01-27 10:00:20:075" Fahrtsp="9.2344" FahrtspStrecke="11.1111" FahrtspSignal="11.1111" FahrtspZugsicherung="12.5" Fahrtkm="49.8512" FahrtHLDruck="5"/>
<FahrtEintrag FahrtWeg="2005.0039" FahrtZeit="2023-01-27 10:00:23" Kennung_FahrtZeitms="2023-01-27 10:00:23:027" Fahrtsp="9.2027" FahrtspStrecke="11.1111" FahrtspSignal="11.1111" FahrtspZugsicherung="12.5" Fahrtkm="49.8679" FahrtHLDruck="5"/>
<FahrtEintrag FahrtTyp="5" FahrtWeg="-1" FahrtZeit="2023-01-27 10:00:24" Kennung_FahrtZeitms="2023-01-27 10:00:24:140" Fahrtsp="-1" FahrtspStrecke="-1" FahrtspSignal="-1" FahrtspZugsicherung="-1" FahrtText="Zugende passiert Ende Weichenbereich" FahrtHLDruck="-1" FahrtParameter="4" FahrtFBSchalter="-10000"/>
<FahrtEintrag FahrtWeg="2015.7817" FahrtZeit="2023-01-27 10:00:24" Kennung_FahrtZeitms="2023-01-27 10:00:24:350" Fahrtsp="9.1892" FahrtspStrecke="11.1111" FahrtspSignal="-1" FahrtspZugsicherung="12.5" Fahrtkm="49.8678" FahrtHLDruck="5"/>
<FahrtEintrag FahrtWeg="2040.9563" FahrtZeit="2023-01-27 10:00:27" Kennung_FahrtZeitms="2023-01-27 10:00:27:040" Fahrtsp="9.1576" FahrtspStrecke="11.1111" FahrtspSignal="-1" FahrtspZugsicherung="12.5" Fahrtkm="49.8678" FahrtHLDruck="5"/>
<FahrtEintrag FahrtWeg="2066.2729" FahrtZeit="2023-01-27 10:00:29" Kennung_FahrtZeitms="2023-01-27 10:00:29:100" Fahrtsp="9.1259" FahrtspStrecke="11.1111" FahrtspSignal="-1" FahrtspZugsicherung="12.5" Fahrtkm="49.8678" FahrtHLDruck="5"/>
<FahrtEintrag FahrtWeg="2091.3813" FahrtZeit="2023-01-27 10:00:32" Kennung_FahrtZeitms="2023-01-27 10:00:32:070" Fahrtsp="9.0943" FahrtspStrecke="11.1111" FahrtspSignal="-1" FahrtspZugsicherung="45.8333" Fahrtkm="49.8678" FahrtHLDruck="5"/>
<FahrtEintrag FahrtWeg="2115.9558" FahrtZeit="2023-01-27 10:00:35" Kennung_FahrtZeitms="2023-01-27 10:00:35:550" Fahrtsp="9.0633" FahrtspStrecke="11.1111" FahrtspSignal="-1" FahrtspZugsicherung="45.8333" Fahrtkm="49.9673" FahrtHLDruck="5"/>
<FahrtEintrag FahrtWeg="2117.2671" FahrtZeit="2023-01-27 10:00:35" Kennung_FahrtZeitms="2023-01-27 10:00:35:700" Fahrtsp="9.0617" FahrtspStrecke="11.1111" FahrtspSignal="-1" FahrtspZugsicherung="45.8333" Fahrtkm="49.9673" FahrtHLDruck="5"/>
<FahrtEintrag FahrtWeg="2142.4636" FahrtZeit="2023-01-27 10:00:38" Kennung_FahrtZeitms="2023-01-27 10:00:38:070" Fahrtsp="9.0299" FahrtspStrecke="11.1111" FahrtspSignal="-1" FahrtspZugsicherung="45.8333" Fahrtkm="49.9673" FahrtHLDruck="5"/>
<FahrtEintrag FahrtWeg="2167.7458" FahrtZeit="2023-01-27 10:00:40" Kennung_FahrtZeitms="2023-01-27 10:00:40:060" Fahrtsp="8.9979" FahrtspStrecke="11.1111" FahrtspSignal="-1" FahrtspZugsicherung="45.8333" Fahrtkm="49.9673" FahrtHLDruck="5"/>
<FahrtEintrag FahrtWeg="2192.9338" FahrtZeit="2023-01-27 10:00:43" Kennung_FahrtZeitms="2023-01-27 10:00:43:150" Fahrtsp="8.966" FahrtspStrecke="11.1111" FahrtspSignal="-1" FahrtspZugsicherung="45.8333" Fahrtkm="50.0543" FahrtHLDruck="5"/>
<FahrtEintrag FahrtWeg="2218.1965" FahrtZeit="2023-01-27 10:00:46" Kennung_FahrtZeitms="2023-01-27 10:00:46:120" Fahrtsp="8.9339" FahrtspStrecke="11.1111" FahrtspSignal="-1" FahrtspZugsicherung="45.8333" Fahrtkm="50.0669" FahrtHLDruck="5"/>
<FahrtEintrag FahrtWeg="2243.4976" FahrtZeit="2023-01-27 10:00:49" Kennung_FahrtZeitms="2023-01-27 10:00:49:100" Fahrtsp="8.9018" FahrtspStrecke="11.1111" FahrtspSignal="-1" FahrtspZugsicherung="45.8333" Fahrtkm="50.0669" FahrtHLDruck="5"/>
<FahrtEintrag FahrtWeg="2268.7673" FahrtZeit="2023-01-27 10:00:52" Kennung_FahrtZeitms="2023-01-27 10:00:52:100" Fahrtsp="8.8696" FahrtspStrecke="11.1111" FahrtspSignal="-1" FahrtspZugsicherung="45.8333" Fahrtkm="50.0669" FahrtHLDruck="5"/>
<FahrtEintrag FahrtWeg="2294.0168" FahrtZeit="2023-01-27 10:00:55" Kennung_FahrtZeitms="2023-01-27 10:00:55:020" Fahrtsp="8.8373" FahrtspStrecke="11.1111" FahrtspSignal="-1" FahrtspZugsicherung="45.8333" Fahrtkm="50.0669" FahrtHLDruck="5"/>
<FahrtEintrag FahrtWeg="2319.2793" FahrtZeit="2023-01-27 10:00:57" Kennung_FahrtZeitms="2023-01-27 10:00:57:145" Fahrtsp="8.805" FahrtspStrecke="11.1111" FahrtspSignal="-1" FahrtspZugsicherung="45.8333" Fahrtkm="50.1664" FahrtHLDruck="5"/>
<FahrtEintrag FahrtWeg="2344.3728" FahrtZeit="2023-01-27 10:01:00" Kennung_FahrtZeitms="2023-01-27 10:01:00:105" Fahrtsp="8.7729" FahrtspStrecke="11.1111" FahrtspSignal="-1" FahrtspZugsicherung="45.8333" Fahrtkm="50.1664" FahrtHLDruck="5"/>
<FahrtEintrag FahrtWeg="2369.6133" FahrtZeit="2023-01-27 10:01:03" Kennung_FahrtZeitms="2023-01-27 10:01:03:145" Fahrtsp="8.7405" FahrtspStrecke="11.1111" FahrtspSignal="-1" FahrtspZugsicherung="45.8333" Fahrtkm="50.1664" FahrtHLDruck="5"/>
<FahrtEintrag FahrtWeg="2394.6487" FahrtZeit="2023-01-27 10:01:06" Kennung_FahrtZeitms="2023-01-27 10:01:06:178" Fahrtsp="8.7083" FahrtspStrecke="11.1111" FahrtspSignal="-1" FahrtspZugsicherung="45.8333" Fahrtkm="50.1676" FahrtHLDruck="5"/>
<FahrtEintrag FahrtWeg="2419.8857" FahrtZeit="2023-01-27 10:01:09" Kennung_FahrtZeitms="2023-01-27 10:01:09:137" Fahrtsp="8.6757" FahrtspStrecke="11.1111" FahrtspSignal="-1" FahrtspZugsicherung="45.8333" Fahrtkm="50.1929" FahrtHLDruck="5"/>
<FahrtEintrag FahrtWeg="2445.0613" FahrtZeit="2023-01-27 10:01:12" Kennung_FahrtZeitms="2023-01-27 10:01:12:210" Fahrtsp="8.6431" FahrtspStrecke="11.1111" FahrtspSignal="-1" FahrtspZugsicherung="45.8333" Fahrtkm="50.266" FahrtHLDruck="5"/>
<FahrtEintrag FahrtWeg="2470.1887" FahrtZeit="2023-01-27 10:01:15" Kennung_FahrtZeitms="2023-01-27 10:01:15:135" Fahrtsp="8.6106" FahrtspStrecke="11.1111" FahrtspSignal="-1" FahrtspZugsicherung="45.8333" Fahrtkm="50.266" FahrtHLDruck="5"/>
<FahrtEintrag FahrtWeg="2495.2439" FahrtZeit="2023-01-27 10:01:18" Kennung_FahrtZeitms="2023-01-27 10:01:18:112" Fahrtsp="8.5781" FahrtspStrecke="11.1111" FahrtspSignal="-1" FahrtspZugsicherung="45.8333" Fahrtkm="50.3655" FahrtHLDruck="5"/>
<FahrtEintrag FahrtWeg="2520.3691" FahrtZeit="2023-01-27 10:01:20" Kennung_FahrtZeitms="2023-01-27 10:01:20:124" Fahrtsp="8.5454" FahrtspStrecke="11.1111" FahrtspSignal="-1" FahrtspZugsicherung="45.8333" Fahrtkm="50.3655" FahrtHLDruck="5"/>
<FahrtEintrag FahrtWeg="2545.376" FahrtZeit="2023-01-27 10:01:23" Kennung_FahrtZeitms="2023-01-27 10:01:23:165" Fahrtsp="8.5128" FahrtspStrecke="11.1111" FahrtspSignal="-1" FahrtspZugsicherung="45.8333" Fahrtkm="50.3655" FahrtHLDruck="5"/>
<FahrtEintrag FahrtWeg="2570.5579" FahrtZeit="2023-01-27 10:01:26" Kennung_FahrtZeitms="2023-01-27 10:01:26:210" Fahrtsp="8.6712" FahrtspStrecke="11.1111" FahrtspSignal="-1" FahrtspZugsicherung="45.8333" Fahrtkm="50.3655" FahrtHLDruck="5" FahrtFBSchalter="8"/>
<FahrtEintrag FahrtWeg="2595.5852" FahrtZeit="2023-01-27 10:01:29" Kennung_FahrtZeitms="2023-01-27 10:01:29:165" Fahrtsp="9.2182" FahrtspStrecke="11.1111" FahrtspSignal="-1" FahrtspZugsicherung="45.8333" Fahrtkm="50.4651" FahrtHLDruck="5" FahrtFBSchalter="7"/>
<FahrtEintrag FahrtWeg="2620.7937" FahrtZeit="2023-01-27 10:01:32" Kennung_FahrtZeitms="2023-01-27 10:01:32:190" Fahrtsp="9.3629" FahrtspStrecke="11.1111" FahrtspSignal="-1" FahrtspZugsicherung="45.8333" Fahrtkm="50.4651" FahrtHLDruck="5"/>
<FahrtEintrag FahrtWeg="2645.8745" FahrtZeit="2023-01-27 10:01:35" Kennung_FahrtZeitms="2023-01-27 10:01:35:280" Fahrtsp="9.3317" FahrtspStrecke="11.1111" FahrtspSignal="-1" FahrtspZugsicherung="45.8333" Fahrtkm="50.4651" FahrtHLDruck="5"/>
<FahrtEintrag FahrtWeg="2670.9692" FahrtZeit="2023-01-27 10:01:37" Kennung_FahrtZeitms="2023-01-27 10:01:37:240" Fahrtsp="9.3005" FahrtspStrecke="11.1111" FahrtspSignal="-1" FahrtspZugsicherung="45.8333" Fahrtkm="50.5393" FahrtHLDruck="5"/>
<FahrtEintrag FahrtWeg="2696.0823" FahrtZeit="2023-01-27 10:01:40" Kennung_FahrtZeitms="2023-01-27 10:01:40:130" Fahrtsp="9.2693" FahrtspStrecke="11.1111" FahrtspSignal="-1" FahrtspZugsicherung="45.8333" Fahrtkm="50.5547" FahrtHLDruck="5"/>
<FahrtEintrag FahrtWeg="2702.9166" FahrtZeit="2023-01-27 10:01:40" Kennung_FahrtZeitms="2023-01-27 10:01:40:869" Fahrtsp="9.2693" FahrtspStrecke="11.1111" FahrtspSignal="-1" FahrtspZugsicherung="45.8333" Fahrtkm="50.5646" FahrtHLDruck="5"/>
<FahrtEintrag FahrtWeg="2721.2847" FahrtZeit="2023-01-27 10:01:43" Kennung_FahrtZeitms="2023-01-27 10:01:43:220" Fahrtsp="9.2378" FahrtspStrecke="11.1111" FahrtspSignal="-1" FahrtspZugsicherung="45.8333" Fahrtkm="50.5646" FahrtHLDruck="5"/>
<FahrtEintrag FahrtWeg="2746.5444" FahrtZeit="2023-01-27 10:01:45" Kennung_FahrtZeitms="2023-01-27 10:01:45:170" Fahrtsp="9.2063" FahrtspStrecke="11.1111" FahrtspSignal="-1" FahrtspZugsicherung="45.8333" Fahrtkm="50.5646" FahrtHLDruck="5"/>
<FahrtEintrag FahrtTyp="8" FahrtWeg="-1" FahrtZeit="2023-01-27 10:01:45" Kennung_FahrtZeitms="2023-01-27 10:01:45:772" Fahrtsp="-1" FahrtspStrecke="-1" FahrtspSignal="-1" FahrtspZugsicherung="-1" FahrtHLDruck="-1" FahrtParameter="48" FahrtFBSchalter="-10000"/>
<FahrtEintrag FahrtWeg="2754.5355" FahrtZeit="2023-01-27 10:01:45" Kennung_FahrtZeitms="2023-01-27 10:01:45:981" Fahrtsp="9.1666" FahrtspStrecke="11.1111" FahrtspSignal="-1" FahrtspZugsicherung="45.8333" Fahrtkm="50.6162" FahrtHLDruck="5"/>
<FahrtEintrag FahrtTyp="8" FahrtWeg="-1" FahrtZeit="2023-01-27 10:01:45" Kennung_FahrtZeitms="2023-01-27 10:01:46:012" Fahrtsp="-1" FahrtspStrecke="-1" FahrtspSignal="-1" FahrtspZugsicherung="-1" FahrtHLDruck="-1" FahrtParameter="16" FahrtFBSchalter="-10000"/>
<FahrtEintrag FahrtWeg="2771.5779" FahrtZeit="2023-01-27 10:01:48" Kennung_FahrtZeitms="2023-01-27 10:01:48:190" Fahrtsp="9.1749" FahrtspStrecke="11.1111" FahrtspSignal="-1" FahrtspZugsicherung="45.8333" Fahrtkm="50.6162" FahrtHLDruck="5"/>
<FahrtEintrag FahrtWeg="2778.199" FahrtZeit="2023-01-27 10:01:49" Kennung_FahrtZeitms="2023-01-27 10:01:49:360" Fahrtsp="9.166" FahrtspStrecke="11.1111" FahrtspSignal="-1" FahrtspZugsicherung="45.8333" Fahrtkm="50.6162" FahrtHLDruck="5"/>
<FahrtEintrag FahrtWeg="2779.2991" FahrtZeit="2023-01-27 10:01:49" Kennung_FahrtZeitms="2023-01-27 10:01:49:500" Fahrtsp="9.1653" FahrtspStrecke="11.1111" FahrtspSignal="-1" FahrtspZugsicherung="45.8333" Fahrtkm="50.6162" FahrtHLDruck="5"/>
<FahrtEintrag FahrtWeg="2804.3467" FahrtZeit="2023-01-27 10:01:52" Kennung_FahrtZeitms="2023-01-27 10:01:52:239" Fahrtsp="9.1338" FahrtspStrecke="11.1111" FahrtspSignal="-1" FahrtspZugsicherung="45.8333" Fahrtkm="50.6642" FahrtHLDruck="5"/>
<FahrtEintrag FahrtWeg="2829.5813" FahrtZeit="2023-01-27 10:01:54" Kennung_FahrtZeitms="2023-01-27 10:01:54:985" Fahrtsp="9.1021" FahrtspStrecke="11.1111" FahrtspSignal="-1" FahrtspZugsicherung="45.8333" Fahrtkm="50.6642" FahrtHLDruck="5"/>
<FahrtEintrag FahrtWeg="2854.5874" FahrtZeit="2023-01-27 10:01:57" Kennung_FahrtZeitms="2023-01-27 10:01:57:743" Fahrtsp="9.0706" FahrtspStrecke="11.1111" FahrtspSignal="-1" FahrtspZugsicherung="45.8333" Fahrtkm="50.6642" FahrtHLDruck="5"/>
<FahrtEintrag FahrtWeg="2879.7991" FahrtZeit="2023-01-27 10:02:00" Kennung_FahrtZeitms="2023-01-27 10:02:00:495" Fahrtsp="9.0388" FahrtspStrecke="11.1111" FahrtspSignal="-1" FahrtspZugsicherung="45.8333" Fahrtkm="50.6642" FahrtHLDruck="5"/>
<FahrtEintrag FahrtWeg="2905.05" FahrtZeit="2023-01-27 10:02:03" Kennung_FahrtZeitms="2023-01-27 10:02:03:248" Fahrtsp="9.0069" FahrtspStrecke="11.1111" FahrtspSignal="-1" FahrtspZugsicherung="45.8333" Fahrtkm="50.7638" FahrtHLDruck="5"/>
<FahrtEintrag FahrtWeg="2930.2043" FahrtZeit="2023-01-27 10:02:06" Kennung_FahrtZeitms="2023-01-27 10:02:06:021" Fahrtsp="8.975" FahrtspStrecke="11.1111" FahrtspSignal="-1" FahrtspZugsicherung="45.8333" Fahrtkm="50.7638" FahrtHLDruck="5"/>
<FahrtEintrag FahrtWeg="2955.4751" FahrtZeit="2023-01-27 10:02:08" Kennung_FahrtZeitms="2023-01-27 10:02:08:789" Fahrtsp="8.943" FahrtspStrecke="11.1111" FahrtspSignal="-1" FahrtspZugsicherung="45.8333" Fahrtkm="50.7638" FahrtHLDruck="5"/>
<FahrtEintrag FahrtWeg="2980.6714" FahrtZeit="2023-01-27 10:02:11" Kennung_FahrtZeitms="2023-01-27 10:02:11:555" Fahrtsp="8.911" FahrtspStrecke="11.1111" FahrtspSignal="-1" FahrtspZugsicherung="45.8333" Fahrtkm="50.7638" FahrtHLDruck="5"/>
<FahrtEintrag FahrtWeg="3005.7087" FahrtZeit="2023-01-27 10:02:14" Kennung_FahrtZeitms="2023-01-27 10:02:14:311" Fahrtsp="8.8791" FahrtspStrecke="11.1111" FahrtspSignal="-1" FahrtspZugsicherung="45.8333" Fahrtkm="50.8633" FahrtHLDruck="5"/>
<FahrtEintrag FahrtWeg="3030.748" FahrtZeit="2023-01-27 10:02:17" Kennung_FahrtZeitms="2023-01-27 10:02:17:081" Fahrtsp="8.8471" FahrtspStrecke="11.1111" FahrtspSignal="-1" FahrtspZugsicherung="45.8333" Fahrtkm="50.8633" FahrtHLDruck="5"/>
<FahrtEintrag FahrtWeg="3055.9375" FahrtZeit="2023-01-27 10:02:20" Kennung_FahrtZeitms="2023-01-27 10:02:20:841" Fahrtsp="8.815" FahrtspStrecke="11.1111" FahrtspSignal="-1" FahrtspZugsicherung="45.8333" Fahrtkm="50.8633" FahrtHLDruck="5"/>
<FahrtEintrag FahrtWeg="3081.0483" FahrtZeit="2023-01-27 10:02:23" Kennung_FahrtZeitms="2023-01-27 10:02:23:598" Fahrtsp="8.7828" FahrtspStrecke="11.1111" FahrtspSignal="-1" FahrtspZugsicherung="45.8333" Fahrtkm="50.8633" FahrtHLDruck="5"/>
<FahrtEintrag FahrtWeg="3106.2749" FahrtZeit="2023-01-27 10:02:26" Kennung_FahrtZeitms="2023-01-27 10:02:26:355" Fahrtsp="8.7504" FahrtspStrecke="11.1111" FahrtspSignal="-1" FahrtspZugsicherung="45.8333" Fahrtkm="50.9629" FahrtHLDruck="5"/>
<FahrtEintrag FahrtWeg="3131.324" FahrtZeit="2023-01-27 10:02:28" Kennung_FahrtZeitms="2023-01-27 10:02:28:158" Fahrtsp="8.7182" FahrtspStrecke="11.1111" FahrtspSignal="-1" FahrtspZugsicherung="45.8333" Fahrtkm="50.9629" FahrtHLDruck="5"/>
<FahrtEintrag FahrtWeg="3156.3821" FahrtZeit="2023-01-27 10:02:31" Kennung_FahrtZeitms="2023-01-27 10:02:31:058" Fahrtsp="8.6859" FahrtspStrecke="11.1111" FahrtspSignal="-1" FahrtspZugsicherung="45.8333" Fahrtkm="50.9629" FahrtHLDruck="5"/>
<FahrtEintrag FahrtWeg="3181.4104" FahrtZeit="2023-01-27 10:02:33" Kennung_FahrtZeitms="2023-01-27 10:02:33:898" Fahrtsp="8.6535" FahrtspStrecke="11.1111" FahrtspSignal="-1" FahrtspZugsicherung="45.8333" Fahrtkm="51.0379" FahrtHLDruck="5"/>
<FahrtEintrag FahrtWeg="3206.4587" FahrtZeit="2023-01-27 10:02:37" Kennung_FahrtZeitms="2023-01-27 10:02:37:150" Fahrtsp="8.6211" FahrtspStrecke="11.1111" FahrtspSignal="-1" FahrtspZugsicherung="45.8333" Fahrtkm="51.0625" FahrtHLDruck="5"/>
<FahrtEintrag FahrtWeg="3231.6167" FahrtZeit="2023-01-27 10:02:40" Kennung_FahrtZeitms="2023-01-27 10:02:40:168" Fahrtsp="8.6946" FahrtspStrecke="11.1111" FahrtspSignal="-1" FahrtspZugsicherung="45.8333" Fahrtkm="51.0625" FahrtHLDruck="5" FahrtFBSchalter="11"/>
<FahrtEintrag FahrtWeg="3256.6233" FahrtZeit="2023-01-27 10:02:43" Kennung_FahrtZeitms="2023-01-27 10:02:43:015" Fahrtsp="9.4443" FahrtspStrecke="11.1111" FahrtspSignal="-1" FahrtspZugsicherung="45.8333" Fahrtkm="51.0625" FahrtHLDruck="5" FahrtFBSchalter="11"/>
<FahrtEintrag FahrtWeg="3281.8789" FahrtZeit="2023-01-27 10:02:45" Kennung_FahrtZeitms="2023-01-27 10:02:45:324" Fahrtsp="9.709" FahrtspStrecke="11.1111" FahrtspSignal="-1" FahrtspZugsicherung="45.8333" Fahrtkm="51.1379" FahrtHLDruck="5"/>
<FahrtEintrag FahrtWeg="3307.1013" FahrtZeit="2023-01-27 10:02:48" Kennung_FahrtZeitms="2023-01-27 10:02:48:027" Fahrtsp="9.6782" FahrtspStrecke="11.1111" FahrtspSignal="-1" FahrtspZugsicherung="45.8333" Fahrtkm="51.162" FahrtHLDruck="5"/>
<FahrtEintrag FahrtWeg="3332.2673" FahrtZeit="2023-01-27 10:02:51" Kennung_FahrtZeitms="2023-01-27 10:02:51:246" Fahrtsp="9.6475" FahrtspStrecke="11.1111" FahrtspSignal="-1" FahrtspZugsicherung="45.8333" Fahrtkm="51.162" FahrtHLDruck="5"/>
<FahrtEintrag FahrtWeg="3357.5054" FahrtZeit="2023-01-27 10:02:53" Kennung_FahrtZeitms="2023-01-27 10:02:53:015" Fahrtsp="9.6166" FahrtspStrecke="11.1111" FahrtspSignal="-1" FahrtspZugsicherung="45.8333" Fahrtkm="51.2129" FahrtHLDruck="5"/>
<FahrtEintrag FahrtWeg="3382.7908" FahrtZeit="2023-01-27 10:02:56" Kennung_FahrtZeitms="2023-01-27 10:02:56:098" Fahrtsp="9.5856" FahrtspStrecke="11.1111" FahrtspSignal="-1" FahrtspZugsicherung="45.8333" Fahrtkm="51.2129" FahrtHLDruck="5"/>
<FahrtEintrag FahrtWeg="3407.9216" FahrtZeit="2023-01-27 10:02:58" Kennung_FahrtZeitms="2023-01-27 10:02:58:015" Fahrtsp="9.5547" FahrtspStrecke="11.1111" FahrtspSignal="-1" FahrtspZugsicherung="45.8333" Fahrtkm="51.2616" FahrtHLDruck="5"/>
<FahrtEintrag FahrtWeg="3433.2148" FahrtZeit="2023-01-27 10:03:01" Kennung_FahrtZeitms="2023-01-27 10:03:01:019" Fahrtsp="9.5236" FahrtspStrecke="11.1111" FahrtspSignal="-1" FahrtspZugsicherung="45.8333" Fahrtkm="51.2879" FahrtHLDruck="5"/>
<FahrtEintrag FahrtWeg="3458.4143" FahrtZeit="2023-01-27 10:03:04" Kennung_FahrtZeitms="2023-01-27 10:03:04:015" Fahrtsp="9.4926" FahrtspStrecke="11.1111" FahrtspSignal="-1" FahrtspZugsicherung="45.8333" Fahrtkm="51.2879" FahrtHLDruck="5"/>
<FahrtEintrag FahrtWeg="3483.7" FahrtZeit="2023-01-27 10:03:06" Kennung_FahrtZeitms="2023-01-27 10:03:06:018" Fahrtsp="9.4614" FahrtspStrecke="11.1111" FahrtspSignal="-1" FahrtspZugsicherung="45.8333" Fahrtkm="51.2879" FahrtHLDruck="5"/>
<FahrtEintrag FahrtWeg="3500.1747" FahrtZeit="2023-01-27 10:03:07" Kennung_FahrtZeitms="2023-01-27 10:03:07:761" Fahrtsp="9.4513" FahrtspStrecke="11.1111" FahrtspSignal="-1" FahrtspZugsicherung="45.8333" Fahrtkm="51.3612" FahrtHLDruck="5"/>
<FahrtEintrag FahrtTyp="8" FahrtWeg="-1" FahrtZeit="2023-01-27 10:03:09" Kennung_FahrtZeitms="2023-01-27 10:03:09:361" Fahrtsp="-1" FahrtspStrecke="-1" FahrtspSignal="-1" FahrtspZugsicherung="-1" FahrtHLDruck="-1" FahrtParameter="48" FahrtFBSchalter="-10000"/>
<FahrtEintrag FahrtWeg="3517.0995" FahrtZeit="2023-01-27 10:03:09" Kennung_FahrtZeitms="2023-01-27 10:03:09:420" Fahrtsp="9.4202" FahrtspStrecke="11.1111" FahrtspSignal="-1" FahrtspZugsicherung="45.8333" Fahrtkm="51.378" FahrtHLDruck="5"/>
<FahrtEintrag FahrtTyp="8" FahrtWeg="-1" FahrtZeit="2023-01-27 10:03:09" Kennung_FahrtZeitms="2023-01-27 10:03:09:562" Fahrtsp="-1" FahrtspStrecke="-1" FahrtspSignal="-1" FahrtspZugsicherung="-1" FahrtHLDruck="-1" FahrtParameter="16" FahrtFBSchalter="-10000"/>
<FahrtEintrag FahrtWeg="3542.1653" FahrtZeit="2023-01-27 10:03:12" Kennung_FahrtZeitms="2023-01-27 10:03:12:092" Fahrtsp="9.3891" FahrtspStrecke="11.1111" FahrtspSignal="-1" FahrtspZugsicherung="45.8333" Fahrtkm="51.378" FahrtHLDruck="5"/>
<FahrtEintrag FahrtWeg="3567.2012" FahrtZeit="2023-01-27 10:03:14" Kennung_FahrtZeitms="2023-01-27 10:03:14:618" Fahrtsp="9.3581" FahrtspStrecke="11.1111" FahrtspSignal="-1" FahrtspZugsicherung="45.8333" Fahrtkm="51.378" FahrtHLDruck="5"/>
<FahrtEintrag FahrtWeg="3592.2488" FahrtZeit="2023-01-27 10:03:17" Kennung_FahrtZeitms="2023-01-27 10:03:17:306" Fahrtsp="9.327" FahrtspStrecke="11.1111" FahrtspSignal="-1" FahrtspZugsicherung="45.8333" Fahrtkm="51.4607" FahrtHLDruck="5"/>
<FahrtEintrag FahrtWeg="3617.4106" FahrtZeit="2023-01-27 10:03:20" Kennung_FahrtZeitms="2023-01-27 10:03:20:578" Fahrtsp="9.2957" FahrtspStrecke="11.1111" FahrtspSignal="-1" FahrtspZugsicherung="45.8333" Fahrtkm="51.4607" FahrtHLDruck="5"/>
<FahrtEintrag FahrtWeg="3642.5466" FahrtZeit="2023-01-27 10:03:23" Kennung_FahrtZeitms="2023-01-27 10:03:23:418" Fahrtsp="9.2644" FahrtspStrecke="11.1111" FahrtspSignal="-1" FahrtspZugsicherung="45.8333" Fahrtkm="51.4607" FahrtHLDruck="5"/>
<FahrtEintrag FahrtWeg="3667.5498" FahrtZeit="2023-01-27 10:03:26" Kennung_FahrtZeitms="2023-01-27 10:03:26:278" Fahrtsp="9.2332" FahrtspStrecke="11.1111" FahrtspSignal="-1" FahrtspZugsicherung="45.8333" Fahrtkm="51.4607" FahrtHLDruck="5"/>
<FahrtEintrag FahrtTyp="5" FahrtWeg="3687.7822" FahrtZeit="2023-01-27 10:03:28" Kennung_FahrtZeitms="2023-01-27 10:03:28:032" Fahrtsp="9.2075" FahrtspStrecke="11.1111" FahrtspSignal="-1" FahrtspZugsicherung="45.8333" FahrtText="LZB-Bk 21/22/121/122 LZB-Bk 21" Fahrtkm="51.4607" FahrtHLDruck="5"/>
<FahrtEintrag FahrtTyp="5" FahrtWeg="-1" FahrtZeit="2023-01-27 10:03:28" Kennung_FahrtZeitms="2023-01-27 10:03:28:332" Fahrtsp="-1" FahrtspStrecke="-1" FahrtspSignal="-1" FahrtspZugsicherung="-1" FahrtText="Zugende passiert Ende Weichenbereich" FahrtHLDruck="-1" FahrtParameter="4" FahrtFBSchalter="-10000"/>
<FahrtEintrag FahrtWeg="3688.0708" FahrtZeit="2023-01-27 10:03:28" Kennung_FahrtZeitms="2023-01-27 10:03:28:063" Fahrtsp="9.2075" FahrtspStrecke="11.1111" FahrtspSignal="-1" FahrtspZugsicherung="45.8333" Fahrtkm="51.56" FahrtHLDruck="5"/>
<FahrtEintrag FahrtTyp="5" FahrtWeg="-1" FahrtZeit="2023-01-27 10:03:30" Kennung_FahrtZeitms="2023-01-27 10:03:30:150" Fahrtsp="-1" FahrtspStrecke="-1" FahrtspSignal="-1" FahrtspZugsicherung="-1" FahrtText="Zugende passiert Ende Weichenbereich" FahrtHLDruck="-1" FahrtParameter="4" FahrtFBSchalter="-10000"/>
<FahrtEintrag FahrtWeg="3708.2322" FahrtZeit="2023-01-27 10:03:30" Kennung_FahrtZeitms="2023-01-27 10:03:30:257" Fahrtsp="9.1969" FahrtspStrecke="11.1111" FahrtspSignal="-1" FahrtspZugsicherung="45.8333" Fahrtkm="51.5682" FahrtHLDruck="5" FahrtFBSchalter="5"/>
<FahrtEintrag FahrtWeg="3733.502" FahrtZeit="2023-01-27 10:03:32" Kennung_FahrtZeitms="2023-01-27 10:03:32:976" Fahrtsp="9.5098" FahrtspStrecke="11.1111" FahrtspSignal="-1" FahrtspZugsicherung="45.8333" Fahrtkm="51.5682" FahrtHLDruck="5" FahrtFBSchalter="5"/>
<FahrtEintrag FahrtWeg="3758.7834" FahrtZeit="2023-01-27 10:03:35" Kennung_FahrtZeitms="2023-01-27 10:03:35:741" Fahrtsp="9.8083" FahrtspStrecke="11.1111" FahrtspSignal="-1" FahrtspZugsicherung="45.8333" Fahrtkm="51.626" FahrtHLDruck="5" FahrtFBSchalter="5"/>
<FahrtEintrag FahrtWeg="3784.8916" FahrtZeit="2023-01-27 10:03:37" Kennung_FahrtZeitms="2023-01-27 10:03:37:654" Fahrtsp="9.8421" FahrtspStrecke="11.1111" FahrtspSignal="-1" FahrtspZugsicherung="45.8333" Fahrtkm="51.626" FahrtHLDruck="5"/>
<FahrtEintrag FahrtWeg="3809.0305" FahrtZeit="2023-01-27 10:03:40" Kennung_FahrtZeitms="2023-01-27 10:03:40:444" Fahrtsp="9.8116" FahrtspStrecke="11.1111" FahrtspSignal="-1" FahrtspZugsicherung="45.8333" Fahrtkm="51.6598" FahrtHLDruck="5"/>
<FahrtEintrag FahrtWeg="3834.1475" FahrtZeit="2023-01-27 10:03:42" Kennung_FahrtZeitms="2023-01-27 10:03:42:311" Fahrtsp="9.7811" FahrtspStrecke="11.1111" FahrtspSignal="-1" FahrtspZugsicherung="45.8333" Fahrtkm="51.6598" FahrtHLDruck="5"/>
<FahrtEintrag FahrtWeg="3859.4243" FahrtZeit="2023-01-27 10:03:45" Kennung_FahrtZeitms="2023-01-27 10:03:45:452" Fahrtsp="9.7504" FahrtspStrecke="11.1111" FahrtspSignal="-1" FahrtspZugsicherung="45.8333" Fahrtkm="51.6598" FahrtHLDruck="5"/>
<FahrtEintrag FahrtWeg="3884.6152" FahrtZeit="2023-01-27 10:03:48" Kennung_FahrtZeitms="2023-01-27 10:03:48:257" Fahrtsp="9.7197" FahrtspStrecke="11.1111" FahrtspSignal="-1" FahrtspZugsicherung="45.8333" Fahrtkm="51.6598" FahrtHLDruck="5"/>
<FahrtEintrag FahrtWeg="3909.7437" FahrtZeit="2023-01-27 10:03:50" Kennung_FahrtZeitms="2023-01-27 10:03:50:164" Fahrtsp="9.6891" FahrtspStrecke="11.1111" FahrtspSignal="-1" FahrtspZugsicherung="45.8333" Fahrtkm="51.7594" FahrtHLDruck="5"/>
<FahrtEintrag FahrtWeg="3934.9771" FahrtZeit="2023-01-27 10:03:53" Kennung_FahrtZeitms="2023-01-27 10:03:53:211" Fahrtsp="9.6583" FahrtspStrecke="11.1111" FahrtspSignal="-1" FahrtspZugsicherung="45.8333" Fahrtkm="51.7594" FahrtHLDruck="5"/>
<FahrtEintrag FahrtWeg="3960.0964" FahrtZeit="2023-01-27 10:03:55" Kennung_FahrtZeitms="2023-01-27 10:03:55:157" Fahrtsp="9.6276" FahrtspStrecke="11.1111" FahrtspSignal="-1" FahrtspZugsicherung="45.8333" Fahrtkm="51.7594" FahrtHLDruck="5"/>
<FahrtEintrag FahrtWeg="3985.4045" FahrtZeit="2023-01-27 10:03:58" Kennung_FahrtZeitms="2023-01-27 10:03:58:168" Fahrtsp="9.5966" FahrtspStrecke="11.1111" FahrtspSignal="-1" FahrtspZugsicherung="45.8333" Fahrtkm="51.7594" FahrtHLDruck="5"/>
<FahrtEintrag FahrtWeg="4010.4717" FahrtZeit="2023-01-27 10:04:01" Kennung_FahrtZeitms="2023-01-27 10:04:01:368" Fahrtsp="9.5658" FahrtspStrecke="11.1111" FahrtspSignal="-1" FahrtspZugsicherung="45.8333" Fahrtkm="51.8589" FahrtHLDruck="5"/>
<FahrtEintrag FahrtWeg="4035.5398" FahrtZeit="2023-01-27 10:04:03" Kennung_FahrtZeitms="2023-01-27 10:04:03:243" Fahrtsp="9.535" FahrtspStrecke="11.1111" FahrtspSignal="-1" FahrtspZugsicherung="45.8333" Fahrtkm="51.8589" FahrtHLDruck="5"/>
<FahrtEintrag FahrtWeg="4060.5803" FahrtZeit="2023-01-27 10:04:06" Kennung_FahrtZeitms="2023-01-27 10:04:06:296" Fahrtsp="9.5041" FahrtspStrecke="11.1111" FahrtspSignal="-1" FahrtspZugsicherung="45.8333" Fahrtkm="51.8589" FahrtHLDruck="5"/>
<FahrtEintrag FahrtWeg="4085.6348" FahrtZeit="2023-01-27 10:04:09" Kennung_FahrtZeitms="2023-01-27 10:04:09:273" Fahrtsp="9.4732" FahrtspStrecke="11.1111" FahrtspSignal="-1" FahrtspZugsicherung="45.8333" Fahrtkm="51.8589" FahrtHLDruck="5"/>
<FahrtEintrag FahrtWeg="4110.9043" FahrtZeit="2023-01-27 10:04:11" Kennung_FahrtZeitms="2023-01-27 10:04:11:168" Fahrtsp="9.442" FahrtspStrecke="11.1111" FahrtspSignal="-1" FahrtspZugsicherung="45.8333" Fahrtkm="51.9585" FahrtHLDruck="5"/>
<FahrtEintrag FahrtWeg="4135.9219" FahrtZeit="2023-01-27 10:04:13" Kennung_FahrtZeitms="2023-01-27 10:04:13:273" Fahrtsp="9.4111" FahrtspStrecke="11.1111" FahrtspSignal="-1" FahrtspZugsicherung="45.8333" Fahrtkm="51.9585" FahrtHLDruck="5"/>
<FahrtEintrag FahrtWeg="4160.9351" FahrtZeit="2023-01-27 10:04:17" Kennung_FahrtZeitms="2023-01-27 10:04:17:393" Fahrtsp="9.3801" FahrtspStrecke="11.1111" FahrtspSignal="-1" FahrtspZugsicherung="45.8333" Fahrtkm="51.9585" FahrtHLDruck="5"/>
<FahrtEintrag FahrtWeg="4186.2041" FahrtZeit="2023-01-27 10:04:19" Kennung_FahrtZeitms="2023-01-27 10:04:19:191" Fahrtsp="9.3488" FahrtspStrecke="11.1111" FahrtspSignal="-1" FahrtspZugsicherung="45.8333" Fahrtkm="52.058" FahrtHLDruck="5"/>
<FahrtEintrag FahrtWeg="4211.4736" FahrtZeit="2023-01-27 10:04:22" Kennung_FahrtZeitms="2023-01-27 10:04:22:384" Fahrtsp="9.3174" FahrtspStrecke="11.1111" FahrtspSignal="-1" FahrtspZugsicherung="45.8333" Fahrtkm="52.0719" FahrtHLDruck="5"/>
<FahrtEintrag FahrtWeg="4236.6182" FahrtZeit="2023-01-27 10:04:25" Kennung_FahrtZeitms="2023-01-27 10:04:25:376" Fahrtsp="9.2861" FahrtspStrecke="11.1111" FahrtspSignal="-1" FahrtspZugsicherung="45.8333" Fahrtkm="52.0719" FahrtHLDruck="5"/>
<FahrtEintrag FahrtWeg="4261.8208" FahrtZeit="2023-01-27 10:04:27" Kennung_FahrtZeitms="2023-01-27 10:04:27:245" Fahrtsp="9.2546" FahrtspStrecke="11.1111" FahrtspSignal="-1" FahrtspZugsicherung="45.8333" Fahrtkm="52.0719" FahrtHLDruck="5"/>
<FahrtEintrag FahrtWeg="4286.8428" FahrtZeit="2023-01-27 10:04:30" Kennung_FahrtZeitms="2023-01-27 10:04:30:318" Fahrtsp="9.0034" FahrtspStrecke="11.1111" FahrtspSignal="-1" FahrtspZugsicherung="45.8333" Fahrtkm="52.1576" FahrtHLDruck="5"/>
<FahrtEintrag FahrtWeg="4311.9888" FahrtZeit="2023-01-27 10:04:34" Kennung_FahrtZeitms="2023-01-27 10:04:34:548" Fahrtsp="9.092" FahrtspStrecke="11.1111" FahrtspSignal="-1" FahrtspZugsicherung="45.8333" Fahrtkm="52.1576" FahrtHLDruck="5"/>
<FahrtEintrag FahrtWeg="4337.1831" FahrtZeit="2023-01-27 10:04:37" Kennung_FahrtZeitms="2023-01-27 10:04:37:254" Fahrtsp="9.0604" FahrtspStrecke="11.1111" FahrtspSignal="-1" FahrtspZugsicherung="45.8333" Fahrtkm="52.1576" FahrtHLDruck="5"/>
<FahrtEintrag FahrtWeg="4362.3706" FahrtZeit="2023-01-27 10:04:39" Kennung_FahrtZeitms="2023-01-27 10:04:39:259" Fahrtsp="9.0288" FahrtspStrecke="11.1111" FahrtspSignal="-1" FahrtspZugsicherung="45.8333" Fahrtkm="52.2219" FahrtHLDruck="5"/>
<FahrtEintrag FahrtWeg="4387.4883" FahrtZeit="2023-01-27 10:04:42" Kennung_FahrtZeitms="2023-01-27 10:04:42:344" Fahrtsp="9.0972" FahrtspStrecke="11.1111" FahrtspSignal="-1" FahrtspZugsicherung="45.8333" Fahrtkm="52.2571" FahrtHLDruck="5"/>
<FahrtEintrag FahrtWeg="4412.4956" FahrtZeit="2023-01-27 10:04:45" Kennung_FahrtZeitms="2023-01-27 10:04:45:199" Fahrtsp="9.0657" FahrtspStrecke="11.1111" FahrtspSignal="-1" FahrtspZugsicherung="45.8333" Fahrtkm="52.2571" FahrtHLDruck="5"/>
<FahrtEintrag FahrtWeg="4437.5596" FahrtZeit="2023-01-27 10:04:48" Kennung_FahrtZeitms="2023-01-27 10:04:48:241" Fahrtsp="9.0341" FahrtspStrecke="11.1111" FahrtspSignal="-1" FahrtspZugsicherung="45.8333" Fahrtkm="52.2571" FahrtHLDruck="5"/>
<FahrtEintrag FahrtWeg="4462.7446" FahrtZeit="2023-01-27 10:04:50" Kennung_FahrtZeitms="2023-01-27 10:04:50:376" Fahrtsp="8.9924" FahrtspStrecke="11.1111" FahrtspSignal="-1" FahrtspZugsicherung="45.8333" Fahrtkm="52.334" FahrtHLDruck="5"/>
<FahrtEintrag FahrtWeg="4488.0425" FahrtZeit="2023-01-27 10:04:53" Kennung_FahrtZeitms="2023-01-27 10:04:53:491" Fahrtsp="8.7532" FahrtspStrecke="11.1111" FahrtspSignal="-1" FahrtspZugsicherung="45.8333" Fahrtkm="52.3567" FahrtHLDruck="5"/>
<FahrtEintrag FahrtWeg="4513.3457" FahrtZeit="2023-01-27 10:04:56" Kennung_FahrtZeitms="2023-01-27 10:04:56:492" Fahrtsp="8.3701" FahrtspStrecke="11.1111" FahrtspSignal="-1" FahrtspZugsicherung="45.8333" Fahrtkm="52.3567" FahrtHLDruck="5"/>
<FahrtEintrag FahrtWeg="4538.6035" FahrtZeit="2023-01-27 10:04:59" Kennung_FahrtZeitms="2023-01-27 10:04:59:524" Fahrtsp="7.9688" FahrtspStrecke="11.1111" FahrtspSignal="-1" FahrtspZugsicherung="45.8333" Fahrtkm="52.3567" FahrtHLDruck="5"/>
<FahrtEintrag FahrtWeg="4563.731" FahrtZeit="2023-01-27 10:05:03" Kennung_FahrtZeitms="2023-01-27 10:05:03:489" Fahrtsp="7.5492" FahrtspStrecke="11.1111" FahrtspSignal="-1" FahrtspZugsicherung="45.8333" Fahrtkm="52.3567" FahrtHLDruck="5"/>
<FahrtEintrag FahrtWeg="4588.9902" FahrtZeit="2023-01-27 10:05:06" Kennung_FahrtZeitms="2023-01-27 10:05:06:428" Fahrtsp="7.3756" FahrtspStrecke="11.1111" FahrtspSignal="-1" FahrtspZugsicherung="45.8333" Fahrtkm="52.4563" FahrtHLDruck="5" FahrtFBSchalter="14"/>
<FahrtEintrag FahrtWeg="4614.3027" FahrtZeit="2023-01-27 10:05:09" Kennung_FahrtZeitms="2023-01-27 10:05:09:376" Fahrtsp="7.148" FahrtspStrecke="11.1111" FahrtspSignal="-1" FahrtspZugsicherung="45.8333" Fahrtkm="52.4563" FahrtHLDruck="5" FahrtFBSchalter="14"/>
<FahrtEintrag FahrtWeg="4639.3623" FahrtZeit="2023-01-27 10:05:12" Kennung_FahrtZeitms="2023-01-27 10:05:12:416" Fahrtsp="7.1469" FahrtspStrecke="11.1111" FahrtspSignal="-1" FahrtspZugsicherung="45.8333" Fahrtkm="52.4563" FahrtHLDruck="5" FahrtFBSchalter="14"/>
<FahrtEintrag FahrtWeg="4664.5273" FahrtZeit="2023-01-27 10:05:14" Kennung_FahrtZeitms="2023-01-27 10:05:14:251" Fahrtsp="7.1594" FahrtspStrecke="11.1111" FahrtspSignal="-1" FahrtspZugsicherung="45.8333" Fahrtkm="52.4563" FahrtHLDruck="5" FahrtFBSchalter="14"/>
<FahrtEintrag FahrtWeg="4689.7393" FahrtZeit="2023-01-27 10:05:17" Kennung_FahrtZeitms="2023-01-27 10:05:17:175" Fahrtsp="7.7497" FahrtspStrecke="11.1111" FahrtspSignal="-1" FahrtspZugsicherung="45.8333" Fahrtkm="52.5558" FahrtHLDruck="5"/>
<FahrtEintrag FahrtWeg="4714.999" FahrtZeit="2023-01-27 10:05:19" Kennung_FahrtZeitms="2023-01-27 10:05:19:147" Fahrtsp="7.9153" FahrtspStrecke="11.1111" FahrtspSignal="-1" FahrtspZugsicherung="45.8333" Fahrtkm="52.5558" FahrtHLDruck="5"/>
<FahrtEintrag FahrtWeg="4740.2651" FahrtZeit="2023-01-27 10:05:22" Kennung_FahrtZeitms="2023-01-27 10:05:22:213" Fahrtsp="8.0695" FahrtspStrecke="11.1111" FahrtspSignal="-1" FahrtspZugsicherung="45.8333" Fahrtkm="52.5558" FahrtHLDruck="5"/>
<FahrtEintrag FahrtWeg="4765.4536" FahrtZeit="2023-01-27 10:05:25" Kennung_FahrtZeitms="2023-01-27 10:05:25:269" Fahrtsp="8.122" FahrtspStrecke="11.1111" FahrtspSignal="-1" FahrtspZugsicherung="45.8333" Fahrtkm="52.5558" FahrtHLDruck="5"/>
<FahrtEintrag FahrtWeg="4790.644" FahrtZeit="2023-01-27 10:05:27" Kennung_FahrtZeitms="2023-01-27 10:05:27:163" Fahrtsp="8.1408" FahrtspStrecke="11.1111" FahrtspSignal="-1" FahrtspZugsicherung="45.8333" Fahrtkm="52.6554" FahrtHLDruck="5"/>
<FahrtEintrag FahrtWeg="4815.8315" FahrtZeit="2023-01-27 10:05:30" Kennung_FahrtZeitms="2023-01-27 10:05:30:368" Fahrtsp="8.2534" FahrtspStrecke="11.1111" FahrtspSignal="-1" FahrtspZugsicherung="45.8333" Fahrtkm="52.6554" FahrtHLDruck="5"/>
<FahrtEintrag FahrtWeg="4840.8579" FahrtZeit="2023-01-27 10:05:34" Kennung_FahrtZeitms="2023-01-27 10:05:34:397" Fahrtsp="7.9502" FahrtspStrecke="11.1111" FahrtspSignal="-1" FahrtspZugsicherung="45.8333" Fahrtkm="52.6554" FahrtHLDruck="5"/>
<FahrtEintrag FahrtWeg="4866.0181" FahrtZeit="2023-01-27 10:05:37" Kennung_FahrtZeitms="2023-01-27 10:05:37:326" Fahrtsp="7.9436" FahrtspStrecke="11.1111" FahrtspSignal="-1" FahrtspZugsicherung="45.8333" Fahrtkm="52.6553" FahrtHLDruck="5"/>
<FahrtEintrag FahrtWeg="4891.1089" FahrtZeit="2023-01-27 10:05:40" Kennung_FahrtZeitms="2023-01-27 10:05:40:417" Fahrtsp="7.943" FahrtspStrecke="11.1111" FahrtspSignal="-1" FahrtspZugsicherung="45.8333" Fahrtkm="52.7548" FahrtHLDruck="5"/>
<FahrtEintrag FahrtWeg="4916.2515" FahrtZeit="2023-01-27 10:05:44" Kennung_FahrtZeitms="2023-01-27 10:05:44:297" Fahrtsp="7.961" FahrtspStrecke="11.1111" FahrtspSignal="-1" FahrtspZugsicherung="45.8333" Fahrtkm="52.7548" FahrtHLDruck="5" FahrtFBSchalter="15"/>
<FahrtEintrag FahrtWeg="4941.3472" FahrtZeit="2023-01-27 10:05:48" Kennung_FahrtZeitms="2023-01-27 10:05:48:385" Fahrtsp="7.9787" FahrtspStrecke="11.1111" FahrtspSignal="-1" FahrtspZugsicherung="45.8333" Fahrtkm="52.7548" FahrtHLDruck="5" FahrtFBSchalter="15"/>
<FahrtEintrag FahrtWeg="4956.8667" FahrtZeit="2023-01-27 10:05:50" Kennung_FahrtZeitms="2023-01-27 10:05:50:372" Fahrtsp="7.9964" FahrtspStrecke="11.1111" FahrtspSignal="-1" FahrtspZugsicherung="45.8333" Fahrtkm="52.7548" FahrtHLDruck="5" FahrtFBSchalter="15"/>
<FahrtEintrag FahrtWeg="4958.1245" FahrtZeit="2023-01-27 10:05:50" Kennung_FahrtZeitms="2023-01-27 10:05:50:456" Fahrtsp="8.0391" FahrtspStrecke="11.1111" FahrtspSignal="-1" FahrtspZugsicherung="45.8333" Fahrtkm="52.7549" FahrtHLDruck="5" FahrtFBSchalter="15"/>
<FahrtEintrag FahrtWeg="4983.3491" FahrtZeit="2023-01-27 10:05:53" Kennung_FahrtZeitms="2023-01-27 10:05:53:273" Fahrtsp="7.9944" FahrtspStrecke="11.1111" FahrtspSignal="-1" FahrtspZugsicherung="45.8333" Fahrtkm="52.8245" FahrtHLDruck="5" FahrtFBSchalter="15"/>
<FahrtEintrag FahrtWeg="5008.4834" FahrtZeit="2023-01-27 10:05:56" Kennung_FahrtZeitms="2023-01-27 10:05:56:154" Fahrtsp="7.9807" FahrtspStrecke="11.1111" FahrtspSignal="-1" FahrtspZugsicherung="45.8333" Fahrtkm="52.8245" FahrtHLDruck="5" FahrtFBSchalter="15"/>
<FahrtEintrag FahrtWeg="5033.625" FahrtZeit="2023-01-27 10:05:58" Kennung_FahrtZeitms="2023-01-27 10:05:58:186" Fahrtsp="7.9959" FahrtspStrecke="11.1111" FahrtspSignal="-1" FahrtspZugsicherung="45.8333" Fahrtkm="52.8245" FahrtHLDruck="5"/>
<FahrtEintrag FahrtWeg="5038.9087" FahrtZeit="2023-01-27 10:05:58" Kennung_FahrtZeitms="2023-01-27 10:05:58:739" Fahrtsp="7.996" FahrtspStrecke="11.1111" FahrtspSignal="-1" FahrtspZugsicherung="45.8333" Fahrtkm="52.8545" FahrtHLDruck="5"/>
<FahrtEintrag FahrtTyp="8" FahrtWeg="-1" FahrtZeit="2023-01-27 10:05:59" Kennung_FahrtZeitms="2023-01-27 10:05:59:339" Fahrtsp="-1" FahrtspStrecke="-1" FahrtspSignal="-1" FahrtspZugsicherung="-1" FahrtHLDruck="-1" FahrtParameter="48" FahrtFBSchalter="-10000"/>
<FahrtEintrag FahrtWeg="5044.6008" FahrtZeit="2023-01-27 10:05:59" Kennung_FahrtZeitms="2023-01-27 10:05:59:387" Fahrtsp="7.9964" FahrtspStrecke="11.1111" FahrtspSignal="-1" FahrtspZugsicherung="45.8333" Fahrtkm="52.8545" FahrtHLDruck="5"/>
<FahrtEintrag FahrtTyp="8" FahrtWeg="-1" FahrtZeit="2023-01-27 10:05:59" Kennung_FahrtZeitms="2023-01-27 10:05:59:657" Fahrtsp="-1" FahrtspStrecke="-1" FahrtspSignal="-1" FahrtspZugsicherung="-1" FahrtHLDruck="-1" FahrtParameter="16" FahrtFBSchalter="-10000"/>
<FahrtEintrag FahrtWeg="5058.7637" FahrtZeit="2023-01-27 10:06:01" Kennung_FahrtZeitms="2023-01-27 10:06:01:278" Fahrtsp="8.0477" FahrtspStrecke="11.1111" FahrtspSignal="-1" FahrtspZugsicherung="45.8333" Fahrtkm="52.8745" FahrtHLDruck="5"/>
<FahrtEintrag FahrtWeg="5083.8706" FahrtZeit="2023-01-27 10:06:04" Kennung_FahrtZeitms="2023-01-27 10:06:04:238" Fahrtsp="8.1869" FahrtspStrecke="11.1111" FahrtspSignal="-1" FahrtspZugsicherung="45.8333" Fahrtkm="52.9541" FahrtHLDruck="5"/>
<FahrtEintrag FahrtWeg="5108.9863" FahrtZeit="2023-01-27 10:06:06" Kennung_FahrtZeitms="2023-01-27 10:06:06:311" Fahrtsp="8.5114" FahrtspStrecke="11.1111" FahrtspSignal="-1" FahrtspZugsicherung="45.8333" Fahrtkm="52.9541" FahrtHLDruck="5"/>
<FahrtEintrag FahrtWeg="5134.2266" FahrtZeit="2023-01-27 10:06:09" Kennung_FahrtZeitms="2023-01-27 10:06:09:364" Fahrtsp="8.6172" FahrtspStrecke="11.1111" FahrtspSignal="-1" FahrtspZugsicherung="45.8333" Fahrtkm="52.954" FahrtHLDruck="5"/>
<FahrtEintrag FahrtWeg="5159.2769" FahrtZeit="2023-01-27 10:06:13" Kennung_FahrtZeitms="2023-01-27 10:06:13:372" Fahrtsp="8.7067" FahrtspStrecke="11.1111" FahrtspSignal="-1" FahrtspZugsicherung="45.8333" Fahrtkm="52.954" FahrtHLDruck="5"/>
<FahrtEintrag FahrtWeg="5184.3125" FahrtZeit="2023-01-27 10:06:16" Kennung_FahrtZeitms="2023-01-27 10:06:16:394" Fahrtsp="8.742" FahrtspStrecke="11.1111" FahrtspSignal="-1" FahrtspZugsicherung="45.8333" Fahrtkm="53.0403" FahrtHLDruck="5"/>
<FahrtEintrag FahrtWeg="5209.4521" FahrtZeit="2023-01-27 10:06:19" Kennung_FahrtZeitms="2023-01-27 10:06:19:231" Fahrtsp="8.865" FahrtspStrecke="11.1111" FahrtspSignal="-1" FahrtspZugsicherung="45.8333" Fahrtkm="53.0654" FahrtHLDruck="5" FahrtFBSchalter="28"/>
<FahrtEintrag FahrtWeg="5234.4854" FahrtZeit="2023-01-27 10:06:22" Kennung_FahrtZeitms="2023-01-27 10:06:22:135" Fahrtsp="9.1915" FahrtspStrecke="11.1111" FahrtspSignal="-1" FahrtspZugsicherung="45.8333" Fahrtkm="53.0536" FahrtHLDruck="5" FahrtFBSchalter="28"/>
<FahrtEintrag FahrtWeg="5259.667" FahrtZeit="2023-01-27 10:06:24" Kennung_FahrtZeitms="2023-01-27 10:06:24:249" Fahrtsp="9.9204" FahrtspStrecke="11.1111" FahrtspSignal="-1" FahrtspZugsicherung="45.8333" Fahrtkm="53.0536" FahrtHLDruck="5"/>
<FahrtEintrag FahrtWeg="5284.9629" FahrtZeit="2023-01-27 10:06:27" Kennung_FahrtZeitms="2023-01-27 10:06:27:312" Fahrtsp="9.96116" FahrtspStrecke="11.1111" FahrtspSignal="-1" FahrtspZugsicherung="45.8333" Fahrtkm="53.1532" FahrtHLDruck="5"/>
<FahrtEintrag FahrtWeg="5310.209" FahrtZeit="2023-01-27 10:06:29" Kennung_FahrtZeitms="2023-01-27 10:06:29:157" Fahrtsp="10.0946" FahrtspStrecke="11.1111" FahrtspSignal="-1" FahrtspZugsicherung="45.8333" Fahrtkm="53.1532" FahrtHLDruck="5"/>
<FahrtEintrag FahrtWeg="5335.3296" FahrtZeit="2023-01-27 10:06:32" Kennung_FahrtZeitms="2023-01-27 10:06:32:278" Fahrtsp="9.9699" FahrtspStrecke="11.1111" FahrtspSignal="-1" FahrtspZugsicherung="45.8333" Fahrtkm="53.1532" FahrtHLDruck="5"/>
<FahrtEintrag FahrtWeg="5360.5166" FahrtZeit="2023-01-27 10:06:34" Kennung_FahrtZeitms="2023-01-27 10:06:34:397" Fahrtsp="9.6339" FahrtspStrecke="11.1111" FahrtspSignal="-1" FahrtspZugsicherung="45.8333" Fahrtkm="53.1532" FahrtHLDruck="5"/>
<FahrtEintrag FahrtWeg="5385.7251" FahrtZeit="2023-01-27 10:06:37" Kennung_FahrtZeitms="2023-01-27 10:06:37:364" Fahrtsp="9.286" FahrtspStrecke="11.1111" FahrtspSignal="-1" FahrtspZugsicherung="45.8333" Fahrtkm="53.2528" FahrtHLDruck="5"/>
<FahrtEintrag FahrtWeg="5411.0122" FahrtZeit="2023-01-27 10:06:40" Kennung_FahrtZeitms="2023-01-27 10:06:40:328" Fahrtsp="8.9241" FahrtspStrecke="11.1111" FahrtspSignal="-1" FahrtspZugsicherung="45.8333" Fahrtkm="53.2528" FahrtHLDruck="5"/>
<FahrtEintrag FahrtWeg="5436.2686" FahrtZeit="2023-01-27 10:06:42" Kennung_FahrtZeitms="2023-01-27 10:06:42:137" Fahrtsp="8.5479" FahrtspStrecke="11.1111" FahrtspSignal="-1" FahrtspZugsicherung="45.8333" Fahrtkm="53.2528" FahrtHLDruck="5"/>
<FahrtEintrag FahrtWeg="5461.4268" FahrtZeit="2023-01-27 10:06:46" Kennung_FahrtZeitms="2023-01-27 10:06:46:257" Fahrtsp="8.1567" FahrtspStrecke="11.1111" FahrtspSignal="-1" FahrtspZugsicherung="45.8333" Fahrtkm="53.2528" FahrtHLDruck="5"/>
<FahrtEintrag FahrtTyp="5" FahrtWeg="5479.7891" FahrtZeit="2023-01-27 10:06:48" Kennung_FahrtZeitms="2023-01-27 10:06:48:245" Fahrtsp="7.8547" FahrtspStrecke="11.1111" FahrtspSignal="-1" FahrtspZugsicherung="45.8333" FahrtText="Üst Moorrasen A" Fahrtkm="53.2528" FahrtHLDruck="5"/>
<FahrtEintrag FahrtWeg="5504.9302" FahrtZeit="2023-01-27 10:06:51" Kennung_FahrtZeitms="2023-01-27 10:06:51:374" Fahrtsp="7.4335" FahrtspStrecke="11.1111" FahrtspSignal="-1" FahrtspZugsicherung="45.8333" Fahrtkm="53.3523" FahrtHLDruck="5"/>
<FahrtEintrag FahrtWeg="5530.0156" FahrtZeit="2023-01-27 10:06:55" Kennung_FahrtZeitms="2023-01-27 10:06:55:296" Fahrtsp="7.9989" FahrtspStrecke="11.1111" FahrtspSignal="-1" FahrtspZugsicherung="45.8333" Fahrtkm="53.3523" FahrtHLDruck="5" FahrtFBSchalter="28"/>
<FahrtEintrag FahrtWeg="5555.2051" FahrtZeit="2023-01-27 10:06:58" Kennung_FahrtZeitms="2023-01-27 10:06:58:417" Fahrtsp="8.68" FahrtspStrecke="11.1111" FahrtspSignal="-1" FahrtspZugsicherung="45.8333" Fahrtkm="53.3523" FahrtHLDruck="5" FahrtFBSchalter="28"/>
<FahrtEintrag FahrtWeg="5580.2939" FahrtZeit="2023-01-27 10:07:01" Kennung_FahrtZeitms="2023-01-27 10:07:01:127" Fahrtsp="9.9472" FahrtspStrecke="11.1111" FahrtspSignal="-1" FahrtspZugsicherung="45.8333" Fahrtkm="53.452" FahrtHLDruck="5"/>
<FahrtEintrag FahrtWeg="5605.3701" FahrtZeit="2023-01-27 10:07:03" Kennung_FahrtZeitms="2023-01-27 10:07:03:237" Fahrtsp="9.612" FahrtspStrecke="11.1111" FahrtspSignal="-1" FahrtspZugsicherung="45.8333" Fahrtkm="53.452" FahrtHLDruck="5"/>
<FahrtEintrag FahrtWeg="5630.582" FahrtZeit="2023-01-27 10:07:06" Kennung_FahrtZeitms="2023-01-27 10:07:06:324" Fahrtsp="9.2632" FahrtspStrecke="11.1111" FahrtspSignal="-1" FahrtspZugsicherung="45.8333" Fahrtkm="53.452" FahrtHLDruck="5"/>
<FahrtEintrag FahrtWeg="5655.7578" FahrtZeit="2023-01-27 10:07:09" Kennung_FahrtZeitms="2023-01-27 10:07:09:289" Fahrtsp="8.902" FahrtspStrecke="11.1111" FahrtspSignal="-1" FahrtspZugsicherung="45.8333" Fahrtkm="53.452" FahrtHLDruck="5"/>
<FahrtEintrag FahrtWeg="5680.8306" FahrtZeit="2023-01-27 10:07:12" Kennung_FahrtZeitms="2023-01-27 10:07:12:245" Fahrtsp="8.5277" FahrtspStrecke="11.1111" FahrtspSignal="-1" FahrtspZugsicherung="45.8333" Fahrtkm="53.5516" FahrtHLDruck="5"/>
<FahrtEintrag FahrtWeg="5706.0176" FahrtZeit="2023-01-27 10:07:14" Kennung_FahrtZeitms="2023-01-27 10:07:14:137" Fahrtsp="8.1351" FahrtspStrecke="11.1111" FahrtspSignal="-1" FahrtspZugsicherung="45.8333" Fahrtkm="53.5515" FahrtHLDruck="5"/>
<FahrtEintrag FahrtWeg="5731.2539" FahrtZeit="2023-01-27 10:07:18" Kennung_FahrtZeitms="2023-01-27 10:07:18:148" Fahrtsp="7.7224" FahrtspStrecke="11.1111" FahrtspSignal="-1" FahrtspZugsicherung="45.8333" Fahrtkm="53.5515" FahrtHLDruck="5"/>
<FahrtEintrag FahrtWeg="5756.4775" FahrtZeit="2023-01-27 10:07:21" Kennung_FahrtZeitms="2023-01-27 10:07:21:194" Fahrtsp="7.2874" FahrtspStrecke="11.1111" FahrtspSignal="-1" FahrtspZugsicherung="45.8333" Fahrtkm="53.5515" FahrtHLDruck="5"/>
<FahrtEintrag FahrtWeg="5781.6816" FahrtZeit="2023-01-27 10:07:25" Kennung_FahrtZeitms="2023-01-27 10:07:25:319" Fahrtsp="6.8259" FahrtspStrecke="11.1111" FahrtspSignal="-1" FahrtspZugsicherung="45.8333" Fahrtkm="53.6522" FahrtHLDruck="5"/>
<FahrtEintrag FahrtWeg="5806.8218" FahrtZeit="2023-01-27 10:07:28" Kennung_FahrtZeitms="2023-01-27 10:07:28:365" Fahrtsp="6.3331" FahrtspStrecke="11.1111" FahrtspSignal="-1" FahrtspZugsicherung="45.8333" Fahrtkm="53.6738" FahrtHLDruck="5"/>
<FahrtEintrag FahrtWeg="5831.8579" FahrtZeit="2023-01-27 10:07:32" Kennung_FahrtZeitms="2023-01-27 10:07:32:291" Fahrtsp="5.8016" FahrtspStrecke="11.1111" FahrtspSignal="-1" FahrtspZugsicherung="45.8333" Fahrtkm="53.6738" FahrtHLDruck="5"/>
<FahrtEintrag FahrtWeg="5856.8618" FahrtZeit="2023-01-27 10:07:37" Kennung_FahrtZeitms="2023-01-27 10:07:37:324" Fahrtsp="5.218" FahrtspStrecke="11.1111" FahrtspSignal="-1" FahrtspZugsicherung="45.8333" Fahrtkm="53.6738" FahrtHLDruck="5"/>
<FahrtEintrag FahrtWeg="5879.0684" FahrtZeit="2023-01-27 10:07:42" Kennung_FahrtZeitms="2023-01-27 10:07:42:184" Fahrtsp="3.2519" FahrtspStrecke="11.1111" FahrtspSignal="-1" FahrtspZugsicherung="45.8333" Fahrtkm="53.7323" FahrtHLDruck="4.7"/>
<FahrtEintrag FahrtTyp="7" FahrtWeg="5879.8584" FahrtZeit="2023-01-27 10:07:42" Kennung_FahrtZeitms="2023-01-27 10:07:42:247" Fahrtsp="3.1244" FahrtspStrecke="11.1111" FahrtspSignal="-1" FahrtspZugsicherung="45.8333" Fahrtkm="53.7323" FahrtHLDruck="4.7"/>
<FahrtEintrag FahrtWeg="5889.8003" FahrtZeit="2023-01-27 10:07:47" Kennung_FahrtZeitms="2023-01-27 10:07:47:691" Fahrtsp="1.1142" FahrtspStrecke="11.1111" FahrtspSignal="-1" FahrtspZugsicherung="45.8333" Fahrtkm="53.7322" FahrtHLDruck="4.7"/>
<FahrtEintrag FahrtTyp="1" FahrtWeg="5891.9561" FahrtZeit="2023-01-27 10:07:51" Kennung_FahrtZeitms="2023-01-27 10:07:51:339" FahrtspStrecke="11.1111" FahrtspSignal="-1" FahrtspZugsicherung="45.8333" Fahrtkm="53.7322" FahrtHLDruck="4.7"/>
<FahrtEintrag FahrtWeg="5891.8809" FahrtZeit="2023-01-27 10:07:56" Kennung_FahrtZeitms="2023-01-27 10:07:56:412" Fahrtsp="-0.0678" FahrtspStrecke="11.1111" FahrtspSignal="-1" FahrtspZugsicherung="45.8333" Fahrtkm="53.7322" FahrtHLDruck="5"/>
<FahrtEintrag FahrtWeg="5890.8647" FahrtZeit="2023-01-27 10:08:01" Kennung_FahrtZeitms="2023-01-27 10:08:01:820" Fahrtsp="-0.3538" FahrtspStrecke="11.1111" FahrtspSignal="-1" FahrtspZugsicherung="45.8333" Fahrtkm="53.7322" FahrtHLDruck="5"/>
<FahrtEintrag FahrtWeg="5888.25" FahrtZeit="2023-01-27 10:08:06" Kennung_FahrtZeitms="2023-01-27 10:08:06:014" Fahrtsp="-0.689" FahrtspStrecke="11.1111" FahrtspSignal="-1" FahrtspZugsicherung="45.8333" Fahrtkm="53.7322" FahrtHLDruck="5"/>
<FahrtEintrag FahrtWeg="5883.9312" FahrtZeit="2023-01-27 10:08:11" Kennung_FahrtZeitms="2023-01-27 10:08:11:041" Fahrtsp="-1.0244" FahrtspStrecke="11.1111" FahrtspSignal="-1" FahrtspZugsicherung="45.8333" Fahrtkm="53.7322" FahrtHLDruck="5"/>
<FahrtEintrag FahrtTyp="1" FahrtWeg="5881.0303" FahrtZeit="2023-01-27 10:08:15" Kennung_FahrtZeitms="2023-01-27 10:08:15:257" FahrtspStrecke="11.1111" FahrtspSignal="-1" FahrtspZugsicherung="45.8333" Fahrtkm="53.7322" FahrtHLDruck="4.4893"/>
<FahrtEintrag FahrtWeg="5881.0303" FahrtZeit="2023-01-27 10:08:20" Kennung_FahrtZeitms="2023-01-27 10:08:20:374" FahrtspStrecke="11.1111" FahrtspSignal="-1" FahrtspZugsicherung="45.8333" Fahrtkm="53.7322" FahrtHLDruck="4.33"/>
</result>
</Zusi>