﻿<?xml version="1.0" encoding="UTF-8"?>
<Zusi>
<Info DateiTyp="result" Version="A.1" MinVersion="A.0"/>
<result Zugnummer="4711 (FaS)" TfNummer="B11" Datum="2023-02-01 10:14:38" Verbrauch="150356784">
<FahrtEintrag FahrtTyp="2" FahrtWeg="1516.7542" FahrtZeit="2023-02-01 09:50:00" Kennung_FahrtZeitms="2023-02-01 09:50:00:088" FahrtspStrecke="11.1111" FahrtspSignal="-1" FahrtspZugsicherung="-1" FahrtText="" Fahrtkm="49.3855" FahrtHLDruck="5" FahrtFplAnk="44958.410156" FahrtFplAbf="44958.417969"/>
<FahrtEintrag FahrtWeg="1516.7542" FahrtZeit="2023-02-01 09:50:05" Kennung_FahrtZeitms="2023-02-01 09:50:05:002" FahrtspStrecke="11.1111" FahrtspSignal="-1" FahrtspZugsicherung="45.8333" Fahrtkm="49.3855" FahrtHLDruck="5"/>
<FahrtEintrag FahrtWeg="1516.7542" FahrtZeit="2023-02-01 09:50:10" Kennung_FahrtZeitms="2023-02-01 09:50:10:004" FahrtspStrecke="11.1111" FahrtspSignal="-1" FahrtspZugsicherung="45.8333" Fahrtkm="49.3855" FahrtHLDruck="5"/>
<FahrtEintrag FahrtWeg="1516.7542" FahrtZeit="2023-02-01 09:50:15" Kennung_FahrtZeitms="2023-02-01 09:50:15:006" FahrtspStrecke="11.1111" FahrtspSignal="-1" FahrtspZugsicherung="45.8333" Fahrtkm="49.3855" FahrtHLDruck="5"/>
<FahrtEintrag FahrtWeg="1516.7542" FahrtZeit="2023-02-01 09:50:20" Kennung_FahrtZeitms="2023-02-01 09:50:20:008" FahrtspStrecke="11.1111" FahrtspSignal="-1" FahrtspZugsicherung="45.8333" Fahrtkm="49.3855" FahrtHLDruck="5"/>
<FahrtEintrag FahrtWeg="1516.7542" FahrtZeit="2023-02-01 09:50:25" Kennung_FahrtZeitms="2023-02-01 09:50:25:010" FahrtspStrecke="11.1111" FahrtspSignal="-1" FahrtspZugsicherung="45.8333" Fahrtkm="49.3855" FahrtHLDruck="5"/>
<FahrtEintrag FahrtWeg="1516.7542" FahrtZeit="2023-02-01 09:50:30" Kennung_FahrtZeitms="2023-02-01 09:50:30:012" FahrtspStrecke="11.1111" FahrtspSignal="-1" FahrtspZugsicherung="45.8333" Fahrtkm="49.3855" FahrtHLDruck="5"/>
<FahrtEintrag FahrtWeg="1516.7542" FahrtZeit="2023-02-01 09:50:35" Kennung_FahrtZeitms="2023-02-01 09:50:35:014" FahrtspStrecke="11.1111" FahrtspSignal="-1" FahrtspZugsicherung="45.8333" Fahrtkm="49.3855" FahrtHLDruck="5"/>
<FahrtEintrag FahrtWeg="1516.7542" FahrtZeit="2023-02-01 09:50:40" Kennung_FahrtZeitms="2023-02-01 09:50:40:016" FahrtspStrecke="11.1111" FahrtspSignal="-1" FahrtspZugsicherung="45.8333" Fahrtkm="49.3855" FahrtHLDruck="5"/>
<FahrtEintrag FahrtWeg="1516.7542" FahrtZeit="2023-02-01 09:50:45" Kennung_FahrtZeitms="2023-02-01 09:50:45:018" FahrtspStrecke="11.1111" FahrtspSignal="-1" FahrtspZugsicherung="45.8333" Fahrtkm="49.3855" FahrtHLDruck="5"/>
<FahrtEintrag FahrtWeg="1516.7542" FahrtZeit="2023-02-01 09:50:50" Kennung_FahrtZeitms="2023-02-01 09:50:50:020" FahrtspStrecke="11.1111" FahrtspSignal="-1" FahrtspZugsicherung="45.8333" Fahrtkm="49.3855" FahrtHLDruck="5"/>
<FahrtEintrag FahrtWeg="1516.7542" FahrtZeit="2023-02-01 09:50:55" Kennung_FahrtZeitms="2023-02-01 09:50:55:022" FahrtspStrecke="11.1111" FahrtspSignal="-1" FahrtspZugsicherung="45.8333" Fahrtkm="49.3855" FahrtHLDruck="5"/>
<FahrtEintrag FahrtWeg="1516.7542" FahrtZeit="2023-02-01 09:51:00" Kennung_FahrtZeitms="2023-02-01 09:51:00:024" FahrtspStrecke="11.1111" FahrtspSignal="-1" FahrtspZugsicherung="45.8333" Fahrtkm="49.3855" FahrtHLDruck="5"/>
<FahrtEintrag FahrtWeg="1516.7542" FahrtZeit="2023-02-01 09:51:05" Kennung_FahrtZeitms="2023-02-01 09:51:05:026" FahrtspStrecke="11.1111" FahrtspSignal="-1" FahrtspZugsicherung="45.8333" Fahrtkm="49.3855" FahrtHLDruck="5"/>
<FahrtEintrag FahrtWeg="1516.7542" FahrtZeit="2023-02-01 09:51:10" Kennung_FahrtZeitms="2023-02-01 09:51:10:028" FahrtspStrecke="11.1111" FahrtspSignal="-1" FahrtspZugsicherung="45.8333" Fahrtkm="49.3855" FahrtHLDruck="5"/>
<FahrtEintrag FahrtWeg="1516.7542" FahrtZeit="2023-02-01 09:51:15" Kennung_FahrtZeitms="2023-02-01 09:51:15:030" FahrtspStrecke="11.1111" FahrtspSignal="-1" FahrtspZugsicherung="45.8333" Fahrtkm="49.3855" FahrtHLDruck="5"/>
<FahrtEintrag FahrtWeg="1516.7542" FahrtZeit="2023-02-01 09:51:20" Kennung_FahrtZeitms="2023-02-01 09:51:20:032" FahrtspStrecke="11.1111" FahrtspSignal="-1" FahrtspZugsicherung="45.8333" Fahrtkm="49.3855" FahrtHLDruck="5"/>
<FahrtEintrag FahrtWeg="1516.7542" FahrtZeit="2023-02-01 09:51:25" Kennung_FahrtZeitms="2023-02-01 09:51:25:034" FahrtspStrecke="11.1111" FahrtspSignal="-1" FahrtspZugsicherung="45.8333" Fahrtkm="49.3855" FahrtHLDruck="5"/>
<FahrtEintrag FahrtWeg="1516.7542" FahrtZeit="2023-02-01 09:51:30" Kennung_FahrtZeitms="2023-02-01 09:51:30:036" FahrtspStrecke="11.1111" FahrtspSignal="-1" FahrtspZugsicherung="45.8333" Fahrtkm="49.3855" FahrtHLDruck="5"/>
<FahrtEintrag FahrtWeg="1516.7542" FahrtZeit="2023-02-01 09:51:35" Kennung_FahrtZeitms="2023-02-01 09:51:35:038" FahrtspStrecke="11.1111" FahrtspSignal="-1" FahrtspZugsicherung="45.8333" Fahrtkm="49.3855" FahrtHLDruck="5"/>
<FahrtEintrag FahrtWeg="1516.7542" FahrtZeit="2023-02-01 09:51:40" Kennung_FahrtZeitms="2023-02-01 09:51:40:040" FahrtspStrecke="11.1111" FahrtspSignal="-1" FahrtspZugsicherung="45.8333" Fahrtkm="49.3855" FahrtHLDruck="5"/>
<FahrtEintrag FahrtWeg="1516.7542" FahrtZeit="2023-02-01 09:51:45" Kennung_FahrtZeitms="2023-02-01 09:51:45:042" FahrtspStrecke="11.1111" FahrtspSignal="-1" FahrtspZugsicherung="45.8333" Fahrtkm="49.3855" FahrtHLDruck="5"/>
<FahrtEintrag FahrtWeg="1516.7542" FahrtZeit="2023-02-01 09:51:50" Kennung_FahrtZeitms="2023-02-01 09:51:50:044" FahrtspStrecke="11.1111" FahrtspSignal="-1" FahrtspZugsicherung="45.8333" Fahrtkm="49.3855" FahrtHLDruck="5"/>
<FahrtEintrag FahrtWeg="1516.7542" FahrtZeit="2023-02-01 09:51:55" Kennung_FahrtZeitms="2023-02-01 09:51:55:046" FahrtspStrecke="11.1111" FahrtspSignal="-1" FahrtspZugsicherung="45.8333" Fahrtkm="49.3855" FahrtHLDruck="5"/>
<FahrtEintrag FahrtWeg="1516.7542" FahrtZeit="2023-02-01 09:52:00" Kennung_FahrtZeitms="2023-02-01 09:52:00:048" FahrtspStrecke="11.1111" FahrtspSignal="-1" FahrtspZugsicherung="45.8333" Fahrtkm="49.3855" FahrtHLDruck="5"/>
<FahrtEintrag FahrtWeg="1516.7542" FahrtZeit="2023-02-01 09:52:05" Kennung_FahrtZeitms="2023-02-01 09:52:05:050" FahrtspStrecke="11.1111" FahrtspSignal="-1" FahrtspZugsicherung="45.8333" Fahrtkm="49.3855" FahrtHLDruck="5"/>
<FahrtEintrag FahrtWeg="1516.7542" FahrtZeit="2023-02-01 09:52:10" Kennung_FahrtZeitms="2023-02-01 09:52:10:052" FahrtspStrecke="11.1111" FahrtspSignal="-1" FahrtspZugsicherung="45.8333" Fahrtkm="49.3855" FahrtHLDruck="5"/>
<FahrtEintrag FahrtWeg="1516.7542" FahrtZeit="2023-02-01 09:52:15" Kennung_FahrtZeitms="2023-02-01 09:52:15:054" FahrtspStrecke="11.1111" FahrtspSignal="-1" FahrtspZugsicherung="45.8333" Fahrtkm="49.3855" FahrtHLDruck="5"/>
<FahrtEintrag FahrtWeg="1516.7542" FahrtZeit="2023-02-01 09:52:20" Kennung_FahrtZeitms="2023-02-01 09:52:20:056" FahrtspStrecke="11.1111" FahrtspSignal="-1" FahrtspZugsicherung="45.8333" Fahrtkm="49.3855" FahrtHLDruck="5"/>
<FahrtEintrag FahrtWeg="1516.7542" FahrtZeit="2023-02-01 09:52:25" Kennung_FahrtZeitms="2023-02-01 09:52:25:058" FahrtspStrecke="11.1111" FahrtspSignal="-1" FahrtspZugsicherung="45.8333" Fahrtkm="49.3855" FahrtHLDruck="5"/>
<FahrtEintrag FahrtWeg="1516.7542" FahrtZeit="2023-02-01 09:52:30" Kennung_FahrtZeitms="2023-02-01 09:52:30:060" FahrtspStrecke="11.1111" FahrtspSignal="-1" FahrtspZugsicherung="45.8333" Fahrtkm="49.3855" FahrtHLDruck="5"/>
<FahrtEintrag FahrtWeg="1516.7542" FahrtZeit="2023-02-01 09:52:35" Kennung_FahrtZeitms="2023-02-01 09:52:35:062" FahrtspStrecke="11.1111" FahrtspSignal="-1" FahrtspZugsicherung="45.8333" Fahrtkm="49.3855" FahrtHLDruck="5"/>
<FahrtEintrag FahrtWeg="1516.7542" FahrtZeit="2023-02-01 09:52:40" Kennung_FahrtZeitms="2023-02-01 09:52:40:064" FahrtspStrecke="11.1111" FahrtspSignal="-1" FahrtspZugsicherung="45.8333" Fahrtkm="49.3855" FahrtHLDruck="5"/>
<FahrtEintrag FahrtWeg="1516.7542" FahrtZeit="2023-02-01 09:52:45" Kennung_FahrtZeitms="2023-02-01 09:52:45:066" FahrtspStrecke="11.1111" FahrtspSignal="-1" FahrtspZugsicherung="45.8333" Fahrtkm="49.3855" FahrtHLDruck="5"/>
<FahrtEintrag FahrtWeg="1516.7542" FahrtZeit="2023-02-01 09:52:50" Kennung_FahrtZeitms="2023-02-01 09:52:50:068" FahrtspStrecke="11.1111" FahrtspSignal="-1" FahrtspZugsicherung="45.8333" Fahrtkm="49.3855" FahrtHLDruck="5"/>
<FahrtEintrag FahrtWeg="1516.7542" FahrtZeit="2023-02-01 09:52:55" Kennung_FahrtZeitms="2023-02-01 09:52:55:070" FahrtspStrecke="11.1111" FahrtspSignal="-1" FahrtspZugsicherung="45.8333" Fahrtkm="49.3855" FahrtHLDruck="5"/>
<FahrtEintrag FahrtWeg="1516.7542" FahrtZeit="2023-02-01 09:53:00" Kennung_FahrtZeitms="2023-02-01 09:53:00:072" FahrtspStrecke="11.1111" FahrtspSignal="-1" FahrtspZugsicherung="45.8333" Fahrtkm="49.3855" FahrtHLDruck="5"/>
<FahrtEintrag FahrtWeg="1516.7542" FahrtZeit="2023-02-01 09:53:05" Kennung_FahrtZeitms="2023-02-01 09:53:05:074" FahrtspStrecke="11.1111" FahrtspSignal="-1" FahrtspZugsicherung="45.8333" Fahrtkm="49.3855" FahrtHLDruck="5"/>
<FahrtEintrag FahrtWeg="1516.7542" FahrtZeit="2023-02-01 09:53:10" Kennung_FahrtZeitms="2023-02-01 09:53:10:076" FahrtspStrecke="11.1111" FahrtspSignal="-1" FahrtspZugsicherung="45.8333" Fahrtkm="49.3855" FahrtHLDruck="5"/>
<FahrtEintrag FahrtWeg="1516.7542" FahrtZeit="2023-02-01 09:53:15" Kennung_FahrtZeitms="2023-02-01 09:53:15:078" FahrtspStrecke="11.1111" FahrtspSignal="-1" FahrtspZugsicherung="45.8333" Fahrtkm="49.3855" FahrtHLDruck="5"/>
<FahrtEintrag FahrtWeg="1516.7542" FahrtZeit="2023-02-01 09:53:20" Kennung_FahrtZeitms="2023-02-01 09:53:20:080" FahrtspStrecke="11.1111" FahrtspSignal="-1" FahrtspZugsicherung="45.8333" Fahrtkm="49.3855" FahrtHLDruck="5"/>
<FahrtEintrag FahrtWeg="1516.7542" FahrtZeit="2023-02-01 09:53:25" Kennung_FahrtZeitms="2023-02-01 09:53:25:082" FahrtspStrecke="11.1111" FahrtspSignal="-1" FahrtspZugsicherung="45.8333" Fahrtkm="49.3855" FahrtHLDruck="5"/>
<FahrtEintrag FahrtWeg="1516.7542" FahrtZeit="2023-02-01 09:53:30" Kennung_FahrtZeitms="2023-02-01 09:53:30:084" FahrtspStrecke="11.1111" FahrtspSignal="-1" FahrtspZugsicherung="45.8333" Fahrtkm="49.3855" FahrtHLDruck="5"/>
<FahrtEintrag FahrtWeg="1516.7542" FahrtZeit="2023-02-01 09:53:35" Kennung_FahrtZeitms="2023-02-01 09:53:35:086" FahrtspStrecke="11.1111" FahrtspSignal="-1" FahrtspZugsicherung="45.8333" Fahrtkm="49.3855" FahrtHLDruck="5"/>
<FahrtEintrag FahrtWeg="1516.7542" FahrtZeit="2023-02-01 09:53:40" Kennung_FahrtZeitms="2023-02-01 09:53:40:088" FahrtspStrecke="11.1111" FahrtspSignal="-1" FahrtspZugsicherung="45.8333" Fahrtkm="49.3855" FahrtHLDruck="5"/>
<FahrtEintrag FahrtWeg="1516.7542" FahrtZeit="2023-02-01 09:53:45" Kennung_FahrtZeitms="2023-02-01 09:53:45:090" FahrtspStrecke="11.1111" FahrtspSignal="-1" FahrtspZugsicherung="45.8333" Fahrtkm="49.3855" FahrtHLDruck="5"/>
<FahrtEintrag FahrtWeg="1516.7542" FahrtZeit="2023-02-01 09:53:50" Kennung_FahrtZeitms="2023-02-01 09:53:50:092" FahrtspStrecke="11.1111" FahrtspSignal="-1" FahrtspZugsicherung="45.8333" Fahrtkm="49.3855" FahrtHLDruck="5"/>
<FahrtEintrag FahrtWeg="1516.7542" FahrtZeit="2023-02-01 09:53:55" Kennung_FahrtZeitms="2023-02-01 09:53:55:094" FahrtspStrecke="11.1111" FahrtspSignal="-1" FahrtspZugsicherung="45.8333" Fahrtkm="49.3855" FahrtHLDruck="5"/>
<FahrtEintrag FahrtWeg="1516.7542" FahrtZeit="2023-02-01 09:54:00" Kennung_FahrtZeitms="2023-02-01 09:54:00:096" FahrtspStrecke="11.1111" FahrtspSignal="-1" FahrtspZugsicherung="45.8333" Fahrtkm="49.3855" FahrtHLDruck="5"/>
<FahrtEintrag FahrtWeg="1516.7542" FahrtZeit="2023-02-01 09:54:05" Kennung_FahrtZeitms="2023-02-01 09:54:05:098" FahrtspStrecke="11.1111" FahrtspSignal="-1" FahrtspZugsicherung="45.8333" Fahrtkm="49.3855" FahrtHLDruck="5"/>
<FahrtEintrag FahrtWeg="1516.7542" FahrtZeit="2023-02-01 09:54:10" Kennung_FahrtZeitms="2023-02-01 09:54:10:100" FahrtspStrecke="11.1111" FahrtspSignal="-1" FahrtspZugsicherung="45.8333" Fahrtkm="49.3855" FahrtHLDruck="5"/>
<FahrtEintrag FahrtWeg="1516.7542" FahrtZeit="2023-02-01 09:54:15" Kennung_FahrtZeitms="2023-02-01 09:54:15:102" FahrtspStrecke="11.1111" FahrtspSignal="-1" FahrtspZugsicherung="45.8333" Fahrtkm="49.3855" FahrtHLDruck="5"/>
<FahrtEintrag FahrtWeg="1516.7542" FahrtZeit="2023-02-01 09:54:20" Kennung_FahrtZeitms="2023-02-01 09:54:20:104" FahrtspStrecke="11.1111" FahrtspSignal="-1" FahrtspZugsicherung="45.8333" Fahrtkm="49.3855" FahrtHLDruck="5"/>
<FahrtEintrag FahrtWeg="1516.7542" FahrtZeit="2023-02-01 09:54:25" Kennung_FahrtZeitms="2023-02-01 09:54:25:106" FahrtspStrecke="11.1111" FahrtspSignal="-1" FahrtspZugsicherung="45.8333" Fahrtkm="49.3855" FahrtHLDruck="5"/>
<FahrtEintrag FahrtWeg="1516.7542" FahrtZeit="2023-02-01 09:54:30" Kennung_FahrtZeitms="2023-02-01 09:54:30:108" FahrtspStrecke="11.1111" FahrtspSignal="-1" FahrtspZugsicherung="45.8333" Fahrtkm="49.3855" FahrtHLDruck="5"/>
<FahrtEintrag FahrtWeg="1516.7542" FahrtZeit="2023-02-01 09:54:35" Kennung_FahrtZeitms="2023-02-01 09:54:35:110" FahrtspStrecke="11.1111" FahrtspSignal="-1" FahrtspZugsicherung="45.8333" Fahrtkm="49.3855" FahrtHLDruck="5"/>
<FahrtEintrag FahrtWeg="1516.7542" FahrtZeit="2023-02-01 09:54:40" Kennung_FahrtZeitms="2023-02-01 09:54:40:112" FahrtspStrecke="11.1111" FahrtspSignal="-1" FahrtspZugsicherung="45.8333" Fahrtkm="49.3855" FahrtHLDruck="5"/>
<FahrtEintrag FahrtWeg="1516.7542" FahrtZeit="2023-02-01 09:54:45" Kennung_FahrtZeitms="2023-02-01 09:54:45:114" FahrtspStrecke="11.1111" FahrtspSignal="-1" FahrtspZugsicherung="45.8333" Fahrtkm="49.3855" FahrtHLDruck="5"/>
<FahrtEintrag FahrtWeg="1516.7542" FahrtZeit="2023-02-01 09:54:50" Kennung_FahrtZeitms="2023-02-01 09:54:50:116" FahrtspStrecke="11.1111" FahrtspSignal="-1" FahrtspZugsicherung="45.8333" Fahrtkm="49.3855" FahrtHLDruck="5"/>
<FahrtEintrag FahrtWeg="1516.7542" FahrtZeit="2023-02-01 09:54:55" Kennung_FahrtZeitms="2023-02-01 09:54:55:118" FahrtspStrecke="11.1111" FahrtspSignal="-1" FahrtspZugsicherung="45.8333" Fahrtkm="49.3855" FahrtHLDruck="5"/>
<FahrtEintrag FahrtWeg="1516.7542" FahrtZeit="2023-02-01 09:55:00" Kennung_FahrtZeitms="2023-02-01 09:55:00:120" FahrtspStrecke="11.1111" FahrtspSignal="-1" FahrtspZugsicherung="45.8333" Fahrtkm="49.3855" FahrtHLDruck="5"/>
<FahrtEintrag FahrtWeg="1516.7542" FahrtZeit="2023-02-01 09:55:05" Kennung_FahrtZeitms="2023-02-01 09:55:05:122" FahrtspStrecke="11.1111" FahrtspSignal="-1" FahrtspZugsicherung="45.8333" Fahrtkm="49.3855" FahrtHLDruck="5"/>
<FahrtEintrag FahrtWeg="1516.7542" FahrtZeit="2023-02-01 09:55:10" Kennung_FahrtZeitms="2023-02-01 09:55:10:124" FahrtspStrecke="11.1111" FahrtspSignal="-1" FahrtspZugsicherung="45.8333" Fahrtkm="49.3855" FahrtHLDruck="5"/>
<FahrtEintrag FahrtWeg="1516.7542" FahrtZeit="2023-02-01 09:55:15" Kennung_FahrtZeitms="2023-02-01 09:55:15:126" FahrtspStrecke="11.1111" FahrtspSignal="-1" FahrtspZugsicherung="45.8333" Fahrtkm="49.3855" FahrtHLDruck="5"/>
<FahrtEintrag FahrtWeg="1516.7542" FahrtZeit="2023-02-01 09:55:20" Kennung_FahrtZeitms="2023-02-01 09:55:20:128" FahrtspStrecke="11.1111" FahrtspSignal="-1" FahrtspZugsicherung="45.8333" Fahrtkm="49.3855" FahrtHLDruck="5"/>
<FahrtEintrag FahrtWeg="1516.7542" FahrtZeit="2023-02-01 09:55:25" Kennung_FahrtZeitms="2023-02-01 09:55:25:130" FahrtspStrecke="11.1111" FahrtspSignal="-1" FahrtspZugsicherung="45.8333" Fahrtkm="49.3855" FahrtHLDruck="5"/>
<FahrtEintrag FahrtWeg="1516.7542" FahrtZeit="2023-02-01 09:55:30" Kennung_FahrtZeitms="2023-02-01 09:55:30:132" FahrtspStrecke="11.1111" FahrtspSignal="-1" FahrtspZugsicherung="45.8333" Fahrtkm="49.3855" FahrtHLDruck="5"/>
<FahrtEintrag FahrtWeg="1516.7542" FahrtZeit="2023-02-01 09:55:35" Kennung_FahrtZeitms="2023-02-01 09:55:35:134" FahrtspStrecke="11.1111" FahrtspSignal="-1" FahrtspZugsicherung="45.8333" Fahrtkm="49.3855" FahrtHLDruck="5"/>
<FahrtEintrag FahrtWeg="1516.7542" FahrtZeit="2023-02-01 09:55:40" Kennung_FahrtZeitms="2023-02-01 09:55:40:136" FahrtspStrecke="11.1111" FahrtspSignal="-1" FahrtspZugsicherung="45.8333" Fahrtkm="49.3855" FahrtHLDruck="5"/>
<FahrtEintrag FahrtWeg="1516.7542" FahrtZeit="2023-02-01 09:55:45" Kennung_FahrtZeitms="2023-02-01 09:55:45:138" FahrtspStrecke="11.1111" FahrtspSignal="-1" FahrtspZugsicherung="45.8333" Fahrtkm="49.3855" FahrtHLDruck="5"/>
<FahrtEintrag FahrtWeg="1516.7542" FahrtZeit="2023-02-01 09:55:50" Kennung_FahrtZeitms="2023-02-01 09:55:50:140" FahrtspStrecke="11.1111" FahrtspSignal="-1" FahrtspZugsicherung="45.8333" Fahrtkm="49.3855" FahrtHLDruck="5"/>
<FahrtEintrag FahrtWeg="1516.7542" FahrtZeit="2023-02-01 09:55:55" Kennung_FahrtZeitms="2023-02-01 09:55:55:142" FahrtspStrecke="11.1111" FahrtspSignal="-1" FahrtspZugsicherung="45.8333" Fahrtkm="49.3855" FahrtHLDruck="5"/>
<FahrtEintrag FahrtWeg="1516.7542" FahrtZeit="2023-02-01 09:56:00" Kennung_FahrtZeitms="2023-02-01 09:56:00:144" FahrtspStrecke="11.1111" FahrtspSignal="-1" FahrtspZugsicherung="45.8333" Fahrtkm="49.3855" FahrtHLDruck="5"/>
<FahrtEintrag FahrtWeg="1516.7542" FahrtZeit="2023-02-01 09:56:05" Kennung_FahrtZeitms="2023-02-01 09:56:05:146" FahrtspStrecke="11.1111" FahrtspSignal="-1" FahrtspZugsicherung="45.8333" Fahrtkm="49.3855" FahrtHLDruck="5"/>
<FahrtEintrag FahrtWeg="1516.7542" FahrtZeit="2023-02-01 09:56:10" Kennung_FahrtZeitms="2023-02-01 09:56:10:148" FahrtspStrecke="11.1111" FahrtspSignal="-1" FahrtspZugsicherung="45.8333" Fahrtkm="49.3855" FahrtHLDruck="5"/>
<FahrtEintrag FahrtWeg="1516.7542" FahrtZeit="2023-02-01 09:56:15" Kennung_FahrtZeitms="2023-02-01 09:56:15:150" FahrtspStrecke="11.1111" FahrtspSignal="-1" FahrtspZugsicherung="45.8333" Fahrtkm="49.3855" FahrtHLDruck="5"/>
<FahrtEintrag FahrtWeg="1516.7542" FahrtZeit="2023-02-01 09:56:20" Kennung_FahrtZeitms="2023-02-01 09:56:20:152" FahrtspStrecke="11.1111" FahrtspSignal="-1" FahrtspZugsicherung="45.8333" Fahrtkm="49.3855" FahrtHLDruck="5"/>
<FahrtEintrag FahrtWeg="1516.7542" FahrtZeit="2023-02-01 09:56:25" Kennung_FahrtZeitms="2023-02-01 09:56:25:154" FahrtspStrecke="11.1111" FahrtspSignal="-1" FahrtspZugsicherung="45.8333" Fahrtkm="49.3855" FahrtHLDruck="5"/>
<FahrtEintrag FahrtWeg="1516.7542" FahrtZeit="2023-02-01 09:56:30" Kennung_FahrtZeitms="2023-02-01 09:56:30:156" FahrtspStrecke="11.1111" FahrtspSignal="-1" FahrtspZugsicherung="45.8333" Fahrtkm="49.3855" FahrtHLDruck="5"/>
<FahrtEintrag FahrtWeg="1516.7542" FahrtZeit="2023-02-01 09:56:35" Kennung_FahrtZeitms="2023-02-01 09:56:35:158" FahrtspStrecke="11.1111" FahrtspSignal="-1" FahrtspZugsicherung="45.8333" Fahrtkm="49.3855" FahrtHLDruck="5"/>
<FahrtEintrag FahrtWeg="1516.7542" FahrtZeit="2023-02-01 09:56:40" Kennung_FahrtZeitms="2023-02-01 09:56:40:160" FahrtspStrecke="11.1111" FahrtspSignal="-1" FahrtspZugsicherung="45.8333" Fahrtkm="49.3855" FahrtHLDruck="5"/>
<FahrtEintrag FahrtWeg="1516.7542" FahrtZeit="2023-02-01 09:56:45" Kennung_FahrtZeitms="2023-02-01 09:56:45:162" FahrtspStrecke="11.1111" FahrtspSignal="-1" FahrtspZugsicherung="45.8333" Fahrtkm="49.3855" FahrtHLDruck="5"/>
<FahrtEintrag FahrtWeg="1516.7542" FahrtZeit="2023-02-01 09:56:50" Kennung_FahrtZeitms="2023-02-01 09:56:50:164" FahrtspStrecke="11.1111" FahrtspSignal="-1" FahrtspZugsicherung="45.8333" Fahrtkm="49.3855" FahrtHLDruck="5"/>
<FahrtEintrag FahrtWeg="1516.7542" FahrtZeit="2023-02-01 09:56:55" Kennung_FahrtZeitms="2023-02-01 09:56:55:166" FahrtspStrecke="11.1111" FahrtspSignal="-1" FahrtspZugsicherung="45.8333" Fahrtkm="49.3855" FahrtHLDruck="5"/>
<FahrtEintrag FahrtWeg="1516.7542" FahrtZeit="2023-02-01 09:57:00" Kennung_FahrtZeitms="2023-02-01 09:57:00:168" FahrtspStrecke="11.1111" FahrtspSignal="-1" FahrtspZugsicherung="45.8333" Fahrtkm="49.3855" FahrtHLDruck="5"/>
<FahrtEintrag FahrtWeg="1516.7542" FahrtZeit="2023-02-01 09:57:05" Kennung_FahrtZeitms="2023-02-01 09:57:05:170" FahrtspStrecke="11.1111" FahrtspSignal="-1" FahrtspZugsicherung="45.8333" Fahrtkm="49.3855" FahrtHLDruck="5"/>
<FahrtEintrag FahrtWeg="1516.7542" FahrtZeit="2023-02-01 09:57:10" Kennung_FahrtZeitms="2023-02-01 09:57:10:172" FahrtspStrecke="11.1111" FahrtspSignal="-1" FahrtspZugsicherung="45.8333" Fahrtkm="49.3855" FahrtHLDruck="5"/>
<FahrtEintrag FahrtWeg="1516.7542" FahrtZeit="2023-02-01 09:57:15" Kennung_FahrtZeitms="2023-02-01 09:57:15:174" FahrtspStrecke="11.1111" FahrtspSignal="-1" FahrtspZugsicherung="45.8333" Fahrtkm="49.3855" FahrtHLDruck="5"/>
<FahrtEintrag FahrtWeg="1516.7542" FahrtZeit="2023-02-01 09:57:20" Kennung_FahrtZeitms="2023-02-01 09:57:20:176" FahrtspStrecke="11.1111" FahrtspSignal="-1" FahrtspZugsicherung="45.8333" Fahrtkm="49.3855" FahrtHLDruck="5"/>
<FahrtEintrag FahrtWeg="1516.7542" FahrtZeit="2023-02-01 09:57:25" Kennung_FahrtZeitms="2023-02-01 09:57:25:178" FahrtspStrecke="11.1111" FahrtspSignal="-1" FahrtspZugsicherung="45.8333" Fahrtkm="49.3855" FahrtHLDruck="5"/>
<FahrtEintrag FahrtWeg="1516.7542" FahrtZeit="2023-02-01 09:57:30" Kennung_FahrtZeitms="2023-02-01 09:57:30:180" FahrtspStrecke="11.1111" FahrtspSignal="-1" FahrtspZugsicherung="45.8333" Fahrtkm="49.3855" FahrtHLDruck="5"/>
<FahrtEintrag FahrtWeg="1516.7542" FahrtZeit="2023-02-01 09:57:35" Kennung_FahrtZeitms="2023-02-01 09:57:35:182" FahrtspStrecke="11.1111" FahrtspSignal="-1" FahrtspZugsicherung="45.8333" Fahrtkm="49.3855" FahrtHLDruck="5"/>
<FahrtEintrag FahrtWeg="1516.7542" FahrtZeit="2023-02-01 09:57:40" Kennung_FahrtZeitms="2023-02-01 09:57:40:184" FahrtspStrecke="11.1111" FahrtspSignal="-1" FahrtspZugsicherung="45.8333" Fahrtkm="49.3855" FahrtHLDruck="5"/>
<FahrtEintrag FahrtWeg="1516.7542" FahrtZeit="2023-02-01 09:57:45" Kennung_FahrtZeitms="2023-02-01 09:57:45:186" FahrtspStrecke="11.1111" FahrtspSignal="-1" FahrtspZugsicherung="45.8333" Fahrtkm="49.3855" FahrtHLDruck="5"/>
<FahrtEintrag FahrtWeg="1516.7542" FahrtZeit="2023-02-01 09:57:50" Kennung_FahrtZeitms="2023-02-01 09:57:50:188" FahrtspStrecke="11.1111" FahrtspSignal="-1" FahrtspZugsicherung="45.8333" Fahrtkm="49.3855" FahrtHLDruck="5"/>
<FahrtEintrag FahrtWeg="1516.7542" FahrtZeit="2023-02-01 09:57:55" Kennung_FahrtZeitms="2023-02-01 09:57:55:190" FahrtspStrecke="11.1111" FahrtspSignal="-1" FahrtspZugsicherung="45.8333" Fahrtkm="49.3855" FahrtHLDruck="5"/>
<FahrtEintrag FahrtWeg="1516.7542" FahrtZeit="2023-02-01 09:58:00" Kennung_FahrtZeitms="2023-02-01 09:58:00:192" FahrtspStrecke="11.1111" FahrtspSignal="-1" FahrtspZugsicherung="45.8333" Fahrtkm="49.3855" FahrtHLDruck="5"/>
<FahrtEintrag FahrtWeg="1516.7542" FahrtZeit="2023-02-01 09:58:05" Kennung_FahrtZeitms="2023-02-01 09:58:05:194" FahrtspStrecke="11.1111" FahrtspSignal="-1" FahrtspZugsicherung="45.8333" Fahrtkm="49.3855" FahrtHLDruck="5"/>
<FahrtEintrag FahrtWeg="1516.7542" FahrtZeit="2023-02-01 09:58:10" Kennung_FahrtZeitms="2023-02-01 09:58:10:196" FahrtspStrecke="11.1111" FahrtspSignal="-1" FahrtspZugsicherung="45.8333" Fahrtkm="49.3855" FahrtHLDruck="5"/>
<FahrtEintrag FahrtWeg="1516.7542" FahrtZeit="2023-02-01 09:58:15" Kennung_FahrtZeitms="2023-02-01 09:58:15:198" FahrtspStrecke="11.1111" FahrtspSignal="-1" FahrtspZugsicherung="45.8333" Fahrtkm="49.3855" FahrtHLDruck="5"/>
<FahrtEintrag FahrtWeg="1516.7542" FahrtZeit="2023-02-01 09:58:20" Kennung_FahrtZeitms="2023-02-01 09:58:20:200" FahrtspStrecke="11.1111" FahrtspSignal="-1" FahrtspZugsicherung="45.8333" Fahrtkm="49.3855" FahrtHLDruck="5"/>
<FahrtEintrag FahrtWeg="1516.7542" FahrtZeit="2023-02-01 09:58:25" Kennung_FahrtZeitms="2023-02-01 09:58:25:202" FahrtspStrecke="11.1111" FahrtspSignal="-1" FahrtspZugsicherung="45.8333" Fahrtkm="49.3855" FahrtHLDruck="5"/>
<FahrtEintrag FahrtWeg="1516.7542" FahrtZeit="2023-02-01 09:58:30" Kennung_FahrtZeitms="2023-02-01 09:58:30:204" FahrtspStrecke="11.1111" FahrtspSignal="-1" FahrtspZugsicherung="45.8333" Fahrtkm="49.3855" FahrtHLDruck="5"/>
<FahrtEintrag FahrtWeg="1516.7542" FahrtZeit="2023-02-01 09:58:35" Kennung_FahrtZeitms="2023-02-01 09:58:35:206" FahrtspStrecke="11.1111" FahrtspSignal="-1" FahrtspZugsicherung="45.8333" Fahrtkm="49.3855" FahrtHLDruck="5"/>
<FahrtEintrag FahrtWeg="1516.7542" FahrtZeit="2023-02-01 09:58:40" Kennung_FahrtZeitms="2023-02-01 09:58:40:208" FahrtspStrecke="11.1111" FahrtspSignal="-1" FahrtspZugsicherung="45.8333" Fahrtkm="49.3855" FahrtHLDruck="5"/>
<FahrtEintrag FahrtWeg="1516.7542" FahrtZeit="2023-02-01 09:58:45" Kennung_FahrtZeitms="2023-02-01 09:58:45:210" FahrtspStrecke="11.1111" FahrtspSignal="-1" FahrtspZugsicherung="45.8333" Fahrtkm="49.3855" FahrtHLDruck="5"/>
<FahrtEintrag FahrtWeg="1516.7542" FahrtZeit="2023-02-01 09:58:50" Kennung_FahrtZeitms="2023-02-01 09:58:50:212" FahrtspStrecke="11.1111" FahrtspSignal="-1" FahrtspZugsicherung="45.8333" Fahrtkm="49.3855" FahrtHLDruck="5"/>
<FahrtEintrag FahrtWeg="1516.7542" FahrtZeit="2023-02-01 09:58:55" Kennung_FahrtZeitms="2023-02-01 09:58:55:214" FahrtspStrecke="11.1111" FahrtspSignal="-1" FahrtspZugsicherung="45.8333" Fahrtkm="49.3855" FahrtHLDruck="5"/>
<FahrtEintrag FahrtWeg="1516.7542" FahrtZeit="2023-02-01 09:59:00" Kennung_FahrtZeitms="2023-02-01 09:59:00:216" FahrtspStrecke="11.1111" FahrtspSignal="-1" FahrtspZugsicherung="45.8333" Fahrtkm="49.3855" FahrtHLDruck="5"/>
<FahrtEintrag FahrtWeg="1516.7542" FahrtZeit="2023-02-01 09:59:05" Kennung_FahrtZeitms="2023-02-01 09:59:05:218" FahrtspStrecke="11.1111" FahrtspSignal="-1" FahrtspZugsicherung="45.8333" Fahrtkm="49.3855" FahrtHLDruck="5"/>
<FahrtEintrag FahrtWeg="1516.7554" FahrtZeit="2023-02-01 09:59:10" Kennung_FahrtZeitms="2023-02-01 09:59:10:281" Fahrtsp="0.0146" FahrtspStrecke="11.1111" FahrtspSignal="-1" FahrtspZugsicherung="45.8333" Fahrtkm="49.3799" FahrtHLDruck="5" FahrtFBSchalter="21"/>
<FahrtEintrag FahrtWeg="1524.366" FahrtZeit="2023-02-01 09:59:15" Kennung_FahrtZeitms="2023-02-01 09:59:15:205" Fahrtsp="2.8365" FahrtspStrecke="11.1111" FahrtspSignal="-1" FahrtspZugsicherung="12.5" Fahrtkm="49.393" FahrtHLDruck="5" FahrtFBSchalter="10"/>
<FahrtEintrag FahrtTyp="8" FahrtWeg="-1" FahrtZeit="2023-02-01 09:59:20" Kennung_FahrtZeitms="2023-02-01 09:59:20:448" Fahrtsp="-1" FahrtspStrecke="-1" FahrtspSignal="-1" FahrtspZugsicherung="-1" FahrtHLDruck="-1" FahrtParameter="9" FahrtFBSchalter="-10000"/>
<FahrtEintrag FahrtWeg="1538.0088" FahrtZeit="2023-02-01 09:59:20" Kennung_FahrtZeitms="2023-02-01 09:59:20:050" Fahrtsp="3.5048" FahrtspStrecke="11.1111" FahrtspSignal="-1" FahrtspZugsicherung="12.5" Fahrtkm="49.406" FahrtHLDruck="5" FahrtFBSchalter="7"/>
<FahrtEintrag FahrtTyp="5" FahrtWeg="1549.9431" FahrtZeit="2023-02-01 09:59:23" Kennung_FahrtZeitms="2023-02-01 09:59:23:408" Fahrtsp="4.1122" FahrtspStrecke="11.1111" FahrtspSignal="11.1111" FahrtspZugsicherung="12.5" FahrtText="Allenbach N1" Fahrtkm="49.406" FahrtHLDruck="5" FahrtFBSchalter="7"/>
<FahrtEintrag FahrtTyp="6" FahrtWeg="1549.9431" FahrtZeit="2023-02-01 09:59:23" Kennung_FahrtZeitms="2023-02-01 09:59:23:290" Fahrtsp="4.1122" FahrtspStrecke="11.1111" FahrtspSignal="11.1111" FahrtspZugsicherung="12.5" Fahrtkm="49.406" FahrtHLDruck="5" FahrtFBSchalter="7"/>
<FahrtEintrag FahrtTyp="8" FahrtWeg="-1" FahrtZeit="2023-02-01 09:59:25" Kennung_FahrtZeitms="2023-02-01 09:59:25:734" Fahrtsp="-1" FahrtspStrecke="-1" FahrtspSignal="-1" FahrtspZugsicherung="-1" FahrtHLDruck="-1" FahrtParameter="1" FahrtFBSchalter="-10000"/>
<FahrtEintrag FahrtWeg="1559.6726" FahrtZeit="2023-02-01 09:59:25" Kennung_FahrtZeitms="2023-02-01 09:59:25:317" Fahrtsp="4.5314" FahrtspStrecke="11.1111" FahrtspSignal="11.1111" FahrtspZugsicherung="12.5" Fahrtkm="49.4189" FahrtHLDruck="5" FahrtFBSchalter="7"/>
<FahrtEintrag FahrtWeg="1584.6248" FahrtZeit="2023-02-01 09:59:30" Kennung_FahrtZeitms="2023-02-01 09:59:30:380" Fahrtsp="5.4651" FahrtspStrecke="11.1111" FahrtspSignal="11.1111" FahrtspZugsicherung="12.5" Fahrtkm="49.4422" FahrtHLDruck="5" FahrtFBSchalter="7"/>
<FahrtEintrag FahrtWeg="1609.811" FahrtZeit="2023-02-01 09:59:34" Kennung_FahrtZeitms="2023-02-01 09:59:34:013" Fahrtsp="6.2544" FahrtspStrecke="11.1111" FahrtspSignal="11.1111" FahrtspZugsicherung="12.5" Fahrtkm="49.4681" FahrtHLDruck="5" FahrtFBSchalter="7"/>
<FahrtEintrag FahrtWeg="1634.9092" FahrtZeit="2023-02-01 09:59:38" Kennung_FahrtZeitms="2023-02-01 09:59:38:532" Fahrtsp="6.8105" FahrtspStrecke="11.1111" FahrtspSignal="11.1111" FahrtspZugsicherung="12.5" Fahrtkm="49.4681" FahrtHLDruck="5" FahrtFBSchalter="2"/>
<FahrtEintrag FahrtWeg="1660.0366" FahrtZeit="2023-02-01 09:59:42" Kennung_FahrtZeitms="2023-02-01 09:59:42:278" Fahrtsp="6.7942" FahrtspStrecke="11.1111" FahrtspSignal="11.1111" FahrtspZugsicherung="12.5" Fahrtkm="49.5266" FahrtHLDruck="5"/>
<FahrtEintrag FahrtWeg="1685.1583" FahrtZeit="2023-02-01 09:59:45" Kennung_FahrtZeitms="2023-02-01 09:59:45:862" Fahrtsp="6.7077" FahrtspStrecke="11.1111" FahrtspSignal="11.1111" FahrtspZugsicherung="12.5" Fahrtkm="49.5528" FahrtHLDruck="5"/>
<FahrtEintrag FahrtWeg="1686.017" FahrtZeit="2023-02-01 09:59:45" Kennung_FahrtZeitms="2023-02-01 09:59:45:990" Fahrtsp="6.707" FahrtspStrecke="11.1111" FahrtspSignal="11.1111" FahrtspZugsicherung="12.5" Fahrtkm="49.5528" FahrtHLDruck="5"/>
<FahrtEintrag FahrtWeg="1710.2277" FahrtZeit="2023-02-01 09:59:49" Kennung_FahrtZeitms="2023-02-01 09:59:49:105" Fahrtsp="6.609" FahrtspStrecke="11.1111" FahrtspSignal="11.1111" FahrtspZugsicherung="12.5" Fahrtkm="49.5763" FahrtHLDruck="5"/>
<FahrtEintrag FahrtWeg="1735.3662" FahrtZeit="2023-02-01 09:59:53" Kennung_FahrtZeitms="2023-02-01 09:59:53:804" Fahrtsp="6.9197" FahrtspStrecke="11.1111" FahrtspSignal="11.1111" FahrtspZugsicherung="12.5" Fahrtkm="49.5923" FahrtHLDruck="5" FahrtFBSchalter="7"/>
<FahrtEintrag FahrtWeg="1760.4987" FahrtZeit="2023-02-01 09:59:57" Kennung_FahrtZeitms="2023-02-01 09:59:57:261" Fahrtsp="7.51" FahrtspStrecke="11.1111" FahrtspSignal="11.1111" FahrtspZugsicherung="12.5" Fahrtkm="49.5923" FahrtHLDruck="5" FahrtFBSchalter="6"/>
<FahrtEintrag FahrtTyp="8" FahrtWeg="-1" FahrtZeit="2023-02-01 09:59:58" Kennung_FahrtZeitms="2023-02-01 09:59:58:997" Fahrtsp="-1" FahrtspStrecke="-1" FahrtspSignal="-1" FahrtspZugsicherung="-1" FahrtHLDruck="-1" FahrtParameter="48" FahrtFBSchalter="-10000"/>
<FahrtEintrag FahrtWeg="1795.2587" FahrtZeit="2023-02-01 09:59:59" Kennung_FahrtZeitms="2023-02-01 09:59:59:021" Fahrtsp="7.7209" FahrtspStrecke="11.1111" FahrtspSignal="11.1111" FahrtspZugsicherung="12.5" Fahrtkm="49.6524" FahrtHLDruck="5" FahrtFBSchalter="5"/>
<FahrtEintrag FahrtTyp="8" FahrtWeg="-1" FahrtZeit="2023-02-01 09:59:59" Kennung_FahrtZeitms="2023-02-01 09:59:59:132" Fahrtsp="-1" FahrtspStrecke="-1" FahrtspSignal="-1" FahrtspZugsicherung="-1" FahrtHLDruck="-1" FahrtParameter="16" FahrtFBSchalter="-10000"/>
<FahrtEintrag FahrtWeg="1801.4424" FahrtZeit="2023-02-01 10:00:01" Kennung_FahrtZeitms="2023-02-01 10:00:01:003" Fahrtsp="7.0815" FahrtspStrecke="11.1111" FahrtspSignal="11.1111" FahrtspZugsicherung="12.5" Fahrtkm="49.6524" FahrtHLDruck="5"/>
<FahrtEintrag FahrtWeg="1826.4468" FahrtZeit="2023-02-01 10:00:05" Kennung_FahrtZeitms="2023-02-01 10:00:05:411" Fahrtsp="7.2175" FahrtspStrecke="11.1111" FahrtspSignal="11.1111" FahrtspZugsicherung="12.5" Fahrtkm="49.6524" FahrtHLDruck="5"/>
<FahrtEintrag FahrtWeg="1841.5026" FahrtZeit="2023-02-01 10:00:08" Kennung_FahrtZeitms="2023-02-01 10:00:08:057" Fahrtsp="7.3529" FahrtspStrecke="11.1111" FahrtspSignal="11.1111" FahrtspZugsicherung="12.5" Fahrtkm="49.7234" FahrtHLDruck="5"/>
<FahrtEintrag FahrtWeg="1876.5776" FahrtZeit="2023-02-01 10:00:12" Kennung_FahrtZeitms="2023-02-01 10:00:11:137" Fahrtsp="7.6986" FahrtspStrecke="11.1111" FahrtspSignal="11.1111" FahrtspZugsicherung="12.5" Fahrtkm="49.7412" FahrtHLDruck="5"/>
<FahrtEintrag FahrtWeg="1901.7334" FahrtZeit="2023-02-01 10:00:15" Kennung_FahrtZeitms="2023-02-01 10:00:14:833" Fahrtsp="7.6634" FahrtspStrecke="11.1111" FahrtspSignal="11.1111" FahrtspZugsicherung="12.5" Fahrtkm="49.7696" FahrtHLDruck="5"/>
<FahrtEintrag FahrtWeg="1926.8513" FahrtZeit="2023-02-01 10:00:18" Kennung_FahrtZeitms="2023-02-01 10:00:17:259" Fahrtsp="7.6284" FahrtspStrecke="11.1111" FahrtspSignal="11.1111" FahrtspZugsicherung="12.5" Fahrtkm="49.7902" FahrtHLDruck="5"/>
<FahrtEintrag FahrtWeg="1952.0602" FahrtZeit="2023-02-01 10:00:21" Kennung_FahrtZeitms="2023-02-01 10:00:20:736" Fahrtsp="7.5933" FahrtspStrecke="11.1111" FahrtspSignal="11.1111" FahrtspZugsicherung="12.5" Fahrtkm="49.8156" FahrtHLDruck="5"/>
<FahrtEintrag FahrtWeg="1977.0703" FahrtZeit="2023-02-01 10:00:25" Kennung_FahrtZeitms="2023-02-01 10:00:25:984" Fahrtsp="8.2405" FahrtspStrecke="11.1111" FahrtspSignal="11.1111" FahrtspZugsicherung="12.5" Fahrtkm="49.8391" FahrtHLDruck="5" FahrtFBSchalter="27"/>
<FahrtEintrag FahrtWeg="2002.4063" FahrtZeit="2023-02-01 10:00:27" Kennung_FahrtZeitms="2023-02-01 10:00:27:702" Fahrtsp="9.925" FahrtspStrecke="11.1111" FahrtspSignal="11.1111" FahrtspZugsicherung="12.5" Fahrtkm="49.8679" FahrtHLDruck="5"/>
<FahrtEintrag FahrtTyp="5" FahrtWeg="-1" FahrtZeit="2023-02-01 10:00:29" Kennung_FahrtZeitms="2023-02-01 10:00:29:077" Fahrtsp="-1" FahrtspStrecke="-1" FahrtspSignal="-1" FahrtspZugsicherung="-1" FahrtText="Zugende passiert Ende Weichenbereich" FahrtHLDruck="-1" FahrtParameter="4" FahrtFBSchalter="-10000"/>
<FahrtEintrag FahrtWeg="2015.5989" FahrtZeit="2023-02-01 10:00:29" Kennung_FahrtZeitms="2023-02-01 10:00:29:487" Fahrtsp="9.909" FahrtspStrecke="11.1111" FahrtspSignal="-1" FahrtspZugsicherung="12.5" Fahrtkm="49.8679" FahrtHLDruck="5"/>
<FahrtEintrag FahrtWeg="2040.7101" FahrtZeit="2023-02-01 10:00:31" Kennung_FahrtZeitms="2023-02-01 10:00:31:463" Fahrtsp="9.8787" FahrtspStrecke="11.1111" FahrtspSignal="-1" FahrtspZugsicherung="12.5" Fahrtkm="49.8679" FahrtHLDruck="5"/>
<FahrtEintrag FahrtWeg="2065.9282" FahrtZeit="2023-02-01 10:00:34" Kennung_FahrtZeitms="2023-02-01 10:00:34:659" Fahrtsp="9.8482" FahrtspStrecke="11.1111" FahrtspSignal="-1" FahrtspZugsicherung="12.5" Fahrtkm="49.8679" FahrtHLDruck="5"/>
<FahrtEintrag FahrtWeg="2091.0806" FahrtZeit="2023-02-01 10:00:36" Kennung_FahrtZeitms="2023-02-01 10:00:36:870" Fahrtsp="9.8177" FahrtspStrecke="11.1111" FahrtspSignal="-1" FahrtspZugsicherung="45.8333" Fahrtkm="49.8679" FahrtHLDruck="5"/>
<FahrtEintrag FahrtWeg="2116.4014" FahrtZeit="2023-02-01 10:00:39" Kennung_FahrtZeitms="2023-02-01 10:00:39:121" Fahrtsp="9.7869" FahrtspStrecke="11.1111" FahrtspSignal="-1" FahrtspZugsicherung="45.8333" Fahrtkm="49.9674" FahrtHLDruck="5"/>
<FahrtEintrag FahrtWeg="2141.5085" FahrtZeit="2023-02-01 10:00:41" Kennung_FahrtZeitms="2023-02-01 10:00:41:371" Fahrtsp="9.7564" FahrtspStrecke="11.1111" FahrtspSignal="-1" FahrtspZugsicherung="45.8333" Fahrtkm="49.9673" FahrtHLDruck="5"/>
<FahrtEintrag FahrtWeg="2166.5249" FahrtZeit="2023-02-01 10:00:44" Kennung_FahrtZeitms="2023-02-01 10:00:44:627" Fahrtsp="9.726" FahrtspStrecke="11.1111" FahrtspSignal="-1" FahrtspZugsicherung="45.8333" Fahrtkm="49.9673" FahrtHLDruck="5"/>
<FahrtEintrag FahrtWeg="2191.8486" FahrtZeit="2023-02-01 10:00:47" Kennung_FahrtZeitms="2023-02-01 10:00:47:941" Fahrtsp="9.6951" FahrtspStrecke="11.1111" FahrtspSignal="-1" FahrtspZugsicherung="45.8333" Fahrtkm="50.0543" FahrtHLDruck="5"/>
<FahrtEintrag FahrtWeg="2217.1238" FahrtZeit="2023-02-01 10:00:49" Kennung_FahrtZeitms="2023-02-01 10:00:49:276" Fahrtsp="9.6642" FahrtspStrecke="11.1111" FahrtspSignal="-1" FahrtspZugsicherung="45.8333" Fahrtkm="50.0669" FahrtHLDruck="5"/>
<FahrtEintrag FahrtWeg="2242.3796" FahrtZeit="2023-02-01 10:00:52" Kennung_FahrtZeitms="2023-02-01 10:00:52:629" Fahrtsp="9.6334" FahrtspStrecke="11.1111" FahrtspSignal="-1" FahrtspZugsicherung="45.8333" Fahrtkm="50.0669" FahrtHLDruck="5"/>
<FahrtEintrag FahrtWeg="2267.5959" FahrtZeit="2023-02-01 10:00:54" Kennung_FahrtZeitms="2023-02-01 10:00:54:999" Fahrtsp="9.6025" FahrtspStrecke="11.1111" FahrtspSignal="-1" FahrtspZugsicherung="45.8333" Fahrtkm="50.0669" FahrtHLDruck="5"/>
<FahrtEintrag FahrtWeg="2292.6001" FahrtZeit="2023-02-01 10:00:57" Kennung_FahrtZeitms="2023-02-01 10:00:57:368" Fahrtsp="9.5718" FahrtspStrecke="11.1111" FahrtspSignal="-1" FahrtspZugsicherung="45.8333" Fahrtkm="50.0669" FahrtHLDruck="5"/>
<FahrtEintrag FahrtWeg="2317.873" FahrtZeit="2023-02-01 10:01:00" Kennung_FahrtZeitms="2023-02-01 10:01:00:788" Fahrtsp="9.5408" FahrtspStrecke="11.1111" FahrtspSignal="-1" FahrtspZugsicherung="45.8333" Fahrtkm="50.1664" FahrtHLDruck="5"/>
<FahrtEintrag FahrtWeg="2343.0232" FahrtZeit="2023-02-01 10:01:02" Kennung_FahrtZeitms="2023-02-01 10:01:02:221" Fahrtsp="9.5098" FahrtspStrecke="11.1111" FahrtspSignal="-1" FahrtspZugsicherung="45.8333" Fahrtkm="50.1664" FahrtHLDruck="5"/>
<FahrtEintrag FahrtWeg="2368.269" FahrtZeit="2023-02-01 10:01:05" Kennung_FahrtZeitms="2023-02-01 10:01:05:688" Fahrtsp="9.4787" FahrtspStrecke="11.1111" FahrtspSignal="-1" FahrtspZugsicherung="45.8333" Fahrtkm="50.1664" FahrtHLDruck="5"/>
<FahrtEintrag FahrtWeg="2393.3689" FahrtZeit="2023-02-01 10:01:08" Kennung_FahrtZeitms="2023-02-01 10:01:08:161" Fahrtsp="9.4478" FahrtspStrecke="11.1111" FahrtspSignal="-1" FahrtspZugsicherung="45.8333" Fahrtkm="50.1664" FahrtHLDruck="5"/>
<FahrtEintrag FahrtWeg="2418.6299" FahrtZeit="2023-02-01 10:01:10" Kennung_FahrtZeitms="2023-02-01 10:01:10:677" Fahrtsp="9.4165" FahrtspStrecke="11.1111" FahrtspSignal="-1" FahrtspZugsicherung="45.8333" Fahrtkm="50.1914" FahrtHLDruck="5"/>
<FahrtEintrag FahrtWeg="2443.7559" FahrtZeit="2023-02-01 10:01:13" Kennung_FahrtZeitms="2023-02-01 10:01:13:204" Fahrtsp="9.3854" FahrtspStrecke="11.1111" FahrtspSignal="-1" FahrtspZugsicherung="45.8333" Fahrtkm="50.266" FahrtHLDruck="5"/>
<FahrtEintrag FahrtWeg="2468.8704" FahrtZeit="2023-02-01 10:01:16" Kennung_FahrtZeitms="2023-02-01 10:01:16:752" Fahrtsp="9.3542" FahrtspStrecke="11.1111" FahrtspSignal="-1" FahrtspZugsicherung="45.8333" Fahrtkm="50.266" FahrtHLDruck="5"/>
<FahrtEintrag FahrtWeg="2494.1104" FahrtZeit="2023-02-01 10:01:18" Kennung_FahrtZeitms="2023-02-01 10:01:18:342" Fahrtsp="9.3228" FahrtspStrecke="11.1111" FahrtspSignal="-1" FahrtspZugsicherung="45.8333" Fahrtkm="50.3655" FahrtHLDruck="5"/>
<FahrtEintrag FahrtWeg="2519.2124" FahrtZeit="2023-02-01 10:01:21" Kennung_FahrtZeitms="2023-02-01 10:01:21:941" Fahrtsp="9.2916" FahrtspStrecke="11.1111" FahrtspSignal="-1" FahrtspZugsicherung="45.8333" Fahrtkm="50.3655" FahrtHLDruck="5"/>
<FahrtEintrag FahrtWeg="2544.4058" FahrtZeit="2023-02-01 10:01:24" Kennung_FahrtZeitms="2023-02-01 10:01:24:573" Fahrtsp="9.2602" FahrtspStrecke="11.1111" FahrtspSignal="-1" FahrtspZugsicherung="45.8333" Fahrtkm="50.3655" FahrtHLDruck="5"/>
<FahrtEintrag FahrtWeg="2569.4717" FahrtZeit="2023-02-01 10:01:26" Kennung_FahrtZeitms="2023-02-01 10:01:26:219" Fahrtsp="9.2289" FahrtspStrecke="11.1111" FahrtspSignal="-1" FahrtspZugsicherung="45.8333" Fahrtkm="50.3655" FahrtHLDruck="5"/>
<FahrtEintrag FahrtWeg="2594.7466" FahrtZeit="2023-02-01 10:01:29" Kennung_FahrtZeitms="2023-02-01 10:01:29:523" Fahrtsp="10.0453" FahrtspStrecke="11.1111" FahrtspSignal="-1" FahrtspZugsicherung="45.8333" Fahrtkm="50.4651" FahrtHLDruck="5" FahrtFBSchalter="21"/>
<FahrtEintrag FahrtWeg="2620.0037" FahrtZeit="2023-02-01 10:01:31" Kennung_FahrtZeitms="2023-02-01 10:01:31:833" Fahrtsp="10.701" FahrtspStrecke="11.1111" FahrtspSignal="-1" FahrtspZugsicherung="45.8333" Fahrtkm="50.4651" FahrtHLDruck="5"/>
<FahrtEintrag FahrtWeg="2645.1589" FahrtZeit="2023-02-01 10:01:34" Kennung_FahrtZeitms="2023-02-01 10:01:34:774" Fahrtsp="10.6715" FahrtspStrecke="11.1111" FahrtspSignal="-1" FahrtspZugsicherung="45.8333" Fahrtkm="50.4651" FahrtHLDruck="5"/>
<FahrtEintrag FahrtWeg="2670.3923" FahrtZeit="2023-02-01 10:01:36" Kennung_FahrtZeitms="2023-02-01 10:01:36:831" Fahrtsp="10.6419" FahrtspStrecke="11.1111" FahrtspSignal="-1" FahrtspZugsicherung="45.8333" Fahrtkm="50.5393" FahrtHLDruck="5"/>
<FahrtEintrag FahrtWeg="2695.5969" FahrtZeit="2023-02-01 10:01:39" Kennung_FahrtZeitms="2023-02-01 10:01:39:902" Fahrtsp="10.6124" FahrtspStrecke="11.1111" FahrtspSignal="-1" FahrtspZugsicherung="45.8333" Fahrtkm="50.5447" FahrtHLDruck="5"/>
<FahrtEintrag FahrtWeg="2702.9166" FahrtZeit="2023-02-01 10:01:40" Kennung_FahrtZeitms="2023-02-01 10:01:40:590" Fahrtsp="10.6124" FahrtspStrecke="11.1111" FahrtspSignal="-1" FahrtspZugsicherung="45.8333" Fahrtkm="50.5646" FahrtHLDruck="5"/>
<FahrtEintrag FahrtWeg="2720.7986" FahrtZeit="2023-02-01 10:01:41" Kennung_FahrtZeitms="2023-02-01 10:01:41:991" Fahrtsp="10.5628" FahrtspStrecke="11.1111" FahrtspSignal="-1" FahrtspZugsicherung="45.8333" Fahrtkm="50.5647" FahrtHLDruck="5"/>
<FahrtEintrag FahrtWeg="2732.696" FahrtZeit="2023-02-01 10:01:42" Kennung_FahrtZeitms="2023-02-01 10:01:42:168" Fahrtsp="10.568" FahrtspStrecke="11.1111" FahrtspSignal="-1" FahrtspZugsicherung="45.8333" Fahrtkm="50.5647" FahrtHLDruck="5"/>
<FahrtEintrag FahrtWeg="2737.52" FahrtZeit="2023-02-01 10:01:42" Kennung_FahrtZeitms="2023-02-01 10:01:42:518" Fahrtsp="10.5676" FahrtspStrecke="11.1111" FahrtspSignal="-1" FahrtspZugsicherung="45.8333" Fahrtkm="50.5647" FahrtHLDruck="5"/>
<FahrtEintrag FahrtTyp="8" FahrtWeg="-1" FahrtZeit="2023-02-01 10:01:44" Kennung_FahrtZeitms="2023-02-01 10:01:44:790" Fahrtsp="-1" FahrtspStrecke="-1" FahrtspSignal="-1" FahrtspZugsicherung="-1" FahrtHLDruck="-1" FahrtParameter="48" FahrtFBSchalter="-10000"/>
<FahrtEintrag FahrtWeg="2751.3738" FahrtZeit="2023-02-01 10:01:44" Kennung_FahrtZeitms="2023-02-01 10:01:44:891" Fahrtsp="10.5688" FahrtspStrecke="11.1111" FahrtspSignal="-1" FahrtspZugsicherung="45.8333" Fahrtkm="50.6130" FahrtHLDruck="5"/>
<FahrtEintrag FahrtTyp="8" FahrtWeg="-1" FahrtZeit="2023-02-01 10:01:44" Kennung_FahrtZeitms="2023-02-01 10:01:44:998" Fahrtsp="-1" FahrtspStrecke="-1" FahrtspSignal="-1" FahrtspZugsicherung="-1" FahrtHLDruck="-1" FahrtParameter="16" FahrtFBSchalter="-10000"/>
<FahrtEintrag FahrtWeg="2762.5952" FahrtZeit="2023-02-01 10:01:45" Kennung_FahrtZeitms="2023-02-01 10:01:45:257" Fahrtsp="10.5336" FahrtspStrecke="11.1111" FahrtspSignal="-1" FahrtspZugsicherung="45.8333" Fahrtkm="50.6130" FahrtHLDruck="5"/>
<FahrtEintrag FahrtWeg="2787.605" FahrtZeit="2023-02-01 10:01:47" Kennung_FahrtZeitms="2023-02-01 10:01:47:271" Fahrtsp="10.5042" FahrtspStrecke="11.1111" FahrtspSignal="-1" FahrtspZugsicherung="45.8333" Fahrtkm="50.6130" FahrtHLDruck="5"/>
<FahrtEintrag FahrtWeg="2812.7185" FahrtZeit="2023-02-01 10:01:50" Kennung_FahrtZeitms="2023-02-01 10:01:50:415" Fahrtsp="10.4745" FahrtspStrecke="11.1111" FahrtspSignal="-1" FahrtspZugsicherung="45.8333" Fahrtkm="50.6342" FahrtHLDruck="5"/>
<FahrtEintrag FahrtWeg="2837.9048" FahrtZeit="2023-02-01 10:01:52" Kennung_FahrtZeitms="2023-02-01 10:01:52:587" Fahrtsp="10.4448" FahrtspStrecke="11.1111" FahrtspSignal="-1" FahrtspZugsicherung="45.8333" Fahrtkm="50.6342" FahrtHLDruck="5"/>
<FahrtEintrag FahrtWeg="2863.1326" FahrtZeit="2023-02-01 10:01:54" Kennung_FahrtZeitms="2023-02-01 10:01:54:783" Fahrtsp="10.415" FahrtspStrecke="11.1111" FahrtspSignal="-1" FahrtspZugsicherung="45.8333" Fahrtkm="50.6642" FahrtHLDruck="5"/>
<FahrtEintrag FahrtWeg="2888.1516" FahrtZeit="2023-02-01 10:01:57" Kennung_FahrtZeitms="2023-02-01 10:01:57:976" Fahrtsp="10.3854" FahrtspStrecke="11.1111" FahrtspSignal="-1" FahrtspZugsicherung="45.8333" Fahrtkm="50.6642" FahrtHLDruck="5"/>
<FahrtEintrag FahrtWeg="2913.1956" FahrtZeit="2023-02-01 10:01:59" Kennung_FahrtZeitms="2023-02-01 10:01:59:188" Fahrtsp="10.3557" FahrtspStrecke="11.1111" FahrtspSignal="-1" FahrtspZugsicherung="45.8333" Fahrtkm="50.7638" FahrtHLDruck="5"/>
<FahrtEintrag FahrtWeg="2938.5125" FahrtZeit="2023-02-01 10:02:02" Kennung_FahrtZeitms="2023-02-01 10:02:02:450" Fahrtsp="10.3257" FahrtspStrecke="11.1111" FahrtspSignal="-1" FahrtspZugsicherung="45.8333" Fahrtkm="50.7638" FahrtHLDruck="5"/>
<FahrtEintrag FahrtWeg="2963.8232" FahrtZeit="2023-02-01 10:02:04" Kennung_FahrtZeitms="2023-02-01 10:02:04:737" Fahrtsp="10.2956" FahrtspStrecke="11.1111" FahrtspSignal="-1" FahrtspZugsicherung="45.8333" Fahrtkm="50.7638" FahrtHLDruck="5"/>
<FahrtEintrag FahrtWeg="2989.0637" FahrtZeit="2023-02-01 10:02:07" Kennung_FahrtZeitms="2023-02-01 10:02:07:035" Fahrtsp="10.2656" FahrtspStrecke="11.1111" FahrtspSignal="-1" FahrtspZugsicherung="45.8333" Fahrtkm="50.7638" FahrtHLDruck="5"/>
<FahrtEintrag FahrtWeg="3014.1331" FahrtZeit="2023-02-01 10:02:09" Kennung_FahrtZeitms="2023-02-01 10:02:09:332" Fahrtsp="10.2358" FahrtspStrecke="11.1111" FahrtspSignal="-1" FahrtspZugsicherung="45.8333" Fahrtkm="50.8633" FahrtHLDruck="5"/>
<FahrtEintrag FahrtWeg="3039.3704" FahrtZeit="2023-02-01 10:02:12" Kennung_FahrtZeitms="2023-02-01 10:02:12:667" Fahrtsp="10.2057" FahrtspStrecke="11.1111" FahrtspSignal="-1" FahrtspZugsicherung="45.8333" Fahrtkm="50.8633" FahrtHLDruck="5"/>
<FahrtEintrag FahrtWeg="3064.6819" FahrtZeit="2023-02-01 10:02:14" Kennung_FahrtZeitms="2023-02-01 10:02:14:033" Fahrtsp="10.1755" FahrtspStrecke="11.1111" FahrtspSignal="-1" FahrtspZugsicherung="45.8333" Fahrtkm="50.8633" FahrtHLDruck="5"/>
<FahrtEintrag FahrtWeg="3089.9729" FahrtZeit="2023-02-01 10:02:17" Kennung_FahrtZeitms="2023-02-01 10:02:17:420" Fahrtsp="10.1453" FahrtspStrecke="11.1111" FahrtspSignal="-1" FahrtspZugsicherung="45.8333" Fahrtkm="50.8633" FahrtHLDruck="5"/>
<FahrtEintrag FahrtWeg="3115.0542" FahrtZeit="2023-02-01 10:02:19" Kennung_FahrtZeitms="2023-02-01 10:02:19:804" Fahrtsp="10.1152" FahrtspStrecke="11.1111" FahrtspSignal="-1" FahrtspZugsicherung="45.8333" Fahrtkm="50.9629" FahrtHLDruck="5"/>
<FahrtEintrag FahrtWeg="3140.1904" FahrtZeit="2023-02-01 10:02:22" Kennung_FahrtZeitms="2023-02-01 10:02:22:213" Fahrtsp="10.0851" FahrtspStrecke="11.1111" FahrtspSignal="-1" FahrtspZugsicherung="45.8333" Fahrtkm="50.9629" FahrtHLDruck="5"/>
<FahrtEintrag FahrtWeg="3165.2747" FahrtZeit="2023-02-01 10:02:24" Kennung_FahrtZeitms="2023-02-01 10:02:24:636" Fahrtsp="10.055" FahrtspStrecke="11.1111" FahrtspSignal="-1" FahrtspZugsicherung="45.8333" Fahrtkm="50.9629" FahrtHLDruck="5"/>
<FahrtEintrag FahrtWeg="3190.4438" FahrtZeit="2023-02-01 10:02:27" Kennung_FahrtZeitms="2023-02-01 10:02:27:092" Fahrtsp="10.0247" FahrtspStrecke="11.1111" FahrtspSignal="-1" FahrtspZugsicherung="45.8333" Fahrtkm="51.0624" FahrtHLDruck="5"/>
<FahrtEintrag FahrtWeg="3215.5403" FahrtZeit="2023-02-01 10:02:29" Kennung_FahrtZeitms="2023-02-01 10:02:29:559" Fahrtsp="10.1202" FahrtspStrecke="11.1111" FahrtspSignal="-1" FahrtspZugsicherung="45.8333" Fahrtkm="51.0625" FahrtHLDruck="5" FahrtFBSchalter="3"/>
<FahrtEintrag FahrtWeg="3240.8464" FahrtZeit="2023-02-01 10:02:32" Kennung_FahrtZeitms="2023-02-01 10:02:32:147" Fahrtsp="10.2734" FahrtspStrecke="11.1111" FahrtspSignal="-1" FahrtspZugsicherung="45.8333" Fahrtkm="51.0625" FahrtHLDruck="5" FahrtFBSchalter="3"/>
<FahrtEintrag FahrtWeg="3265.8767" FahrtZeit="2023-02-01 10:02:34" Kennung_FahrtZeitms="2023-02-01 10:02:34:706" Fahrtsp="10.4366" FahrtspStrecke="11.1111" FahrtspSignal="-1" FahrtspZugsicherung="45.8333" Fahrtkm="51.1378" FahrtHLDruck="5" FahrtFBSchalter="5"/>
<FahrtEintrag FahrtWeg="3291.1904" FahrtZeit="2023-02-01 10:02:36" Kennung_FahrtZeitms="2023-02-01 10:02:36:083" Fahrtsp="10.4751" FahrtspStrecke="11.1111" FahrtspSignal="-1" FahrtspZugsicherung="45.8333" Fahrtkm="51.162" FahrtHLDruck="5"/>
<FahrtEintrag FahrtWeg="3316.2039" FahrtZeit="2023-02-01 10:02:39" Kennung_FahrtZeitms="2023-02-01 10:02:39:902" Fahrtsp="10.6077" FahrtspStrecke="11.1111" FahrtspSignal="-1" FahrtspZugsicherung="45.8333" Fahrtkm="51.1621" FahrtHLDruck="5"/>
<FahrtEintrag FahrtWeg="3341.5051" FahrtZeit="2023-02-01 10:02:41" Kennung_FahrtZeitms="2023-02-01 10:02:41:761" Fahrtsp="10.578" FahrtspStrecke="11.1111" FahrtspSignal="-1" FahrtspZugsicherung="45.8333" Fahrtkm="51.213" FahrtHLDruck="5"/>
<FahrtEintrag FahrtWeg="3366.7415" FahrtZeit="2023-02-01 10:02:44" Kennung_FahrtZeitms="2023-02-01 10:02:44:041" Fahrtsp="10.5483" FahrtspStrecke="11.1111" FahrtspSignal="-1" FahrtspZugsicherung="45.8333" Fahrtkm="51.213" FahrtHLDruck="5"/>
<FahrtEintrag FahrtWeg="3391.856" FahrtZeit="2023-02-01 10:02:46" Kennung_FahrtZeitms="2023-02-01 10:02:46:325" Fahrtsp="10.5187" FahrtspStrecke="11.1111" FahrtspSignal="-1" FahrtspZugsicherung="45.8333" Fahrtkm="51.2617" FahrtHLDruck="5"/>
<FahrtEintrag FahrtWeg="3417.0686" FahrtZeit="2023-02-01 10:02:48" Kennung_FahrtZeitms="2023-02-01 10:02:48:638" Fahrtsp="10.489" FahrtspStrecke="11.1111" FahrtspSignal="-1" FahrtspZugsicherung="45.8333" Fahrtkm="51.288" FahrtHLDruck="5"/>
<FahrtEintrag FahrtWeg="3442.1333" FahrtZeit="2023-02-01 10:02:51" Kennung_FahrtZeitms="2023-02-01 10:02:51:955" Fahrtsp="10.4594" FahrtspStrecke="11.1111" FahrtspSignal="-1" FahrtspZugsicherung="45.8333" Fahrtkm="51.288" FahrtHLDruck="5"/>
<FahrtEintrag FahrtWeg="3467.1763" FahrtZeit="2023-02-01 10:02:53" Kennung_FahrtZeitms="2023-02-01 10:02:53:286" Fahrtsp="10.4299" FahrtspStrecke="11.1111" FahrtspSignal="-1" FahrtspZugsicherung="45.8333" Fahrtkm="51.288" FahrtHLDruck="5"/>
<FahrtEintrag FahrtWeg="3500.0645" FahrtZeit="2023-02-01 10:02:57" Kennung_FahrtZeitms="2023-02-01 10:02:57:439" Fahrtsp="10.3999" FahrtspStrecke="11.1111" FahrtspSignal="-1" FahrtspZugsicherung="45.8333" Fahrtkm="51.361" FahrtHLDruck="5"/>
<FahrtEintrag FahrtWeg="3517.7878" FahrtZeit="2023-02-01 10:02:58" Kennung_FahrtZeitms="2023-02-01 10:02:58:074" Fahrtsp="10.37" FahrtspStrecke="11.1111" FahrtspSignal="-1" FahrtspZugsicherung="45.8333" Fahrtkm="51.3611" FahrtHLDruck="5"/>
<FahrtEintrag FahrtWeg="3543.0068" FahrtZeit="2023-02-01 10:03:00" Kennung_FahrtZeitms="2023-02-01 10:03:00:491" Fahrtsp="10.3401" FahrtspStrecke="11.1111" FahrtspSignal="-1" FahrtspZugsicherung="45.8333" Fahrtkm="51.3611" FahrtHLDruck="5"/>
<FahrtEintrag FahrtWeg="3568.0132" FahrtZeit="2023-02-01 10:03:03" Kennung_FahrtZeitms="2023-02-01 10:03:03:904" Fahrtsp="10.3104" FahrtspStrecke="11.1111" FahrtspSignal="-1" FahrtspZugsicherung="45.8333" Fahrtkm="51.3611" FahrtHLDruck="5"/>
<FahrtEintrag FahrtWeg="3593.0283" FahrtZeit="2023-02-01 10:03:05" Kennung_FahrtZeitms="2023-02-01 10:03:05:334" Fahrtsp="10.2807" FahrtspStrecke="11.1111" FahrtspSignal="-1" FahrtspZugsicherung="45.8333" Fahrtkm="51.4607" FahrtHLDruck="5"/>
<FahrtEintrag FahrtWeg="3618.2117" FahrtZeit="2023-02-01 10:03:08" Kennung_FahrtZeitms="2023-02-01 10:03:08:805" Fahrtsp="10.2007" FahrtspStrecke="11.1111" FahrtspSignal="-1" FahrtspZugsicherung="45.8333" Fahrtkm="51.4607" FahrtHLDruck="5"/>
<FahrtEintrag FahrtTyp="8" FahrtWeg="-1" FahrtZeit="2023-02-01 10:03:09" Kennung_FahrtZeitms="2023-02-01 10:03:09:329" Fahrtsp="-1" FahrtspStrecke="-1" FahrtspSignal="-1" FahrtspZugsicherung="-1" FahrtHLDruck="-1" FahrtParameter="48" FahrtFBSchalter="-10000"/>
<FahrtEintrag FahrtWeg="3625.25" FahrtZeit="2023-02-01 10:03:09" Kennung_FahrtZeitms="2023-02-01 10:03:09:410" Fahrtsp="10.1232" FahrtspStrecke="11.1111" FahrtspSignal="-1" FahrtspZugsicherung="45.8333" Fahrtkm="51.4861" FahrtHLDruck="5"/>
<FahrtEintrag FahrtTyp="8" FahrtWeg="-1" FahrtZeit="2023-02-01 10:03:09" Kennung_FahrtZeitms="2023-02-01 10:03:09:548" Fahrtsp="-1" FahrtspStrecke="-1" FahrtspSignal="-1" FahrtspZugsicherung="-1" FahrtHLDruck="-1" FahrtParameter="16" FahrtFBSchalter="-10000"/>
<FahrtEintrag FahrtWeg="3643.4373" FahrtZeit="2023-02-01 10:03:10" Kennung_FahrtZeitms="2023-02-01 10:03:10:306" Fahrtsp="10.1207" FahrtspStrecke="11.1111" FahrtspSignal="-1" FahrtspZugsicherung="45.8333" Fahrtkm="51.4931" FahrtHLDruck="5"/>
<FahrtEintrag FahrtWeg="3668.5681" FahrtZeit="2023-02-01 10:03:13" Kennung_FahrtZeitms="2023-02-01 10:03:13:819" Fahrtsp="10.1507" FahrtspStrecke="11.1111" FahrtspSignal="-1" FahrtspZugsicherung="45.8333" Fahrtkm="51.4931" FahrtHLDruck="5"/>
<FahrtEintrag FahrtTyp="5" FahrtWeg="3688.0012" FahrtZeit="2023-02-01 10:03:14" Kennung_FahrtZeitms="2023-02-01 10:03:14:678" Fahrtsp="10.1671" FahrtspStrecke="11.1111" FahrtspSignal="-1" FahrtspZugsicherung="45.8333" FahrtText="LZB-Bk 21/22/121/122 LZB-Bk 21" Fahrtkm="51.4607" FahrtHLDruck="5"/>
<FahrtEintrag FahrtTyp="5" FahrtWeg="-1" FahrtZeit="2023-02-01 10:03:14" Kennung_FahrtZeitms="2023-02-01 10:03:14:744" Fahrtsp="-1" FahrtspStrecke="-1" FahrtspSignal="-1" FahrtspZugsicherung="-1" FahrtText="Zugende passiert Ende Weichenbereich" FahrtHLDruck="-1" FahrtParameter="4" FahrtFBSchalter="-10000"/>
<FahrtEintrag FahrtWeg="3688.3228" FahrtZeit="2023-02-01 10:03:15" Kennung_FahrtZeitms="2023-02-01 10:03:15:687" Fahrtsp="10.1671" FahrtspStrecke="11.1111" FahrtspSignal="-1" FahrtspZugsicherung="45.8333" Fahrtkm="51.5602" FahrtHLDruck="5"/>
<FahrtEintrag FahrtTyp="5" FahrtWeg="-1" FahrtZeit="2023-02-01 10:03:16" Kennung_FahrtZeitms="2023-02-01 10:03:16:144" Fahrtsp="-1" FahrtspStrecke="-1" FahrtspSignal="-1" FahrtspZugsicherung="-1" FahrtText="Zugende passiert Ende Weichenbereich" FahrtHLDruck="-1" FahrtParameter="4" FahrtFBSchalter="-10000"/>
<FahrtEintrag FahrtWeg="3708.2446" FahrtZeit="2023-02-01 10:03:16" Kennung_FahrtZeitms="2023-02-01 10:03:16:240" Fahrtsp="10.1433" FahrtspStrecke="11.1111" FahrtspSignal="-1" FahrtspZugsicherung="45.8333" Fahrtkm="51.5682" FahrtHLDruck="5"/>
<FahrtEintrag FahrtWeg="3725.0928" FahrtZeit="2023-02-01 10:03:18" Kennung_FahrtZeitms="2023-02-01 10:03:18:620" Fahrtsp="10.123" FahrtspStrecke="11.1111" FahrtspSignal="-1" FahrtspZugsicherung="45.8333" Fahrtkm="51.5682" FahrtHLDruck="5"/>
<FahrtEintrag FahrtWeg="3728.999" FahrtZeit="2023-02-01 10:03:19" Kennung_FahrtZeitms="2023-02-01 10:03:19:898" Fahrtsp="10.1185" FahrtspStrecke="11.1111" FahrtspSignal="-1" FahrtspZugsicherung="45.8333" Fahrtkm="51.5682" FahrtHLDruck="5"/>
<FahrtEintrag FahrtWeg="3754.0234" FahrtZeit="2023-02-01 10:03:21" Kennung_FahrtZeitms="2023-02-01 10:03:21:925" Fahrtsp="10.0885" FahrtspStrecke="11.1111" FahrtspSignal="-1" FahrtspZugsicherung="45.8333" Fahrtkm="51.6259" FahrtHLDruck="5"/>
<FahrtEintrag FahrtWeg="3779.1914" FahrtZeit="2023-02-01 10:03:23" Kennung_FahrtZeitms="2023-02-01 10:03:23:143" Fahrtsp="10.5757" FahrtspStrecke="11.1111" FahrtspSignal="-1" FahrtspZugsicherung="45.8333" Fahrtkm="51.626" FahrtHLDruck="5" FahrtFBSchalter="8"/>
<FahrtEintrag FahrtWeg="3804.2371" FahrtZeit="2023-02-01 10:03:26" Kennung_FahrtZeitms="2023-02-01 10:03:26:281" Fahrtsp="10.6223" FahrtspStrecke="11.1111" FahrtspSignal="-1" FahrtspZugsicherung="45.8333" Fahrtkm="51.6598" FahrtHLDruck="5"/>
<FahrtEintrag FahrtWeg="3829.3489" FahrtZeit="2023-02-01 10:03:28" Kennung_FahrtZeitms="2023-02-01 10:03:28:565" Fahrtsp="10.8784" FahrtspStrecke="11.1111" FahrtspSignal="-1" FahrtspZugsicherung="45.8333" Fahrtkm="51.6598" FahrtHLDruck="5"/>
<FahrtEintrag FahrtWeg="3854.6194" FahrtZeit="2023-02-01 10:03:30" Kennung_FahrtZeitms="2023-02-01 10:03:30:168" Fahrtsp="10.849" FahrtspStrecke="11.1111" FahrtspSignal="-1" FahrtspZugsicherung="45.8333" Fahrtkm="51.6598" FahrtHLDruck="5"/>
<FahrtEintrag FahrtWeg="3879.8359" FahrtZeit="2023-02-01 10:03:33" Kennung_FahrtZeitms="2023-02-01 10:03:33:460" Fahrtsp="10.8197" FahrtspStrecke="11.1111" FahrtspSignal="-1" FahrtspZugsicherung="45.8333" Fahrtkm="51.6599" FahrtHLDruck="5"/>
<FahrtEintrag FahrtWeg="3905.0149" FahrtZeit="2023-02-01 10:03:35" Kennung_FahrtZeitms="2023-02-01 10:03:35:766" Fahrtsp="10.7903" FahrtspStrecke="11.1111" FahrtspSignal="-1" FahrtspZugsicherung="45.8333" Fahrtkm="51.7595" FahrtHLDruck="5"/>
<FahrtEintrag FahrtWeg="3930.1318" FahrtZeit="2023-02-01 10:03:38" Kennung_FahrtZeitms="2023-02-01 10:03:38:085" Fahrtsp="10.761" FahrtspStrecke="11.1111" FahrtspSignal="-1" FahrtspZugsicherung="45.8333" Fahrtkm="51.7595" FahrtHLDruck="5"/>
<FahrtEintrag FahrtWeg="3955.2744" FahrtZeit="2023-02-01 10:03:40" Kennung_FahrtZeitms="2023-02-01 10:03:40:424" Fahrtsp="10.7316" FahrtspStrecke="11.1111" FahrtspSignal="-1" FahrtspZugsicherung="45.8333" Fahrtkm="51.7594" FahrtHLDruck="5"/>
<FahrtEintrag FahrtWeg="3980.583" FahrtZeit="2023-02-01 10:03:42" Kennung_FahrtZeitms="2023-02-01 10:03:42:802" Fahrtsp="10.702" FahrtspStrecke="11.1111" FahrtspSignal="-1" FahrtspZugsicherung="45.8333" Fahrtkm="51.7594" FahrtHLDruck="5"/>
<FahrtEintrag FahrtWeg="4005.8865" FahrtZeit="2023-02-01 10:03:45" Kennung_FahrtZeitms="2023-02-01 10:03:45:202" Fahrtsp="10.6724" FahrtspStrecke="11.1111" FahrtspSignal="-1" FahrtspZugsicherung="45.8333" Fahrtkm="51.8589" FahrtHLDruck="5"/>
<FahrtEintrag FahrtWeg="4031.1663" FahrtZeit="2023-02-01 10:03:47" Kennung_FahrtZeitms="2023-02-01 10:03:47:620" Fahrtsp="10.6427" FahrtspStrecke="11.1111" FahrtspSignal="-1" FahrtspZugsicherung="45.8333" Fahrtkm="51.8589" FahrtHLDruck="5"/>
<FahrtEintrag FahrtWeg="4056.2483" FahrtZeit="2023-02-01 10:03:49" Kennung_FahrtZeitms="2023-02-01 10:03:49:035" Fahrtsp="10.6133" FahrtspStrecke="11.1111" FahrtspSignal="-1" FahrtspZugsicherung="45.8333" Fahrtkm="51.8589" FahrtHLDruck="5"/>
<FahrtEintrag FahrtWeg="4081.4946" FahrtZeit="2023-02-01 10:03:52" Kennung_FahrtZeitms="2023-02-01 10:03:52:485" Fahrtsp="10.5836" FahrtspStrecke="11.1111" FahrtspSignal="-1" FahrtspZugsicherung="45.8333" Fahrtkm="51.8589" FahrtHLDruck="5"/>
<FahrtEintrag FahrtWeg="4106.501" FahrtZeit="2023-02-01 10:03:54" Kennung_FahrtZeitms="2023-02-01 10:03:54:931" Fahrtsp="10.5542" FahrtspStrecke="11.1111" FahrtspSignal="-1" FahrtspZugsicherung="45.8333" Fahrtkm="51.9585" FahrtHLDruck="5"/>
<FahrtEintrag FahrtWeg="4131.7568" FahrtZeit="2023-02-01 10:03:56" Kennung_FahrtZeitms="2023-02-01 10:03:56:420" Fahrtsp="10.5245" FahrtspStrecke="11.1111" FahrtspSignal="-1" FahrtspZugsicherung="45.8333" Fahrtkm="51.9585" FahrtHLDruck="5"/>
<FahrtEintrag FahrtWeg="4156.8813" FahrtZeit="2023-02-01 10:03:59" Kennung_FahrtZeitms="2023-02-01 10:03:59:920" Fahrtsp="10.4949" FahrtspStrecke="11.1111" FahrtspSignal="-1" FahrtspZugsicherung="45.8333" Fahrtkm="51.9585" FahrtHLDruck="5"/>
<FahrtEintrag FahrtWeg="4182.1685" FahrtZeit="2023-02-01 10:04:01" Kennung_FahrtZeitms="2023-02-01 10:04:01:459" Fahrtsp="10.465" FahrtspStrecke="11.1111" FahrtspSignal="-1" FahrtspZugsicherung="45.8333" Fahrtkm="51.9585" FahrtHLDruck="5"/>
<FahrtEintrag FahrtWeg="4207.2051" FahrtZeit="2023-02-01 10:04:04" Kennung_FahrtZeitms="2023-02-01 10:04:04:995" Fahrtsp="10.4354" FahrtspStrecke="11.1111" FahrtspSignal="-1" FahrtspZugsicherung="45.8333" Fahrtkm="52.0719" FahrtHLDruck="5"/>
<FahrtEintrag FahrtWeg="4232.5059" FahrtZeit="2023-02-01 10:04:06" Kennung_FahrtZeitms="2023-02-01 10:04:06:576" Fahrtsp="10.4055" FahrtspStrecke="11.1111" FahrtspSignal="-1" FahrtspZugsicherung="45.8333" Fahrtkm="52.0719" FahrtHLDruck="5"/>
<FahrtEintrag FahrtWeg="4257.5952" FahrtZeit="2023-02-01 10:04:09" Kennung_FahrtZeitms="2023-02-01 10:04:09:159" Fahrtsp="10.3758" FahrtspStrecke="11.1111" FahrtspSignal="-1" FahrtspZugsicherung="45.8333" Fahrtkm="52.072" FahrtHLDruck="5"/>
<FahrtEintrag FahrtWeg="4282.8677" FahrtZeit="2023-02-01 10:04:11" Kennung_FahrtZeitms="2023-02-01 10:04:11:139" Fahrtsp="10.7883" FahrtspStrecke="11.1111" FahrtspSignal="-1" FahrtspZugsicherung="45.8333" Fahrtkm="52.147" FahrtHLDruck="5" FahrtFBSchalter="14"/>
<FahrtEintrag FahrtWeg="4308.2441" FahrtZeit="2023-02-01 10:04:13" Kennung_FahrtZeitms="2023-02-01 10:04:13:058" Fahrtsp="11.1555" FahrtspStrecke="11.1111" FahrtspSignal="-1" FahrtspZugsicherung="45.8333" Fahrtkm="52.1577" FahrtHLDruck="5"/>
<FahrtEintrag FahrtWeg="4333.3555" FahrtZeit="2023-02-01 10:04:16" Kennung_FahrtZeitms="2023-02-01 10:04:16:340" Fahrtsp="11.1266" FahrtspStrecke="11.1111" FahrtspSignal="-1" FahrtspZugsicherung="45.8333" Fahrtkm="52.1577" FahrtHLDruck="5"/>
<FahrtEintrag FahrtWeg="4358.4849" FahrtZeit="2023-02-01 10:04:18" Kennung_FahrtZeitms="2023-02-01 10:04:18:619" Fahrtsp="11.0975" FahrtspStrecke="11.1111" FahrtspSignal="-1" FahrtspZugsicherung="45.8333" Fahrtkm="52.222" FahrtHLDruck="5"/>
<FahrtEintrag FahrtWeg="4383.5625" FahrtZeit="2023-02-01 10:04:20" Kennung_FahrtZeitms="2023-02-01 10:04:20:912" Fahrtsp="11.0686" FahrtspStrecke="11.1111" FahrtspSignal="-1" FahrtspZugsicherung="45.8333" Fahrtkm="52.222" FahrtHLDruck="5"/>
<FahrtEintrag FahrtWeg="4408.6968" FahrtZeit="2023-02-01 10:04:22" Kennung_FahrtZeitms="2023-02-01 10:04:22:226" Fahrtsp="11.0395" FahrtspStrecke="11.1111" FahrtspSignal="-1" FahrtspZugsicherung="45.8333" Fahrtkm="52.2572" FahrtHLDruck="5"/>
<FahrtEintrag FahrtWeg="4434.0176" FahrtZeit="2023-02-01 10:04:25" Kennung_FahrtZeitms="2023-02-01 10:04:25:583" Fahrtsp="11.0102" FahrtspStrecke="11.1111" FahrtspSignal="-1" FahrtspZugsicherung="45.8333" Fahrtkm="52.2572" FahrtHLDruck="5"/>
<FahrtEintrag FahrtWeg="4459.3306" FahrtZeit="2023-02-01 10:04:27" Kennung_FahrtZeitms="2023-02-01 10:04:27:019" Fahrtsp="10.9777" FahrtspStrecke="11.1111" FahrtspSignal="-1" FahrtspZugsicherung="45.8333" Fahrtkm="52.3312" FahrtHLDruck="5"/>
<FahrtEintrag FahrtWeg="4484.709" FahrtZeit="2023-02-01 10:04:29" Kennung_FahrtZeitms="2023-02-01 10:04:29:092" Fahrtsp="10.8093" FahrtspStrecke="11.1111" FahrtspSignal="-1" FahrtspZugsicherung="45.8333" Fahrtkm="52.3566" FahrtHLDruck="5"/>
<FahrtEintrag FahrtWeg="4509.8647" FahrtZeit="2023-02-01 10:04:32" Kennung_FahrtZeitms="2023-02-01 10:04:32:643" Fahrtsp="10.5024" FahrtspStrecke="11.1111" FahrtspSignal="-1" FahrtspZugsicherung="45.8333" Fahrtkm="52.3568" FahrtHLDruck="5"/>
<FahrtEintrag FahrtWeg="4535.0083" FahrtZeit="2023-02-01 10:04:34" Kennung_FahrtZeitms="2023-02-01 10:04:34:891" Fahrtsp="10.1836" FahrtspStrecke="11.1111" FahrtspSignal="-1" FahrtspZugsicherung="45.8333" Fahrtkm="52.3568" FahrtHLDruck="5"/>
<FahrtEintrag FahrtWeg="4560.0112" FahrtZeit="2023-02-01 10:04:37" Kennung_FahrtZeitms="2023-02-01 10:04:37:522" Fahrtsp="9.857" FahrtspStrecke="11.1111" FahrtspSignal="-1" FahrtspZugsicherung="45.8333" Fahrtkm="52.3568" FahrtHLDruck="5"/>
<FahrtEintrag FahrtWeg="4585.3096" FahrtZeit="2023-02-01 10:04:39" Kennung_FahrtZeitms="2023-02-01 10:04:39:291" Fahrtsp="10.0002" FahrtspStrecke="11.1111" FahrtspSignal="-1" FahrtspZugsicherung="45.8333" Fahrtkm="52.4564" FahrtHLDruck="5" FahrtFBSchalter="14"/>
<FahrtEintrag FahrtWeg="4610.4546" FahrtZeit="2023-02-01 10:04:42" Kennung_FahrtZeitms="2023-02-01 10:04:42:100" Fahrtsp="10.6911" FahrtspStrecke="11.1111" FahrtspSignal="-1" FahrtspZugsicherung="45.8333" Fahrtkm="52.4564" FahrtHLDruck="5" FahrtFBSchalter="4"/>
<FahrtEintrag FahrtWeg="4635.7188" FahrtZeit="2023-02-01 10:04:44" Kennung_FahrtZeitms="2023-02-01 10:04:44:070" Fahrtsp="10.4457" FahrtspStrecke="11.1111" FahrtspSignal="-1" FahrtspZugsicherung="45.8333" Fahrtkm="52.4564" FahrtHLDruck="5" FahrtFBSchalter="3"/>
<FahrtEintrag FahrtWeg="4660.9492" FahrtZeit="2023-02-01 10:04:46" Kennung_FahrtZeitms="2023-02-01 10:04:46:382" Fahrtsp="10.4115" FahrtspStrecke="11.1111" FahrtspSignal="-1" FahrtspZugsicherung="45.8333" Fahrtkm="52.4563" FahrtHLDruck="5" FahrtFBSchalter="9"/>
<FahrtEintrag FahrtWeg="4686.2954" FahrtZeit="2023-02-01 10:04:49" Kennung_FahrtZeitms="2023-02-01 10:04:49:033" Fahrtsp="10.6228" FahrtspStrecke="11.1111" FahrtspSignal="-1" FahrtspZugsicherung="45.8333" Fahrtkm="52.5559" FahrtHLDruck="5" FahrtFBSchalter="9"/>
<FahrtEintrag FahrtWeg="4711.3159" FahrtZeit="2023-02-01 10:04:51" Kennung_FahrtZeitms="2023-02-01 10:04:51:818" Fahrtsp="10.8226" FahrtspStrecke="11.1111" FahrtspSignal="-1" FahrtspZugsicherung="45.8333" Fahrtkm="52.5559" FahrtHLDruck="5" FahrtFBSchalter="9"/>
<FahrtEintrag FahrtWeg="4736.6216" FahrtZeit="2023-02-01 10:04:53" Kennung_FahrtZeitms="2023-02-01 10:04:53:209" Fahrtsp="11.0165" FahrtspStrecke="11.1111" FahrtspSignal="-1" FahrtspZugsicherung="45.8333" Fahrtkm="52.5559" FahrtHLDruck="5" FahrtFBSchalter="9"/>
<FahrtEintrag FahrtWeg="4761.771" FahrtZeit="2023-02-01 10:04:56" Kennung_FahrtZeitms="2023-02-01 10:04:56:444" Fahrtsp="10.9771" FahrtspStrecke="11.1111" FahrtspSignal="-1" FahrtspZugsicherung="45.8333" Fahrtkm="52.5559" FahrtHLDruck="5" FahrtFBSchalter="1"/>
<FahrtEintrag FahrtWeg="4786.791" FahrtZeit="2023-02-01 10:04:58" Kennung_FahrtZeitms="2023-02-01 10:04:58:588" Fahrtsp="10.8229" FahrtspStrecke="11.1111" FahrtspSignal="-1" FahrtspZugsicherung="45.8333" Fahrtkm="52.6554" FahrtHLDruck="5" FahrtFBSchalter="8"/>
<FahrtEintrag FahrtWeg="4812.1182" FahrtZeit="2023-02-01 10:05:00" Kennung_FahrtZeitms="2023-02-01 10:05:00:216" Fahrtsp="10.9625" FahrtspStrecke="11.1111" FahrtspSignal="-1" FahrtspZugsicherung="45.8333" Fahrtkm="52.6555" FahrtHLDruck="5" FahrtFBSchalter="8"/>
<FahrtEintrag FahrtWeg="4837.2476" FahrtZeit="2023-02-01 10:05:03" Kennung_FahrtZeitms="2023-02-01 10:05:03:175" Fahrtsp="10.742" FahrtspStrecke="11.1111" FahrtspSignal="-1" FahrtspZugsicherung="45.8333" Fahrtkm="52.6554" FahrtHLDruck="5"/>
<FahrtEintrag FahrtWeg="4862.374" FahrtZeit="2023-02-01 10:05:05" Kennung_FahrtZeitms="2023-02-01 10:05:05:762" Fahrtsp="10.4304" FahrtspStrecke="11.1111" FahrtspSignal="-1" FahrtspZugsicherung="45.8333" Fahrtkm="52.6554" FahrtHLDruck="5"/>
<FahrtEintrag FahrtWeg="4887.418" FahrtZeit="2023-02-01 10:05:07" Kennung_FahrtZeitms="2023-02-01 10:05:07:871" Fahrtsp="10.174" FahrtspStrecke="11.1111" FahrtspSignal="-1" FahrtspZugsicherung="45.8333" Fahrtkm="52.7549" FahrtHLDruck="5" FahrtFBSchalter="11"/>
<FahrtEintrag FahrtWeg="4912.4263" FahrtZeit="2023-02-01 10:05:10" Kennung_FahrtZeitms="2023-02-01 10:05:10:528" Fahrtsp="10.5078" FahrtspStrecke="11.1111" FahrtspSignal="-1" FahrtspZugsicherung="45.8333" Fahrtkm="52.7549" FahrtHLDruck="5" FahrtFBSchalter="11"/>
<FahrtEintrag FahrtWeg="4937.5903" FahrtZeit="2023-02-01 10:05:12" Kennung_FahrtZeitms="2023-02-01 10:05:12:694" Fahrtsp="10.7645" FahrtspStrecke="11.1111" FahrtspSignal="-1" FahrtspZugsicherung="45.8333" Fahrtkm="52.7549" FahrtHLDruck="5" FahrtFBSchalter="9"/>
<FahrtEintrag FahrtWeg="4962.7515" FahrtZeit="2023-02-01 10:05:14" Kennung_FahrtZeitms="2023-02-01 10:05:14:027" Fahrtsp="10.88" FahrtspStrecke="11.1111" FahrtspSignal="-1" FahrtspZugsicherung="45.8333" Fahrtkm="52.7549" FahrtHLDruck="5"/>
<FahrtEintrag FahrtWeg="4988.0288" FahrtZeit="2023-02-01 10:05:17" Kennung_FahrtZeitms="2023-02-01 10:05:17:752" Fahrtsp="10.6064" FahrtspStrecke="11.1111" FahrtspSignal="-1" FahrtspZugsicherung="45.8333" Fahrtkm="52.7745" FahrtHLDruck="5" FahrtFBSchalter="1"/>
<FahrtEintrag FahrtWeg="5013.3442" FahrtZeit="2023-02-01 10:05:19" Kennung_FahrtZeitms="2023-02-01 10:05:19:942" Fahrtsp="10.4372" FahrtspStrecke="11.1111" FahrtspSignal="-1" FahrtspZugsicherung="45.8333" Fahrtkm="52.7745" FahrtHLDruck="5" FahrtFBSchalter="4"/>
<FahrtEintrag FahrtWeg="5038.9088" FahrtZeit="2023-02-01 10:05:22" Kennung_FahrtZeitms="2023-02-01 10:05:22:317" Fahrtsp="10.4328" FahrtspStrecke="11.1111" FahrtspSignal="-1" FahrtspZugsicherung="45.8333" Fahrtkm="52.8545" FahrtHLDruck="5" FahrtFBSchalter="7"/>
<FahrtEintrag FahrtWeg="5063.6025" FahrtZeit="2023-02-01 10:05:24" Kennung_FahrtZeitms="2023-02-01 10:05:24:472" Fahrtsp="10.4485" FahrtspStrecke="11.1111" FahrtspSignal="-1" FahrtspZugsicherung="45.8333" Fahrtkm="52.8545" FahrtHLDruck="5" FahrtFBSchalter="4"/>
<FahrtEintrag FahrtWeg="5088.7881" FahrtZeit="2023-02-01 10:05:26" Kennung_FahrtZeitms="2023-02-01 10:05:26:377" Fahrtsp="10.3691" FahrtspStrecke="11.1111" FahrtspSignal="-1" FahrtspZugsicherung="45.8333" Fahrtkm="52.9541" FahrtHLDruck="5" FahrtFBSchalter="5"/>
<FahrtEintrag FahrtWeg="5113.9404" FahrtZeit="2023-02-01 10:05:29" Kennung_FahrtZeitms="2023-02-01 10:05:29:322" Fahrtsp="10.4264" FahrtspStrecke="11.1111" FahrtspSignal="-1" FahrtspZugsicherung="45.8333" Fahrtkm="52.9541" FahrtHLDruck="5" FahrtFBSchalter="6"/>
<FahrtEintrag FahrtWeg="5139.0513" FahrtZeit="2023-02-01 10:05:31" Kennung_FahrtZeitms="2023-02-01 10:05:31:237" Fahrtsp="10.6031" FahrtspStrecke="11.1111" FahrtspSignal="-1" FahrtspZugsicherung="45.8333" Fahrtkm="52.9541" FahrtHLDruck="5" FahrtFBSchalter="14"/>
<FahrtEintrag FahrtWeg="5164.0986" FahrtZeit="2023-02-01 10:05:34" Kennung_FahrtZeitms="2023-02-01 10:05:34:264" Fahrtsp="10.9688" FahrtspStrecke="11.1111" FahrtspSignal="-1" FahrtspZugsicherung="45.8333" Fahrtkm="52.9541" FahrtHLDruck="5"/>
<FahrtEintrag FahrtWeg="5189.1064" FahrtZeit="2023-02-01 10:05:36" Kennung_FahrtZeitms="2023-02-01 10:05:36:197" Fahrtsp="10.6648" FahrtspStrecke="11.1111" FahrtspSignal="-1" FahrtspZugsicherung="45.8333" Fahrtkm="53.0455" FahrtHLDruck="5"/>
<FahrtEintrag FahrtWeg="5214.2632" FahrtZeit="2023-02-01 10:05:38" Kennung_FahrtZeitms="2023-02-01 10:05:38:719" Fahrtsp="10.3506" FahrtspStrecke="11.1111" FahrtspSignal="-1" FahrtspZugsicherung="45.8333" Fahrtkm="53.0706" FahrtHLDruck="5"/>
<FahrtEintrag FahrtWeg="5239.5063" FahrtZeit="2023-02-01 10:05:41" Kennung_FahrtZeitms="2023-02-01 10:05:41:775" Fahrtsp="10.638" FahrtspStrecke="11.1111" FahrtspSignal="-1" FahrtspZugsicherung="45.8333" Fahrtkm="53.0736" FahrtHLDruck="5" FahrtFBSchalter="16"/>
<FahrtEintrag FahrtTyp="8" FahrtWeg="-1" FahrtZeit="2023-02-01 10:05:42" Kennung_FahrtZeitms="2023-02-01 10:05:42:418" Fahrtsp="-1" FahrtspStrecke="-1" FahrtspSignal="-1" FahrtspZugsicherung="-1" FahrtHLDruck="-1" FahrtParameter="48" FahrtFBSchalter="-10000"/>
<FahrtEintrag FahrtWeg="5260.3864" FahrtZeit="2023-02-01 10:05:42" Kennung_FahrtZeitms="2023-02-01 10:05:42:510" Fahrtsp="10.6747" FahrtspStrecke="11.1111" FahrtspSignal="-1" FahrtspZugsicherung="45.8333" Fahrtkm="53.0794" FahrtHLDruck="5"/>
<FahrtEintrag FahrtTyp="8" FahrtWeg="-1" FahrtZeit="2023-02-01 10:05:42" Kennung_FahrtZeitms="2023-02-01 10:05:42:289" Fahrtsp="-1" FahrtspStrecke="-1" FahrtspSignal="-1" FahrtspZugsicherung="-1" FahrtHLDruck="-1" FahrtParameter="16" FahrtFBSchalter="-10000"/>
<FahrtEintrag FahrtWeg="5264.7197" FahrtZeit="2023-02-01 10:05:43" Kennung_FahrtZeitms="2023-02-01 10:05:43:384" Fahrtsp="11.077" FahrtspStrecke="11.1111" FahrtspSignal="-1" FahrtspZugsicherung="45.8333" Fahrtkm="53.1294" FahrtHLDruck="5"/>
<FahrtEintrag FahrtWeg="5289.9468" FahrtZeit="2023-02-01 10:05:45" Kennung_FahrtZeitms="2023-02-01 10:05:45:674" Fahrtsp="10.7733" FahrtspStrecke="11.1111" FahrtspSignal="-1" FahrtspZugsicherung="45.8333" Fahrtkm="53.1533" FahrtHLDruck="5"/>
<FahrtEintrag FahrtWeg="5297.9946" FahrtZeit="2023-02-01 10:05:46" Kennung_FahrtZeitms="2023-02-01 10:05:46:227" Fahrtsp="10.6747" FahrtspStrecke="11.1111" FahrtspSignal="-1" FahrtspZugsicherung="45.8333" Fahrtkm="53.1532" FahrtHLDruck="5"/>
<FahrtEintrag FahrtWeg="5302.1567" FahrtZeit="2023-02-01 10:05:47" Kennung_FahrtZeitms="2023-02-01 10:05:47:942" Fahrtsp="10.6233" FahrtspStrecke="11.1111" FahrtspSignal="-1" FahrtspZugsicherung="45.8333" Fahrtkm="53.1532" FahrtHLDruck="5"/>
<FahrtEintrag FahrtWeg="5327.1694" FahrtZeit="2023-02-01 10:05:49" Kennung_FahrtZeitms="2023-02-01 10:05:49:470" Fahrtsp="10.3098" FahrtspStrecke="11.1111" FahrtspSignal="-1" FahrtspZugsicherung="45.8333" Fahrtkm="53.1532" FahrtHLDruck="5"/>
<FahrtEintrag FahrtWeg="5352.4067" FahrtZeit="2023-02-01 10:05:51" Kennung_FahrtZeitms="2023-02-01 10:05:51:008" Fahrtsp="9.984" FahrtspStrecke="11.1111" FahrtspSignal="-1" FahrtspZugsicherung="45.8333" Fahrtkm="53.1532" FahrtHLDruck="5" FahrtFBSchalter="1"/>
<FahrtEintrag FahrtWeg="5377.6851" FahrtZeit="2023-02-01 10:05:54" Kennung_FahrtZeitms="2023-02-01 10:05:54:138" Fahrtsp="10.3244" FahrtspStrecke="11.1111" FahrtspSignal="-1" FahrtspZugsicherung="45.8333" Fahrtkm="53.1532" FahrtHLDruck="5" FahrtFBSchalter="19"/>
<FahrtEintrag FahrtWeg="5402.8809" FahrtZeit="2023-02-01 10:05:56" Kennung_FahrtZeitms="2023-02-01 10:05:56:323" Fahrtsp="11.0815" FahrtspStrecke="11.1111" FahrtspSignal="-1" FahrtspZugsicherung="45.8333" Fahrtkm="53.2529" FahrtHLDruck="5" FahrtFBSchalter="7"/>
<FahrtEintrag FahrtWeg="5428.0156" FahrtZeit="2023-02-01 10:05:59" Kennung_FahrtZeitms="2023-02-01 10:05:59:373" Fahrtsp="10.8107" FahrtspStrecke="11.1111" FahrtspSignal="-1" FahrtspZugsicherung="45.8333" Fahrtkm="53.2529" FahrtHLDruck="5"/>
<FahrtEintrag FahrtWeg="5453.1357" FahrtZeit="2023-02-01 10:06:01" Kennung_FahrtZeitms="2023-02-01 10:06:01:252" Fahrtsp="10.501" FahrtspStrecke="11.1111" FahrtspSignal="-1" FahrtspZugsicherung="45.8333" Fahrtkm="53.2529" FahrtHLDruck="5"/>
<FahrtEintrag FahrtWeg="5478.2168" FahrtZeit="2023-02-01 10:06:03" Kennung_FahrtZeitms="2023-02-01 10:06:03:225" Fahrtsp="10.183" FahrtspStrecke="11.1111" FahrtspSignal="-1" FahrtspZugsicherung="45.8333" Fahrtkm="53.2529" FahrtHLDruck="5"/>
<FahrtEintrag FahrtTyp="5" FahrtWeg="5479.6626" FahrtZeit="2023-02-01 10:06:04" Kennung_FahrtZeitms="2023-02-01 10:06:04:273" Fahrtsp="10.1597" FahrtspStrecke="11.1111" FahrtspSignal="-1" FahrtspZugsicherung="45.8333" FahrtText="Üst Moorrasen A" Fahrtkm="53.2529" FahrtHLDruck="5"/>
<FahrtEintrag FahrtWeg="5504.8721" FahrtZeit="2023-02-01 10:06:06" Kennung_FahrtZeitms="2023-02-01 10:06:06:189" Fahrtsp="9.8344" FahrtspStrecke="11.1111" FahrtspSignal="-1" FahrtspZugsicherung="45.8333" Fahrtkm="53.3524" FahrtHLDruck="5"/>
<FahrtEintrag FahrtWeg="5529.9453" FahrtZeit="2023-02-01 10:06:09" Kennung_FahrtZeitms="2023-02-01 10:06:09:727" Fahrtsp="9.4954" FahrtspStrecke="11.1111" FahrtspSignal="-1" FahrtspZugsicherung="45.8333" Fahrtkm="53.3523" FahrtHLDruck="5"/>
<FahrtEintrag FahrtWeg="5555.2593" FahrtZeit="2023-02-01 10:06:11" Kennung_FahrtZeitms="2023-02-01 10:06:11:755" Fahrtsp="9.141" FahrtspStrecke="11.1111" FahrtspSignal="-1" FahrtspZugsicherung="45.8333" Fahrtkm="53.3523" FahrtHLDruck="5"/>
<FahrtEintrag FahrtWeg="5580.3022" FahrtZeit="2023-02-01 10:06:14" Kennung_FahrtZeitms="2023-02-01 10:06:14:482" Fahrtsp="8.7769" FahrtspStrecke="11.1111" FahrtspSignal="-1" FahrtspZugsicherung="45.8333" Fahrtkm="53.4519" FahrtHLDruck="5"/>
<FahrtEintrag FahrtWeg="5605.522" FahrtZeit="2023-02-01 10:06:17" Kennung_FahrtZeitms="2023-02-01 10:06:17:503" Fahrtsp="8.3951" FahrtspStrecke="11.1111" FahrtspSignal="-1" FahrtspZugsicherung="45.8333" Fahrtkm="53.4519" FahrtHLDruck="5"/>
<FahrtEintrag FahrtWeg="5630.5527" FahrtZeit="2023-02-01 10:06:20" Kennung_FahrtZeitms="2023-02-01 10:06:20:580" Fahrtsp="7.9987" FahrtspStrecke="11.1111" FahrtspSignal="-1" FahrtspZugsicherung="45.8333" Fahrtkm="53.4519" FahrtHLDruck="5"/>
<FahrtEintrag FahrtWeg="5655.7534" FahrtZeit="2023-02-01 10:06:24" Kennung_FahrtZeitms="2023-02-01 10:06:24:819" Fahrtsp="7.5794" FahrtspStrecke="11.1111" FahrtspSignal="-1" FahrtspZugsicherung="45.8333" Fahrtkm="53.4519" FahrtHLDruck="5"/>
<FahrtEintrag FahrtWeg="5681.0186" FahrtZeit="2023-02-01 10:06:27" Kennung_FahrtZeitms="2023-02-01 10:06:27:912" Fahrtsp="7.1351" FahrtspStrecke="11.1111" FahrtspSignal="-1" FahrtspZugsicherung="45.8333" Fahrtkm="53.5515" FahrtHLDruck="5"/>
<FahrtEintrag FahrtWeg="5706.1919" FahrtZeit="2023-02-01 10:06:31" Kennung_FahrtZeitms="2023-02-01 10:06:31:045" Fahrtsp="6.0546" FahrtspStrecke="11.1111" FahrtspSignal="-1" FahrtspZugsicherung="45.8333" Fahrtkm="53.5514" FahrtHLDruck="4.85"/>
<FahrtEintrag FahrtWeg="5730.9136" FahrtZeit="2023-02-01 10:06:36" Kennung_FahrtZeitms="2023-02-01 10:06:36:633" Fahrtsp="3.6696" FahrtspStrecke="11.1111" FahrtspSignal="-1" FahrtspZugsicherung="45.8333" Fahrtkm="53.5513" FahrtHLDruck="4.7"/>
<FahrtEintrag FahrtWeg="5743.2007" FahrtZeit="2023-02-01 10:06:41" Kennung_FahrtZeitms="2023-02-01 10:06:41:627" Fahrtsp="1.424" FahrtspStrecke="11.1111" FahrtspSignal="-1" FahrtspZugsicherung="45.8333" Fahrtkm="53.5513" FahrtHLDruck="4.7"/>
<FahrtEintrag FahrtTyp="1" FahrtWeg="5746.6011" FahrtZeit="2023-02-01 10:06:46" Kennung_FahrtZeitms="2023-02-01 10:06:46:905" FahrtspStrecke="11.1111" FahrtspSignal="-1" FahrtspZugsicherung="45.8333" Fahrtkm="53.5512" FahrtHLDruck="4.7"/>
<FahrtEintrag FahrtTyp="1" FahrtWeg="5746.5913" FahrtZeit="2023-02-01 10:06:50" Kennung_FahrtZeitms="2023-02-01 10:06:50:771" FahrtspStrecke="11.1111" FahrtspSignal="-1" FahrtspZugsicherung="45.8333" Fahrtkm="53.5512" FahrtHLDruck="5"/>
<FahrtEintrag FahrtWeg="5746.5913" FahrtZeit="2023-02-01 10:06:55" Kennung_FahrtZeitms="2023-02-01 10:06:55:725" FahrtspStrecke="11.1111" FahrtspSignal="-1" FahrtspZugsicherung="45.8333" Fahrtkm="53.5512" FahrtHLDruck="5"/>
<FahrtEintrag FahrtWeg="5746.5913" FahrtZeit="2023-02-01 10:07:00" Kennung_FahrtZeitms="2023-02-01 10:07:00:899" FahrtspStrecke="11.1111" FahrtspSignal="-1" FahrtspZugsicherung="45.8333" Fahrtkm="53.5512" FahrtHLDruck="5"/>
<FahrtEintrag FahrtWeg="5746.5913" FahrtZeit="2023-02-01 10:07:05" Kennung_FahrtZeitms="2023-02-01 10:07:05:790" FahrtspStrecke="11.1111" FahrtspSignal="-1" FahrtspZugsicherung="45.8333" Fahrtkm="53.5512" FahrtHLDruck="5"/>
<FahrtEintrag FahrtWeg="5746.5913" FahrtZeit="2023-02-01 10:07:10" Kennung_FahrtZeitms="2023-02-01 10:07:10:560" FahrtspStrecke="11.1111" FahrtspSignal="-1" FahrtspZugsicherung="45.8333" Fahrtkm="53.5512" FahrtHLDruck="5"/>
<FahrtEintrag FahrtWeg="5746.5913" FahrtZeit="2023-02-01 10:07:15" Kennung_FahrtZeitms="2023-02-01 10:07:15:149" FahrtspStrecke="11.1111" FahrtspSignal="-1" FahrtspZugsicherung="45.8333" Fahrtkm="53.5512" FahrtHLDruck="5"/>
<FahrtEintrag FahrtWeg="5746.5913" FahrtZeit="2023-02-01 10:07:20" Kennung_FahrtZeitms="2023-02-01 10:07:20:101" FahrtspStrecke="11.1111" FahrtspSignal="-1" FahrtspZugsicherung="45.8333" Fahrtkm="53.5512" FahrtHLDruck="5"/>
<FahrtEintrag FahrtWeg="5746.5913" FahrtZeit="2023-02-01 10:07:25" Kennung_FahrtZeitms="2023-02-01 10:07:25:735" FahrtspStrecke="11.1111" FahrtspSignal="-1" FahrtspZugsicherung="45.8333" Fahrtkm="53.5512" FahrtHLDruck="5"/>
<FahrtEintrag FahrtWeg="5746.5913" FahrtZeit="2023-02-01 10:07:30" Kennung_FahrtZeitms="2023-02-01 10:07:30:016" FahrtspStrecke="11.1111" FahrtspSignal="-1" FahrtspZugsicherung="45.8333" Fahrtkm="53.5512" FahrtHLDruck="5"/>
</result>
</Zusi>
