﻿<?xml version="1.0" encoding="UTF-8"?>
<Zusi>
<Info DateiTyp="result" Version="A.1" MinVersion="A.0"/>
<result Zugnummer="4711 (FaS)" TfNummer="B12" Datum="2023-02-02 10:32:31" Verbrauch="146902992">
<FahrtEintrag FahrtTyp="2" FahrtWeg="1516.7542" FahrtZeit="2023-02-02 09:50:00" Kennung_FahrtZeitms="2023-02-02 09:50:00:098" FahrtspStrecke="11.1111" FahrtspSignal="-1" FahrtspZugsicherung="-1" FahrtText="" Fahrtkm="49.3855" FahrtHLDruck="5" FahrtFplAnk="44959.410156" FahrtFplAbf="44959.417969"/>
<FahrtEintrag FahrtWeg="1516.7542" FahrtZeit="2023-02-02 09:50:05" Kennung_FahrtZeitms="2023-02-02 09:50:05:090" FahrtspStrecke="11.1111" FahrtspSignal="-1" FahrtspZugsicherung="45.8333" Fahrtkm="49.3855" FahrtHLDruck="5"/>
<FahrtEintrag FahrtWeg="1516.7542" FahrtZeit="2023-02-02 09:50:10" Kennung_FahrtZeitms="2023-02-02 09:50:10:092" FahrtspStrecke="11.1111" FahrtspSignal="-1" FahrtspZugsicherung="45.8333" Fahrtkm="49.3855" FahrtHLDruck="5"/>
<FahrtEintrag FahrtWeg="1516.7542" FahrtZeit="2023-02-02 09:50:15" Kennung_FahrtZeitms="2023-02-02 09:50:15:094" FahrtspStrecke="11.1111" FahrtspSignal="-1" FahrtspZugsicherung="45.8333" Fahrtkm="49.3855" FahrtHLDruck="5"/>
<FahrtEintrag FahrtWeg="1516.7542" FahrtZeit="2023-02-02 09:50:20" Kennung_FahrtZeitms="2023-02-02 09:50:20:096" FahrtspStrecke="11.1111" FahrtspSignal="-1" FahrtspZugsicherung="45.8333" Fahrtkm="49.3855" FahrtHLDruck="5"/>
<FahrtEintrag FahrtWeg="1516.7542" FahrtZeit="2023-02-02 09:50:25" Kennung_FahrtZeitms="2023-02-02 09:50:25:098" FahrtspStrecke="11.1111" FahrtspSignal="-1" FahrtspZugsicherung="45.8333" Fahrtkm="49.3855" FahrtHLDruck="5"/>
<FahrtEintrag FahrtWeg="1516.7542" FahrtZeit="2023-02-02 09:50:30" Kennung_FahrtZeitms="2023-02-02 09:50:30:100" FahrtspStrecke="11.1111" FahrtspSignal="-1" FahrtspZugsicherung="45.8333" Fahrtkm="49.3855" FahrtHLDruck="5"/>
<FahrtEintrag FahrtWeg="1516.7542" FahrtZeit="2023-02-02 09:50:35" Kennung_FahrtZeitms="2023-02-02 09:50:35:102" FahrtspStrecke="11.1111" FahrtspSignal="-1" FahrtspZugsicherung="45.8333" Fahrtkm="49.3855" FahrtHLDruck="5"/>
<FahrtEintrag FahrtWeg="1516.7542" FahrtZeit="2023-02-02 09:50:40" Kennung_FahrtZeitms="2023-02-02 09:50:40:104" FahrtspStrecke="11.1111" FahrtspSignal="-1" FahrtspZugsicherung="45.8333" Fahrtkm="49.3855" FahrtHLDruck="5"/>
<FahrtEintrag FahrtWeg="1516.7542" FahrtZeit="2023-02-02 09:50:45" Kennung_FahrtZeitms="2023-02-02 09:50:45:106" FahrtspStrecke="11.1111" FahrtspSignal="-1" FahrtspZugsicherung="45.8333" Fahrtkm="49.3855" FahrtHLDruck="5"/>
<FahrtEintrag FahrtWeg="1516.7542" FahrtZeit="2023-02-02 09:50:50" Kennung_FahrtZeitms="2023-02-02 09:50:50:108" FahrtspStrecke="11.1111" FahrtspSignal="-1" FahrtspZugsicherung="45.8333" Fahrtkm="49.3855" FahrtHLDruck="5"/>
<FahrtEintrag FahrtWeg="1516.7542" FahrtZeit="2023-02-02 09:50:55" Kennung_FahrtZeitms="2023-02-02 09:50:55:110" FahrtspStrecke="11.1111" FahrtspSignal="-1" FahrtspZugsicherung="45.8333" Fahrtkm="49.3855" FahrtHLDruck="5"/>
<FahrtEintrag FahrtWeg="1516.7542" FahrtZeit="2023-02-02 09:51:00" Kennung_FahrtZeitms="2023-02-02 09:51:00:112" FahrtspStrecke="11.1111" FahrtspSignal="-1" FahrtspZugsicherung="45.8333" Fahrtkm="49.3855" FahrtHLDruck="5"/>
<FahrtEintrag FahrtWeg="1516.7542" FahrtZeit="2023-02-02 09:51:05" Kennung_FahrtZeitms="2023-02-02 09:51:05:114" FahrtspStrecke="11.1111" FahrtspSignal="-1" FahrtspZugsicherung="45.8333" Fahrtkm="49.3855" FahrtHLDruck="5"/>
<FahrtEintrag FahrtWeg="1516.7542" FahrtZeit="2023-02-02 09:51:10" Kennung_FahrtZeitms="2023-02-02 09:51:10:116" FahrtspStrecke="11.1111" FahrtspSignal="-1" FahrtspZugsicherung="45.8333" Fahrtkm="49.3855" FahrtHLDruck="5"/>
<FahrtEintrag FahrtWeg="1516.7542" FahrtZeit="2023-02-02 09:51:15" Kennung_FahrtZeitms="2023-02-02 09:51:15:118" FahrtspStrecke="11.1111" FahrtspSignal="-1" FahrtspZugsicherung="45.8333" Fahrtkm="49.3855" FahrtHLDruck="5"/>
<FahrtEintrag FahrtWeg="1516.7542" FahrtZeit="2023-02-02 09:51:20" Kennung_FahrtZeitms="2023-02-02 09:51:20:120" FahrtspStrecke="11.1111" FahrtspSignal="-1" FahrtspZugsicherung="45.8333" Fahrtkm="49.3855" FahrtHLDruck="5"/>
<FahrtEintrag FahrtWeg="1516.7542" FahrtZeit="2023-02-02 09:51:25" Kennung_FahrtZeitms="2023-02-02 09:51:25:122" FahrtspStrecke="11.1111" FahrtspSignal="-1" FahrtspZugsicherung="45.8333" Fahrtkm="49.3855" FahrtHLDruck="5"/>
<FahrtEintrag FahrtWeg="1516.7542" FahrtZeit="2023-02-02 09:51:30" Kennung_FahrtZeitms="2023-02-02 09:51:30:124" FahrtspStrecke="11.1111" FahrtspSignal="-1" FahrtspZugsicherung="45.8333" Fahrtkm="49.3855" FahrtHLDruck="5"/>
<FahrtEintrag FahrtWeg="1516.7542" FahrtZeit="2023-02-02 09:51:35" Kennung_FahrtZeitms="2023-02-02 09:51:35:126" FahrtspStrecke="11.1111" FahrtspSignal="-1" FahrtspZugsicherung="45.8333" Fahrtkm="49.3855" FahrtHLDruck="5"/>
<FahrtEintrag FahrtWeg="1516.7542" FahrtZeit="2023-02-02 09:51:40" Kennung_FahrtZeitms="2023-02-02 09:51:40:128" FahrtspStrecke="11.1111" FahrtspSignal="-1" FahrtspZugsicherung="45.8333" Fahrtkm="49.3855" FahrtHLDruck="5"/>
<FahrtEintrag FahrtWeg="1516.7542" FahrtZeit="2023-02-02 09:51:45" Kennung_FahrtZeitms="2023-02-02 09:51:45:130" FahrtspStrecke="11.1111" FahrtspSignal="-1" FahrtspZugsicherung="45.8333" Fahrtkm="49.3855" FahrtHLDruck="5"/>
<FahrtEintrag FahrtWeg="1516.7542" FahrtZeit="2023-02-02 09:51:50" Kennung_FahrtZeitms="2023-02-02 09:51:50:132" FahrtspStrecke="11.1111" FahrtspSignal="-1" FahrtspZugsicherung="45.8333" Fahrtkm="49.3855" FahrtHLDruck="5"/>
<FahrtEintrag FahrtWeg="1516.7542" FahrtZeit="2023-02-02 09:51:55" Kennung_FahrtZeitms="2023-02-02 09:51:55:134" FahrtspStrecke="11.1111" FahrtspSignal="-1" FahrtspZugsicherung="45.8333" Fahrtkm="49.3855" FahrtHLDruck="5"/>
<FahrtEintrag FahrtWeg="1516.7542" FahrtZeit="2023-02-02 09:52:00" Kennung_FahrtZeitms="2023-02-02 09:52:00:136" FahrtspStrecke="11.1111" FahrtspSignal="-1" FahrtspZugsicherung="45.8333" Fahrtkm="49.3855" FahrtHLDruck="5"/>
<FahrtEintrag FahrtWeg="1516.7542" FahrtZeit="2023-02-02 09:52:05" Kennung_FahrtZeitms="2023-02-02 09:52:05:138" FahrtspStrecke="11.1111" FahrtspSignal="-1" FahrtspZugsicherung="45.8333" Fahrtkm="49.3855" FahrtHLDruck="5"/>
<FahrtEintrag FahrtWeg="1516.7542" FahrtZeit="2023-02-02 09:52:10" Kennung_FahrtZeitms="2023-02-02 09:52:10:140" FahrtspStrecke="11.1111" FahrtspSignal="-1" FahrtspZugsicherung="45.8333" Fahrtkm="49.3855" FahrtHLDruck="5"/>
<FahrtEintrag FahrtWeg="1516.7542" FahrtZeit="2023-02-02 09:52:15" Kennung_FahrtZeitms="2023-02-02 09:52:15:142" FahrtspStrecke="11.1111" FahrtspSignal="-1" FahrtspZugsicherung="45.8333" Fahrtkm="49.3855" FahrtHLDruck="5"/>
<FahrtEintrag FahrtWeg="1516.7542" FahrtZeit="2023-02-02 09:52:20" Kennung_FahrtZeitms="2023-02-02 09:52:20:144" FahrtspStrecke="11.1111" FahrtspSignal="-1" FahrtspZugsicherung="45.8333" Fahrtkm="49.3855" FahrtHLDruck="5"/>
<FahrtEintrag FahrtWeg="1516.7542" FahrtZeit="2023-02-02 09:52:25" Kennung_FahrtZeitms="2023-02-02 09:52:25:146" FahrtspStrecke="11.1111" FahrtspSignal="-1" FahrtspZugsicherung="45.8333" Fahrtkm="49.3855" FahrtHLDruck="5"/>
<FahrtEintrag FahrtWeg="1516.7542" FahrtZeit="2023-02-02 09:52:30" Kennung_FahrtZeitms="2023-02-02 09:52:30:148" FahrtspStrecke="11.1111" FahrtspSignal="-1" FahrtspZugsicherung="45.8333" Fahrtkm="49.3855" FahrtHLDruck="5"/>
<FahrtEintrag FahrtWeg="1516.7542" FahrtZeit="2023-02-02 09:52:35" Kennung_FahrtZeitms="2023-02-02 09:52:35:150" FahrtspStrecke="11.1111" FahrtspSignal="-1" FahrtspZugsicherung="45.8333" Fahrtkm="49.3855" FahrtHLDruck="5"/>
<FahrtEintrag FahrtWeg="1516.7542" FahrtZeit="2023-02-02 09:52:40" Kennung_FahrtZeitms="2023-02-02 09:52:40:152" FahrtspStrecke="11.1111" FahrtspSignal="-1" FahrtspZugsicherung="45.8333" Fahrtkm="49.3855" FahrtHLDruck="5"/>
<FahrtEintrag FahrtWeg="1516.7542" FahrtZeit="2023-02-02 09:52:45" Kennung_FahrtZeitms="2023-02-02 09:52:45:154" FahrtspStrecke="11.1111" FahrtspSignal="-1" FahrtspZugsicherung="45.8333" Fahrtkm="49.3855" FahrtHLDruck="5"/>
<FahrtEintrag FahrtWeg="1516.7542" FahrtZeit="2023-02-02 09:52:50" Kennung_FahrtZeitms="2023-02-02 09:52:50:156" FahrtspStrecke="11.1111" FahrtspSignal="-1" FahrtspZugsicherung="45.8333" Fahrtkm="49.3855" FahrtHLDruck="5"/>
<FahrtEintrag FahrtWeg="1516.7542" FahrtZeit="2023-02-02 09:52:55" Kennung_FahrtZeitms="2023-02-02 09:52:55:158" FahrtspStrecke="11.1111" FahrtspSignal="-1" FahrtspZugsicherung="45.8333" Fahrtkm="49.3855" FahrtHLDruck="5"/>
<FahrtEintrag FahrtWeg="1516.7542" FahrtZeit="2023-02-02 09:53:00" Kennung_FahrtZeitms="2023-02-02 09:53:00:160" FahrtspStrecke="11.1111" FahrtspSignal="-1" FahrtspZugsicherung="45.8333" Fahrtkm="49.3855" FahrtHLDruck="5"/>
<FahrtEintrag FahrtWeg="1516.7542" FahrtZeit="2023-02-02 09:53:05" Kennung_FahrtZeitms="2023-02-02 09:53:05:162" FahrtspStrecke="11.1111" FahrtspSignal="-1" FahrtspZugsicherung="45.8333" Fahrtkm="49.3855" FahrtHLDruck="5"/>
<FahrtEintrag FahrtWeg="1516.7542" FahrtZeit="2023-02-02 09:53:10" Kennung_FahrtZeitms="2023-02-02 09:53:10:164" FahrtspStrecke="11.1111" FahrtspSignal="-1" FahrtspZugsicherung="45.8333" Fahrtkm="49.3855" FahrtHLDruck="5"/>
<FahrtEintrag FahrtWeg="1516.7542" FahrtZeit="2023-02-02 09:53:15" Kennung_FahrtZeitms="2023-02-02 09:53:15:166" FahrtspStrecke="11.1111" FahrtspSignal="-1" FahrtspZugsicherung="45.8333" Fahrtkm="49.3855" FahrtHLDruck="5"/>
<FahrtEintrag FahrtWeg="1516.7542" FahrtZeit="2023-02-02 09:53:20" Kennung_FahrtZeitms="2023-02-02 09:53:20:168" FahrtspStrecke="11.1111" FahrtspSignal="-1" FahrtspZugsicherung="45.8333" Fahrtkm="49.3855" FahrtHLDruck="5"/>
<FahrtEintrag FahrtWeg="1516.7542" FahrtZeit="2023-02-02 09:53:25" Kennung_FahrtZeitms="2023-02-02 09:53:25:170" FahrtspStrecke="11.1111" FahrtspSignal="-1" FahrtspZugsicherung="45.8333" Fahrtkm="49.3855" FahrtHLDruck="5"/>
<FahrtEintrag FahrtWeg="1516.7542" FahrtZeit="2023-02-02 09:53:30" Kennung_FahrtZeitms="2023-02-02 09:53:30:172" FahrtspStrecke="11.1111" FahrtspSignal="-1" FahrtspZugsicherung="45.8333" Fahrtkm="49.3855" FahrtHLDruck="5"/>
<FahrtEintrag FahrtWeg="1516.7542" FahrtZeit="2023-02-02 09:53:35" Kennung_FahrtZeitms="2023-02-02 09:53:35:174" FahrtspStrecke="11.1111" FahrtspSignal="-1" FahrtspZugsicherung="45.8333" Fahrtkm="49.3855" FahrtHLDruck="5"/>
<FahrtEintrag FahrtWeg="1516.7542" FahrtZeit="2023-02-02 09:53:40" Kennung_FahrtZeitms="2023-02-02 09:53:40:176" FahrtspStrecke="11.1111" FahrtspSignal="-1" FahrtspZugsicherung="45.8333" Fahrtkm="49.3855" FahrtHLDruck="5"/>
<FahrtEintrag FahrtWeg="1516.7542" FahrtZeit="2023-02-02 09:53:45" Kennung_FahrtZeitms="2023-02-02 09:53:45:178" FahrtspStrecke="11.1111" FahrtspSignal="-1" FahrtspZugsicherung="45.8333" Fahrtkm="49.3855" FahrtHLDruck="5"/>
<FahrtEintrag FahrtWeg="1516.7542" FahrtZeit="2023-02-02 09:53:50" Kennung_FahrtZeitms="2023-02-02 09:53:50:181" FahrtspStrecke="11.1111" FahrtspSignal="-1" FahrtspZugsicherung="45.8333" Fahrtkm="49.3855" FahrtHLDruck="5"/>
<FahrtEintrag FahrtWeg="1516.7542" FahrtZeit="2023-02-02 09:53:55" Kennung_FahrtZeitms="2023-02-02 09:53:55:182" FahrtspStrecke="11.1111" FahrtspSignal="-1" FahrtspZugsicherung="45.8333" Fahrtkm="49.3855" FahrtHLDruck="5"/>
<FahrtEintrag FahrtWeg="1516.7542" FahrtZeit="2023-02-02 09:54:00" Kennung_FahrtZeitms="2023-02-02 09:54:00:184" FahrtspStrecke="11.1111" FahrtspSignal="-1" FahrtspZugsicherung="45.8333" Fahrtkm="49.3855" FahrtHLDruck="5"/>
<FahrtEintrag FahrtWeg="1516.7542" FahrtZeit="2023-02-02 09:54:05" Kennung_FahrtZeitms="2023-02-02 09:54:05:186" FahrtspStrecke="11.1111" FahrtspSignal="-1" FahrtspZugsicherung="45.8333" Fahrtkm="49.3855" FahrtHLDruck="5"/>
<FahrtEintrag FahrtWeg="1516.7542" FahrtZeit="2023-02-02 09:54:10" Kennung_FahrtZeitms="2023-02-02 09:54:10:188" FahrtspStrecke="11.1111" FahrtspSignal="-1" FahrtspZugsicherung="45.8333" Fahrtkm="49.3855" FahrtHLDruck="5"/>
<FahrtEintrag FahrtWeg="1516.7542" FahrtZeit="2023-02-02 09:54:15" Kennung_FahrtZeitms="2023-02-02 09:54:15:190" FahrtspStrecke="11.1111" FahrtspSignal="-1" FahrtspZugsicherung="45.8333" Fahrtkm="49.3855" FahrtHLDruck="5"/>
<FahrtEintrag FahrtWeg="1516.7542" FahrtZeit="2023-02-02 09:54:20" Kennung_FahrtZeitms="2023-02-02 09:54:20:192" FahrtspStrecke="11.1111" FahrtspSignal="-1" FahrtspZugsicherung="45.8333" Fahrtkm="49.3855" FahrtHLDruck="5"/>
<FahrtEintrag FahrtWeg="1516.7542" FahrtZeit="2023-02-02 09:54:25" Kennung_FahrtZeitms="2023-02-02 09:54:25:194" FahrtspStrecke="11.1111" FahrtspSignal="-1" FahrtspZugsicherung="45.8333" Fahrtkm="49.3855" FahrtHLDruck="5"/>
<FahrtEintrag FahrtWeg="1516.7542" FahrtZeit="2023-02-02 09:54:30" Kennung_FahrtZeitms="2023-02-02 09:54:30:196" FahrtspStrecke="11.1111" FahrtspSignal="-1" FahrtspZugsicherung="45.8333" Fahrtkm="49.3855" FahrtHLDruck="5"/>
<FahrtEintrag FahrtWeg="1516.7542" FahrtZeit="2023-02-02 09:54:35" Kennung_FahrtZeitms="2023-02-02 09:54:35:198" FahrtspStrecke="11.1111" FahrtspSignal="-1" FahrtspZugsicherung="45.8333" Fahrtkm="49.3855" FahrtHLDruck="5"/>
<FahrtEintrag FahrtWeg="1516.7542" FahrtZeit="2023-02-02 09:54:40" Kennung_FahrtZeitms="2023-02-02 09:54:40:200" FahrtspStrecke="11.1111" FahrtspSignal="-1" FahrtspZugsicherung="45.8333" Fahrtkm="49.3855" FahrtHLDruck="5"/>
<FahrtEintrag FahrtWeg="1516.7542" FahrtZeit="2023-02-02 09:54:45" Kennung_FahrtZeitms="2023-02-02 09:54:45:202" FahrtspStrecke="11.1111" FahrtspSignal="-1" FahrtspZugsicherung="45.8333" Fahrtkm="49.3855" FahrtHLDruck="5"/>
<FahrtEintrag FahrtWeg="1516.7542" FahrtZeit="2023-02-02 09:54:50" Kennung_FahrtZeitms="2023-02-02 09:54:50:204" FahrtspStrecke="11.1111" FahrtspSignal="-1" FahrtspZugsicherung="45.8333" Fahrtkm="49.3855" FahrtHLDruck="5"/>
<FahrtEintrag FahrtWeg="1516.7542" FahrtZeit="2023-02-02 09:54:55" Kennung_FahrtZeitms="2023-02-02 09:54:55:206" FahrtspStrecke="11.1111" FahrtspSignal="-1" FahrtspZugsicherung="45.8333" Fahrtkm="49.3855" FahrtHLDruck="5"/>
<FahrtEintrag FahrtWeg="1516.7542" FahrtZeit="2023-02-02 09:55:00" Kennung_FahrtZeitms="2023-02-02 09:55:00:208" FahrtspStrecke="11.1111" FahrtspSignal="-1" FahrtspZugsicherung="45.8333" Fahrtkm="49.3855" FahrtHLDruck="5"/>
<FahrtEintrag FahrtWeg="1516.7542" FahrtZeit="2023-02-02 09:55:05" Kennung_FahrtZeitms="2023-02-02 09:55:05:210" FahrtspStrecke="11.1111" FahrtspSignal="-1" FahrtspZugsicherung="45.8333" Fahrtkm="49.3855" FahrtHLDruck="5"/>
<FahrtEintrag FahrtWeg="1516.7542" FahrtZeit="2023-02-02 09:55:10" Kennung_FahrtZeitms="2023-02-02 09:55:10:212" FahrtspStrecke="11.1111" FahrtspSignal="-1" FahrtspZugsicherung="45.8333" Fahrtkm="49.3855" FahrtHLDruck="5"/>
<FahrtEintrag FahrtWeg="1516.7542" FahrtZeit="2023-02-02 09:55:15" Kennung_FahrtZeitms="2023-02-02 09:55:15:214" FahrtspStrecke="11.1111" FahrtspSignal="-1" FahrtspZugsicherung="45.8333" Fahrtkm="49.3855" FahrtHLDruck="5"/>
<FahrtEintrag FahrtWeg="1516.7542" FahrtZeit="2023-02-02 09:55:20" Kennung_FahrtZeitms="2023-02-02 09:55:20:216" FahrtspStrecke="11.1111" FahrtspSignal="-1" FahrtspZugsicherung="45.8333" Fahrtkm="49.3855" FahrtHLDruck="5"/>
<FahrtEintrag FahrtWeg="1516.7542" FahrtZeit="2023-02-02 09:55:25" Kennung_FahrtZeitms="2023-02-02 09:55:25:218" FahrtspStrecke="11.1111" FahrtspSignal="-1" FahrtspZugsicherung="45.8333" Fahrtkm="49.3855" FahrtHLDruck="5"/>
<FahrtEintrag FahrtWeg="1516.7542" FahrtZeit="2023-02-02 09:55:30" Kennung_FahrtZeitms="2023-02-02 09:55:30:220" FahrtspStrecke="11.1111" FahrtspSignal="-1" FahrtspZugsicherung="45.8333" Fahrtkm="49.3855" FahrtHLDruck="5"/>
<FahrtEintrag FahrtWeg="1516.7542" FahrtZeit="2023-02-02 09:55:35" Kennung_FahrtZeitms="2023-02-02 09:55:35:221" FahrtspStrecke="11.1111" FahrtspSignal="-1" FahrtspZugsicherung="45.8333" Fahrtkm="49.3855" FahrtHLDruck="5"/>
<FahrtEintrag FahrtWeg="1516.7542" FahrtZeit="2023-02-02 09:55:40" Kennung_FahrtZeitms="2023-02-02 09:55:40:224" FahrtspStrecke="11.1111" FahrtspSignal="-1" FahrtspZugsicherung="45.8333" Fahrtkm="49.3855" FahrtHLDruck="5"/>
<FahrtEintrag FahrtWeg="1516.7542" FahrtZeit="2023-02-02 09:55:45" Kennung_FahrtZeitms="2023-02-02 09:55:45:226" FahrtspStrecke="11.1111" FahrtspSignal="-1" FahrtspZugsicherung="45.8333" Fahrtkm="49.3855" FahrtHLDruck="5"/>
<FahrtEintrag FahrtWeg="1516.7542" FahrtZeit="2023-02-02 09:55:50" Kennung_FahrtZeitms="2023-02-02 09:55:50:222" FahrtspStrecke="11.1111" FahrtspSignal="-1" FahrtspZugsicherung="45.8333" Fahrtkm="49.3855" FahrtHLDruck="5"/>
<FahrtEintrag FahrtWeg="1516.7542" FahrtZeit="2023-02-02 09:55:55" Kennung_FahrtZeitms="2023-02-02 09:55:55:230" FahrtspStrecke="11.1111" FahrtspSignal="-1" FahrtspZugsicherung="45.8333" Fahrtkm="49.3855" FahrtHLDruck="5"/>
<FahrtEintrag FahrtWeg="1516.7542" FahrtZeit="2023-02-02 09:56:00" Kennung_FahrtZeitms="2023-02-02 09:56:00:232" FahrtspStrecke="11.1111" FahrtspSignal="-1" FahrtspZugsicherung="45.8333" Fahrtkm="49.3855" FahrtHLDruck="5"/>
<FahrtEintrag FahrtWeg="1516.7542" FahrtZeit="2023-02-02 09:56:05" Kennung_FahrtZeitms="2023-02-02 09:56:05:233" FahrtspStrecke="11.1111" FahrtspSignal="-1" FahrtspZugsicherung="45.8333" Fahrtkm="49.3855" FahrtHLDruck="5"/>
<FahrtEintrag FahrtWeg="1516.7542" FahrtZeit="2023-02-02 09:56:10" Kennung_FahrtZeitms="2023-02-02 09:56:10:236" FahrtspStrecke="11.1111" FahrtspSignal="-1" FahrtspZugsicherung="45.8333" Fahrtkm="49.3855" FahrtHLDruck="5"/>
<FahrtEintrag FahrtWeg="1516.7542" FahrtZeit="2023-02-02 09:56:15" Kennung_FahrtZeitms="2023-02-02 09:56:15:232" FahrtspStrecke="11.1111" FahrtspSignal="-1" FahrtspZugsicherung="45.8333" Fahrtkm="49.3855" FahrtHLDruck="5"/>
<FahrtEintrag FahrtWeg="1516.7542" FahrtZeit="2023-02-02 09:56:20" Kennung_FahrtZeitms="2023-02-02 09:56:20:240" FahrtspStrecke="11.1111" FahrtspSignal="-1" FahrtspZugsicherung="45.8333" Fahrtkm="49.3855" FahrtHLDruck="5"/>
<FahrtEintrag FahrtWeg="1516.7542" FahrtZeit="2023-02-02 09:56:25" Kennung_FahrtZeitms="2023-02-02 09:56:25:242" FahrtspStrecke="11.1111" FahrtspSignal="-1" FahrtspZugsicherung="45.8333" Fahrtkm="49.3855" FahrtHLDruck="5"/>
<FahrtEintrag FahrtWeg="1516.7542" FahrtZeit="2023-02-02 09:56:30" Kennung_FahrtZeitms="2023-02-02 09:56:30:244" FahrtspStrecke="11.1111" FahrtspSignal="-1" FahrtspZugsicherung="45.8333" Fahrtkm="49.3855" FahrtHLDruck="5"/>
<FahrtEintrag FahrtWeg="1516.7542" FahrtZeit="2023-02-02 09:56:35" Kennung_FahrtZeitms="2023-02-02 09:56:35:242" FahrtspStrecke="11.1111" FahrtspSignal="-1" FahrtspZugsicherung="45.8333" Fahrtkm="49.3855" FahrtHLDruck="5"/>
<FahrtEintrag FahrtWeg="1516.7542" FahrtZeit="2023-02-02 09:56:40" Kennung_FahrtZeitms="2023-02-02 09:56:40:248" FahrtspStrecke="11.1111" FahrtspSignal="-1" FahrtspZugsicherung="45.8333" Fahrtkm="49.3855" FahrtHLDruck="5"/>
<FahrtEintrag FahrtWeg="1516.7542" FahrtZeit="2023-02-02 09:56:45" Kennung_FahrtZeitms="2023-02-02 09:56:45:250" FahrtspStrecke="11.1111" FahrtspSignal="-1" FahrtspZugsicherung="45.8333" Fahrtkm="49.3855" FahrtHLDruck="5"/>
<FahrtEintrag FahrtWeg="1516.7542" FahrtZeit="2023-02-02 09:56:50" Kennung_FahrtZeitms="2023-02-02 09:56:50:255" FahrtspStrecke="11.1111" FahrtspSignal="-1" FahrtspZugsicherung="45.8333" Fahrtkm="49.3855" FahrtHLDruck="5"/>
<FahrtEintrag FahrtWeg="1516.7542" FahrtZeit="2023-02-02 09:56:55" Kennung_FahrtZeitms="2023-02-02 09:56:55:254" FahrtspStrecke="11.1111" FahrtspSignal="-1" FahrtspZugsicherung="45.8333" Fahrtkm="49.3855" FahrtHLDruck="5"/>
<FahrtEintrag FahrtWeg="1516.7542" FahrtZeit="2023-02-02 09:57:00" Kennung_FahrtZeitms="2023-02-02 09:57:00:256" FahrtspStrecke="11.1111" FahrtspSignal="-1" FahrtspZugsicherung="45.8333" Fahrtkm="49.3855" FahrtHLDruck="5"/>
<FahrtEintrag FahrtWeg="1516.7542" FahrtZeit="2023-02-02 09:57:05" Kennung_FahrtZeitms="2023-02-02 09:57:05:252" FahrtspStrecke="11.1111" FahrtspSignal="-1" FahrtspZugsicherung="45.8333" Fahrtkm="49.3855" FahrtHLDruck="5"/>
<FahrtEintrag FahrtWeg="1516.7542" FahrtZeit="2023-02-02 09:57:10" Kennung_FahrtZeitms="2023-02-02 09:57:10:260" FahrtspStrecke="11.1111" FahrtspSignal="-1" FahrtspZugsicherung="45.8333" Fahrtkm="49.3855" FahrtHLDruck="5"/>
<FahrtEintrag FahrtWeg="1516.7542" FahrtZeit="2023-02-02 09:57:15" Kennung_FahrtZeitms="2023-02-02 09:57:15:264" FahrtspStrecke="11.1111" FahrtspSignal="-1" FahrtspZugsicherung="45.8333" Fahrtkm="49.3855" FahrtHLDruck="5"/>
<FahrtEintrag FahrtWeg="1516.7542" FahrtZeit="2023-02-02 09:57:20" Kennung_FahrtZeitms="2023-02-02 09:57:20:264" FahrtspStrecke="11.1111" FahrtspSignal="-1" FahrtspZugsicherung="45.8333" Fahrtkm="49.3855" FahrtHLDruck="5"/>
<FahrtEintrag FahrtWeg="1516.7542" FahrtZeit="2023-02-02 09:57:25" Kennung_FahrtZeitms="2023-02-02 09:57:25:262" FahrtspStrecke="11.1111" FahrtspSignal="-1" FahrtspZugsicherung="45.8333" Fahrtkm="49.3855" FahrtHLDruck="5"/>
<FahrtEintrag FahrtWeg="1516.7542" FahrtZeit="2023-02-02 09:57:30" Kennung_FahrtZeitms="2023-02-02 09:57:30:268" FahrtspStrecke="11.1111" FahrtspSignal="-1" FahrtspZugsicherung="45.8333" Fahrtkm="49.3855" FahrtHLDruck="5"/>
<FahrtEintrag FahrtWeg="1516.7542" FahrtZeit="2023-02-02 09:57:35" Kennung_FahrtZeitms="2023-02-02 09:57:35:271" FahrtspStrecke="11.1111" FahrtspSignal="-1" FahrtspZugsicherung="45.8333" Fahrtkm="49.3855" FahrtHLDruck="5"/>
<FahrtEintrag FahrtWeg="1516.7542" FahrtZeit="2023-02-02 09:57:40" Kennung_FahrtZeitms="2023-02-02 09:57:40:272" FahrtspStrecke="11.1111" FahrtspSignal="-1" FahrtspZugsicherung="45.8333" Fahrtkm="49.3855" FahrtHLDruck="5"/>
<FahrtEintrag FahrtWeg="1516.7542" FahrtZeit="2023-02-02 09:57:45" Kennung_FahrtZeitms="2023-02-02 09:57:45:276" FahrtspStrecke="11.1111" FahrtspSignal="-1" FahrtspZugsicherung="45.8333" Fahrtkm="49.3855" FahrtHLDruck="5"/>
<FahrtEintrag FahrtWeg="1516.7542" FahrtZeit="2023-02-02 09:57:50" Kennung_FahrtZeitms="2023-02-02 09:57:50:276" FahrtspStrecke="11.1111" FahrtspSignal="-1" FahrtspZugsicherung="45.8333" Fahrtkm="49.3855" FahrtHLDruck="5"/>
<FahrtEintrag FahrtWeg="1516.7542" FahrtZeit="2023-02-02 09:57:55" Kennung_FahrtZeitms="2023-02-02 09:57:55:274" FahrtspStrecke="11.1111" FahrtspSignal="-1" FahrtspZugsicherung="45.8333" Fahrtkm="49.3855" FahrtHLDruck="5"/>
<FahrtEintrag FahrtWeg="1516.7542" FahrtZeit="2023-02-02 09:58:00" Kennung_FahrtZeitms="2023-02-02 09:58:00:280" FahrtspStrecke="11.1111" FahrtspSignal="-1" FahrtspZugsicherung="45.8333" Fahrtkm="49.3855" FahrtHLDruck="5"/>
<FahrtEintrag FahrtWeg="1516.7542" FahrtZeit="2023-02-02 09:58:05" Kennung_FahrtZeitms="2023-02-02 09:58:05:281" FahrtspStrecke="11.1111" FahrtspSignal="-1" FahrtspZugsicherung="45.8333" Fahrtkm="49.3855" FahrtHLDruck="5"/>
<FahrtEintrag FahrtWeg="1516.7542" FahrtZeit="2023-02-02 09:58:10" Kennung_FahrtZeitms="2023-02-02 09:58:10:284" FahrtspStrecke="11.1111" FahrtspSignal="-1" FahrtspZugsicherung="45.8333" Fahrtkm="49.3855" FahrtHLDruck="5"/>
<FahrtEintrag FahrtWeg="1516.7542" FahrtZeit="2023-02-02 09:58:15" Kennung_FahrtZeitms="2023-02-02 09:58:15:282" FahrtspStrecke="11.1111" FahrtspSignal="-1" FahrtspZugsicherung="45.8333" Fahrtkm="49.3855" FahrtHLDruck="5"/>
<FahrtEintrag FahrtWeg="1516.7542" FahrtZeit="2023-02-02 09:58:20" Kennung_FahrtZeitms="2023-02-02 09:58:20:288" FahrtspStrecke="11.1111" FahrtspSignal="-1" FahrtspZugsicherung="45.8333" Fahrtkm="49.3855" FahrtHLDruck="5"/>
<FahrtEintrag FahrtWeg="1516.7542" FahrtZeit="2023-02-02 09:58:25" Kennung_FahrtZeitms="2023-02-02 09:58:25:295" FahrtspStrecke="11.1111" FahrtspSignal="-1" FahrtspZugsicherung="45.8333" Fahrtkm="49.3855" FahrtHLDruck="5"/>
<FahrtEintrag FahrtWeg="1516.7542" FahrtZeit="2023-02-02 09:58:30" Kennung_FahrtZeitms="2023-02-02 09:58:30:292" FahrtspStrecke="11.1111" FahrtspSignal="-1" FahrtspZugsicherung="45.8333" Fahrtkm="49.3855" FahrtHLDruck="5"/>
<FahrtEintrag FahrtWeg="1516.7542" FahrtZeit="2023-02-02 09:58:35" Kennung_FahrtZeitms="2023-02-02 09:58:35:292" FahrtspStrecke="11.1111" FahrtspSignal="-1" FahrtspZugsicherung="45.8333" Fahrtkm="49.3855" FahrtHLDruck="5"/>
<FahrtEintrag FahrtWeg="1516.7542" FahrtZeit="2023-02-02 09:58:40" Kennung_FahrtZeitms="2023-02-02 09:58:40:296" FahrtspStrecke="11.1111" FahrtspSignal="-1" FahrtspZugsicherung="45.8333" Fahrtkm="49.3855" FahrtHLDruck="5"/>
<FahrtEintrag FahrtWeg="1516.7542" FahrtZeit="2023-02-02 09:58:45" Kennung_FahrtZeitms="2023-02-02 09:58:45:297" FahrtspStrecke="11.1111" FahrtspSignal="-1" FahrtspZugsicherung="45.8333" Fahrtkm="49.3855" FahrtHLDruck="5"/>
<FahrtEintrag FahrtWeg="1516.7542" FahrtZeit="2023-02-02 09:58:50" Kennung_FahrtZeitms="2023-02-02 09:58:50:300" FahrtspStrecke="11.1111" FahrtspSignal="-1" FahrtspZugsicherung="45.8333" Fahrtkm="49.3855" FahrtHLDruck="5"/>
<FahrtEintrag FahrtWeg="1516.7542" FahrtZeit="2023-02-02 09:58:55" Kennung_FahrtZeitms="2023-02-02 09:58:55:302" FahrtspStrecke="11.1111" FahrtspSignal="-1" FahrtspZugsicherung="45.8333" Fahrtkm="49.3855" FahrtHLDruck="5"/>
<FahrtEintrag FahrtWeg="1516.7542" FahrtZeit="2023-02-02 09:59:00" Kennung_FahrtZeitms="2023-02-02 09:59:00:304" FahrtspStrecke="11.1111" FahrtspSignal="-1" FahrtspZugsicherung="45.8333" Fahrtkm="49.3855" FahrtHLDruck="5"/>
<FahrtEintrag FahrtWeg="1516.7542" FahrtZeit="2023-02-02 09:59:05" Kennung_FahrtZeitms="2023-02-02 09:59:05:306" FahrtspStrecke="11.1111" FahrtspSignal="-1" FahrtspZugsicherung="45.8333" Fahrtkm="49.3855" FahrtHLDruck="5"/>
<FahrtEintrag FahrtWeg="1516.759" FahrtZeit="2023-02-02 09:59:10" Kennung_FahrtZeitms="2023-02-02 09:59:10:360" Fahrtsp="0.035" FahrtspStrecke="11.1111" FahrtspSignal="-1" FahrtspZugsicherung="45.8333" Fahrtkm="49.3799" FahrtHLDruck="5" FahrtFBSchalter="13"/>
<FahrtEintrag FahrtWeg="1521.1764" FahrtZeit="2023-02-02 09:59:15" Kennung_FahrtZeitms="2023-02-02 09:59:15:771" Fahrtsp="1.9413" FahrtspStrecke="11.1111" FahrtspSignal="-1" FahrtspZugsicherung="12.5" Fahrtkm="49.38" FahrtHLDruck="5" FahrtFBSchalter="11"/>
<FahrtEintrag FahrtWeg="1534.4545" FahrtZeit="2023-02-02 09:59:20" Kennung_FahrtZeitms="2023-02-02 09:59:20:945" Fahrtsp="3.3166" FahrtspStrecke="11.1111" FahrtspSignal="-1" FahrtspZugsicherung="12.5" Fahrtkm="49.393" FahrtHLDruck="5" FahrtFBSchalter="9"/>
<FahrtEintrag FahrtTyp="8" FahrtWeg="-1" FahrtZeit="2023-02-02 09:59:23" Kennung_FahrtZeitms="2023-02-02 09:59:23:391" Fahrtsp="-1" FahrtspStrecke="-1" FahrtspSignal="-1" FahrtspZugsicherung="-1" FahrtHLDruck="-1" FahrtParameter="9" FahrtFBSchalter="-10000"/>
<FahrtEintrag FahrtWeg="1543.2908" FahrtZeit="2023-02-02 09:59:23" Kennung_FahrtZeitms="2023-02-02 09:59:23:401" Fahrtsp="3.9396" FahrtspStrecke="11.1111" FahrtspSignal="-1" FahrtspZugsicherung="12.5" Fahrtkm="49.406" FahrtHLDruck="5" FahrtFBSchalter="9"/>
<FahrtEintrag FahrtTyp="5" FahrtWeg="1549.8781" FahrtZeit="2023-02-02 09:59:24" Kennung_FahrtZeitms="2023-02-02 09:59:24:621" Fahrtsp="4.3472" FahrtspStrecke="11.1111" FahrtspSignal="11.1111" FahrtspZugsicherung="12.5" FahrtText="Allenbach N1" Fahrtkm="49.406" FahrtHLDruck="5" FahrtFBSchalter="9"/>
<FahrtEintrag FahrtTyp="6" FahrtWeg="1549.8781" FahrtZeit="2023-02-02 09:59:24" Kennung_FahrtZeitms="2023-02-02 09:59:24:621" Fahrtsp="4.3472" FahrtspStrecke="11.1111" FahrtspSignal="11.1111" FahrtspZugsicherung="12.5" Fahrtkm="49.406" FahrtHLDruck="5" FahrtFBSchalter="9"/>
<FahrtEintrag FahrtTyp="8" FahrtWeg="-1" FahrtZeit="2023-02-02 09:59:25" Kennung_FahrtZeitms="2023-02-02 09:59:25:150" Fahrtsp="-1" FahrtspStrecke="-1" FahrtspSignal="-1" FahrtspZugsicherung="-1" FahrtHLDruck="-1" FahrtParameter="1" FahrtFBSchalter="-10000"/>
<FahrtEintrag FahrtWeg="1555.5554" FahrtZeit="2023-02-02 09:59:26" Kennung_FahrtZeitms="2023-02-02 09:59:26:021" Fahrtsp="4.6524" FahrtspStrecke="11.1111" FahrtspSignal="11.1111" FahrtspZugsicherung="12.5" Fahrtkm="49.4189" FahrtHLDruck="5" FahrtFBSchalter="9"/>
<FahrtEintrag FahrtWeg="1580.6572" FahrtZeit="2023-02-02 09:59:30" Kennung_FahrtZeitms="2023-02-02 09:59:30:351" Fahrtsp="5.5207" FahrtspStrecke="11.1111" FahrtspSignal="11.1111" FahrtspZugsicherung="12.5" Fahrtkm="49.4422" FahrtHLDruck="5" FahrtFBSchalter="6"/>
<FahrtEintrag FahrtWeg="1605.6906" FahrtZeit="2023-02-02 09:59:35" Kennung_FahrtZeitms="2023-02-02 09:59:35:536" Fahrtsp="6.1827" FahrtspStrecke="11.1111" FahrtspSignal="11.1111" FahrtspZugsicherung="12.5" Fahrtkm="49.4681" FahrtHLDruck="5" FahrtFBSchalter="6"/>
<FahrtEintrag FahrtWeg="1630.8159" FahrtZeit="2023-02-02 09:59:39" Kennung_FahrtZeitms="2023-02-02 09:59:39:736" Fahrtsp="6.7677" FahrtspStrecke="11.1111" FahrtspSignal="11.1111" FahrtspZugsicherung="12.5" Fahrtkm="49.4681" FahrtHLDruck="5" FahrtFBSchalter="6"/>
<FahrtEintrag FahrtWeg="1655.9034" FahrtZeit="2023-02-02 09:59:42" Kennung_FahrtZeitms="2023-02-02 09:59:42:490" Fahrtsp="7.2928" FahrtspStrecke="11.1111" FahrtspSignal="11.1111" FahrtspZugsicherung="12.5" Fahrtkm="49.5243" FahrtHLDruck="5" FahrtFBSchalter="6"/>
<FahrtEintrag FahrtWeg="1680.9402" FahrtZeit="2023-02-02 09:59:46" Kennung_FahrtZeitms="2023-02-02 09:59:46:211" Fahrtsp="7.6512" FahrtspStrecke="11.1111" FahrtspSignal="11.1111" FahrtspZugsicherung="12.5" Fahrtkm="49.5409" FahrtHLDruck="5" FahrtFBSchalter="4"/>
<FahrtEintrag FahrtWeg="1686.017" FahrtZeit="2023-02-02 09:59:46" Kennung_FahrtZeitms="2023-02-02 09:59:46:848" Fahrtsp="7.7512" FahrtspStrecke="11.1111" FahrtspSignal="11.1111" FahrtspZugsicherung="12.5" Fahrtkm="49.5529" FahrtHLDruck="5" FahrtFBSchalter="4"/>
<FahrtEintrag FahrtWeg="1706.0262" FahrtZeit="2023-02-02 09:59:49" Kennung_FahrtZeitms="2023-02-02 09:59:49:448" Fahrtsp="7.914" FahrtspStrecke="11.1111" FahrtspSignal="11.1111" FahrtspZugsicherung="12.5" Fahrtkm="49.565" FahrtHLDruck="5" FahrtFBSchalter="4"/>
<FahrtEintrag FahrtWeg="1731.1204" FahrtZeit="2023-02-02 09:59:52" Kennung_FahrtZeitms="2023-02-02 09:59:52:401" Fahrtsp="8.1714" FahrtspStrecke="11.1111" FahrtspSignal="11.1111" FahrtspZugsicherung="12.5" Fahrtkm="49.5923" FahrtHLDruck="5" FahrtFBSchalter="4"/>
<FahrtEintrag FahrtWeg="1756.3026" FahrtZeit="2023-02-02 09:59:55" Kennung_FahrtZeitms="2023-02-02 09:59:55:421" Fahrtsp="8.7868" FahrtspStrecke="11.1111" FahrtspSignal="11.1111" FahrtspZugsicherung="12.5" Fahrtkm="49.5924" FahrtHLDruck="5" FahrtFBSchalter="9"/>
<FahrtEintrag FahrtWeg="1781.5547" FahrtZeit="2023-02-02 09:59:58" Kennung_FahrtZeitms="2023-02-02 09:59:58:402" Fahrtsp="9.0943" FahrtspStrecke="11.1111" FahrtspSignal="11.1111" FahrtspZugsicherung="12.5" Fahrtkm="49.6525" FahrtHLDruck="5" FahrtFBSchalter="1"/>
<FahrtEintrag FahrtTyp="8" FahrtWeg="-1" FahrtZeit="2023-02-02 09:59:59" Kennung_FahrtZeitms="2023-02-02 09:59:59:853" Fahrtsp="-1" FahrtspStrecke="-1" FahrtspSignal="-1" FahrtspZugsicherung="-1" FahrtHLDruck="-1" FahrtParameter="48" FahrtFBSchalter="-10000"/>
<FahrtEintrag FahrtWeg="1813.9164" FahrtZeit="2023-02-02 09:59:59" Kennung_FahrtZeitms="2023-02-02 09:59:59:982" Fahrtsp="9.1118" FahrtspStrecke="11.1111" FahrtspSignal="11.1111" FahrtspZugsicherung="12.5" Fahrtkm="49.6525" FahrtHLDruck="5" FahrtFBSchalter="1"/>
<FahrtEintrag FahrtTyp="8" FahrtWeg="-1" FahrtZeit="2023-02-02 10:00:01" Kennung_FahrtZeitms="2023-02-02 10:00:00:153" Fahrtsp="-1" FahrtspStrecke="-1" FahrtspSignal="-1" FahrtspZugsicherung="-1" FahrtHLDruck="-1" FahrtParameter="16" FahrtFBSchalter="-10000"/>
<FahrtEintrag FahrtWeg="1841.0513" FahrtZeit="2023-02-02 10:00:02" Kennung_FahrtZeitms="2023-02-02 10:00:02:997" Fahrtsp="9.1129" FahrtspStrecke="11.1111" FahrtspSignal="11.1111" FahrtspZugsicherung="12.5" Fahrtkm="49.6525" FahrtHLDruck="5" FahrtFBSchalter="1"/>
<FahrtEintrag FahrtWeg="1851.3816" FahrtZeit="2023-02-02 10:00:04" Kennung_FahrtZeitms="2023-02-02 10:00:04:131" Fahrtsp="9.1082" FahrtspStrecke="11.1111" FahrtspSignal="11.1111" FahrtspZugsicherung="12.5" Fahrtkm="49.7127" FahrtHLDruck="5"/>
<FahrtEintrag FahrtWeg="1866.4849" FahrtZeit="2023-02-02 10:00:06" Kennung_FahrtZeitms="2023-02-02 10:00:06:312" Fahrtsp="9.094" FahrtspStrecke="11.1111" FahrtspSignal="11.1111" FahrtspZugsicherung="12.5" Fahrtkm="49.7292" FahrtHLDruck="5"/>
<FahrtEintrag FahrtWeg="1891.8062" FahrtZeit="2023-02-02 10:00:09" Kennung_FahrtZeitms="2023-02-02 10:00:09:716" Fahrtsp="9.0584" FahrtspStrecke="11.1111" FahrtspSignal="11.1111" FahrtspZugsicherung="12.5" Fahrtkm="49.7534" FahrtHLDruck="5"/>
<FahrtEintrag FahrtWeg="1917.0896" FahrtZeit="2023-02-02 10:00:12" Kennung_FahrtZeitms="2023-02-02 10:00:12:185" Fahrtsp="9.0265" FahrtspStrecke="11.1111" FahrtspSignal="11.1111" FahrtspZugsicherung="12.5" Fahrtkm="49.7775" FahrtHLDruck="5"/>
<FahrtEintrag FahrtWeg="1942.1678" FahrtZeit="2023-02-02 10:00:14" Kennung_FahrtZeitms="2023-02-02 10:00:14:589" Fahrtsp="8.9948" FahrtspStrecke="11.1111" FahrtspSignal="11.1111" FahrtspZugsicherung="12.5" Fahrtkm="49.8108" FahrtHLDruck="5"/>
<FahrtEintrag FahrtWeg="1967.1846" FahrtZeit="2023-02-02 10:00:17" Kennung_FahrtZeitms="2023-02-02 10:00:17:012" Fahrtsp="8.9631" FahrtspStrecke="11.1111" FahrtspSignal="11.1111" FahrtspZugsicherung="12.5" Fahrtkm="49.8391" FahrtHLDruck="5"/>
<FahrtEintrag FahrtWeg="1992.1927" FahrtZeit="2023-02-02 10:00:20" Kennung_FahrtZeitms="2023-02-02 10:00:20:315" Fahrtsp="8.9431" FahrtspStrecke="11.1111" FahrtspSignal="11.1111" FahrtspZugsicherung="12.5" Fahrtkm="49.8617" FahrtHLDruck="5" FahrtFBSchalter="3"/>
<FahrtEintrag FahrtTyp="5" FahrtWeg="-1" FahrtZeit="2023-02-02 10:00:23" Kennung_FahrtZeitms="2023-02-02 10:00:23:502" Fahrtsp="-1" FahrtspStrecke="-1" FahrtspSignal="-1" FahrtspZugsicherung="-1" FahrtText="Zugende passiert Ende Weichenbereich" FahrtHLDruck="-1" FahrtParameter="4" FahrtFBSchalter="-10000"/>
<FahrtEintrag FahrtWeg="2015.7134" FahrtZeit="2023-02-02 10:00:24" Kennung_FahrtZeitms="2023-02-02 10:00:24:731" Fahrtsp="9.1151" FahrtspStrecke="11.1111" FahrtspSignal="-1" FahrtspZugsicherung="12.5" Fahrtkm="49.8678" FahrtHLDruck="5" FahrtFBSchalter="3"/>
<FahrtEintrag FahrtWeg="2040.8401" FahrtZeit="2023-02-02 10:00:26" Kennung_FahrtZeitms="2023-02-02 10:00:26:472" Fahrtsp="9.2261" FahrtspStrecke="11.1111" FahrtspSignal="-1" FahrtspZugsicherung="12.5" Fahrtkm="49.8678" FahrtHLDruck="5" FahrtFBSchalter="2"/>
<FahrtEintrag FahrtWeg="2066.1497" FahrtZeit="2023-02-02 10:00:29" Kennung_FahrtZeitms="2023-02-02 10:00:29:011" Fahrtsp="9.334" FahrtspStrecke="11.1111" FahrtspSignal="-1" FahrtspZugsicherung="12.5" Fahrtkm="49.8678" FahrtHLDruck="5" FahrtFBSchalter="2"/>
<FahrtEintrag FahrtWeg="2091.2959" FahrtZeit="2023-02-02 10:00:32" Kennung_FahrtZeitms="2023-02-02 10:00:32:374" Fahrtsp="9.4392" FahrtspStrecke="11.1111" FahrtspSignal="-1" FahrtspZugsicherung="45.8333" Fahrtkm="49.8678" FahrtHLDruck="5" FahrtFBSchalter="2"/>
<FahrtEintrag FahrtWeg="2116.6387" FahrtZeit="2023-02-02 10:00:34" Kennung_FahrtZeitms="2023-02-02 10:00:34:671" Fahrtsp="9.5433" FahrtspStrecke="11.1111" FahrtspSignal="-1" FahrtspZugsicherung="45.8333" Fahrtkm="49.9673" FahrtHLDruck="5" FahrtFBSchalter="2"/>
<FahrtEintrag FahrtWeg="2141.8003" FahrtZeit="2023-02-02 10:00:37" Kennung_FahrtZeitms="2023-02-02 10:00:37:132" Fahrtsp="9.6449" FahrtspStrecke="11.1111" FahrtspSignal="-1" FahrtspZugsicherung="45.8333" Fahrtkm="49.9673" FahrtHLDruck="5" FahrtFBSchalter="2"/>
<FahrtEintrag FahrtWeg="2167.1338" FahrtZeit="2023-02-02 10:00:40" Kennung_FahrtZeitms="2023-02-02 10:00:40:571" Fahrtsp="9.7454" FahrtspStrecke="11.1111" FahrtspSignal="-1" FahrtspZugsicherung="45.8333" Fahrtkm="49.9673" FahrtHLDruck="5" FahrtFBSchalter="2"/>
<FahrtEintrag FahrtWeg="2192.4683" FahrtZeit="2023-02-02 10:00:42" Kennung_FahrtZeitms="2023-02-02 10:00:42:813" Fahrtsp="9.8442" FahrtspStrecke="11.1111" FahrtspSignal="-1" FahrtspZugsicherung="45.8333" Fahrtkm="50.0543" FahrtHLDruck="5" FahrtFBSchalter="2"/>
<FahrtEintrag FahrtWeg="2217.7473" FahrtZeit="2023-02-02 10:00:45" Kennung_FahrtZeitms="2023-02-02 10:00:45:012" Fahrtsp="9.8842" FahrtspStrecke="11.1111" FahrtspSignal="-1" FahrtspZugsicherung="45.8333" Fahrtkm="50.0669" FahrtHLDruck="5"/>
<FahrtEintrag FahrtWeg="2242.9861" FahrtZeit="2023-02-02 10:00:47" Kennung_FahrtZeitms="2023-02-02 10:00:47:274" Fahrtsp="9.8536" FahrtspStrecke="11.1111" FahrtspSignal="-1" FahrtspZugsicherung="45.8333" Fahrtkm="50.0669" FahrtHLDruck="5"/>
<FahrtEintrag FahrtWeg="2268.0002" FahrtZeit="2023-02-02 10:00:50" Kennung_FahrtZeitms="2023-02-02 10:00:50:494" Fahrtsp="9.8233" FahrtspStrecke="11.1111" FahrtspSignal="-1" FahrtspZugsicherung="45.8333" Fahrtkm="50.0669" FahrtHLDruck="5"/>
<FahrtEintrag FahrtWeg="2293.0833" FahrtZeit="2023-02-02 10:00:52" Kennung_FahrtZeitms="2023-02-02 10:00:52:792" Fahrtsp="9.7929" FahrtspStrecke="11.1111" FahrtspSignal="-1" FahrtspZugsicherung="45.8333" Fahrtkm="50.0669" FahrtHLDruck="5"/>
<FahrtEintrag FahrtWeg="2318.1226" FahrtZeit="2023-02-02 10:00:55" Kennung_FahrtZeitms="2023-02-02 10:00:55:041" Fahrtsp="9.7624" FahrtspStrecke="11.1111" FahrtspSignal="-1" FahrtspZugsicherung="45.8333" Fahrtkm="50.1664" FahrtHLDruck="5"/>
<FahrtEintrag FahrtWeg="2343.3149" FahrtZeit="2023-02-02 10:00:58" Kennung_FahrtZeitms="2023-02-02 10:00:58:322" Fahrtsp="9.7318" FahrtspStrecke="11.1111" FahrtspSignal="-1" FahrtspZugsicherung="45.8333" Fahrtkm="50.1664" FahrtHLDruck="5"/>
<FahrtEintrag FahrtWeg="2368.6567" FahrtZeit="2023-02-02 10:01:00" Kennung_FahrtZeitms="2023-02-02 10:01:00:591" Fahrtsp="9.7009" FahrtspStrecke="11.1111" FahrtspSignal="-1" FahrtspZugsicherung="45.8333" Fahrtkm="50.1664" FahrtHLDruck="5"/>
<FahrtEintrag FahrtWeg="2393.8232" FahrtZeit="2023-02-02 10:01:03" Kennung_FahrtZeitms="2023-02-02 10:01:03:832" Fahrtsp="9.6701" FahrtspStrecke="11.1111" FahrtspSignal="-1" FahrtspZugsicherung="45.8333" Fahrtkm="50.1668" FahrtHLDruck="5"/>
<FahrtEintrag FahrtWeg="2418.8909" FahrtZeit="2023-02-02 10:01:05" Kennung_FahrtZeitms="2023-02-02 10:01:05:903" Fahrtsp="9.6395" FahrtspStrecke="11.1111" FahrtspSignal="-1" FahrtspZugsicherung="45.8333" Fahrtkm="50.1918" FahrtHLDruck="5"/>
<FahrtEintrag FahrtWeg="2444.1389" FahrtZeit="2023-02-02 10:01:08" Kennung_FahrtZeitms="2023-02-02 10:01:08:021" Fahrtsp="9.6085" FahrtspStrecke="11.1111" FahrtspSignal="-1" FahrtspZugsicherung="45.8333" Fahrtkm="50.266" FahrtHLDruck="5"/>
<FahrtEintrag FahrtWeg="2469.4204" FahrtZeit="2023-02-02 10:01:10" Kennung_FahrtZeitms="2023-02-02 10:01:10:322" Fahrtsp="9.5775" FahrtspStrecke="11.1111" FahrtspSignal="-1" FahrtspZugsicherung="45.8333" Fahrtkm="50.266" FahrtHLDruck="5"/>
<FahrtEintrag FahrtWeg="2494.4546" FahrtZeit="2023-02-02 10:01:13" Kennung_FahrtZeitms="2023-02-02 10:01:13:681" Fahrtsp="9.8422" FahrtspStrecke="11.1111" FahrtspSignal="-1" FahrtspZugsicherung="45.8333" Fahrtkm="50.3655" FahrtHLDruck="5" FahrtFBSchalter="9"/>
<FahrtEintrag FahrtWeg="2519.7512" FahrtZeit="2023-02-02 10:01:16" Kennung_FahrtZeitms="2023-02-02 10:01:16:391" Fahrtsp="10.3581" FahrtspStrecke="11.1111" FahrtspSignal="-1" FahrtspZugsicherung="45.8333" Fahrtkm="50.3655" FahrtHLDruck="5" FahrtFBSchalter="8"/>
<FahrtEintrag FahrtWeg="2545.0056" FahrtZeit="2023-02-02 10:01:18" Kennung_FahrtZeitms="2023-02-02 10:01:18:654" Fahrtsp="10.5142" FahrtspStrecke="11.1111" FahrtspSignal="-1" FahrtspZugsicherung="45.8333" Fahrtkm="50.3655" FahrtHLDruck="5"/>
<FahrtEintrag FahrtWeg="2570.2073" FahrtZeit="2023-02-02 10:01:20" Kennung_FahrtZeitms="2023-02-02 10:01:20:852" Fahrtsp="10.4845" FahrtspStrecke="11.1111" FahrtspSignal="-1" FahrtspZugsicherung="45.8333" Fahrtkm="50.3655" FahrtHLDruck="5"/>
<FahrtEintrag FahrtWeg="2595.2192" FahrtZeit="2023-02-02 10:01:23" Kennung_FahrtZeitms="2023-02-02 10:01:23:251" Fahrtsp="10.455" FahrtspStrecke="11.1111" FahrtspSignal="-1" FahrtspZugsicherung="45.8333" Fahrtkm="50.4651" FahrtHLDruck="5"/>
<FahrtEintrag FahrtWeg="2620.4446" FahrtZeit="2023-02-02 10:01:25" Kennung_FahrtZeitms="2023-02-02 10:01:25:391" Fahrtsp="10.4252" FahrtspStrecke="11.1111" FahrtspSignal="-1" FahrtspZugsicherung="45.8333" Fahrtkm="50.4651" FahrtHLDruck="5"/>
<FahrtEintrag FahrtWeg="2645.5051" FahrtZeit="2023-02-02 10:01:28" Kennung_FahrtZeitms="2023-02-02 10:01:28:702" Fahrtsp="10.3955" FahrtspStrecke="11.1111" FahrtspSignal="-1" FahrtspZugsicherung="45.8333" Fahrtkm="50.4651" FahrtHLDruck="5"/>
<FahrtEintrag FahrtWeg="2670.6438" FahrtZeit="2023-02-02 10:01:30" Kennung_FahrtZeitms="2023-02-02 10:01:30:892" Fahrtsp="10.3657" FahrtspStrecke="11.1111" FahrtspSignal="-1" FahrtspZugsicherung="45.8333" Fahrtkm="50.5393" FahrtHLDruck="5"/>
<FahrtEintrag FahrtWeg="2702.9166" FahrtZeit="2023-02-02 10:01:33" Kennung_FahrtZeitms="2023-02-02 10:01:33:681" Fahrtsp="10.336" FahrtspStrecke="11.1111" FahrtspSignal="-1" FahrtspZugsicherung="45.8333" Fahrtkm="50.5646" FahrtHLDruck="5"/>
<FahrtEintrag FahrtWeg="2720.7788" FahrtZeit="2023-02-02 10:01:35" Kennung_FahrtZeitms="2023-02-02 10:01:35:251" Fahrtsp="10.3063" FahrtspStrecke="11.1111" FahrtspSignal="-1" FahrtspZugsicherung="45.8333" Fahrtkm="50.5647" FahrtHLDruck="5"/>
<FahrtEintrag FahrtWeg="2746.04" FahrtZeit="2023-02-02 10:01:37" Kennung_FahrtZeitms="2023-02-02 10:01:37:492" Fahrtsp="10.2763" FahrtspStrecke="11.1111" FahrtspSignal="-1" FahrtspZugsicherung="45.8333" Fahrtkm="50.5647" FahrtHLDruck="5"/>
<FahrtEintrag FahrtWeg="2771.2214" FahrtZeit="2023-02-02 10:01:40" Kennung_FahrtZeitms="2023-02-02 10:01:40:251" Fahrtsp="10.2463" FahrtspStrecke="11.1111" FahrtspSignal="-1" FahrtspZugsicherung="45.8333" Fahrtkm="50.5647" FahrtHLDruck="5"/>
<FahrtEintrag FahrtWeg="2796.4177" FahrtZeit="2023-02-02 10:01:42" Kennung_FahrtZeitms="2023-02-02 10:01:42:597" Fahrtsp="10.2163" FahrtspStrecke="11.1111" FahrtspSignal="-1" FahrtspZugsicherung="45.8333" Fahrtkm="50.6642" FahrtHLDruck="5"/>
<FahrtEintrag FahrtTyp="8" FahrtWeg="-1" FahrtZeit="2023-02-02 10:01:43" Kennung_FahrtZeitms="2023-02-02 10:01:43:871" Fahrtsp="-1" FahrtspStrecke="-1" FahrtspSignal="-1" FahrtspZugsicherung="-1" FahrtHLDruck="-1" FahrtParameter="48" FahrtFBSchalter="-10000"/>
<FahrtEintrag FahrtWeg="2806.3042" FahrtZeit="2023-02-02 10:01:43" Kennung_FahrtZeitms="2023-02-02 10:01:43:942" Fahrtsp="10.2056" FahrtspStrecke="11.1111" FahrtspSignal="-1" FahrtspZugsicherung="45.8333" Fahrtkm="50.6679" FahrtHLDruck="5"/>
<FahrtEintrag FahrtTyp="8" FahrtWeg="-1" FahrtZeit="2023-02-02 10:01:44" Kennung_FahrtZeitms="2023-02-02 10:01:44:005" Fahrtsp="-1" FahrtspStrecke="-1" FahrtspSignal="-1" FahrtspZugsicherung="-1" FahrtHLDruck="-1" FahrtParameter="16" FahrtFBSchalter="-10000"/>
<FahrtEintrag FahrtWeg="2807.5376" FahrtZeit="2023-02-02 10:01:44" Kennung_FahrtZeitms="2023-02-02 10:01:44:063" Fahrtsp="10.203" FahrtspStrecke="11.1111" FahrtspSignal="-1" FahrtspZugsicherung="45.8333" Fahrtkm="50.6679" FahrtHLDruck="5"/>
<FahrtEintrag FahrtWeg="2832.6597" FahrtZeit="2023-02-02 10:01:46" Kennung_FahrtZeitms="2023-02-02 10:01:46:273" Fahrtsp="10.173" FahrtspStrecke="11.1111" FahrtspSignal="-1" FahrtspZugsicherung="45.8333" Fahrtkm="50.6679" FahrtHLDruck="5"/>
<FahrtEintrag FahrtWeg="2857.7876" FahrtZeit="2023-02-02 10:01:48" Kennung_FahrtZeitms="2023-02-02 10:01:48:495" Fahrtsp="10.143" FahrtspStrecke="11.1111" FahrtspSignal="-1" FahrtspZugsicherung="45.8333" Fahrtkm="50.6642" FahrtHLDruck="5"/>
<FahrtEintrag FahrtWeg="2882.8936" FahrtZeit="2023-02-02 10:01:51" Kennung_FahrtZeitms="2023-02-02 10:01:51:015" Fahrtsp="10.113" FahrtspStrecke="11.1111" FahrtspSignal="-1" FahrtspZugsicherung="45.8333" Fahrtkm="50.6642" FahrtHLDruck="5"/>
<FahrtEintrag FahrtWeg="2908.0981" FahrtZeit="2023-02-02 10:01:53" Kennung_FahrtZeitms="2023-02-02 10:01:53:222" Fahrtsp="10.0828" FahrtspStrecke="11.1111" FahrtspSignal="-1" FahrtspZugsicherung="45.8333" Fahrtkm="50.7638" FahrtHLDruck="5"/>
<FahrtEintrag FahrtWeg="2933.1553" FahrtZeit="2023-02-02 10:01:56" Kennung_FahrtZeitms="2023-02-02 10:01:56:302" Fahrtsp="10.0527" FahrtspStrecke="11.1111" FahrtspSignal="-1" FahrtspZugsicherung="45.8333" Fahrtkm="50.7638" FahrtHLDruck="5"/>
<FahrtEintrag FahrtWeg="2958.3823" FahrtZeit="2023-02-02 10:01:58" Kennung_FahrtZeitms="2023-02-02 10:01:58:529" Fahrtsp="10.0224" FahrtspStrecke="11.1111" FahrtspSignal="-1" FahrtspZugsicherung="45.8333" Fahrtkm="50.7638" FahrtHLDruck="5"/>
<FahrtEintrag FahrtWeg="2983.6157" FahrtZeit="2023-02-02 10:02:01" Kennung_FahrtZeitms="2023-02-02 10:02:01:751" Fahrtsp="9.9921" FahrtspStrecke="11.1111" FahrtspSignal="-1" FahrtspZugsicherung="45.8333" Fahrtkm="50.7638" FahrtHLDruck="5"/>
<FahrtEintrag FahrtWeg="3008.7417" FahrtZeit="2023-02-02 10:02:03" Kennung_FahrtZeitms="2023-02-02 10:02:03:935" Fahrtsp="9.9618" FahrtspStrecke="11.1111" FahrtspSignal="-1" FahrtspZugsicherung="45.8333" Fahrtkm="50.8633" FahrtHLDruck="5"/>
<FahrtEintrag FahrtWeg="3033.9092" FahrtZeit="2023-02-02 10:02:06" Kennung_FahrtZeitms="2023-02-02 10:02:06:182" Fahrtsp="9.9314" FahrtspStrecke="11.1111" FahrtspSignal="-1" FahrtspZugsicherung="45.8333" Fahrtkm="50.8633" FahrtHLDruck="5"/>
<FahrtEintrag FahrtWeg="3059.0693" FahrtZeit="2023-02-02 10:02:08" Kennung_FahrtZeitms="2023-02-02 10:02:08:403" Fahrtsp="9.9011" FahrtspStrecke="11.1111" FahrtspSignal="-1" FahrtspZugsicherung="45.8333" Fahrtkm="50.8633" FahrtHLDruck="5"/>
<FahrtEintrag FahrtWeg="3084.1819" FahrtZeit="2023-02-02 10:02:11" Kennung_FahrtZeitms="2023-02-02 10:02:11:002" Fahrtsp="9.8707" FahrtspStrecke="11.1111" FahrtspSignal="-1" FahrtspZugsicherung="45.8333" Fahrtkm="50.8633" FahrtHLDruck="5"/>
<FahrtEintrag FahrtWeg="3109.2458" FahrtZeit="2023-02-02 10:02:14" Kennung_FahrtZeitms="2023-02-02 10:02:14:218" Fahrtsp="9.8403" FahrtspStrecke="11.1111" FahrtspSignal="-1" FahrtspZugsicherung="45.8333" Fahrtkm="50.9629" FahrtHLDruck="5"/>
<FahrtEintrag FahrtWeg="3134.5574" FahrtZeit="2023-02-02 10:02:16" Kennung_FahrtZeitms="2023-02-02 10:02:16:351" Fahrtsp="9.8096" FahrtspStrecke="11.1111" FahrtspSignal="-1" FahrtspZugsicherung="45.8333" Fahrtkm="50.9629" FahrtHLDruck="5"/>
<FahrtEintrag FahrtWeg="3159.5586" FahrtZeit="2023-02-02 10:02:19" Kennung_FahrtZeitms="2023-02-02 10:02:19:503" Fahrtsp="9.8331" FahrtspStrecke="11.1111" FahrtspSignal="-1" FahrtspZugsicherung="45.8333" Fahrtkm="50.9629" FahrtHLDruck="5" FahrtFBSchalter="1"/>
<FahrtEintrag FahrtWeg="3184.5688" FahrtZeit="2023-02-02 10:02:21" Kennung_FahrtZeitms="2023-02-02 10:02:21:752" Fahrtsp="9.8913" FahrtspStrecke="11.1111" FahrtspSignal="-1" FahrtspZugsicherung="45.8333" Fahrtkm="51.0379" FahrtHLDruck="5" FahrtFBSchalter="2"/>
<FahrtEintrag FahrtWeg="3209.6111" FahrtZeit="2023-02-02 10:02:24" Kennung_FahrtZeitms="2023-02-02 10:02:24:523" Fahrtsp="9.9841" FahrtspStrecke="11.1111" FahrtspSignal="-1" FahrtspZugsicherung="45.8333" Fahrtkm="51.0625" FahrtHLDruck="5" FahrtFBSchalter="1"/>
<FahrtEintrag FahrtWeg="3234.8416" FahrtZeit="2023-02-02 10:02:26" Kennung_FahrtZeitms="2023-02-02 10:02:26:952" Fahrtsp="9.9586" FahrtspStrecke="11.1111" FahrtspSignal="-1" FahrtspZugsicherung="45.8333" Fahrtkm="51.0625" FahrtHLDruck="5"/>
<FahrtEintrag FahrtWeg="3260.1555" FahrtZeit="2023-02-02 10:02:29" Kennung_FahrtZeitms="2023-02-02 10:02:29:304" Fahrtsp="9.9281" FahrtspStrecke="11.1111" FahrtspSignal="-1" FahrtspZugsicherung="45.8333" Fahrtkm="51.0625" FahrtHLDruck="5"/>
<FahrtEintrag FahrtWeg="3285.4839" FahrtZeit="2023-02-02 10:02:31" Kennung_FahrtZeitms="2023-02-02 10:02:31:525" Fahrtsp="9.8975" FahrtspStrecke="11.1111" FahrtspSignal="-1" FahrtspZugsicherung="45.8333" Fahrtkm="51.1379" FahrtHLDruck="5"/>
<FahrtEintrag FahrtWeg="3310.7153" FahrtZeit="2023-02-02 10:02:34" Kennung_FahrtZeitms="2023-02-02 10:02:34:945" Fahrtsp="9.867" FahrtspStrecke="11.1111" FahrtspSignal="-1" FahrtspZugsicherung="45.8333" Fahrtkm="51.162" FahrtHLDruck="5"/>
<FahrtEintrag FahrtWeg="3335.8452" FahrtZeit="2023-02-02 10:02:36" Kennung_FahrtZeitms="2023-02-02 10:02:36:985" Fahrtsp="9.8365" FahrtspStrecke="11.1111" FahrtspSignal="-1" FahrtspZugsicherung="45.8333" Fahrtkm="51.162" FahrtHLDruck="5"/>
<FahrtEintrag FahrtWeg="3361.0242" FahrtZeit="2023-02-02 10:02:39" Kennung_FahrtZeitms="2023-02-02 10:02:39:302" Fahrtsp="9.806" FahrtspStrecke="11.1111" FahrtspSignal="-1" FahrtspZugsicherung="45.8333" Fahrtkm="51.2129" FahrtHLDruck="5"/>
<FahrtEintrag FahrtWeg="3386.2466" FahrtZeit="2023-02-02 10:02:42" Kennung_FahrtZeitms="2023-02-02 10:02:42:729" Fahrtsp="9.7754" FahrtspStrecke="11.1111" FahrtspSignal="-1" FahrtspZugsicherung="45.8333" Fahrtkm="51.2129" FahrtHLDruck="5"/>
<FahrtEintrag FahrtWeg="3411.552" FahrtZeit="2023-02-02 10:02:44" Kennung_FahrtZeitms="2023-02-02 10:02:44:751" Fahrtsp="9.7446" FahrtspStrecke="11.1111" FahrtspSignal="-1" FahrtspZugsicherung="45.8333" Fahrtkm="51.2616" FahrtHLDruck="5"/>
<FahrtEintrag FahrtWeg="3436.606" FahrtZeit="2023-02-02 10:02:47" Kennung_FahrtZeitms="2023-02-02 10:02:47:429" Fahrtsp="9.7141" FahrtspStrecke="11.1111" FahrtspSignal="-1" FahrtspZugsicherung="45.8333" Fahrtkm="51.2879" FahrtHLDruck="5"/>
<FahrtEintrag FahrtWeg="3461.7629" FahrtZeit="2023-02-02 10:02:49" Kennung_FahrtZeitms="2023-02-02 10:02:49:852" Fahrtsp="9.6834" FahrtspStrecke="11.1111" FahrtspSignal="-1" FahrtspZugsicherung="45.8333" Fahrtkm="51.2879" FahrtHLDruck="5"/>
<FahrtEintrag FahrtWeg="3486.9478" FahrtZeit="2023-02-02 10:02:52" Kennung_FahrtZeitms="2023-02-02 10:02:52:295" Fahrtsp="9.6526" FahrtspStrecke="11.1111" FahrtspSignal="-1" FahrtspZugsicherung="45.8333" Fahrtkm="51.2879" FahrtHLDruck="5"/>
<FahrtEintrag FahrtWeg="3500.0747" FahrtZeit="2023-02-02 10:02:54" Kennung_FahrtZeitms="2023-02-02 10:02:54:249" Fahrtsp="9.622" FahrtspStrecke="11.1111" FahrtspSignal="-1" FahrtspZugsicherung="45.8333" Fahrtkm="51.361" FahrtHLDruck="5"/>
<FahrtEintrag FahrtWeg="3512.0078" FahrtZeit="2023-02-02 10:02:55" Kennung_FahrtZeitms="2023-02-02 10:02:55:491" Fahrtsp="9.622" FahrtspStrecke="11.1111" FahrtspSignal="-1" FahrtspZugsicherung="45.8333" Fahrtkm="51.3611" FahrtHLDruck="5"/>
<FahrtEintrag FahrtWeg="3537.0222" FahrtZeit="2023-02-02 10:02:57" Kennung_FahrtZeitms="2023-02-02 10:02:57:812" Fahrtsp="9.913" FahrtspStrecke="11.1111" FahrtspSignal="-1" FahrtspZugsicherung="45.8333" Fahrtkm="51.3611" FahrtHLDruck="5"/>
<FahrtEintrag FahrtTyp="8" FahrtWeg="-1" FahrtZeit="2023-02-02 10:02:59" Kennung_FahrtZeitms="2023-02-02 10:02:59:851" Fahrtsp="-1" FahrtspStrecke="-1" FahrtspSignal="-1" FahrtspZugsicherung="-1" FahrtHLDruck="-1" FahrtParameter="48" FahrtFBSchalter="-10000"/>
<FahrtEintrag FahrtWeg="3562.8948" FahrtZeit="2023-02-02 10:02:59" Kennung_FahrtZeitms="2023-02-02 10:02:59:901" Fahrtsp="10.842" FahrtspStrecke="11.1111" FahrtspSignal="-1" FahrtspZugsicherung="45.8333" Fahrtkm="51.4238" FahrtHLDruck="5" FahrtFBSchalter="10"/>
<FahrtEintrag FahrtTyp="8" FahrtWeg="-1" FahrtZeit="2023-02-02 10:03:00" Kennung_FahrtZeitms="2023-02-02 10:03:00:021" Fahrtsp="-1" FahrtspStrecke="-1" FahrtspSignal="-1" FahrtspZugsicherung="-1" FahrtHLDruck="-1" FahrtParameter="16" FahrtFBSchalter="-10000"/>
<FahrtEintrag FahrtWeg="3587.4282" FahrtZeit="2023-02-02 10:03:02" Kennung_FahrtZeitms="2023-02-02 10:03:02:173" Fahrtsp="10.7079" FahrtspStrecke="11.1111" FahrtspSignal="-1" FahrtspZugsicherung="45.8333" Fahrtkm="51.4305" FahrtHLDruck="5" FahrtFBSchalter="10"/>
<FahrtEintrag FahrtWeg="3612.6301" FahrtZeit="2023-02-02 10:03:05" Kennung_FahrtZeitms="2023-02-02 10:03:04:782" Fahrtsp="10.6348" FahrtspStrecke="11.1111" FahrtspSignal="-1" FahrtspZugsicherung="45.8333" Fahrtkm="51.4607" FahrtHLDruck="5" FahrtFBSchalter="1"/>
<FahrtEintrag FahrtWeg="3637.7278" FahrtZeit="2023-02-02 10:03:07" Kennung_FahrtZeitms="2023-02-02 10:03:07:502" Fahrtsp="10.6624" FahrtspStrecke="11.1111" FahrtspSignal="-1" FahrtspZugsicherung="45.8333" Fahrtkm="51.4607" FahrtHLDruck="5" FahrtFBSchalter="1"/>
<FahrtEintrag FahrtWeg="3662.876" FahrtZeit="2023-02-02 10:03:09" Kennung_FahrtZeitms="2023-02-02 10:03:09:582" Fahrtsp="10.6898" FahrtspStrecke="11.1111" FahrtspSignal="-1" FahrtspZugsicherung="45.8333" Fahrtkm="51.4607" FahrtHLDruck="5" FahrtFBSchalter="1"/>
<FahrtEintrag FahrtWeg="3687.9146" FahrtZeit="2023-02-02 10:03:12" Kennung_FahrtZeitms="2023-02-02 10:03:12:383" Fahrtsp="10.717" FahrtspStrecke="11.1111" FahrtspSignal="-1" FahrtspZugsicherung="45.8333" Fahrtkm="51.4607" FahrtHLDruck="5" FahrtFBSchalter="1"/>
<FahrtEintrag FahrtTyp="5" FahrtWeg="3687.9146" FahrtZeit="2023-02-02 10:03:12" Kennung_FahrtZeitms="2023-02-02 10:03:12:283" Fahrtsp="10.7174" FahrtspStrecke="11.1111" FahrtspSignal="-1" FahrtspZugsicherung="45.8333" FahrtText="LZB-Bk 21/22/121/122 LZB-Bk 21" Fahrtkm="51.4607" FahrtHLDruck="5" FahrtFBSchalter="1"/>
<FahrtEintrag FahrtTyp="5" FahrtWeg="-1" FahrtZeit="2023-02-02 10:03:12" Kennung_FahrtZeitms="2023-02-02 10:03:12:542" Fahrtsp="-1" FahrtspStrecke="-1" FahrtspSignal="-1" FahrtspZugsicherung="-1" FahrtText="Zugende passiert Ende Weichenbereich" FahrtHLDruck="-1" FahrtParameter="4" FahrtFBSchalter="-10000"/>
<FahrtEintrag FahrtWeg="3688.2546" FahrtZeit="2023-02-02 10:03:12" Kennung_FahrtZeitms="2023-02-02 10:03:12:872" Fahrtsp="10.7174" FahrtspStrecke="11.1111" FahrtspSignal="-1" FahrtspZugsicherung="45.8333" Fahrtkm="51.5602" FahrtHLDruck="5" FahrtFBSchalter="1"/>
<FahrtEintrag FahrtTyp="5" FahrtWeg="-1" FahrtZeit="2023-02-02 10:03:14" Kennung_FahrtZeitms="2023-02-02 10:03:14:152" Fahrtsp="-1" FahrtspStrecke="-1" FahrtspSignal="-1" FahrtspZugsicherung="-1" FahrtText="Zugende passiert Ende Weichenbereich" FahrtHLDruck="-1" FahrtParameter="4" FahrtFBSchalter="-10000"/>
<FahrtEintrag FahrtWeg="3707.9937" FahrtZeit="2023-02-02 10:03:14" Kennung_FahrtZeitms="2023-02-02 10:03:14:651" Fahrtsp="10.7387" FahrtspStrecke="11.1111" FahrtspSignal="-1" FahrtspZugsicherung="45.8333" Fahrtkm="51.5682" FahrtHLDruck="5" FahrtFBSchalter="1"/>
<FahrtEintrag FahrtWeg="3733.1846" FahrtZeit="2023-02-02 10:03:16" Kennung_FahrtZeitms="2023-02-02 10:03:16:872" Fahrtsp="10.7657" FahrtspStrecke="11.1111" FahrtspSignal="-1" FahrtspZugsicherung="45.8333" Fahrtkm="51.5682" FahrtHLDruck="5" FahrtFBSchalter="1"/>
<FahrtEintrag FahrtWeg="3758.4763" FahrtZeit="2023-02-02 10:03:18" Kennung_FahrtZeitms="2023-02-02 10:03:18:982" Fahrtsp="10.7926" FahrtspStrecke="11.1111" FahrtspSignal="-1" FahrtspZugsicherung="45.8333" Fahrtkm="51.626" FahrtHLDruck="5" FahrtFBSchalter="1"/>
<FahrtEintrag FahrtWeg="3783.7175" FahrtZeit="2023-02-02 10:03:21" Kennung_FahrtZeitms="2023-02-02 10:03:21:329" Fahrtsp="10.8193" FahrtspStrecke="11.1111" FahrtspSignal="-1" FahrtspZugsicherung="45.8333" Fahrtkm="51.626" FahrtHLDruck="5" FahrtFBSchalter="1"/>
<FahrtEintrag FahrtWeg="3805.8491" FahrtZeit="2023-02-02 10:03:23" Kennung_FahrtZeitms="2023-02-02 10:03:23:652" Fahrtsp="10.8425" FahrtspStrecke="11.1111" FahrtspSignal="-1" FahrtspZugsicherung="45.8333" Fahrtkm="51.6598" FahrtHLDruck="5" FahrtFBSchalter="1"/>
<FahrtEintrag FahrtWeg="3807.5737" FahrtZeit="2023-02-02 10:03:23" Kennung_FahrtZeitms="2023-02-02 10:03:23:729" Fahrtsp="10.8443" FahrtspStrecke="11.1111" FahrtspSignal="-1" FahrtspZugsicherung="45.8333" Fahrtkm="51.6598" FahrtHLDruck="5" FahrtFBSchalter="1"/>
<FahrtEintrag FahrtWeg="3832.7295" FahrtZeit="2023-02-02 10:03:25" Kennung_FahrtZeitms="2023-02-02 10:03:25:965" Fahrtsp="10.8706" FahrtspStrecke="11.1111" FahrtspSignal="-1" FahrtspZugsicherung="45.8333" Fahrtkm="51.6598" FahrtHLDruck="5" FahrtFBSchalter="1"/>
<FahrtEintrag FahrtWeg="3857.8777" FahrtZeit="2023-02-02 10:03:27" Kennung_FahrtZeitms="2023-02-02 10:03:27:489" Fahrtsp="10.8983" FahrtspStrecke="11.1111" FahrtspSignal="-1" FahrtspZugsicherung="45.8333" Fahrtkm="51.6599" FahrtHLDruck="5" FahrtFBSchalter="1"/>
<FahrtEintrag FahrtWeg="3883.0718" FahrtZeit="2023-02-02 10:03:30" Kennung_FahrtZeitms="2023-02-02 10:03:30:229" Fahrtsp="10.9242" FahrtspStrecke="11.1111" FahrtspSignal="-1" FahrtspZugsicherung="45.8333" Fahrtkm="51.6599" FahrtHLDruck="5" FahrtFBSchalter="1"/>
<FahrtEintrag FahrtWeg="3908.3003" FahrtZeit="2023-02-02 10:03:32" Kennung_FahrtZeitms="2023-02-02 10:03:32:609" Fahrtsp="10.9501" FahrtspStrecke="11.1111" FahrtspSignal="-1" FahrtspZugsicherung="45.8333" Fahrtkm="51.7595" FahrtHLDruck="5" FahrtFBSchalter="1"/>
<FahrtEintrag FahrtWeg="3933.5337" FahrtZeit="2023-02-02 10:03:34" Kennung_FahrtZeitms="2023-02-02 10:03:34:689" Fahrtsp="10.9758" FahrtspStrecke="11.1111" FahrtspSignal="-1" FahrtspZugsicherung="45.8333" Fahrtkm="51.7595" FahrtHLDruck="5" FahrtFBSchalter="1"/>
<FahrtEintrag FahrtWeg="3958.7744" FahrtZeit="2023-02-02 10:03:37" Kennung_FahrtZeitms="2023-02-02 10:03:37:305" Fahrtsp="11.0013" FahrtspStrecke="11.1111" FahrtspSignal="-1" FahrtspZugsicherung="45.8333" Fahrtkm="51.7595" FahrtHLDruck="5" FahrtFBSchalter="1"/>
<FahrtEintrag FahrtWeg="3984.0674" FahrtZeit="2023-02-02 10:03:39" Kennung_FahrtZeitms="2023-02-02 10:03:39:595" Fahrtsp="11.0267" FahrtspStrecke="11.1111" FahrtspSignal="-1" FahrtspZugsicherung="45.8333" Fahrtkm="51.7595" FahrtHLDruck="5" FahrtFBSchalter="1"/>
<FahrtEintrag FahrtWeg="4009.1057" FahrtZeit="2023-02-02 10:03:41" Kennung_FahrtZeitms="2023-02-02 10:03:41:732" Fahrtsp="11.0517" FahrtspStrecke="11.1111" FahrtspSignal="-1" FahrtspZugsicherung="45.8333" Fahrtkm="51.859" FahrtHLDruck="5" FahrtFBSchalter="1"/>
<FahrtEintrag FahrtWeg="4034.2537" FahrtZeit="2023-02-02 10:03:44" Kennung_FahrtZeitms="2023-02-02 10:03:44:018" Fahrtsp="11.0294" FahrtspStrecke="11.1111" FahrtspSignal="-1" FahrtspZugsicherung="45.8333" Fahrtkm="51.8589" FahrtHLDruck="5"/>
<FahrtEintrag FahrtWeg="4059.5859" FahrtZeit="2023-02-02 10:03:46" Kennung_FahrtZeitms="2023-02-02 10:03:46:372" Fahrtsp="11" FahrtspStrecke="11.1111" FahrtspSignal="-1" FahrtspZugsicherung="45.8333" Fahrtkm="51.8589" FahrtHLDruck="5"/>
<FahrtEintrag FahrtWeg="4084.6882" FahrtZeit="2023-02-02 10:03:48" Kennung_FahrtZeitms="2023-02-02 10:03:48:615" Fahrtsp="10.9709" FahrtspStrecke="11.1111" FahrtspSignal="-1" FahrtspZugsicherung="45.8333" Fahrtkm="51.8589" FahrtHLDruck="5"/>
<FahrtEintrag FahrtWeg="4109.9951" FahrtZeit="2023-02-02 10:03:50" Kennung_FahrtZeitms="2023-02-02 10:03:50:805" Fahrtsp="10.9415" FahrtspStrecke="11.1111" FahrtspSignal="-1" FahrtspZugsicherung="45.8333" Fahrtkm="51.9585" FahrtHLDruck="5"/>
<FahrtEintrag FahrtWeg="4135.2285" FahrtZeit="2023-02-02 10:03:53" Kennung_FahrtZeitms="2023-02-02 10:03:53:018" Fahrtsp="10.9122" FahrtspStrecke="11.1111" FahrtspSignal="-1" FahrtspZugsicherung="45.8333" Fahrtkm="51.9585" FahrtHLDruck="5"/>
<FahrtEintrag FahrtWeg="4160.3457" FahrtZeit="2023-02-02 10:03:55" Kennung_FahrtZeitms="2023-02-02 10:03:55:352" Fahrtsp="10.883" FahrtspStrecke="11.1111" FahrtspSignal="-1" FahrtspZugsicherung="45.8333" Fahrtkm="51.9585" FahrtHLDruck="5"/>
<FahrtEintrag FahrtWeg="4185.6421" FahrtZeit="2023-02-02 10:03:57" Kennung_FahrtZeitms="2023-02-02 10:03:57:579" Fahrtsp="10.8536" FahrtspStrecke="11.1111" FahrtspSignal="-1" FahrtspZugsicherung="45.8333" Fahrtkm="51.9585" FahrtHLDruck="5"/>
<FahrtEintrag FahrtWeg="4210.9263" FahrtZeit="2023-02-02 10:04:00" Kennung_FahrtZeitms="2023-02-02 10:04:00:745" Fahrtsp="10.8242" FahrtspStrecke="11.1111" FahrtspSignal="-1" FahrtspZugsicherung="45.8333" Fahrtkm="52.072" FahrtHLDruck="5"/>
<FahrtEintrag FahrtWeg="4236.1719" FahrtZeit="2023-02-02 10:04:02" Kennung_FahrtZeitms="2023-02-02 10:04:02:985" Fahrtsp="10.7947" FahrtspStrecke="11.1111" FahrtspSignal="-1" FahrtspZugsicherung="45.8333" Fahrtkm="52.072" FahrtHLDruck="5"/>
<FahrtEintrag FahrtWeg="4261.1836" FahrtZeit="2023-02-02 10:04:04" Kennung_FahrtZeitms="2023-02-02 10:04:04:912" Fahrtsp="10.7655" FahrtspStrecke="11.1111" FahrtspSignal="-1" FahrtspZugsicherung="45.8333" Fahrtkm="52.072" FahrtHLDruck="5"/>
<FahrtEintrag FahrtWeg="4286.4722" FahrtZeit="2023-02-02 10:04:07" Kennung_FahrtZeitms="2023-02-02 10:04:07:635" Fahrtsp="10.736" FahrtspStrecke="11.1111" FahrtspSignal="-1" FahrtspZugsicherung="45.8333" Fahrtkm="52.1577" FahrtHLDruck="5"/>
<FahrtEintrag FahrtWeg="4311.501" FahrtZeit="2023-02-02 10:04:09" Kennung_FahrtZeitms="2023-02-02 10:04:09:962" Fahrtsp="10.7067" FahrtspStrecke="11.1111" FahrtspSignal="-1" FahrtspZugsicherung="45.8333" Fahrtkm="52.1577" FahrtHLDruck="5"/>
<FahrtEintrag FahrtWeg="4336.7109" FahrtZeit="2023-02-02 10:04:11" Kennung_FahrtZeitms="2023-02-02 10:04:11:795" Fahrtsp="10.6772" FahrtspStrecke="11.1111" FahrtspSignal="-1" FahrtspZugsicherung="45.8333" Fahrtkm="52.1577" FahrtHLDruck="5"/>
<FahrtEintrag FahrtWeg="4362.0098" FahrtZeit="2023-02-02 10:04:14" Kennung_FahrtZeitms="2023-02-02 10:04:14:329" Fahrtsp="10.6476" FahrtspStrecke="11.1111" FahrtspSignal="-1" FahrtspZugsicherung="45.8333" Fahrtkm="52.222" FahrtHLDruck="5"/>
<FahrtEintrag FahrtWeg="4387.3008" FahrtZeit="2023-02-02 10:04:16" Kennung_FahrtZeitms="2023-02-02 10:04:16:762" Fahrtsp="10.6179" FahrtspStrecke="11.1111" FahrtspSignal="-1" FahrtspZugsicherung="45.8333" Fahrtkm="52.2572" FahrtHLDruck="5"/>
<FahrtEintrag FahrtWeg="4412.4502" FahrtZeit="2023-02-02 10:04:19" Kennung_FahrtZeitms="2023-02-02 10:04:19:298" Fahrtsp="10.5884" FahrtspStrecke="11.1111" FahrtspSignal="-1" FahrtspZugsicherung="45.8333" Fahrtkm="52.2572" FahrtHLDruck="5"/>
<FahrtEintrag FahrtWeg="4437.5015" FahrtZeit="2023-02-02 10:04:21" Kennung_FahrtZeitms="2023-02-02 10:04:21:675" Fahrtsp="10.5589" FahrtspStrecke="11.1111" FahrtspSignal="-1" FahrtspZugsicherung="45.8333" Fahrtkm="52.2572" FahrtHLDruck="5"/>
<FahrtEintrag FahrtWeg="4462.7969" FahrtZeit="2023-02-02 10:04:23" Kennung_FahrtZeitms="2023-02-02 10:04:23:992" Fahrtsp="10.5206" FahrtspStrecke="11.1111" FahrtspSignal="-1" FahrtspZugsicherung="45.8333" Fahrtkm="52.3341" FahrtHLDruck="5"/>
<FahrtEintrag FahrtWeg="4487.8467" FahrtZeit="2023-02-02 10:04:26" Kennung_FahrtZeitms="2023-02-02 10:04:26:891" Fahrtsp="10.317" FahrtspStrecke="11.1111" FahrtspSignal="-1" FahrtspZugsicherung="45.8333" Fahrtkm="52.3568" FahrtHLDruck="5"/>
<FahrtEintrag FahrtWeg="4512.9365" FahrtZeit="2023-02-02 10:04:28" Kennung_FahrtZeitms="2023-02-02 10:04:28:432" Fahrtsp="10.0007" FahrtspStrecke="11.1111" FahrtspSignal="-1" FahrtspZugsicherung="45.8333" Fahrtkm="52.3568" FahrtHLDruck="5" FahrtFBSchalter="9"/>
<FahrtEintrag FahrtWeg="4538.2505" FahrtZeit="2023-02-02 10:04:31" Kennung_FahrtZeitms="2023-02-02 10:04:31:189" Fahrtsp="10.3652" FahrtspStrecke="11.1111" FahrtspSignal="-1" FahrtspZugsicherung="45.8333" Fahrtkm="52.3568" FahrtHLDruck="5" FahrtFBSchalter="12"/>
<FahrtEintrag FahrtWeg="4563.5371" FahrtZeit="2023-02-02 10:04:33" Kennung_FahrtZeitms="2023-02-02 10:04:33:392" Fahrtsp="10.7216" FahrtspStrecke="11.1111" FahrtspSignal="-1" FahrtspZugsicherung="45.8333" Fahrtkm="52.3568" FahrtHLDruck="5" FahrtFBSchalter="2"/>
<FahrtEintrag FahrtWeg="4588.7837" FahrtZeit="2023-02-02 10:04:36" Kennung_FahrtZeitms="2023-02-02 10:04:36:758" Fahrtsp="10.4159" FahrtspStrecke="11.1111" FahrtspSignal="-1" FahrtspZugsicherung="45.8333" Fahrtkm="52.4564" FahrtHLDruck="5"/>
<FahrtEintrag FahrtWeg="4614.0469" FahrtZeit="2023-02-02 10:04:38" Kennung_FahrtZeitms="2023-02-02 10:04:38:962" Fahrtsp="10.0966" FahrtspStrecke="11.1111" FahrtspSignal="-1" FahrtspZugsicherung="45.8333" Fahrtkm="52.4564" FahrtHLDruck="5" FahrtFBSchalter="2"/>
<FahrtEintrag FahrtWeg="4639.2905" FahrtZeit="2023-02-02 10:04:41" Kennung_FahrtZeitms="2023-02-02 10:04:41:859" Fahrtsp="9.9299" FahrtspStrecke="11.1111" FahrtspSignal="-1" FahrtspZugsicherung="45.8333" Fahrtkm="52.4563" FahrtHLDruck="5" FahrtFBSchalter="5"/>
<FahrtEintrag FahrtWeg="4664.4692" FahrtZeit="2023-02-02 10:04:43" Kennung_FahrtZeitms="2023-02-02 10:04:43:596" Fahrtsp="9.9141" FahrtspStrecke="11.1111" FahrtspSignal="-1" FahrtspZugsicherung="45.8333" Fahrtkm="52.4563" FahrtHLDruck="5" FahrtFBSchalter="5"/>
<FahrtEintrag FahrtWeg="4689.6089" FahrtZeit="2023-02-02 10:04:46" Kennung_FahrtZeitms="2023-02-02 10:04:46:189" Fahrtsp="9.8985" FahrtspStrecke="11.1111" FahrtspSignal="-1" FahrtspZugsicherung="45.8333" Fahrtkm="52.5558" FahrtHLDruck="5" FahrtFBSchalter="5"/>
<FahrtEintrag FahrtWeg="4714.6187" FahrtZeit="2023-02-02 10:04:48" Kennung_FahrtZeitms="2023-02-02 10:04:48:392" Fahrtsp="9.8832" FahrtspStrecke="11.1111" FahrtspSignal="-1" FahrtspZugsicherung="45.8333" Fahrtkm="52.5558" FahrtHLDruck="5" FahrtFBSchalter="5"/>
<FahrtEintrag FahrtWeg="4739.9204" FahrtZeit="2023-02-02 10:04:51" Kennung_FahrtZeitms="2023-02-02 10:04:51:859" Fahrtsp="9.8679" FahrtspStrecke="11.1111" FahrtspSignal="-1" FahrtspZugsicherung="45.8333" Fahrtkm="52.5558" FahrtHLDruck="5" FahrtFBSchalter="5"/>
<FahrtEintrag FahrtWeg="4765.2168" FahrtZeit="2023-02-02 10:04:53" Kennung_FahrtZeitms="2023-02-02 10:04:53:362" Fahrtsp="9.8528" FahrtspStrecke="11.1111" FahrtspSignal="-1" FahrtspZugsicherung="45.8333" Fahrtkm="52.5558" FahrtHLDruck="5" FahrtFBSchalter="5"/>
<FahrtEintrag FahrtWeg="4790.3438" FahrtZeit="2023-02-02 10:04:56" Kennung_FahrtZeitms="2023-02-02 10:04:56:692" Fahrtsp="9.838" FahrtspStrecke="11.1111" FahrtspSignal="-1" FahrtspZugsicherung="45.8333" Fahrtkm="52.6554" FahrtHLDruck="5" FahrtFBSchalter="5"/>
<FahrtEintrag FahrtWeg="4815.3901" FahrtZeit="2023-02-02 10:04:58" Kennung_FahrtZeitms="2023-02-02 10:04:58:872" Fahrtsp="9.8234" FahrtspStrecke="11.1111" FahrtspSignal="-1" FahrtspZugsicherung="45.8333" Fahrtkm="52.6554" FahrtHLDruck="5" FahrtFBSchalter="5"/>
<FahrtEintrag FahrtWeg="4840.5728" FahrtZeit="2023-02-02 10:05:01" Kennung_FahrtZeitms="2023-02-02 10:05:01:365" Fahrtsp="9.809" FahrtspStrecke="11.1111" FahrtspSignal="-1" FahrtspZugsicherung="45.8333" Fahrtkm="52.6554" FahrtHLDruck="5" FahrtFBSchalter="5"/>
<FahrtEintrag FahrtWeg="4865.8403" FahrtZeit="2023-02-02 10:05:03" Kennung_FahrtZeitms="2023-02-02 10:05:03:598" Fahrtsp="9.8533" FahrtspStrecke="11.1111" FahrtspSignal="-1" FahrtspZugsicherung="45.8333" Fahrtkm="52.6554" FahrtHLDruck="5" FahrtFBSchalter="7"/>
<FahrtEintrag FahrtWeg="4890.8477" FahrtZeit="2023-02-02 10:05:06" Kennung_FahrtZeitms="2023-02-02 10:05:06:742" Fahrtsp="10.0457" FahrtspStrecke="11.1111" FahrtspSignal="-1" FahrtspZugsicherung="45.8333" Fahrtkm="52.7549" FahrtHLDruck="5" FahrtFBSchalter="10"/>
<FahrtEintrag FahrtWeg="4915.9531" FahrtZeit="2023-02-02 10:05:08" Kennung_FahrtZeitms="2023-02-02 10:05:08:849" Fahrtsp="10.3043" FahrtspStrecke="11.1111" FahrtspSignal="-1" FahrtspZugsicherung="45.8333" Fahrtkm="52.7549" FahrtHLDruck="5" FahrtFBSchalter="10"/>
<FahrtEintrag FahrtWeg="4941.2056" FahrtZeit="2023-02-02 10:05:11" Kennung_FahrtZeitms="2023-02-02 10:05:11:395" Fahrtsp="10.5549" FahrtspStrecke="11.1111" FahrtspSignal="-1" FahrtspZugsicherung="45.8333" Fahrtkm="52.7549" FahrtHLDruck="5" FahrtFBSchalter="6"/>
<FahrtEintrag FahrtWeg="4966.374" FahrtZeit="2023-02-02 10:05:13" Kennung_FahrtZeitms="2023-02-02 10:05:13:625" Fahrtsp="10.2634" FahrtspStrecke="11.1111" FahrtspSignal="-1" FahrtspZugsicherung="45.8333" Fahrtkm="52.7549" FahrtHLDruck="5"/>
<FahrtEintrag FahrtWeg="4991.481" FahrtZeit="2023-02-02 10:05:16" Kennung_FahrtZeitms="2023-02-02 10:05:16:172" Fahrtsp="10.1632" FahrtspStrecke="11.1111" FahrtspSignal="-1" FahrtspZugsicherung="45.8333" Fahrtkm="52.8245" FahrtHLDruck="5" FahrtFBSchalter="7"/>
<FahrtEintrag FahrtWeg="5016.7539" FahrtZeit="2023-02-02 10:05:18" Kennung_FahrtZeitms="2023-02-02 10:05:18:389" Fahrtsp="10.2655" FahrtspStrecke="11.1111" FahrtspSignal="-1" FahrtspZugsicherung="45.8333" Fahrtkm="52.8245" FahrtHLDruck="5" FahrtFBSchalter="7"/>
<FahrtEintrag FahrtWeg="5038.9087" FahrtZeit="2023-02-02 10:05:20" Kennung_FahrtZeitms="2023-02-02 10:05:20:527" Fahrtsp="10.365" FahrtspStrecke="11.1111" FahrtspSignal="-1" FahrtspZugsicherung="45.8333" Fahrtkm="52.8544" FahrtHLDruck="5" FahrtFBSchalter="7"/>
<FahrtEintrag FahrtWeg="5042.063" FahrtZeit="2023-02-02 10:05:21" Kennung_FahrtZeitms="2023-02-02 10:05:21:192" Fahrtsp="10.365" FahrtspStrecke="11.1111" FahrtspSignal="-1" FahrtspZugsicherung="45.8333" Fahrtkm="52.8545" FahrtHLDruck="5" FahrtFBSchalter="7"/>
<FahrtEintrag FahrtWeg="5067.3379" FahrtZeit="2023-02-02 10:05:23" Kennung_FahrtZeitms="2023-02-02 10:05:23:326" Fahrtsp="10.4617" FahrtspStrecke="11.1111" FahrtspSignal="-1" FahrtspZugsicherung="45.8333" Fahrtkm="52.8545" FahrtHLDruck="5" FahrtFBSchalter="7"/>
<FahrtEintrag FahrtWeg="5092.438" FahrtZeit="2023-02-02 10:05:25" Kennung_FahrtZeitms="2023-02-02 10:05:25:512" Fahrtsp="10.555" FahrtspStrecke="11.1111" FahrtspSignal="-1" FahrtspZugsicherung="45.8333" Fahrtkm="52.9541" FahrtHLDruck="5" FahrtFBSchalter="7"/>
<FahrtEintrag FahrtTyp="8" FahrtWeg="-1" FahrtZeit="2023-02-02 10:05:29" Kennung_FahrtZeitms="2023-02-02 10:05:29:310" Fahrtsp="-1" FahrtspStrecke="-1" FahrtspSignal="-1" FahrtspZugsicherung="-1" FahrtHLDruck="-1" FahrtParameter="48" FahrtFBSchalter="-10000"/>
<FahrtEintrag FahrtWeg="5121.1675" FahrtZeit="2023-02-02 10:05:29" Kennung_FahrtZeitms="2023-02-02 10:05:29:390" Fahrtsp="10.647" FahrtspStrecke="11.1111" FahrtspSignal="-1" FahrtspZugsicherung="45.8333" Fahrtkm="52.9638" FahrtHLDruck="5" FahrtFBSchalter="7"/>
<FahrtEintrag FahrtTyp="8" FahrtWeg="-1" FahrtZeit="2023-02-02 10:05:29" Kennung_FahrtZeitms="2023-02-02 10:05:29:491" Fahrtsp="-1" FahrtspStrecke="-1" FahrtspSignal="-1" FahrtspZugsicherung="-1" FahrtHLDruck="-1" FahrtParameter="16" FahrtFBSchalter="-10000"/>
<FahrtEintrag FahrtWeg="5146.1763" FahrtZeit="2023-02-02 10:05:31" Kennung_FahrtZeitms="2023-02-02 10:05:31:738" Fahrtsp="10.7465" FahrtspStrecke="11.1111" FahrtspSignal="-1" FahrtspZugsicherung="45.8333" Fahrtkm="52.9638" FahrtHLDruck="5" FahrtFBSchalter="7"/>
<FahrtEintrag FahrtWeg="5171.2119" FahrtZeit="2023-02-02 10:05:34" Kennung_FahrtZeitms="2023-02-02 10:05:34:070" Fahrtsp="10.8322" FahrtspStrecke="11.1111" FahrtspSignal="-1" FahrtspZugsicherung="45.8333" Fahrtkm="53.0374" FahrtHLDruck="5" FahrtFBSchalter="7"/>
<FahrtEintrag FahrtWeg="5196.2593" FahrtZeit="2023-02-02 10:05:35" Kennung_FahrtZeitms="2023-02-02 10:05:35:295" Fahrtsp="10.9156" FahrtspStrecke="11.1111" FahrtspSignal="-1" FahrtspZugsicherung="45.8333" Fahrtkm="53.0527" FahrtHLDruck="5" FahrtFBSchalter="7"/>
<FahrtEintrag FahrtWeg="5221.5474" FahrtZeit="2023-02-02 10:05:37" Kennung_FahrtZeitms="2023-02-02 10:05:37:677" Fahrtsp="10.9978" FahrtspStrecke="11.1111" FahrtspSignal="-1" FahrtspZugsicherung="45.8333" Fahrtkm="53.078" FahrtHLDruck="5" FahrtFBSchalter="7"/>
<FahrtEintrag FahrtWeg="5246.8403" FahrtZeit="2023-02-02 10:05:40" Kennung_FahrtZeitms="2023-02-02 10:05:40:153" Fahrtsp="11.0472" FahrtspStrecke="11.1111" FahrtspSignal="-1" FahrtspZugsicherung="45.8333" Fahrtkm="53.0536" FahrtHLDruck="5"/>
<FahrtEintrag FahrtWeg="5271.9268" FahrtZeit="2023-02-02 10:05:42" Kennung_FahrtZeitms="2023-02-02 10:05:42:372" Fahrtsp="10.7444" FahrtspStrecke="11.1111" FahrtspSignal="-1" FahrtspZugsicherung="45.8333" Fahrtkm="53.0536" FahrtHLDruck="5"/>
<FahrtEintrag FahrtWeg="5297.1357" FahrtZeit="2023-02-02 10:05:44" Kennung_FahrtZeitms="2023-02-02 10:05:44:602" Fahrtsp="10.4317" FahrtspStrecke="11.1111" FahrtspSignal="-1" FahrtspZugsicherung="45.8333" Fahrtkm="53.1532" FahrtHLDruck="5"/>
<FahrtEintrag FahrtWeg="5322.3521" FahrtZeit="2023-02-02 10:05:47" Kennung_FahrtZeitms="2023-02-02 10:05:47:052" Fahrtsp="10.3136" FahrtspStrecke="11.1111" FahrtspSignal="-1" FahrtspZugsicherung="45.8333" Fahrtkm="53.1532" FahrtHLDruck="5" FahrtFBSchalter="9"/>
<FahrtEintrag FahrtWeg="5347.5107" FahrtZeit="2023-02-02 10:05:49" Kennung_FahrtZeitms="2023-02-02 10:05:49:385" Fahrtsp="10.6688" FahrtspStrecke="11.1111" FahrtspSignal="-1" FahrtspZugsicherung="45.8333" Fahrtkm="53.1533" FahrtHLDruck="5" FahrtFBSchalter="12"/>
<FahrtEintrag FahrtWeg="5372.5645" FahrtZeit="2023-02-02 10:05:52" Kennung_FahrtZeitms="2023-02-02 10:05:52:133" Fahrtsp="11.0298" FahrtspStrecke="11.1111" FahrtspSignal="-1" FahrtspZugsicherung="45.8333" Fahrtkm="53.1533" FahrtHLDruck="5" FahrtFBSchalter="12"/>
<FahrtEintrag FahrtWeg="5397.7861" FahrtZeit="2023-02-02 10:05:54" Kennung_FahrtZeitms="2023-02-02 10:05:54:475" Fahrtsp="11.1531" FahrtspStrecke="11.1111" FahrtspSignal="-1" FahrtspZugsicherung="45.8333" Fahrtkm="53.2529" FahrtHLDruck="5" FahrtFBSchalter="7"/>
<FahrtEintrag FahrtWeg="5422.9917" FahrtZeit="2023-02-02 10:05:56" Kennung_FahrtZeitms="2023-02-02 10:05:56:814" Fahrtsp="10.9956" FahrtspStrecke="11.1111" FahrtspSignal="-1" FahrtspZugsicherung="45.8333" Fahrtkm="53.2529" FahrtHLDruck="5" FahrtFBSchalter="2"/>
<FahrtEintrag FahrtWeg="5448.0381" FahrtZeit="2023-02-02 10:05:58" Kennung_FahrtZeitms="2023-02-02 10:05:58:647" Fahrtsp="10.8034" FahrtspStrecke="11.1111" FahrtspSignal="-1" FahrtspZugsicherung="45.8333" Fahrtkm="53.2529" FahrtHLDruck="5" FahrtFBSchalter="2"/>
<FahrtEintrag FahrtWeg="5473.0898" FahrtZeit="2023-02-02 10:06:01" Kennung_FahrtZeitms="2023-02-02 10:06:01:855" Fahrtsp="10.6089" FahrtspStrecke="11.1111" FahrtspSignal="-1" FahrtspZugsicherung="45.8333" Fahrtkm="53.2529" FahrtHLDruck="5" FahrtFBSchalter="2"/>
<FahrtEintrag FahrtTyp="5" FahrtWeg="5479.5361" FahrtZeit="2023-02-02 10:06:01" Kennung_FahrtZeitms="2023-02-02 10:06:01:995" Fahrtsp="10.5555" FahrtspStrecke="11.1111" FahrtspSignal="-1" FahrtspZugsicherung="45.8333" FahrtText="Üst Moorrasen A" Fahrtkm="53.2529" FahrtHLDruck="5" FahrtFBSchalter="2"/>
<FahrtEintrag FahrtWeg="5504.8857" FahrtZeit="2023-02-02 10:06:04" Kennung_FahrtZeitms="2023-02-02 10:06:04:372" Fahrtsp="10.3586" FahrtspStrecke="11.1111" FahrtspSignal="-1" FahrtspZugsicherung="45.8333" Fahrtkm="53.3524" FahrtHLDruck="5" FahrtFBSchalter="2"/>
<FahrtEintrag FahrtWeg="5530.0029" FahrtZeit="2023-02-02 10:06:06" Kennung_FahrtZeitms="2023-02-02 10:06:06:198" Fahrtsp="10.1991" FahrtspStrecke="11.1111" FahrtspSignal="-1" FahrtspZugsicherung="45.8333" Fahrtkm="53.3524" FahrtHLDruck="5" FahrtFBSchalter="3"/>
<FahrtEintrag FahrtWeg="5555.3096" FahrtZeit="2023-02-02 10:06:09" Kennung_FahrtZeitms="2023-02-02 10:06:09:741" Fahrtsp="10.1129" FahrtspStrecke="11.1111" FahrtspSignal="-1" FahrtspZugsicherung="45.8333" Fahrtkm="53.3524" FahrtHLDruck="5" FahrtFBSchalter="5"/>
<FahrtEintrag FahrtWeg="5580.6133" FahrtZeit="2023-02-02 10:06:11" Kennung_FahrtZeitms="2023-02-02 10:06:11:896" Fahrtsp="10.1382" FahrtspStrecke="11.1111" FahrtspSignal="-1" FahrtspZugsicherung="45.8333" Fahrtkm="53.452" FahrtHLDruck="5" FahrtFBSchalter="7"/>
<FahrtEintrag FahrtWeg="5605.6377" FahrtZeit="2023-02-02 10:06:14" Kennung_FahrtZeitms="2023-02-02 10:06:14:233" Fahrtsp="10.2402" FahrtspStrecke="11.1111" FahrtspSignal="-1" FahrtspZugsicherung="45.8333" Fahrtkm="53.452" FahrtHLDruck="5" FahrtFBSchalter="7"/>
<FahrtEintrag FahrtWeg="5630.8726" FahrtZeit="2023-02-02 10:06:16" Kennung_FahrtZeitms="2023-02-02 10:06:16:587" Fahrtsp="10.3883" FahrtspStrecke="11.1111" FahrtspSignal="-1" FahrtspZugsicherung="45.8333" Fahrtkm="53.452" FahrtHLDruck="5" FahrtFBSchalter="8"/>
<FahrtEintrag FahrtWeg="5656.1694" FahrtZeit="2023-02-02 10:06:19" Kennung_FahrtZeitms="2023-02-02 10:06:19:135" Fahrtsp="10.5425" FahrtspStrecke="11.1111" FahrtspSignal="-1" FahrtspZugsicherung="45.8333" Fahrtkm="53.452" FahrtHLDruck="5" FahrtFBSchalter="8"/>
<FahrtEintrag FahrtWeg="5681.3662" FahrtZeit="2023-02-02 10:06:21" Kennung_FahrtZeitms="2023-02-02 10:06:21:476" Fahrtsp="10.6907" FahrtspStrecke="11.1111" FahrtspSignal="-1" FahrtspZugsicherung="45.8333" Fahrtkm="53.5516" FahrtHLDruck="5" FahrtFBSchalter="8"/>
<FahrtEintrag FahrtWeg="5706.5942" FahrtZeit="2023-02-02 10:06:23" Kennung_FahrtZeitms="2023-02-02 10:06:23:786" Fahrtsp="10.8341" FahrtspStrecke="11.1111" FahrtspSignal="-1" FahrtspZugsicherung="45.8333" Fahrtkm="53.5516" FahrtHLDruck="5" FahrtFBSchalter="8"/>
<FahrtEintrag FahrtWeg="5731.7129" FahrtZeit="2023-02-02 10:06:26" Kennung_FahrtZeitms="2023-02-02 10:06:26:139" Fahrtsp="10.9722" FahrtspStrecke="11.1111" FahrtspSignal="-1" FahrtspZugsicherung="45.8333" Fahrtkm="53.5516" FahrtHLDruck="5" FahrtFBSchalter="8"/>
<FahrtEintrag FahrtWeg="5756.7432" FahrtZeit="2023-02-02 10:06:28" Kennung_FahrtZeitms="2023-02-02 10:06:28:347" Fahrtsp="11.0724" FahrtspStrecke="11.1111" FahrtspSignal="-1" FahrtspZugsicherung="45.8333" Fahrtkm="53.5516" FahrtHLDruck="5"/>
<FahrtEintrag FahrtWeg="5781.8135" FahrtZeit="2023-02-02 10:06:30" Kennung_FahrtZeitms="2023-02-02 10:06:30:598" Fahrtsp="10.7704" FahrtspStrecke="11.1111" FahrtspSignal="-1" FahrtspZugsicherung="45.8333" Fahrtkm="53.6523" FahrtHLDruck="5"/>
<FahrtEintrag FahrtWeg="5806.9268" FahrtZeit="2023-02-02 10:06:33" Kennung_FahrtZeitms="2023-02-02 10:06:33:938" Fahrtsp="10.4598" FahrtspStrecke="11.1111" FahrtspSignal="-1" FahrtspZugsicherung="45.8333" Fahrtkm="53.674" FahrtHLDruck="5"/>
<FahrtEintrag FahrtWeg="5832.2378" FahrtZeit="2023-02-02 10:06:35" Kennung_FahrtZeitms="2023-02-02 10:06:35:698" Fahrtsp="9.9032" FahrtspStrecke="11.1111" FahrtspSignal="-1" FahrtspZugsicherung="45.8333" Fahrtkm="53.674" FahrtHLDruck="4.847"/>
<FahrtEintrag FahrtWeg="5857.4414" FahrtZeit="2023-02-02 10:06:38" Kennung_FahrtZeitms="2023-02-02 10:06:38:392" Fahrtsp="8.4519" FahrtspStrecke="11.1111" FahrtspSignal="-1" FahrtspZugsicherung="45.8333" Fahrtkm="53.6739" FahrtHLDruck="4.5221"/>
<FahrtEintrag FahrtTyp="7" FahrtWeg="5879.5469" FahrtZeit="2023-02-02 10:06:41" Kennung_FahrtZeitms="2023-02-02 10:06:41:486" Fahrtsp="6.3465" FahrtspStrecke="11.1111" FahrtspSignal="-1" FahrtspZugsicherung="45.8333" Fahrtkm="53.7324" FahrtHLDruck="4.5"/>
<FahrtEintrag FahrtWeg="5901.4736" FahrtZeit="2023-02-02 10:06:46" Kennung_FahrtZeitms="2023-02-02 10:06:46:349" Fahrtsp="2.3414" FahrtspStrecke="11.1111" FahrtspSignal="-1" FahrtspZugsicherung="45.8333" Fahrtkm="53.7323" FahrtHLDruck="4.33"/>
<FahrtEintrag FahrtTyp="1" FahrtWeg="5906.2817" FahrtZeit="2023-02-02 10:06:50" Kennung_FahrtZeitms="2023-02-02 10:06:50:592" FahrtspStrecke="11.1111" FahrtspSignal="-1" FahrtspZugsicherung="45.8333" Fahrtkm="53.7322" FahrtHLDruck="4.4751"/>
</result>
</Zusi>
