﻿<?xml version="1.0" encoding="UTF-8"?>
<Zusi>
<Info DateiTyp="result" Version="A.1" MinVersion="A.0"/>
<result Zugnummer="4711 (FaS)" Datum="2023-02-07 11:01:17" Verbrauch="155526320">
<FahrtEintrag FahrtTyp="2" FahrtWeg="1516.7542" FahrtZeit="2023-02-07 09:50:00" Kennung_FahrtZeitms="2023-02-07 09:50:00:90" FahrtspStrecke="11.1111" FahrtspSignal="-1" FahrtspZugsicherung="-1" FahrtText="" Fahrtkm="49.3855" FahrtHLDruck="5" FahrtFplAnk="44964.410156" FahrtFplAbf="44964.417969"/>
<FahrtEintrag FahrtWeg="1516.7542" FahrtZeit="2023-02-07 09:50:05" Kennung_FahrtZeitms="2023-02-07 09:50:05:120" FahrtspStrecke="11.1111" FahrtspSignal="-1" FahrtspZugsicherung="45.8333" Fahrtkm="49.3855" FahrtHLDruck="5"/>
<FahrtEintrag FahrtWeg="1516.7542" FahrtZeit="2023-02-07 09:50:10" Kennung_FahrtZeitms="2023-02-07 09:50:10:122" FahrtspStrecke="11.1111" FahrtspSignal="-1" FahrtspZugsicherung="45.8333" Fahrtkm="49.3855" FahrtHLDruck="5"/>
<FahrtEintrag FahrtWeg="1516.7542" FahrtZeit="2023-02-07 09:50:15" Kennung_FahrtZeitms="2023-02-07 09:50:15:124" FahrtspStrecke="11.1111" FahrtspSignal="-1" FahrtspZugsicherung="45.8333" Fahrtkm="49.3855" FahrtHLDruck="5"/>
<FahrtEintrag FahrtWeg="1516.7542" FahrtZeit="2023-02-07 09:50:20" Kennung_FahrtZeitms="2023-02-07 09:50:20:126" FahrtspStrecke="11.1111" FahrtspSignal="-1" FahrtspZugsicherung="45.8333" Fahrtkm="49.3855" FahrtHLDruck="5"/>
<FahrtEintrag FahrtWeg="1516.7542" FahrtZeit="2023-02-07 09:50:25" Kennung_FahrtZeitms="2023-02-07 09:50:25:128" FahrtspStrecke="11.1111" FahrtspSignal="-1" FahrtspZugsicherung="45.8333" Fahrtkm="49.3855" FahrtHLDruck="5"/>
<FahrtEintrag FahrtWeg="1516.7542" FahrtZeit="2023-02-07 09:50:30" Kennung_FahrtZeitms="2023-02-07 09:50:30:130" FahrtspStrecke="11.1111" FahrtspSignal="-1" FahrtspZugsicherung="45.8333" Fahrtkm="49.3855" FahrtHLDruck="5"/>
<FahrtEintrag FahrtWeg="1516.7542" FahrtZeit="2023-02-07 09:50:35" Kennung_FahrtZeitms="2023-02-07 09:50:35:132" FahrtspStrecke="11.1111" FahrtspSignal="-1" FahrtspZugsicherung="45.8333" Fahrtkm="49.3855" FahrtHLDruck="5"/>
<FahrtEintrag FahrtWeg="1516.7542" FahrtZeit="2023-02-07 09:50:40" Kennung_FahrtZeitms="2023-02-07 09:50:40:134" FahrtspStrecke="11.1111" FahrtspSignal="-1" FahrtspZugsicherung="45.8333" Fahrtkm="49.3855" FahrtHLDruck="5"/>
<FahrtEintrag FahrtWeg="1516.7542" FahrtZeit="2023-02-07 09:50:45" Kennung_FahrtZeitms="2023-02-07 09:50:45:136" FahrtspStrecke="11.1111" FahrtspSignal="-1" FahrtspZugsicherung="45.8333" Fahrtkm="49.3855" FahrtHLDruck="5"/>
<FahrtEintrag FahrtWeg="1516.7542" FahrtZeit="2023-02-07 09:50:50" Kennung_FahrtZeitms="2023-02-07 09:50:50:138" FahrtspStrecke="11.1111" FahrtspSignal="-1" FahrtspZugsicherung="45.8333" Fahrtkm="49.3855" FahrtHLDruck="5"/>
<FahrtEintrag FahrtWeg="1516.7542" FahrtZeit="2023-02-07 09:50:55" Kennung_FahrtZeitms="2023-02-07 09:50:55:140" FahrtspStrecke="11.1111" FahrtspSignal="-1" FahrtspZugsicherung="45.8333" Fahrtkm="49.3855" FahrtHLDruck="5"/>
<FahrtEintrag FahrtWeg="1516.7542" FahrtZeit="2023-02-07 09:51:00" Kennung_FahrtZeitms="2023-02-07 09:51:00:142" FahrtspStrecke="11.1111" FahrtspSignal="-1" FahrtspZugsicherung="45.8333" Fahrtkm="49.3855" FahrtHLDruck="5"/>
<FahrtEintrag FahrtWeg="1516.7542" FahrtZeit="2023-02-07 09:51:05" Kennung_FahrtZeitms="2023-02-07 09:51:05:144" FahrtspStrecke="11.1111" FahrtspSignal="-1" FahrtspZugsicherung="45.8333" Fahrtkm="49.3855" FahrtHLDruck="5"/>
<FahrtEintrag FahrtWeg="1516.7542" FahrtZeit="2023-02-07 09:51:10" Kennung_FahrtZeitms="2023-02-07 09:51:10:147" FahrtspStrecke="11.1111" FahrtspSignal="-1" FahrtspZugsicherung="45.8333" Fahrtkm="49.3855" FahrtHLDruck="5"/>
<FahrtEintrag FahrtWeg="1516.7542" FahrtZeit="2023-02-07 09:51:15" Kennung_FahrtZeitms="2023-02-07 09:51:15:148" FahrtspStrecke="11.1111" FahrtspSignal="-1" FahrtspZugsicherung="45.8333" Fahrtkm="49.3855" FahrtHLDruck="5"/>
<FahrtEintrag FahrtWeg="1516.7542" FahrtZeit="2023-02-07 09:51:20" Kennung_FahrtZeitms="2023-02-07 09:51:20:150" FahrtspStrecke="11.1111" FahrtspSignal="-1" FahrtspZugsicherung="45.8333" Fahrtkm="49.3855" FahrtHLDruck="5"/>
<FahrtEintrag FahrtWeg="1516.7542" FahrtZeit="2023-02-07 09:51:25" Kennung_FahrtZeitms="2023-02-07 09:51:25:152" FahrtspStrecke="11.1111" FahrtspSignal="-1" FahrtspZugsicherung="45.8333" Fahrtkm="49.3855" FahrtHLDruck="5"/>
<FahrtEintrag FahrtWeg="1516.7542" FahrtZeit="2023-02-07 09:51:30" Kennung_FahrtZeitms="2023-02-07 09:51:30:154" FahrtspStrecke="11.1111" FahrtspSignal="-1" FahrtspZugsicherung="45.8333" Fahrtkm="49.3855" FahrtHLDruck="5"/>
<FahrtEintrag FahrtWeg="1516.7542" FahrtZeit="2023-02-07 09:51:35" Kennung_FahrtZeitms="2023-02-07 09:51:35:156" FahrtspStrecke="11.1111" FahrtspSignal="-1" FahrtspZugsicherung="45.8333" Fahrtkm="49.3855" FahrtHLDruck="5"/>
<FahrtEintrag FahrtWeg="1516.7542" FahrtZeit="2023-02-07 09:51:40" Kennung_FahrtZeitms="2023-02-07 09:51:40:158" FahrtspStrecke="11.1111" FahrtspSignal="-1" FahrtspZugsicherung="45.8333" Fahrtkm="49.3855" FahrtHLDruck="5"/>
<FahrtEintrag FahrtWeg="1516.7542" FahrtZeit="2023-02-07 09:51:45" Kennung_FahrtZeitms="2023-02-07 09:51:45:160" FahrtspStrecke="11.1111" FahrtspSignal="-1" FahrtspZugsicherung="45.8333" Fahrtkm="49.3855" FahrtHLDruck="5"/>
<FahrtEintrag FahrtWeg="1516.7542" FahrtZeit="2023-02-07 09:51:50" Kennung_FahrtZeitms="2023-02-07 09:51:50:162" FahrtspStrecke="11.1111" FahrtspSignal="-1" FahrtspZugsicherung="45.8333" Fahrtkm="49.3855" FahrtHLDruck="5"/>
<FahrtEintrag FahrtWeg="1516.7542" FahrtZeit="2023-02-07 09:51:55" Kennung_FahrtZeitms="2023-02-07 09:51:55:164" FahrtspStrecke="11.1111" FahrtspSignal="-1" FahrtspZugsicherung="45.8333" Fahrtkm="49.3855" FahrtHLDruck="5"/>
<FahrtEintrag FahrtWeg="1516.7542" FahrtZeit="2023-02-07 09:52:00" Kennung_FahrtZeitms="2023-02-07 09:52:00:166" FahrtspStrecke="11.1111" FahrtspSignal="-1" FahrtspZugsicherung="45.8333" Fahrtkm="49.3855" FahrtHLDruck="5"/>
<FahrtEintrag FahrtWeg="1516.7542" FahrtZeit="2023-02-07 09:52:05" Kennung_FahrtZeitms="2023-02-07 09:52:05:168" FahrtspStrecke="11.1111" FahrtspSignal="-1" FahrtspZugsicherung="45.8333" Fahrtkm="49.3855" FahrtHLDruck="5"/>
<FahrtEintrag FahrtWeg="1516.7542" FahrtZeit="2023-02-07 09:52:10" Kennung_FahrtZeitms="2023-02-07 09:52:10:170" FahrtspStrecke="11.1111" FahrtspSignal="-1" FahrtspZugsicherung="45.8333" Fahrtkm="49.3855" FahrtHLDruck="5"/>
<FahrtEintrag FahrtWeg="1516.7542" FahrtZeit="2023-02-07 09:52:15" Kennung_FahrtZeitms="2023-02-07 09:52:15:172" FahrtspStrecke="11.1111" FahrtspSignal="-1" FahrtspZugsicherung="45.8333" Fahrtkm="49.3855" FahrtHLDruck="5"/>
<FahrtEintrag FahrtWeg="1516.7542" FahrtZeit="2023-02-07 09:52:20" Kennung_FahrtZeitms="2023-02-07 09:52:20:174" FahrtspStrecke="11.1111" FahrtspSignal="-1" FahrtspZugsicherung="45.8333" Fahrtkm="49.3855" FahrtHLDruck="5"/>
<FahrtEintrag FahrtWeg="1516.7542" FahrtZeit="2023-02-07 09:52:25" Kennung_FahrtZeitms="2023-02-07 09:52:25:176" FahrtspStrecke="11.1111" FahrtspSignal="-1" FahrtspZugsicherung="45.8333" Fahrtkm="49.3855" FahrtHLDruck="5"/>
<FahrtEintrag FahrtWeg="1516.7542" FahrtZeit="2023-02-07 09:52:30" Kennung_FahrtZeitms="2023-02-07 09:52:30:178" FahrtspStrecke="11.1111" FahrtspSignal="-1" FahrtspZugsicherung="45.8333" Fahrtkm="49.3855" FahrtHLDruck="5"/>
<FahrtEintrag FahrtWeg="1516.7542" FahrtZeit="2023-02-07 09:52:35" Kennung_FahrtZeitms="2023-02-07 09:52:35:180" FahrtspStrecke="11.1111" FahrtspSignal="-1" FahrtspZugsicherung="45.8333" Fahrtkm="49.3855" FahrtHLDruck="5"/>
<FahrtEintrag FahrtWeg="1516.7542" FahrtZeit="2023-02-07 09:52:40" Kennung_FahrtZeitms="2023-02-07 09:52:40:182" FahrtspStrecke="11.1111" FahrtspSignal="-1" FahrtspZugsicherung="45.8333" Fahrtkm="49.3855" FahrtHLDruck="5"/>
<FahrtEintrag FahrtWeg="1516.7542" FahrtZeit="2023-02-07 09:52:45" Kennung_FahrtZeitms="2023-02-07 09:52:45:184" FahrtspStrecke="11.1111" FahrtspSignal="-1" FahrtspZugsicherung="45.8333" Fahrtkm="49.3855" FahrtHLDruck="5"/>
<FahrtEintrag FahrtWeg="1516.7542" FahrtZeit="2023-02-07 09:52:50" Kennung_FahrtZeitms="2023-02-07 09:52:50:186" FahrtspStrecke="11.1111" FahrtspSignal="-1" FahrtspZugsicherung="45.8333" Fahrtkm="49.3855" FahrtHLDruck="5"/>
<FahrtEintrag FahrtWeg="1516.7542" FahrtZeit="2023-02-07 09:52:55" Kennung_FahrtZeitms="2023-02-07 09:52:55:188" FahrtspStrecke="11.1111" FahrtspSignal="-1" FahrtspZugsicherung="45.8333" Fahrtkm="49.3855" FahrtHLDruck="5"/>
<FahrtEintrag FahrtWeg="1516.7542" FahrtZeit="2023-02-07 09:53:00" Kennung_FahrtZeitms="2023-02-07 09:53:00:190" FahrtspStrecke="11.1111" FahrtspSignal="-1" FahrtspZugsicherung="45.8333" Fahrtkm="49.3855" FahrtHLDruck="5"/>
<FahrtEintrag FahrtWeg="1516.7542" FahrtZeit="2023-02-07 09:53:05" Kennung_FahrtZeitms="2023-02-07 09:53:05:192" FahrtspStrecke="11.1111" FahrtspSignal="-1" FahrtspZugsicherung="45.8333" Fahrtkm="49.3855" FahrtHLDruck="5"/>
<FahrtEintrag FahrtWeg="1516.7542" FahrtZeit="2023-02-07 09:53:10" Kennung_FahrtZeitms="2023-02-07 09:53:10:194" FahrtspStrecke="11.1111" FahrtspSignal="-1" FahrtspZugsicherung="45.8333" Fahrtkm="49.3855" FahrtHLDruck="5"/>
<FahrtEintrag FahrtWeg="1516.7542" FahrtZeit="2023-02-07 09:53:15" Kennung_FahrtZeitms="2023-02-07 09:53:15:196" FahrtspStrecke="11.1111" FahrtspSignal="-1" FahrtspZugsicherung="45.8333" Fahrtkm="49.3855" FahrtHLDruck="5"/>
<FahrtEintrag FahrtWeg="1516.7542" FahrtZeit="2023-02-07 09:53:20" Kennung_FahrtZeitms="2023-02-07 09:53:20:198" FahrtspStrecke="11.1111" FahrtspSignal="-1" FahrtspZugsicherung="45.8333" Fahrtkm="49.3855" FahrtHLDruck="5"/>
<FahrtEintrag FahrtWeg="1516.7542" FahrtZeit="2023-02-07 09:53:25" Kennung_FahrtZeitms="2023-02-07 09:53:25:200" FahrtspStrecke="11.1111" FahrtspSignal="-1" FahrtspZugsicherung="45.8333" Fahrtkm="49.3855" FahrtHLDruck="5"/>
<FahrtEintrag FahrtWeg="1516.7542" FahrtZeit="2023-02-07 09:53:30" Kennung_FahrtZeitms="2023-02-07 09:53:30:202" FahrtspStrecke="11.1111" FahrtspSignal="-1" FahrtspZugsicherung="45.8333" Fahrtkm="49.3855" FahrtHLDruck="5"/>
<FahrtEintrag FahrtWeg="1516.7542" FahrtZeit="2023-02-07 09:53:35" Kennung_FahrtZeitms="2023-02-07 09:53:35:204" FahrtspStrecke="11.1111" FahrtspSignal="-1" FahrtspZugsicherung="45.8333" Fahrtkm="49.3855" FahrtHLDruck="5"/>
<FahrtEintrag FahrtWeg="1516.7542" FahrtZeit="2023-02-07 09:53:40" Kennung_FahrtZeitms="2023-02-07 09:53:40:206" FahrtspStrecke="11.1111" FahrtspSignal="-1" FahrtspZugsicherung="45.8333" Fahrtkm="49.3855" FahrtHLDruck="5"/>
<FahrtEintrag FahrtWeg="1516.7542" FahrtZeit="2023-02-07 09:53:45" Kennung_FahrtZeitms="2023-02-07 09:53:45:208" FahrtspStrecke="11.1111" FahrtspSignal="-1" FahrtspZugsicherung="45.8333" Fahrtkm="49.3855" FahrtHLDruck="5"/>
<FahrtEintrag FahrtWeg="1516.7542" FahrtZeit="2023-02-07 09:53:50" Kennung_FahrtZeitms="2023-02-07 09:53:50:210" FahrtspStrecke="11.1111" FahrtspSignal="-1" FahrtspZugsicherung="45.8333" Fahrtkm="49.3855" FahrtHLDruck="5"/>
<FahrtEintrag FahrtWeg="1516.7542" FahrtZeit="2023-02-07 09:53:55" Kennung_FahrtZeitms="2023-02-07 09:53:55:212" FahrtspStrecke="11.1111" FahrtspSignal="-1" FahrtspZugsicherung="45.8333" Fahrtkm="49.3855" FahrtHLDruck="5"/>
<FahrtEintrag FahrtWeg="1516.7542" FahrtZeit="2023-02-07 09:54:00" Kennung_FahrtZeitms="2023-02-07 09:54:00:213" FahrtspStrecke="11.1111" FahrtspSignal="-1" FahrtspZugsicherung="45.8333" Fahrtkm="49.3855" FahrtHLDruck="5"/>
<FahrtEintrag FahrtWeg="1516.7542" FahrtZeit="2023-02-07 09:54:05" Kennung_FahrtZeitms="2023-02-07 09:54:05:216" FahrtspStrecke="11.1111" FahrtspSignal="-1" FahrtspZugsicherung="45.8333" Fahrtkm="49.3855" FahrtHLDruck="5"/>
<FahrtEintrag FahrtWeg="1516.7542" FahrtZeit="2023-02-07 09:54:10" Kennung_FahrtZeitms="2023-02-07 09:54:10:218" FahrtspStrecke="11.1111" FahrtspSignal="-1" FahrtspZugsicherung="45.8333" Fahrtkm="49.3855" FahrtHLDruck="5"/>
<FahrtEintrag FahrtWeg="1516.7542" FahrtZeit="2023-02-07 09:54:15" Kennung_FahrtZeitms="2023-02-07 09:54:15:220" FahrtspStrecke="11.1111" FahrtspSignal="-1" FahrtspZugsicherung="45.8333" Fahrtkm="49.3855" FahrtHLDruck="5"/>
<FahrtEintrag FahrtWeg="1516.7542" FahrtZeit="2023-02-07 09:54:20" Kennung_FahrtZeitms="2023-02-07 09:54:20:222" FahrtspStrecke="11.1111" FahrtspSignal="-1" FahrtspZugsicherung="45.8333" Fahrtkm="49.3855" FahrtHLDruck="5"/>
<FahrtEintrag FahrtWeg="1516.7542" FahrtZeit="2023-02-07 09:54:25" Kennung_FahrtZeitms="2023-02-07 09:54:25:224" FahrtspStrecke="11.1111" FahrtspSignal="-1" FahrtspZugsicherung="45.8333" Fahrtkm="49.3855" FahrtHLDruck="5"/>
<FahrtEintrag FahrtWeg="1516.7542" FahrtZeit="2023-02-07 09:54:30" Kennung_FahrtZeitms="2023-02-07 09:54:30:226" FahrtspStrecke="11.1111" FahrtspSignal="-1" FahrtspZugsicherung="45.8333" Fahrtkm="49.3855" FahrtHLDruck="5"/>
<FahrtEintrag FahrtWeg="1516.7542" FahrtZeit="2023-02-07 09:54:35" Kennung_FahrtZeitms="2023-02-07 09:54:35:228" FahrtspStrecke="11.1111" FahrtspSignal="-1" FahrtspZugsicherung="45.8333" Fahrtkm="49.3855" FahrtHLDruck="5"/>
<FahrtEintrag FahrtWeg="1516.7542" FahrtZeit="2023-02-07 09:54:40" Kennung_FahrtZeitms="2023-02-07 09:54:40:230" FahrtspStrecke="11.1111" FahrtspSignal="-1" FahrtspZugsicherung="45.8333" Fahrtkm="49.3855" FahrtHLDruck="5"/>
<FahrtEintrag FahrtWeg="1516.7542" FahrtZeit="2023-02-07 09:54:45" Kennung_FahrtZeitms="2023-02-07 09:54:45:232" FahrtspStrecke="11.1111" FahrtspSignal="-1" FahrtspZugsicherung="45.8333" Fahrtkm="49.3855" FahrtHLDruck="5"/>
<FahrtEintrag FahrtWeg="1516.7542" FahrtZeit="2023-02-07 09:54:50" Kennung_FahrtZeitms="2023-02-07 09:54:50:234" FahrtspStrecke="11.1111" FahrtspSignal="-1" FahrtspZugsicherung="45.8333" Fahrtkm="49.3855" FahrtHLDruck="5"/>
<FahrtEintrag FahrtWeg="1516.7542" FahrtZeit="2023-02-07 09:54:55" Kennung_FahrtZeitms="2023-02-07 09:54:55:236" FahrtspStrecke="11.1111" FahrtspSignal="-1" FahrtspZugsicherung="45.8333" Fahrtkm="49.3855" FahrtHLDruck="5"/>
<FahrtEintrag FahrtWeg="1516.7542" FahrtZeit="2023-02-07 09:55:00" Kennung_FahrtZeitms="2023-02-07 09:55:00:238" FahrtspStrecke="11.1111" FahrtspSignal="-1" FahrtspZugsicherung="45.8333" Fahrtkm="49.3855" FahrtHLDruck="5"/>
<FahrtEintrag FahrtWeg="1516.7542" FahrtZeit="2023-02-07 09:55:05" Kennung_FahrtZeitms="2023-02-07 09:55:05:240" FahrtspStrecke="11.1111" FahrtspSignal="-1" FahrtspZugsicherung="45.8333" Fahrtkm="49.3855" FahrtHLDruck="5"/>
<FahrtEintrag FahrtWeg="1516.7542" FahrtZeit="2023-02-07 09:55:10" Kennung_FahrtZeitms="2023-02-07 09:55:10:242" FahrtspStrecke="11.1111" FahrtspSignal="-1" FahrtspZugsicherung="45.8333" Fahrtkm="49.3855" FahrtHLDruck="5"/>
<FahrtEintrag FahrtWeg="1516.7542" FahrtZeit="2023-02-07 09:55:15" Kennung_FahrtZeitms="2023-02-07 09:55:15:244" FahrtspStrecke="11.1111" FahrtspSignal="-1" FahrtspZugsicherung="45.8333" Fahrtkm="49.3855" FahrtHLDruck="5"/>
<FahrtEintrag FahrtWeg="1516.7542" FahrtZeit="2023-02-07 09:55:20" Kennung_FahrtZeitms="2023-02-07 09:55:20:246" FahrtspStrecke="11.1111" FahrtspSignal="-1" FahrtspZugsicherung="45.8333" Fahrtkm="49.3855" FahrtHLDruck="5"/>
<FahrtEintrag FahrtWeg="1516.7542" FahrtZeit="2023-02-07 09:55:25" Kennung_FahrtZeitms="2023-02-07 09:55:25:248" FahrtspStrecke="11.1111" FahrtspSignal="-1" FahrtspZugsicherung="45.8333" Fahrtkm="49.3855" FahrtHLDruck="5"/>
<FahrtEintrag FahrtWeg="1516.7542" FahrtZeit="2023-02-07 09:55:30" Kennung_FahrtZeitms="2023-02-07 09:55:30:250" FahrtspStrecke="11.1111" FahrtspSignal="-1" FahrtspZugsicherung="45.8333" Fahrtkm="49.3855" FahrtHLDruck="5"/>
<FahrtEintrag FahrtWeg="1516.7542" FahrtZeit="2023-02-07 09:55:35" Kennung_FahrtZeitms="2023-02-07 09:55:35:252" FahrtspStrecke="11.1111" FahrtspSignal="-1" FahrtspZugsicherung="45.8333" Fahrtkm="49.3855" FahrtHLDruck="5"/>
<FahrtEintrag FahrtWeg="1516.7542" FahrtZeit="2023-02-07 09:55:40" Kennung_FahrtZeitms="2023-02-07 09:55:40:254" FahrtspStrecke="11.1111" FahrtspSignal="-1" FahrtspZugsicherung="45.8333" Fahrtkm="49.3855" FahrtHLDruck="5"/>
<FahrtEintrag FahrtWeg="1516.7542" FahrtZeit="2023-02-07 09:55:45" Kennung_FahrtZeitms="2023-02-07 09:55:45:256" FahrtspStrecke="11.1111" FahrtspSignal="-1" FahrtspZugsicherung="45.8333" Fahrtkm="49.3855" FahrtHLDruck="5"/>
<FahrtEintrag FahrtWeg="1516.7542" FahrtZeit="2023-02-07 09:55:50" Kennung_FahrtZeitms="2023-02-07 09:55:50:258" FahrtspStrecke="11.1111" FahrtspSignal="-1" FahrtspZugsicherung="45.8333" Fahrtkm="49.3855" FahrtHLDruck="5"/>
<FahrtEintrag FahrtWeg="1516.7542" FahrtZeit="2023-02-07 09:55:55" Kennung_FahrtZeitms="2023-02-07 09:55:55:261" FahrtspStrecke="11.1111" FahrtspSignal="-1" FahrtspZugsicherung="45.8333" Fahrtkm="49.3855" FahrtHLDruck="5"/>
<FahrtEintrag FahrtWeg="1516.7542" FahrtZeit="2023-02-07 09:56:00" Kennung_FahrtZeitms="2023-02-07 09:56:00:262" FahrtspStrecke="11.1111" FahrtspSignal="-1" FahrtspZugsicherung="45.8333" Fahrtkm="49.3855" FahrtHLDruck="5"/>
<FahrtEintrag FahrtWeg="1516.7542" FahrtZeit="2023-02-07 09:56:05" Kennung_FahrtZeitms="2023-02-07 09:56:05:264" FahrtspStrecke="11.1111" FahrtspSignal="-1" FahrtspZugsicherung="45.8333" Fahrtkm="49.3855" FahrtHLDruck="5"/>
<FahrtEintrag FahrtWeg="1516.7542" FahrtZeit="2023-02-07 09:56:10" Kennung_FahrtZeitms="2023-02-07 09:56:10:266" FahrtspStrecke="11.1111" FahrtspSignal="-1" FahrtspZugsicherung="45.8333" Fahrtkm="49.3855" FahrtHLDruck="5"/>
<FahrtEintrag FahrtWeg="1516.7542" FahrtZeit="2023-02-07 09:56:15" Kennung_FahrtZeitms="2023-02-07 09:56:15:268" FahrtspStrecke="11.1111" FahrtspSignal="-1" FahrtspZugsicherung="45.8333" Fahrtkm="49.3855" FahrtHLDruck="5"/>
<FahrtEintrag FahrtWeg="1516.7542" FahrtZeit="2023-02-07 09:56:20" Kennung_FahrtZeitms="2023-02-07 09:56:20:270" FahrtspStrecke="11.1111" FahrtspSignal="-1" FahrtspZugsicherung="45.8333" Fahrtkm="49.3855" FahrtHLDruck="5"/>
<FahrtEintrag FahrtWeg="1516.7542" FahrtZeit="2023-02-07 09:56:25" Kennung_FahrtZeitms="2023-02-07 09:56:25:272" FahrtspStrecke="11.1111" FahrtspSignal="-1" FahrtspZugsicherung="45.8333" Fahrtkm="49.3855" FahrtHLDruck="5"/>
<FahrtEintrag FahrtWeg="1516.7542" FahrtZeit="2023-02-07 09:56:30" Kennung_FahrtZeitms="2023-02-07 09:56:30:274" FahrtspStrecke="11.1111" FahrtspSignal="-1" FahrtspZugsicherung="45.8333" Fahrtkm="49.3855" FahrtHLDruck="5"/>
<FahrtEintrag FahrtWeg="1516.7542" FahrtZeit="2023-02-07 09:56:35" Kennung_FahrtZeitms="2023-02-07 09:56:35:276" FahrtspStrecke="11.1111" FahrtspSignal="-1" FahrtspZugsicherung="45.8333" Fahrtkm="49.3855" FahrtHLDruck="5"/>
<FahrtEintrag FahrtWeg="1516.7542" FahrtZeit="2023-02-07 09:56:40" Kennung_FahrtZeitms="2023-02-07 09:56:40:278" FahrtspStrecke="11.1111" FahrtspSignal="-1" FahrtspZugsicherung="45.8333" Fahrtkm="49.3855" FahrtHLDruck="5"/>
<FahrtEintrag FahrtWeg="1516.7542" FahrtZeit="2023-02-07 09:56:45" Kennung_FahrtZeitms="2023-02-07 09:56:45:281" FahrtspStrecke="11.1111" FahrtspSignal="-1" FahrtspZugsicherung="45.8333" Fahrtkm="49.3855" FahrtHLDruck="5"/>
<FahrtEintrag FahrtWeg="1516.7542" FahrtZeit="2023-02-07 09:56:50" Kennung_FahrtZeitms="2023-02-07 09:56:50:282" FahrtspStrecke="11.1111" FahrtspSignal="-1" FahrtspZugsicherung="45.8333" Fahrtkm="49.3855" FahrtHLDruck="5"/>
<FahrtEintrag FahrtWeg="1516.7542" FahrtZeit="2023-02-07 09:56:55" Kennung_FahrtZeitms="2023-02-07 09:56:55:284" FahrtspStrecke="11.1111" FahrtspSignal="-1" FahrtspZugsicherung="45.8333" Fahrtkm="49.3855" FahrtHLDruck="5"/>
<FahrtEintrag FahrtWeg="1516.7542" FahrtZeit="2023-02-07 09:57:00" Kennung_FahrtZeitms="2023-02-07 09:57:00:286" FahrtspStrecke="11.1111" FahrtspSignal="-1" FahrtspZugsicherung="45.8333" Fahrtkm="49.3855" FahrtHLDruck="5"/>
<FahrtEintrag FahrtWeg="1516.7542" FahrtZeit="2023-02-07 09:57:05" Kennung_FahrtZeitms="2023-02-07 09:57:05:288" FahrtspStrecke="11.1111" FahrtspSignal="-1" FahrtspZugsicherung="45.8333" Fahrtkm="49.3855" FahrtHLDruck="5"/>
<FahrtEintrag FahrtWeg="1516.7542" FahrtZeit="2023-02-07 09:57:10" Kennung_FahrtZeitms="2023-02-07 09:57:10:290" FahrtspStrecke="11.1111" FahrtspSignal="-1" FahrtspZugsicherung="45.8333" Fahrtkm="49.3855" FahrtHLDruck="5"/>
<FahrtEintrag FahrtWeg="1516.7542" FahrtZeit="2023-02-07 09:57:15" Kennung_FahrtZeitms="2023-02-07 09:57:15:292" FahrtspStrecke="11.1111" FahrtspSignal="-1" FahrtspZugsicherung="45.8333" Fahrtkm="49.3855" FahrtHLDruck="5"/>
<FahrtEintrag FahrtWeg="1516.7542" FahrtZeit="2023-02-07 09:57:20" Kennung_FahrtZeitms="2023-02-07 09:57:20:294" FahrtspStrecke="11.1111" FahrtspSignal="-1" FahrtspZugsicherung="45.8333" Fahrtkm="49.3855" FahrtHLDruck="5"/>
<FahrtEintrag FahrtWeg="1516.7542" FahrtZeit="2023-02-07 09:57:25" Kennung_FahrtZeitms="2023-02-07 09:57:25:296" FahrtspStrecke="11.1111" FahrtspSignal="-1" FahrtspZugsicherung="45.8333" Fahrtkm="49.3855" FahrtHLDruck="5"/>
<FahrtEintrag FahrtWeg="1516.7542" FahrtZeit="2023-02-07 09:57:30" Kennung_FahrtZeitms="2023-02-07 09:57:30:298" FahrtspStrecke="11.1111" FahrtspSignal="-1" FahrtspZugsicherung="45.8333" Fahrtkm="49.3855" FahrtHLDruck="5"/>
<FahrtEintrag FahrtWeg="1516.7542" FahrtZeit="2023-02-07 09:57:35" Kennung_FahrtZeitms="2023-02-07 09:57:35:300" FahrtspStrecke="11.1111" FahrtspSignal="-1" FahrtspZugsicherung="45.8333" Fahrtkm="49.3855" FahrtHLDruck="5"/>
<FahrtEintrag FahrtWeg="1516.7542" FahrtZeit="2023-02-07 09:57:41" Kennung_FahrtZeitms="2023-02-07 09:57:41:302" FahrtspStrecke="11.1111" FahrtspSignal="-1" FahrtspZugsicherung="45.8333" Fahrtkm="49.3855" FahrtHLDruck="5"/>
<FahrtEintrag FahrtWeg="1516.7542" FahrtZeit="2023-02-07 09:57:46" Kennung_FahrtZeitms="2023-02-07 09:57:46:304" FahrtspStrecke="11.1111" FahrtspSignal="-1" FahrtspZugsicherung="45.8333" Fahrtkm="49.3855" FahrtHLDruck="5"/>
<FahrtEintrag FahrtWeg="1516.7542" FahrtZeit="2023-02-07 09:57:51" Kennung_FahrtZeitms="2023-02-07 09:57:51:306" FahrtspStrecke="11.1111" FahrtspSignal="-1" FahrtspZugsicherung="45.8333" Fahrtkm="49.3855" FahrtHLDruck="5"/>
<FahrtEintrag FahrtWeg="1516.7542" FahrtZeit="2023-02-07 09:57:56" Kennung_FahrtZeitms="2023-02-07 09:57:56:308" FahrtspStrecke="11.1111" FahrtspSignal="-1" FahrtspZugsicherung="45.8333" Fahrtkm="49.3855" FahrtHLDruck="5"/>
<FahrtEintrag FahrtWeg="1516.7542" FahrtZeit="2023-02-07 09:58:01" Kennung_FahrtZeitms="2023-02-07 09:58:01:310" FahrtspStrecke="11.1111" FahrtspSignal="-1" FahrtspZugsicherung="45.8333" Fahrtkm="49.3855" FahrtHLDruck="5"/>
<FahrtEintrag FahrtWeg="1516.7542" FahrtZeit="2023-02-07 09:58:06" Kennung_FahrtZeitms="2023-02-07 09:58:06:312" FahrtspStrecke="11.1111" FahrtspSignal="-1" FahrtspZugsicherung="45.8333" Fahrtkm="49.3855" FahrtHLDruck="5"/>
<FahrtEintrag FahrtWeg="1516.7542" FahrtZeit="2023-02-07 09:58:11" Kennung_FahrtZeitms="2023-02-07 09:58:11:315" FahrtspStrecke="11.1111" FahrtspSignal="-1" FahrtspZugsicherung="45.8333" Fahrtkm="49.3855" FahrtHLDruck="5"/>
<FahrtEintrag FahrtWeg="1516.7542" FahrtZeit="2023-02-07 09:58:16" Kennung_FahrtZeitms="2023-02-07 09:58:16:316" FahrtspStrecke="11.1111" FahrtspSignal="-1" FahrtspZugsicherung="45.8333" Fahrtkm="49.3855" FahrtHLDruck="5"/>
<FahrtEintrag FahrtWeg="1516.7542" FahrtZeit="2023-02-07 09:58:21" Kennung_FahrtZeitms="2023-02-07 09:58:21:318" FahrtspStrecke="11.1111" FahrtspSignal="-1" FahrtspZugsicherung="45.8333" Fahrtkm="49.3855" FahrtHLDruck="5"/>
<FahrtEintrag FahrtWeg="1516.7542" FahrtZeit="2023-02-07 09:58:26" Kennung_FahrtZeitms="2023-02-07 09:58:26:320" FahrtspStrecke="11.1111" FahrtspSignal="-1" FahrtspZugsicherung="45.8333" Fahrtkm="49.3855" FahrtHLDruck="5"/>
<FahrtEintrag FahrtWeg="1516.7542" FahrtZeit="2023-02-07 09:58:31" Kennung_FahrtZeitms="2023-02-07 09:58:31:323" FahrtspStrecke="11.1111" FahrtspSignal="-1" FahrtspZugsicherung="45.8333" Fahrtkm="49.3855" FahrtHLDruck="5"/>
<FahrtEintrag FahrtWeg="1516.7542" FahrtZeit="2023-02-07 09:58:36" Kennung_FahrtZeitms="2023-02-07 09:58:36:324" FahrtspStrecke="11.1111" FahrtspSignal="-1" FahrtspZugsicherung="45.8333" Fahrtkm="49.3855" FahrtHLDruck="5"/>
<FahrtEintrag FahrtWeg="1516.7542" FahrtZeit="2023-02-07 09:58:41" Kennung_FahrtZeitms="2023-02-07 09:58:41:326" FahrtspStrecke="11.1111" FahrtspSignal="-1" FahrtspZugsicherung="45.8333" Fahrtkm="49.3855" FahrtHLDruck="5"/>
<FahrtEintrag FahrtWeg="1516.7542" FahrtZeit="2023-02-07 09:58:46" Kennung_FahrtZeitms="2023-02-07 09:58:46:328" FahrtspStrecke="11.1111" FahrtspSignal="-1" FahrtspZugsicherung="45.8333" Fahrtkm="49.3855" FahrtHLDruck="5"/>
<FahrtEintrag FahrtWeg="1516.7542" FahrtZeit="2023-02-07 09:58:51" Kennung_FahrtZeitms="2023-02-07 09:58:51:330" FahrtspStrecke="11.1111" FahrtspSignal="-1" FahrtspZugsicherung="45.8333" Fahrtkm="49.3855" FahrtHLDruck="5"/>
<FahrtEintrag FahrtWeg="1516.7542" FahrtZeit="2023-02-07 09:58:56" Kennung_FahrtZeitms="2023-02-07 09:58:56:332" FahrtspStrecke="11.1111" FahrtspSignal="-1" FahrtspZugsicherung="45.8333" Fahrtkm="49.3855" FahrtHLDruck="5"/>
<FahrtEintrag FahrtWeg="1516.7542" FahrtZeit="2023-02-07 09:59:01" Kennung_FahrtZeitms="2023-02-07 09:59:01:334" FahrtspStrecke="11.1111" FahrtspSignal="-1" FahrtspZugsicherung="45.8333" Fahrtkm="49.3855" FahrtHLDruck="5"/>
<FahrtEintrag FahrtWeg="1516.7542" FahrtZeit="2023-02-07 09:59:06" Kennung_FahrtZeitms="2023-02-07 09:59:06:336" FahrtspStrecke="11.1111" FahrtspSignal="-1" FahrtspZugsicherung="45.8333" Fahrtkm="49.3855" FahrtHLDruck="5"/>
<FahrtEintrag FahrtWeg="1516.7542" FahrtZeit="2023-02-07 09:59:11" Kennung_FahrtZeitms="2023-02-07 09:59:11:338" FahrtspStrecke="11.1111" FahrtspSignal="-1" FahrtspZugsicherung="45.8333" Fahrtkm="49.3855" FahrtHLDruck="5"/>
<FahrtEintrag FahrtWeg="1516.7542" FahrtZeit="2023-02-07 09:59:16" Kennung_FahrtZeitms="2023-02-07 09:59:16:340" FahrtspStrecke="11.1111" FahrtspSignal="-1" FahrtspZugsicherung="45.8333" Fahrtkm="49.3855" FahrtHLDruck="5"/>
<FahrtEintrag FahrtWeg="1517.3513" FahrtZeit="2023-02-07 09:59:21" Kennung_FahrtZeitms="2023-02-07 09:59:21:125" Fahrtsp="0.7635" FahrtspStrecke="11.1111" FahrtspSignal="-1" FahrtspZugsicherung="45.8333" Fahrtkm="49.3799" FahrtHLDruck="5" FahrtFBSchalter="16"/>
<FahrtEintrag FahrtWeg="1527.3734" FahrtZeit="2023-02-07 09:59:26" Kennung_FahrtZeitms="2023-02-07 09:59:26:542" Fahrtsp="2.9361" FahrtspStrecke="11.1111" FahrtspSignal="-1" FahrtspZugsicherung="12.5" Fahrtkm="49.393" FahrtHLDruck="5" FahrtFBSchalter="8"/>
<FahrtEintrag FahrtTyp="8" FahrtWeg="-1" FahrtZeit="2023-02-07 09:59:29" Kennung_FahrtZeitms="2023-02-07 09:59:29:575" Fahrtsp="-1" FahrtspStrecke="-1" FahrtspSignal="-1" FahrtspZugsicherung="-1" FahrtHLDruck="-1" FahrtParameter="9" FahrtFBSchalter="-10000"/>
<FahrtEintrag FahrtWeg="1535.5637" FahrtZeit="2023-02-07 09:59:29" Kennung_FahrtZeitms="2023-02-07 09:59:29:769" Fahrtsp="3.5171" FahrtspStrecke="11.1111" FahrtspSignal="-1" FahrtspZugsicherung="12.5" Fahrtkm="49.393" FahrtHLDruck="5" FahrtFBSchalter="8"/>
<FahrtEintrag FahrtTyp="5" FahrtWeg="1549.9469" FahrtZeit="2023-02-07 09:59:32" Kennung_FahrtZeitms="2023-02-07 09:59:32:894" Fahrtsp="4.3392" FahrtspStrecke="11.1111" FahrtspSignal="11.1111" FahrtspZugsicherung="12.5" FahrtText="Allenbach N1" Fahrtkm="49.406" FahrtHLDruck="5" FahrtFBSchalter="8"/>
<FahrtEintrag FahrtTyp="6" FahrtWeg="1549.9469" FahrtZeit="2023-02-07 09:59:32" Kennung_FahrtZeitms="2023-02-07 09:59:32:916" Fahrtsp="4.3392" FahrtspStrecke="11.1111" FahrtspSignal="11.1111" FahrtspZugsicherung="12.5" Fahrtkm="49.406" FahrtHLDruck="5" FahrtFBSchalter="8"/>
<FahrtEintrag FahrtTyp="8" FahrtWeg="-1" FahrtZeit="2023-02-07 09:59:32" Kennung_FahrtZeitms="2023-02-07 09:59:32:934" Fahrtsp="-1" FahrtspStrecke="-1" FahrtspSignal="-1" FahrtspZugsicherung="-1" FahrtHLDruck="-1" FahrtParameter="1" FahrtFBSchalter="-10000"/>
<FahrtEintrag FahrtWeg="1550.3727" FahrtZeit="2023-02-07 09:59:32" Kennung_FahrtZeitms="2023-02-07 09:59:32:953" Fahrtsp="4.3534" FahrtspStrecke="11.1111" FahrtspSignal="11.1111" FahrtspZugsicherung="12.5" Fahrtkm="49.4189" FahrtHLDruck="5" FahrtFBSchalter="8"/>
<FahrtEintrag FahrtWeg="1574.4288" FahrtZeit="2023-02-07 09:59:37" Kennung_FahrtZeitms="2023-02-07 09:59:37:343" Fahrtsp="5.3778" FahrtspStrecke="11.1111" FahrtspSignal="11.1111" FahrtspZugsicherung="12.5" Fahrtkm="49.4422" FahrtHLDruck="5" FahrtFBSchalter="10"/>
<FahrtEintrag FahrtWeg="1599.4907" FahrtZeit="2023-02-07 09:59:42" Kennung_FahrtZeitms="2023-02-07 09:59:42:611" Fahrtsp="6.5122" FahrtspStrecke="11.1111" FahrtspSignal="11.1111" FahrtspZugsicherung="12.5" Fahrtkm="49.4681" FahrtHLDruck="5" FahrtFBSchalter="10"/>
<FahrtEintrag FahrtWeg="1624.5273" FahrtZeit="2023-02-07 09:59:45" Kennung_FahrtZeitms="2023-02-07 09:59:45:321" Fahrtsp="6.9868" FahrtspStrecke="11.1111" FahrtspSignal="11.1111" FahrtspZugsicherung="12.5" Fahrtkm="49.4681" FahrtHLDruck="5"/>
<FahrtEintrag FahrtWeg="1649.702" FahrtZeit="2023-02-07 09:59:49" Kennung_FahrtZeitms="2023-02-07 09:59:49:593" Fahrtsp="6.9156" FahrtspStrecke="11.1111" FahrtspSignal="11.1111" FahrtspZugsicherung="12.5" Fahrtkm="49.4681" FahrtHLDruck="5"/>
<FahrtEintrag FahrtWeg="1674.819" FahrtZeit="2023-02-07 09:59:52" Kennung_FahrtZeitms="2023-02-07 09:59:52:741" Fahrtsp="7.4629" FahrtspStrecke="11.1111" FahrtspSignal="11.1111" FahrtspZugsicherung="12.5" Fahrtkm="49.5409" FahrtHLDruck="5" FahrtFBSchalter="9"/>
<FahrtEintrag FahrtWeg="1686.017" FahrtZeit="2023-02-07 09:59:54" Kennung_FahrtZeitms="2023-02-07 09:59:54:235" Fahrtsp="7.629" FahrtspStrecke="11.1111" FahrtspSignal="11.1111" FahrtspZugsicherung="12.5" Fahrtkm="49.5528" FahrtHLDruck="5" FahrtFBSchalter="9"/>
<FahrtEintrag FahrtWeg="1699.9988" FahrtZeit="2023-02-07 09:59:56" Kennung_FahrtZeitms="2023-02-07 09:59:56:652" Fahrtsp="8.0442" FahrtspStrecke="11.1111" FahrtspSignal="11.1111" FahrtspZugsicherung="12.5" Fahrtkm="49.565" FahrtHLDruck="5"/>
<FahrtEintrag FahrtWeg="1725.0103" FahrtZeit="2023-02-07 09:59:59" Kennung_FahrtZeitms="2023-02-07 09:59:59:731" Fahrtsp="7.9634" FahrtspStrecke="11.1111" FahrtspSignal="11.1111" FahrtspZugsicherung="12.5" Fahrtkm="49.5923" FahrtHLDruck="5"/>
<FahrtEintrag FahrtWeg="1750.1632" FahrtZeit="2023-02-07 10:00:02" Kennung_FahrtZeitms="2023-02-07 10:00:02:441" Fahrtsp="7.8974" FahrtspStrecke="11.1111" FahrtspSignal="11.1111" FahrtspZugsicherung="12.5" Fahrtkm="49.5923" FahrtHLDruck="5"/>
<FahrtEintrag FahrtWeg="1775.3184" FahrtZeit="2023-02-07 10:00:05" Kennung_FahrtZeitms="2023-02-07 10:00:05:315" Fahrtsp="7.9047" FahrtspStrecke="11.1111" FahrtspSignal="11.1111" FahrtspZugsicherung="12.5" Fahrtkm="49.5923" FahrtHLDruck="5" FahrtFBSchalter="2"/>
<FahrtEintrag FahrtWeg="1800.4698" FahrtZeit="2023-02-07 10:00:08" Kennung_FahrtZeitms="2023-02-07 10:00:08:227" Fahrtsp="8.5405" FahrtspStrecke="11.1111" FahrtspSignal="11.1111" FahrtspZugsicherung="12.5" Fahrtkm="49.6524" FahrtHLDruck="5" FahrtFBSchalter="4"/>
<FahrtEintrag FahrtWeg="1835.701" FahrtZeit="2023-02-07 10:00:12" Kennung_FahrtZeitms="2023-02-07 10:00:12:398" Fahrtsp="8.4527" FahrtspStrecke="11.1111" FahrtspSignal="11.1111" FahrtspZugsicherung="12.5" Fahrtkm="49.6524" FahrtHLDruck="5" FahrtFBSchalter="4"/>
<FahrtEintrag FahrtTyp="8" FahrtWeg="-1" FahrtZeit="2023-02-07 10:00:15" Kennung_FahrtZeitms="2023-02-07 10:00:15:205" Fahrtsp="-1" FahrtspStrecke="-1" FahrtspSignal="-1" FahrtspZugsicherung="-1" FahrtHLDruck="-1" FahrtParameter="48" FahrtFBSchalter="-10000"/>
<FahrtEintrag FahrtWeg="1875.5932" FahrtZeit="2023-02-07 10:00:15" Kennung_FahrtZeitms="2023-02-07 10:00:15:215" Fahrtsp="8.3943" FahrtspStrecke="11.1111" FahrtspSignal="11.1111" FahrtspZugsicherung="12.5" Fahrtkm="49.7236" FahrtHLDruck="5"/>
<FahrtEintrag FahrtTyp="8" FahrtWeg="-1" FahrtZeit="2023-02-07 10:00:15" Kennung_FahrtZeitms="2023-02-07 10:00:15:341" Fahrtsp="-1" FahrtspStrecke="-1" FahrtspSignal="-1" FahrtspZugsicherung="-1" FahrtHLDruck="-1" FahrtParameter="16" FahrtFBSchalter="-10000"/>
<FahrtEintrag FahrtWeg="1880.7443" FahrtZeit="2023-02-07 10:00:15" Kennung_FahrtZeitms="2023-02-07 10:00:15:940" Fahrtsp="8.3388" FahrtspStrecke="11.1111" FahrtspSignal="11.1111" FahrtspZugsicherung="12.5" Fahrtkm="49.7533" FahrtHLDruck="5"/>
<FahrtEintrag FahrtWeg="1909.2281" FahrtZeit="2023-02-07 10:00:19" Kennung_FahrtZeitms="2023-02-07 10:00:19:364" Fahrtsp="8.3056" FahrtspStrecke="11.1111" FahrtspSignal="11.1111" FahrtspZugsicherung="12.5" Fahrtkm="49.7774" FahrtHLDruck="5"/>
<FahrtEintrag FahrtWeg="1934.3403" FahrtZeit="2023-02-07 10:00:22" Kennung_FahrtZeitms="2023-02-07 10:00:22:382" Fahrtsp="8.3757" FahrtspStrecke="11.1111" FahrtspSignal="11.1111" FahrtspZugsicherung="12.5" Fahrtkm="49.8042" FahrtHLDruck="5" FahrtFBSchalter="1"/>
<FahrtEintrag FahrtWeg="1959.3967" FahrtZeit="2023-02-07 10:00:26" Kennung_FahrtZeitms="2023-02-07 10:00:26:387" Fahrtsp="8.4217" FahrtspStrecke="11.1111" FahrtspSignal="11.1111" FahrtspZugsicherung="12.5" Fahrtkm="49.8271" FahrtHLDruck="5" FahrtFBSchalter="1"/>
<FahrtEintrag FahrtWeg="1984.4966" FahrtZeit="2023-02-07 10:00:29" Kennung_FahrtZeitms="2023-02-07 10:00:29:245" Fahrtsp="8.4673" FahrtspStrecke="11.1111" FahrtspSignal="11.1111" FahrtspZugsicherung="12.5" Fahrtkm="49.8565" FahrtHLDruck="5" FahrtFBSchalter="1"/>
<FahrtEintrag FahrtWeg="2009.5909" FahrtZeit="2023-02-07 10:00:31" Kennung_FahrtZeitms="2023-02-07 10:00:31:126" Fahrtsp="8.6162" FahrtspStrecke="11.1111" FahrtspSignal="11.1111" FahrtspZugsicherung="12.5" Fahrtkm="49.8678" FahrtHLDruck="5" FahrtFBSchalter="4"/>
<FahrtEintrag FahrtTyp="5" FahrtWeg="-1" FahrtZeit="2023-02-07 10:00:32" Kennung_FahrtZeitms="2023-02-07 10:00:32:482" Fahrtsp="-1" FahrtspStrecke="-1" FahrtspSignal="-1" FahrtspZugsicherung="-1" FahrtText="Zugende passiert Ende Weichenbereich" FahrtHLDruck="-1" FahrtParameter="4" FahrtFBSchalter="-10000"/>
<FahrtEintrag FahrtWeg="2015.7556" FahrtZeit="2023-02-07 10:00:34" Kennung_FahrtZeitms="2023-02-07 10:00:34:653" Fahrtsp="8.6829" FahrtspStrecke="11.1111" FahrtspSignal="-1" FahrtspZugsicherung="12.5" Fahrtkm="49.8678" FahrtHLDruck="5" FahrtFBSchalter="4"/>
<FahrtEintrag FahrtWeg="2040.9446" FahrtZeit="2023-02-07 10:00:37" Kennung_FahrtZeitms="2023-02-07 10:00:37:743" Fahrtsp="8.9452" FahrtspStrecke="11.1111" FahrtspSignal="-1" FahrtspZugsicherung="12.5" Fahrtkm="49.8678" FahrtHLDruck="5" FahrtFBSchalter="3"/>
<FahrtEintrag FahrtWeg="2066.0037" FahrtZeit="2023-02-07 10:00:40" Kennung_FahrtZeitms="2023-02-07 10:00:40:184" Fahrtsp="8.9338" FahrtspStrecke="11.1111" FahrtspSignal="-1" FahrtspZugsicherung="12.5" Fahrtkm="49.8678" FahrtHLDruck="5"/>
<FahrtEintrag FahrtWeg="2091.1865" FahrtZeit="2023-02-07 10:00:42" Kennung_FahrtZeitms="2023-02-07 10:00:42:458" Fahrtsp="8.9018" FahrtspStrecke="11.1111" FahrtspSignal="-1" FahrtspZugsicherung="45.8333" Fahrtkm="49.8678" FahrtHLDruck="5"/>
<FahrtEintrag FahrtWeg="2116.2803" FahrtZeit="2023-02-07 10:00:45" Kennung_FahrtZeitms="2023-02-07 10:00:45:184" Fahrtsp="8.8698" FahrtspStrecke="11.1111" FahrtspSignal="-1" FahrtspZugsicherung="45.8333" Fahrtkm="49.9673" FahrtHLDruck="5"/>
<FahrtEintrag FahrtWeg="2141.3555" FahrtZeit="2023-02-07 10:00:48" Kennung_FahrtZeitms="2023-02-07 10:00:48:392" Fahrtsp="8.8379" FahrtspStrecke="11.1111" FahrtspSignal="-1" FahrtspZugsicherung="45.8333" Fahrtkm="49.9673" FahrtHLDruck="5"/>
<FahrtEintrag FahrtWeg="2166.4592" FahrtZeit="2023-02-07 10:00:51" Kennung_FahrtZeitms="2023-02-07 10:00:51:237" Fahrtsp="8.9529" FahrtspStrecke="11.1111" FahrtspSignal="-1" FahrtspZugsicherung="45.8333" Fahrtkm="49.9673" FahrtHLDruck="5" FahrtFBSchalter="3"/>
<FahrtEintrag FahrtWeg="2191.7485" FahrtZeit="2023-02-07 10:00:54" Kennung_FahrtZeitms="2023-02-07 10:00:54:642" Fahrtsp="9.1374" FahrtspStrecke="11.1111" FahrtspSignal="-1" FahrtspZugsicherung="45.8333" Fahrtkm="50.0543" FahrtHLDruck="5" FahrtFBSchalter="3"/>
<FahrtEintrag FahrtWeg="2217.0459" FahrtZeit="2023-02-07 10:00:56" Kennung_FahrtZeitms="2023-02-07 10:00:56:247" Fahrtsp="9.346" FahrtspStrecke="11.1111" FahrtspSignal="-1" FahrtspZugsicherung="45.8333" Fahrtkm="50.0669" FahrtHLDruck="5" FahrtFBSchalter="4"/>
<FahrtEintrag FahrtWeg="2242.2666" FahrtZeit="2023-02-07 10:00:59" Kennung_FahrtZeitms="2023-02-07 10:00:59:136" Fahrtsp="9.5333" FahrtspStrecke="11.1111" FahrtspSignal="-1" FahrtspZugsicherung="45.8333" Fahrtkm="50.0669" FahrtHLDruck="5"/>
<FahrtEintrag FahrtWeg="2267.3662" FahrtZeit="2023-02-07 10:01:02" Kennung_FahrtZeitms="2023-02-07 10:01:02:548" Fahrtsp="9.5024" FahrtspStrecke="11.1111" FahrtspSignal="-1" FahrtspZugsicherung="45.8333" Fahrtkm="50.0669" FahrtHLDruck="5"/>
<FahrtEintrag FahrtWeg="2292.4563" FahrtZeit="2023-02-07 10:01:04" Kennung_FahrtZeitms="2023-02-07 10:01:04:721" Fahrtsp="9.4715" FahrtspStrecke="11.1111" FahrtspSignal="-1" FahrtspZugsicherung="45.8333" Fahrtkm="50.0669" FahrtHLDruck="5"/>
<FahrtEintrag FahrtWeg="2303.4202" FahrtZeit="2023-02-07 10:01:06" Kennung_FahrtZeitms="2023-02-07 10:01:06:124" Fahrtsp="9.458" FahrtspStrecke="11.1111" FahrtspSignal="-1" FahrtspZugsicherung="45.8333" Fahrtkm="50.1664" FahrtHLDruck="5"/>
<FahrtEintrag FahrtWeg="2313.0989" FahrtZeit="2023-02-07 10:01:07" Kennung_FahrtZeitms="2023-02-07 10:01:07:284" Fahrtsp="9.446" FahrtspStrecke="11.1111" FahrtspSignal="-1" FahrtspZugsicherung="45.8333" Fahrtkm="50.1664" FahrtHLDruck="5"/>
<FahrtEintrag FahrtWeg="2338.4111" FahrtZeit="2023-02-07 10:01:09" Kennung_FahrtZeitms="2023-02-07 10:01:09:768" Fahrtsp="9.4147" FahrtspStrecke="11.1111" FahrtspSignal="-1" FahrtspZugsicherung="45.8333" Fahrtkm="50.1664" FahrtHLDruck="5"/>
<FahrtEintrag FahrtWeg="2363.4883" FahrtZeit="2023-02-07 10:01:12" Kennung_FahrtZeitms="2023-02-07 10:01:12:842" Fahrtsp="9.3837" FahrtspStrecke="11.1111" FahrtspSignal="-1" FahrtspZugsicherung="45.8333" Fahrtkm="50.1664" FahrtHLDruck="5"/>
<FahrtEintrag FahrtWeg="2388.533" FahrtZeit="2023-02-07 10:01:15" Kennung_FahrtZeitms="2023-02-07 10:01:15:649" Fahrtsp="9.3526" FahrtspStrecke="11.1111" FahrtspSignal="-1" FahrtspZugsicherung="45.8333" Fahrtkm="50.1664" FahrtHLDruck="5"/>
<FahrtEintrag FahrtWeg="2413.5618" FahrtZeit="2023-02-07 10:01:17" Kennung_FahrtZeitms="2023-02-07 10:01:17:982" Fahrtsp="9.3215" FahrtspStrecke="11.1111" FahrtspSignal="-1" FahrtspZugsicherung="45.8333" Fahrtkm="50.1866" FahrtHLDruck="5"/>
<FahrtEintrag FahrtWeg="2438.583" FahrtZeit="2023-02-07 10:01:20" Kennung_FahrtZeitms="2023-02-07 10:01:20:637" Fahrtsp="9.2903" FahrtspStrecke="11.1111" FahrtspSignal="-1" FahrtspZugsicherung="45.8333" Fahrtkm="50.266" FahrtHLDruck="5"/>
<FahrtEintrag FahrtWeg="2463.8" FahrtZeit="2023-02-07 10:01:23" Kennung_FahrtZeitms="2023-02-07 10:01:23:452" Fahrtsp="9.2589" FahrtspStrecke="11.1111" FahrtspSignal="-1" FahrtspZugsicherung="45.8333" Fahrtkm="50.266" FahrtHLDruck="5"/>
<FahrtEintrag FahrtWeg="2488.8909" FahrtZeit="2023-02-07 10:01:25" Kennung_FahrtZeitms="2023-02-07 10:01:25:861" Fahrtsp="9.2275" FahrtspStrecke="11.1111" FahrtspSignal="-1" FahrtspZugsicherung="45.8333" Fahrtkm="50.266" FahrtHLDruck="5"/>
<FahrtEintrag FahrtWeg="2513.916" FahrtZeit="2023-02-07 10:01:28" Kennung_FahrtZeitms="2023-02-07 10:01:28:756" Fahrtsp="9.1962" FahrtspStrecke="11.1111" FahrtspSignal="-1" FahrtspZugsicherung="45.8333" Fahrtkm="50.3655" FahrtHLDruck="5"/>
<FahrtEintrag FahrtWeg="2539.0066" FahrtZeit="2023-02-07 10:01:31" Kennung_FahrtZeitms="2023-02-07 10:01:31:456" Fahrtsp="9.1648" FahrtspStrecke="11.1111" FahrtspSignal="-1" FahrtspZugsicherung="45.8333" Fahrtkm="50.3655" FahrtHLDruck="5"/>
<FahrtEintrag FahrtWeg="2564.2642" FahrtZeit="2023-02-07 10:01:34" Kennung_FahrtZeitms="2023-02-07 10:01:34:671" Fahrtsp="9.1331" FahrtspStrecke="11.1111" FahrtspSignal="-1" FahrtspZugsicherung="45.8333" Fahrtkm="50.3655" FahrtHLDruck="5"/>
<FahrtEintrag FahrtWeg="2589.2688" FahrtZeit="2023-02-07 10:01:36" Kennung_FahrtZeitms="2023-02-07 10:01:36:984" Fahrtsp="9.1017" FahrtspStrecke="11.1111" FahrtspSignal="-1" FahrtspZugsicherung="45.8333" Fahrtkm="50.3655" FahrtHLDruck="5"/>
<FahrtEintrag FahrtWeg="2614.4243" FahrtZeit="2023-02-07 10:01:39" Kennung_FahrtZeitms="2023-02-07 10:01:39:328" Fahrtsp="9.07" FahrtspStrecke="11.1111" FahrtspSignal="-1" FahrtspZugsicherung="45.8333" Fahrtkm="50.4651" FahrtHLDruck="5"/>
<FahrtEintrag FahrtWeg="2639.5352" FahrtZeit="2023-02-07 10:01:42" Kennung_FahrtZeitms="2023-02-07 10:01:42:237" Fahrtsp="9.0383" FahrtspStrecke="11.1111" FahrtspSignal="-1" FahrtspZugsicherung="45.8333" Fahrtkm="50.4651" FahrtHLDruck="5"/>
<FahrtEintrag FahrtWeg="2664.5903" FahrtZeit="2023-02-07 10:01:45" Kennung_FahrtZeitms="2023-02-07 10:01:45:761" Fahrtsp="9.0066" FahrtspStrecke="11.1111" FahrtspSignal="-1" FahrtspZugsicherung="45.8333" Fahrtkm="50.4651" FahrtHLDruck="5"/>
<FahrtEintrag FahrtWeg="2689.8564" FahrtZeit="2023-02-07 10:01:47" Kennung_FahrtZeitms="2023-02-07 10:01:47:983" Fahrtsp="8.9747" FahrtspStrecke="11.1111" FahrtspSignal="-1" FahrtspZugsicherung="45.8333" Fahrtkm="50.5393" FahrtHLDruck="5"/>
<FahrtEintrag FahrtWeg="2703.0166" FahrtZeit="2023-02-07 10:01:48" Kennung_FahrtZeitms="2023-02-07 10:01:48:889" Fahrtsp="8.9428" FahrtspStrecke="11.1111" FahrtspSignal="-1" FahrtspZugsicherung="45.8333" Fahrtkm="50.5647" FahrtHLDruck="5"/>
<FahrtEintrag FahrtWeg="2714.9697" FahrtZeit="2023-02-07 10:01:50" Kennung_FahrtZeitms="2023-02-07 10:01:50:236" Fahrtsp="8.9528" FahrtspStrecke="11.1111" FahrtspSignal="-1" FahrtspZugsicherung="45.8333" Fahrtkm="50.5647" FahrtHLDruck="5"/>
<FahrtEintrag FahrtWeg="2740.0771" FahrtZeit="2023-02-07 10:01:53" Kennung_FahrtZeitms="2023-02-07 10:01:53:782" Fahrtsp="8.9609" FahrtspStrecke="11.1111" FahrtspSignal="-1" FahrtspZugsicherung="45.8333" Fahrtkm="50.5647" FahrtHLDruck="5"/>
<FahrtEintrag FahrtWeg="2765.165" FahrtZeit="2023-02-07 10:01:56" Kennung_FahrtZeitms="2023-02-07 10:01:56:283" Fahrtsp="8.9819" FahrtspStrecke="11.1111" FahrtspSignal="-1" FahrtspZugsicherung="45.8333" Fahrtkm="50.5647" FahrtHLDruck="5"/>
<FahrtEintrag FahrtWeg="2790.4272" FahrtZeit="2023-02-07 10:01:59" Kennung_FahrtZeitms="2023-02-07 10:01:59:682" Fahrtsp="8.9867" FahrtspStrecke="11.1111" FahrtspSignal="-1" FahrtspZugsicherung="45.8333" Fahrtkm="50.5647" FahrtHLDruck="5"/>
<FahrtEintrag FahrtTyp="8" FahrtWeg="-1" FahrtZeit="2023-02-07 10:02:00" Kennung_FahrtZeitms="2023-02-07 10:02:00:755" Fahrtsp="-1" FahrtspStrecke="-1" FahrtspSignal="-1" FahrtspZugsicherung="-1" FahrtHLDruck="-1" FahrtParameter="48" FahrtFBSchalter="-10000"/>
<FahrtEintrag FahrtWeg="2811.8248" FahrtZeit="2023-02-07 10:02:00" Kennung_FahrtZeitms="2023-02-07 10:02:00:851" Fahrtsp="8.987" FahrtspStrecke="11.1111" FahrtspSignal="-1" FahrtspZugsicherung="45.8333" Fahrtkm="50.5647" FahrtHLDruck="5"/>
<FahrtEintrag FahrtTyp="8" FahrtWeg="-1" FahrtZeit="2023-02-07 10:02:00" Kennung_FahrtZeitms="2023-02-07 10:02:00:982" Fahrtsp="-1" FahrtspStrecke="-1" FahrtspSignal="-1" FahrtspZugsicherung="-1" FahrtHLDruck="-1" FahrtParameter="16" FahrtFBSchalter="-10000"/>
<FahrtEintrag FahrtWeg="2840.8032" FahrtZeit="2023-02-07 10:02:04" Kennung_FahrtZeitms="2023-02-07 10:02:04:080" Fahrtsp="8.8823" FahrtspStrecke="11.1111" FahrtspSignal="-1" FahrtspZugsicherung="45.8333" Fahrtkm="50.6642" FahrtHLDruck="5"/>
<FahrtEintrag FahrtWeg="2856.4509" FahrtZeit="2023-02-07 10:02:06" Kennung_FahrtZeitms="2023-02-07 10:02:06:578" Fahrtsp="8.7622" FahrtspStrecke="11.1111" FahrtspSignal="-1" FahrtspZugsicherung="45.8333" Fahrtkm="50.6642" FahrtHLDruck="5"/>
<FahrtEintrag FahrtWeg="2860.0894" FahrtZeit="2023-02-07 10:02:07" Kennung_FahrtZeitms="2023-02-07 10:02:07:742" Fahrtsp="8.7576" FahrtspStrecke="11.1111" FahrtspSignal="-1" FahrtspZugsicherung="45.8333" Fahrtkm="50.6642" FahrtHLDruck="5"/>
<FahrtEintrag FahrtWeg="2885.1694" FahrtZeit="2023-02-07 10:02:09" Kennung_FahrtZeitms="2023-02-07 10:02:09:683" Fahrtsp="8.7253" FahrtspStrecke="11.1111" FahrtspSignal="-1" FahrtspZugsicherung="45.8333" Fahrtkm="50.6642" FahrtHLDruck="5"/>
<FahrtEintrag FahrtWeg="2910.3318" FahrtZeit="2023-02-07 10:02:12" Kennung_FahrtZeitms="2023-02-07 10:02:12:637" Fahrtsp="8.6929" FahrtspStrecke="11.1111" FahrtspSignal="-1" FahrtspZugsicherung="45.8333" Fahrtkm="50.7638" FahrtHLDruck="5"/>
<FahrtEintrag FahrtWeg="2935.4321" FahrtZeit="2023-02-07 10:02:15" Kennung_FahrtZeitms="2023-02-07 10:02:15:606" Fahrtsp="8.6605" FahrtspStrecke="11.1111" FahrtspSignal="-1" FahrtspZugsicherung="45.8333" Fahrtkm="50.7638" FahrtHLDruck="5"/>
<FahrtEintrag FahrtWeg="2960.5742" FahrtZeit="2023-02-07 10:02:18" Kennung_FahrtZeitms="2023-02-07 10:02:18:582" Fahrtsp="8.6280" FahrtspStrecke="11.1111" FahrtspSignal="-1" FahrtspZugsicherung="45.8333" Fahrtkm="50.7638" FahrtHLDruck="5"/>
<FahrtEintrag FahrtWeg="2985.5771" FahrtZeit="2023-02-07 10:02:21" Kennung_FahrtZeitms="2023-02-07 10:02:21:529" Fahrtsp="8.5956" FahrtspStrecke="11.1111" FahrtspSignal="-1" FahrtspZugsicherung="45.8333" Fahrtkm="50.7638" FahrtHLDruck="5"/>
<FahrtEintrag FahrtWeg="3010.7405" FahrtZeit="2023-02-07 10:02:24" Kennung_FahrtZeitms="2023-02-07 10:02:24:491" Fahrtsp="8.5629" FahrtspStrecke="11.1111" FahrtspSignal="-1" FahrtspZugsicherung="45.8333" Fahrtkm="50.8633" FahrtHLDruck="5"/>
<FahrtEintrag FahrtWeg="3035.8713" FahrtZeit="2023-02-07 10:02:27" Kennung_FahrtZeitms="2023-02-07 10:02:27:446" Fahrtsp="8.5302" FahrtspStrecke="11.1111" FahrtspSignal="-1" FahrtspZugsicherung="45.8333" Fahrtkm="50.8633" FahrtHLDruck="5"/>
<FahrtEintrag FahrtWeg="3061.0432" FahrtZeit="2023-02-07 10:02:30" Kennung_FahrtZeitms="2023-02-07 10:02:30:458" Fahrtsp="8.5559" FahrtspStrecke="11.1111" FahrtspSignal="-1" FahrtspZugsicherung="45.8333" Fahrtkm="50.8633" FahrtHLDruck="5" FahrtFBSchalter="3"/>
<FahrtEintrag FahrtWeg="3086.1335" FahrtZeit="2023-02-07 10:02:33" Kennung_FahrtZeitms="2023-02-07 10:02:33:395" Fahrtsp="8.7512" FahrtspStrecke="11.1111" FahrtspSignal="-1" FahrtspZugsicherung="45.8333" Fahrtkm="50.8633" FahrtHLDruck="5" FahrtFBSchalter="3"/>
<FahrtEintrag FahrtWeg="3111.1587" FahrtZeit="2023-02-07 10:02:36" Kennung_FahrtZeitms="2023-02-07 10:02:36:238" Fahrtsp="8.9399" FahrtspStrecke="11.1111" FahrtspSignal="-1" FahrtspZugsicherung="45.8333" Fahrtkm="50.9629" FahrtHLDruck="5" FahrtFBSchalter="3"/>
<FahrtEintrag FahrtWeg="3136.4048" FahrtZeit="2023-02-07 10:02:38" Kennung_FahrtZeitms="2023-02-07 10:02:38:634" Fahrtsp="9.0139" FahrtspStrecke="11.1111" FahrtspSignal="-1" FahrtspZugsicherung="45.8333" Fahrtkm="50.9629" FahrtHLDruck="5"/>
<FahrtEintrag FahrtWeg="3161.6201" FahrtZeit="2023-02-07 10:02:41" Kennung_FahrtZeitms="2023-02-07 10:02:41:524" Fahrtsp="8.9819" FahrtspStrecke="11.1111" FahrtspSignal="-1" FahrtspZugsicherung="45.8333" Fahrtkm="50.9629" FahrtHLDruck="5"/>
<FahrtEintrag FahrtWeg="3186.6365" FahrtZeit="2023-02-07 10:02:44" Kennung_FahrtZeitms="2023-02-07 10:02:44:378" Fahrtsp="8.9905" FahrtspStrecke="11.1111" FahrtspSignal="-1" FahrtspZugsicherung="45.8333" Fahrtkm="51.0379" FahrtHLDruck="5" FahrtFBSchalter="4"/>
<FahrtEintrag FahrtWeg="3211.9343" FahrtZeit="2023-02-07 10:02:47" Kennung_FahrtZeitms="2023-02-07 10:02:47:282" Fahrtsp="9.1361" FahrtspStrecke="11.1111" FahrtspSignal="-1" FahrtspZugsicherung="45.8333" Fahrtkm="51.0625" FahrtHLDruck="5"/>
<FahrtEintrag FahrtWeg="3237.126" FahrtZeit="2023-02-07 10:02:50" Kennung_FahrtZeitms="2023-02-07 10:02:50:149" Fahrtsp="9.1045" FahrtspStrecke="11.1111" FahrtspSignal="-1" FahrtspZugsicherung="45.8333" Fahrtkm="51.0625" FahrtHLDruck="5"/>
<FahrtEintrag FahrtWeg="3262.2871" FahrtZeit="2023-02-07 10:02:52" Kennung_FahrtZeitms="2023-02-07 10:02:52:637" Fahrtsp="9.0728" FahrtspStrecke="11.1111" FahrtspSignal="-1" FahrtspZugsicherung="45.8333" Fahrtkm="51.0625" FahrtHLDruck="5"/>
<FahrtEintrag FahrtWeg="3287.5117" FahrtZeit="2023-02-07 10:02:55" Kennung_FahrtZeitms="2023-02-07 10:02:55:493" Fahrtsp="9.0469" FahrtspStrecke="11.1111" FahrtspSignal="-1" FahrtspZugsicherung="45.8333" Fahrtkm="51.1379" FahrtHLDruck="5" FahrtFBSchalter="1"/>
<FahrtEintrag FahrtWeg="3312.5869" FahrtZeit="2023-02-07 10:02:58" Kennung_FahrtZeitms="2023-02-07 10:02:58:249" Fahrtsp="9.0866" FahrtspStrecke="11.1111" FahrtspSignal="-1" FahrtspZugsicherung="45.8333" Fahrtkm="51.162" FahrtHLDruck="5" FahrtFBSchalter="1"/>
<FahrtEintrag FahrtWeg="3337.603" FahrtZeit="2023-02-07 10:03:01" Kennung_FahrtZeitms="2023-02-07 10:03:01:142" Fahrtsp="9.1035" FahrtspStrecke="11.1111" FahrtspSignal="-1" FahrtspZugsicherung="45.8333" Fahrtkm="51.162" FahrtHLDruck="5"/>
<FahrtEintrag FahrtWeg="3362.6287" FahrtZeit="2023-02-07 10:03:03" Kennung_FahrtZeitms="2023-02-07 10:03:03:742" Fahrtsp="9.0720" FahrtspStrecke="11.1111" FahrtspSignal="-1" FahrtspZugsicherung="45.8333" Fahrtkm="51.2129" FahrtHLDruck="5"/>
<FahrtEintrag FahrtWeg="3387.6873" FahrtZeit="2023-02-07 10:03:06" Kennung_FahrtZeitms="2023-02-07 10:03:06:486" Fahrtsp="9.0404" FahrtspStrecke="11.1111" FahrtspSignal="-1" FahrtspZugsicherung="45.8333" Fahrtkm="51.2129" FahrtHLDruck="5"/>
<FahrtEintrag FahrtWeg="3412.9583" FahrtZeit="2023-02-07 10:03:09" Kennung_FahrtZeitms="2023-02-07 10:03:09:395" Fahrtsp="9.0084" FahrtspStrecke="11.1111" FahrtspSignal="-1" FahrtspZugsicherung="45.8333" Fahrtkm="51.2616" FahrtHLDruck="5"/>
<FahrtEintrag FahrtWeg="3438.1689" FahrtZeit="2023-02-07 10:03:12" Kennung_FahrtZeitms="2023-02-07 10:03:12:237" Fahrtsp="8.9808" FahrtspStrecke="11.1111" FahrtspSignal="-1" FahrtspZugsicherung="45.8333" Fahrtkm="51.2879" FahrtHLDruck="5" FahrtFBSchalter="1"/>
<FahrtEintrag FahrtWeg="3463.3247" FahrtZeit="2023-02-07 10:03:15" Kennung_FahrtZeitms="2023-02-07 10:03:15:393" Fahrtsp="9.0212" FahrtspStrecke="11.1111" FahrtspSignal="-1" FahrtspZugsicherung="45.8333" Fahrtkm="51.2879" FahrtHLDruck="5" FahrtFBSchalter="1"/>
<FahrtEintrag FahrtWeg="3488.3823" FahrtZeit="2023-02-07 10:03:17" Kennung_FahrtZeitms="2023-02-07 10:03:17:849" Fahrtsp="9.0611" FahrtspStrecke="11.1111" FahrtspSignal="-1" FahrtspZugsicherung="45.8333" Fahrtkm="51.2879" FahrtHLDruck="5" FahrtFBSchalter="1"/>
<FahrtEintrag FahrtWeg="3500.1747" FahrtZeit="2023-02-07 10:03:19" Kennung_FahrtZeitms="2023-02-07 10:03:19:175" Fahrtsp="9.1008" FahrtspStrecke="11.1111" FahrtspSignal="-1" FahrtspZugsicherung="45.8333" Fahrtkm="51.3611" FahrtHLDruck="5" FahrtFBSchalter="1"/>
<FahrtEintrag FahrtWeg="3513.5344" FahrtZeit="2023-02-07 10:03:20" Kennung_FahrtZeitms="2023-02-07 10:03:20:643" Fahrtsp="9.1008" FahrtspStrecke="11.1111" FahrtspSignal="-1" FahrtspZugsicherung="45.8333" Fahrtkm="51.3611" FahrtHLDruck="5" FahrtFBSchalter="1"/>
<FahrtEintrag FahrtWeg="3538.8152" FahrtZeit="2023-02-07 10:03:23" Kennung_FahrtZeitms="2023-02-07 10:03:23:138" Fahrtsp="9.1403" FahrtspStrecke="11.1111" FahrtspSignal="-1" FahrtspZugsicherung="45.8333" Fahrtkm="51.3611" FahrtHLDruck="5" FahrtFBSchalter="1"/>
<FahrtEintrag FahrtWeg="3563.9978" FahrtZeit="2023-02-07 10:03:26" Kennung_FahrtZeitms="2023-02-07 10:03:26:389" Fahrtsp="9.1518" FahrtspStrecke="11.1111" FahrtspSignal="-1" FahrtspZugsicherung="45.8333" Fahrtkm="51.3611" FahrtHLDruck="5"/>
<FahrtEintrag FahrtWeg="3589.0007" FahrtZeit="2023-02-07 10:03:28" Kennung_FahrtZeitms="2023-02-07 10:03:28:795" Fahrtsp="9.1204" FahrtspStrecke="11.1111" FahrtspSignal="-1" FahrtspZugsicherung="45.8333" Fahrtkm="51.4607" FahrtHLDruck="5"/>
<FahrtEintrag FahrtWeg="3614.1057" FahrtZeit="2023-02-07 10:03:31" Kennung_FahrtZeitms="2023-02-07 10:03:31:349" Fahrtsp="9.0888" FahrtspStrecke="11.1111" FahrtspSignal="-1" FahrtspZugsicherung="45.8333" Fahrtkm="51.4607" FahrtHLDruck="5"/>
<FahrtEintrag FahrtWeg="3639.3489" FahrtZeit="2023-02-07 10:03:34" Kennung_FahrtZeitms="2023-02-07 10:03:34:183" Fahrtsp="9.0570" FahrtspStrecke="11.1111" FahrtspSignal="-1" FahrtspZugsicherung="45.8333" Fahrtkm="51.4607" FahrtHLDruck="5"/>
<FahrtEintrag FahrtTyp="8" FahrtWeg="-1" FahrtZeit="2023-02-07 10:03:36" Kennung_FahrtZeitms="2023-02-07 10:03:36:955" Fahrtsp="-1" FahrtspStrecke="-1" FahrtspSignal="-1" FahrtspZugsicherung="-1" FahrtHLDruck="-1" FahrtParameter="48" FahrtFBSchalter="-10000"/>
<FahrtEintrag FahrtWeg="3667.5902" FahrtZeit="2023-02-07 10:03:37" Kennung_FahrtZeitms="2023-02-07 10:03:37:069" Fahrtsp="8.9872" FahrtspStrecke="11.1111" FahrtspSignal="-1" FahrtspZugsicherung="45.8333" Fahrtkm="51.5285" FahrtHLDruck="5"/>
<FahrtEintrag FahrtTyp="8" FahrtWeg="-1" FahrtZeit="2023-02-07 10:03:37" Kennung_FahrtZeitms="2023-02-07 10:03:37:163" Fahrtsp="-1" FahrtspStrecke="-1" FahrtspSignal="-1" FahrtspZugsicherung="-1" FahrtHLDruck="-1" FahrtParameter="16" FahrtFBSchalter="-10000"/>
<FahrtEintrag FahrtTyp="5" FahrtWeg="3687.75" FahrtZeit="2023-02-07 10:03:39" Kennung_FahrtZeitms="2023-02-07 10:03:39:314" Fahrtsp="8.9855" FahrtspStrecke="11.1111" FahrtspSignal="-1" FahrtspZugsicherung="45.8333" FahrtText="LZB-Bk 21/22/121/122 LZB-Bk 21" Fahrtkm="51.4607" FahrtHLDruck="5"/>
<FahrtEintrag FahrtTyp="5" FahrtWeg="-1" FahrtZeit="2023-02-07 10:03:39" Kennung_FahrtZeitms="2023-02-07 10:03:39:328" Fahrtsp="-1" FahrtspStrecke="-1" FahrtspSignal="-1" FahrtspZugsicherung="-1" FahrtText="Zugende passiert Ende Weichenbereich" FahrtHLDruck="-1" FahrtParameter="4" FahrtFBSchalter="-10000"/>
<FahrtEintrag FahrtWeg="3688.0339" FahrtZeit="2023-02-07 10:03:39" Kennung_FahrtZeitms="2023-02-07 10:03:39:346" Fahrtsp="8.9854" FahrtspStrecke="11.1111" FahrtspSignal="-1" FahrtspZugsicherung="45.8333" Fahrtkm="51.56" FahrtHLDruck="5"/>
<FahrtEintrag FahrtWeg="3694.5723" FahrtZeit="2023-02-07 10:03:40" Kennung_FahrtZeitms="2023-02-07 10:03:40:074" Fahrtsp="8.9862" FahrtspStrecke="11.1111" FahrtspSignal="-1" FahrtspZugsicherung="45.8333" Fahrtkm="51.5602" FahrtHLDruck="5"/>
<FahrtEintrag FahrtWeg="3696.8433" FahrtZeit="2023-02-07 10:03:40" Kennung_FahrtZeitms="2023-02-07 10:03:40:582" Fahrtsp="8.9843" FahrtspStrecke="11.1111" FahrtspSignal="-1" FahrtspZugsicherung="45.8333" Fahrtkm="51.5682" FahrtHLDruck="5"/>
<FahrtEintrag FahrtTyp="5" FahrtWeg="-1" FahrtZeit="2023-02-07 10:03:42" Kennung_FahrtZeitms="2023-02-07 10:03:42:346" Fahrtsp="-1" FahrtspStrecke="-1" FahrtspSignal="-1" FahrtspZugsicherung="-1" FahrtText="Zugende passiert Ende Weichenbereich" FahrtHLDruck="-1" FahrtParameter="4" FahrtFBSchalter="-10000"/>
<FahrtEintrag FahrtWeg="3708.2214" FahrtZeit="2023-02-07 10:03:42" Kennung_FahrtZeitms="2023-02-07 10:03:42:928" Fahrtsp="8.9699" FahrtspStrecke="11.1111" FahrtspSignal="-1" FahrtspZugsicherung="45.8333" Fahrtkm="51.5682" FahrtHLDruck="5"/>
<FahrtEintrag FahrtWeg="3733.4626" FahrtZeit="2023-02-07 10:03:44" Kennung_FahrtZeitms="2023-02-07 10:03:44:158" Fahrtsp="8.9379" FahrtspStrecke="11.1111" FahrtspSignal="-1" FahrtspZugsicherung="45.8333" Fahrtkm="51.5682" FahrtHLDruck="5"/>
<FahrtEintrag FahrtWeg="3758.5173" FahrtZeit="2023-02-07 10:03:47" Kennung_FahrtZeitms="2023-02-07 10:03:47:632" Fahrtsp="8.906" FahrtspStrecke="11.1111" FahrtspSignal="-1" FahrtspZugsicherung="45.8333" Fahrtkm="51.626" FahrtHLDruck="5"/>
<FahrtEintrag FahrtWeg="3783.7087" FahrtZeit="2023-02-07 10:03:50" Kennung_FahrtZeitms="2023-02-07 10:03:50:093" Fahrtsp="8.8739" FahrtspStrecke="11.1111" FahrtspSignal="-1" FahrtspZugsicherung="45.8333" Fahrtkm="51.626" FahrtHLDruck="5"/>
<FahrtEintrag FahrtWeg="3808.8362" FahrtZeit="2023-02-07 10:03:53" Kennung_FahrtZeitms="2023-02-07 10:03:53:028" Fahrtsp="8.8419" FahrtspStrecke="11.1111" FahrtspSignal="-1" FahrtspZugsicherung="45.8333" Fahrtkm="51.6598" FahrtHLDruck="5"/>
<FahrtEintrag FahrtWeg="3834.0151" FahrtZeit="2023-02-07 10:03:56" Kennung_FahrtZeitms="2023-02-07 10:03:56:422" Fahrtsp="8.8097" FahrtspStrecke="11.1111" FahrtspSignal="-1" FahrtspZugsicherung="45.8333" Fahrtkm="51.6598" FahrtHLDruck="5"/>
<FahrtEintrag FahrtWeg="3859.0354" FahrtZeit="2023-02-07 10:03:59" Kennung_FahrtZeitms="2023-02-07 10:03:59:383" Fahrtsp="8.9326" FahrtspStrecke="11.1111" FahrtspSignal="-1" FahrtspZugsicherung="45.8333" Fahrtkm="51.6598" FahrtHLDruck="5" FahrtFBSchalter="3"/>
<FahrtEintrag FahrtWeg="3884.2825" FahrtZeit="2023-02-07 10:04:01" Kennung_FahrtZeitms="2023-02-07 10:04:01:923" Fahrtsp="9.1173" FahrtspStrecke="11.1111" FahrtspSignal="-1" FahrtspZugsicherung="45.8333" Fahrtkm="51.6598" FahrtHLDruck="5" FahrtFBSchalter="3"/>
<FahrtEintrag FahrtWeg="3909.4695" FahrtZeit="2023-02-07 10:04:04" Kennung_FahrtZeitms="2023-02-07 10:04:04:283" Fahrtsp="9.2234" FahrtspStrecke="11.1111" FahrtspSignal="-1" FahrtspZugsicherung="45.8333" Fahrtkm="51.7594" FahrtHLDruck="5"/>
<FahrtEintrag FahrtWeg="3934.7261" FahrtZeit="2023-02-07 10:04:07" Kennung_FahrtZeitms="2023-02-07 10:04:07:125" Fahrtsp="9.1918" FahrtspStrecke="11.1111" FahrtspSignal="-1" FahrtspZugsicherung="45.8333" Fahrtkm="51.7594" FahrtHLDruck="5"/>
<FahrtEintrag FahrtWeg="3959.9026" FahrtZeit="2023-02-07 10:04:10" Kennung_FahrtZeitms="2023-02-07 10:04:10:482" Fahrtsp="9.1603" FahrtspStrecke="11.1111" FahrtspSignal="-1" FahrtspZugsicherung="45.8333" Fahrtkm="51.7594" FahrtHLDruck="5"/>
<FahrtEintrag FahrtWeg="3985.033" FahrtZeit="2023-02-07 10:04:12" Kennung_FahrtZeitms="2023-02-07 10:04:12:932" Fahrtsp="9.1287" FahrtspStrecke="11.1111" FahrtspSignal="-1" FahrtspZugsicherung="45.8333" Fahrtkm="51.7594" FahrtHLDruck="5"/>
<FahrtEintrag FahrtWeg="4010.3215" FahrtZeit="2023-02-07 10:04:15" Kennung_FahrtZeitms="2023-02-07 10:04:15:236" Fahrtsp="9.0969" FahrtspStrecke="11.1111" FahrtspSignal="-1" FahrtspZugsicherung="45.8333" Fahrtkm="51.8589" FahrtHLDruck="5"/>
<FahrtEintrag FahrtWeg="4035.5679" FahrtZeit="2023-02-07 10:04:18" Kennung_FahrtZeitms="2023-02-07 10:04:18:682" Fahrtsp="9.0651" FahrtspStrecke="11.1111" FahrtspSignal="-1" FahrtspZugsicherung="45.8333" Fahrtkm="51.8589" FahrtHLDruck="5"/>
<FahrtEintrag FahrtWeg="4060.625" FahrtZeit="2023-02-07 10:04:21" Kennung_FahrtZeitms="2023-02-07 10:04:21:391" Fahrtsp="9.0335" FahrtspStrecke="11.1111" FahrtspSignal="-1" FahrtspZugsicherung="45.8333" Fahrtkm="51.8589" FahrtHLDruck="5"/>
<FahrtEintrag FahrtWeg="4085.8977" FahrtZeit="2023-02-07 10:04:23" Kennung_FahrtZeitms="2023-02-07 10:04:23:928" Fahrtsp="9.0015" FahrtspStrecke="11.1111" FahrtspSignal="-1" FahrtspZugsicherung="45.8333" Fahrtkm="51.8589" FahrtHLDruck="5"/>
<FahrtEintrag FahrtWeg="4111.0962" FahrtZeit="2023-02-07 10:04:26" Kennung_FahrtZeitms="2023-02-07 10:04:26:743" Fahrtsp="8.9696" FahrtspStrecke="11.1111" FahrtspSignal="-1" FahrtspZugsicherung="45.8333" Fahrtkm="51.9585" FahrtHLDruck="5"/>
<FahrtEintrag FahrtWeg="4136.3013" FahrtZeit="2023-02-07 10:04:29" Kennung_FahrtZeitms="2023-02-07 10:04:29:346" Fahrtsp="9.0637" FahrtspStrecke="11.1111" FahrtspSignal="-1" FahrtspZugsicherung="45.8333" Fahrtkm="51.9585" FahrtHLDruck="5" FahrtFBSchalter="3"/>
<FahrtEintrag FahrtWeg="4161.3877" FahrtZeit="2023-02-07 10:04:32" Kennung_FahrtZeitms="2023-02-07 10:04:32:842" Fahrtsp="9.2434" FahrtspStrecke="11.1111" FahrtspSignal="-1" FahrtspZugsicherung="45.8333" Fahrtkm="51.9585" FahrtHLDruck="5" FahrtFBSchalter="3"/>
<FahrtEintrag FahrtWeg="4186.418" FahrtZeit="2023-02-07 10:04:34" Kennung_FahrtZeitms="2023-02-07 10:04:34:728" Fahrtsp="9.4176" FahrtspStrecke="11.1111" FahrtspSignal="-1" FahrtspZugsicherung="45.8333" Fahrtkm="52.058" FahrtHLDruck="5" FahrtFBSchalter="3"/>
<FahrtEintrag FahrtWeg="4211.5386" FahrtZeit="2023-02-07 10:04:37" Kennung_FahrtZeitms="2023-02-07 10:04:37:243" Fahrtsp="9.4841" FahrtspStrecke="11.1111" FahrtspSignal="-1" FahrtspZugsicherung="45.8333" Fahrtkm="52.0719" FahrtHLDruck="5"/>
<FahrtEintrag FahrtWeg="4236.5713" FahrtZeit="2023-02-07 10:04:40" Kennung_FahrtZeitms="2023-02-07 10:04:40:681" Fahrtsp="9.4532" FahrtspStrecke="11.1111" FahrtspSignal="-1" FahrtspZugsicherung="45.8333" Fahrtkm="52.0719" FahrtHLDruck="5"/>
<FahrtEintrag FahrtWeg="4261.8486" FahrtZeit="2023-02-07 10:04:42" Kennung_FahrtZeitms="2023-02-07 10:04:42:849" Fahrtsp="9.422" FahrtspStrecke="11.1111" FahrtspSignal="-1" FahrtspZugsicherung="45.8333" Fahrtkm="52.0719" FahrtHLDruck="5"/>
<FahrtEintrag FahrtWeg="4286.8701" FahrtZeit="2023-02-07 10:04:45" Kennung_FahrtZeitms="2023-02-07 10:04:45:149" Fahrtsp="9.391" FahrtspStrecke="11.1111" FahrtspSignal="-1" FahrtspZugsicherung="45.8333" Fahrtkm="52.1576" FahrtHLDruck="5"/>
<FahrtEintrag FahrtWeg="4312.0068" FahrtZeit="2023-02-07 10:04:48" Kennung_FahrtZeitms="2023-02-07 10:04:48:733" Fahrtsp="9.3599" FahrtspStrecke="11.1111" FahrtspSignal="-1" FahrtspZugsicherung="45.8333" Fahrtkm="52.1576" FahrtHLDruck="5"/>
<FahrtEintrag FahrtWeg="4337.2935" FahrtZeit="2023-02-07 10:04:51" Kennung_FahrtZeitms="2023-02-07 10:04:51:239" Fahrtsp="9.3285" FahrtspStrecke="11.1111" FahrtspSignal="-1" FahrtspZugsicherung="45.8333" Fahrtkm="52.1576" FahrtHLDruck="5"/>
<FahrtEintrag FahrtWeg="4362.6353" FahrtZeit="2023-02-07 10:04:53" Kennung_FahrtZeitms="2023-02-07 10:04:53:385" Fahrtsp="9.5459" FahrtspStrecke="11.1111" FahrtspSignal="-1" FahrtspZugsicherung="45.8333" Fahrtkm="52.2219" FahrtHLDruck="5" FahrtFBSchalter="5"/>
<FahrtEintrag FahrtWeg="4387.9663" FahrtZeit="2023-02-07 10:04:56" Kennung_FahrtZeitms="2023-02-07 10:04:56:483" Fahrtsp="9.905" FahrtspStrecke="11.1111" FahrtspSignal="-1" FahrtspZugsicherung="45.8333" Fahrtkm="52.2572" FahrtHLDruck="5" FahrtFBSchalter="6"/>
<FahrtEintrag FahrtWeg="4413.1138" FahrtZeit="2023-02-07 10:04:58" Kennung_FahrtZeitms="2023-02-07 10:04:58:244" Fahrtsp="10.2456" FahrtspStrecke="11.1111" FahrtspSignal="-1" FahrtspZugsicherung="45.8333" Fahrtkm="52.2572" FahrtHLDruck="5" FahrtFBSchalter="6"/>
<FahrtEintrag FahrtWeg="4438.458" FahrtZeit="2023-02-07 10:05:01" Kennung_FahrtZeitms="2023-02-07 10:05:01:028" Fahrtsp="10.3987" FahrtspStrecke="11.1111" FahrtspSignal="-1" FahrtspZugsicherung="45.8333" Fahrtkm="52.2572" FahrtHLDruck="5"/>
<FahrtEintrag FahrtWeg="4463.7207" FahrtZeit="2023-02-07 10:05:03" Kennung_FahrtZeitms="2023-02-07 10:05:03:346" Fahrtsp="10.3583" FahrtspStrecke="11.1111" FahrtspSignal="-1" FahrtspZugsicherung="45.8333" Fahrtkm="52.3355" FahrtHLDruck="5"/>
<FahrtEintrag FahrtWeg="4488.7808" FahrtZeit="2023-02-07 10:05:06" Kennung_FahrtZeitms="2023-02-07 10:05:06:729" Fahrtsp="10.144" FahrtspStrecke="11.1111" FahrtspSignal="-1" FahrtspZugsicherung="45.8333" Fahrtkm="52.3568" FahrtHLDruck="5"/>
<FahrtEintrag FahrtWeg="4513.8525" FahrtZeit="2023-02-07 10:05:08" Kennung_FahrtZeitms="2023-02-07 10:05:08:342" Fahrtsp="9.8159" FahrtspStrecke="11.1111" FahrtspSignal="-1" FahrtspZugsicherung="45.8333" Fahrtkm="52.3568" FahrtHLDruck="5"/>
<FahrtEintrag FahrtWeg="4539.041" FahrtZeit="2023-02-07 10:05:11" Kennung_FahrtZeitms="2023-02-07 10:05:11:183" Fahrtsp="9.4982" FahrtspStrecke="11.1111" FahrtspSignal="-1" FahrtspZugsicherung="45.8333" Fahrtkm="52.3567" FahrtHLDruck="5" FahrtFBSchalter="2"/>
<FahrtEintrag FahrtWeg="4564.1216" FahrtZeit="2023-02-07 10:05:13" Kennung_FahrtZeitms="2023-02-07 10:05:13:791" Fahrtsp="9.4445" FahrtspStrecke="11.1111" FahrtspSignal="-1" FahrtspZugsicherung="45.8333" Fahrtkm="52.3567" FahrtHLDruck="5" FahrtFBSchalter="5"/>
<FahrtEintrag FahrtWeg="4589.4409" FahrtZeit="2023-02-07 10:05:16" Kennung_FahrtZeitms="2023-02-07 10:05:16:346" Fahrtsp="9.4832" FahrtspStrecke="11.1111" FahrtspSignal="-1" FahrtspZugsicherung="45.8333" Fahrtkm="52.4563" FahrtHLDruck="5" FahrtFBSchalter="8"/>
<FahrtEintrag FahrtWeg="4614.4438" FahrtZeit="2023-02-07 10:05:19" Kennung_FahrtZeitms="2023-02-07 10:05:19:028" Fahrtsp="9.7333" FahrtspStrecke="11.1111" FahrtspSignal="-1" FahrtspZugsicherung="45.8333" Fahrtkm="52.4563" FahrtHLDruck="5" FahrtFBSchalter="9"/>
<FahrtEintrag FahrtWeg="4639.6826" FahrtZeit="2023-02-07 10:05:21" Kennung_FahrtZeitms="2023-02-07 10:05:21:482" Fahrtsp="9.9058" FahrtspStrecke="11.1111" FahrtspSignal="-1" FahrtspZugsicherung="45.8333" Fahrtkm="52.4563" FahrtHLDruck="5"/>
<FahrtEintrag FahrtWeg="4664.689" FahrtZeit="2023-02-07 10:05:24" Kennung_FahrtZeitms="2023-02-07 10:05:24:239" Fahrtsp="9.5701" FahrtspStrecke="11.1111" FahrtspSignal="-1" FahrtspZugsicherung="45.8333" Fahrtkm="52.4563" FahrtHLDruck="5"/>
<FahrtEintrag FahrtWeg="4689.8716" FahrtZeit="2023-02-07 10:05:26" Kennung_FahrtZeitms="2023-02-07 10:05:26:935" Fahrtsp="9.3639" FahrtspStrecke="11.1111" FahrtspSignal="-1" FahrtspZugsicherung="45.8333" Fahrtkm="52.5558" FahrtHLDruck="5" FahrtFBSchalter="5"/>
<FahrtEintrag FahrtWeg="4715.1797" FahrtZeit="2023-02-07 10:05:29" Kennung_FahrtZeitms="2023-02-07 10:05:29:128" Fahrtsp="9.4517" FahrtspStrecke="11.1111" FahrtspSignal="-1" FahrtspZugsicherung="45.8333" Fahrtkm="52.5558" FahrtHLDruck="5" FahrtFBSchalter="7"/>
<FahrtEintrag FahrtWeg="4740.4409" FahrtZeit="2023-02-07 10:05:32" Kennung_FahrtZeitms="2023-02-07 10:05:32:674" Fahrtsp="9.5758" FahrtspStrecke="11.1111" FahrtspSignal="-1" FahrtspZugsicherung="45.8333" Fahrtkm="52.5558" FahrtHLDruck="5" FahrtFBSchalter="7"/>
<FahrtEintrag FahrtWeg="4765.4609" FahrtZeit="2023-02-07 10:05:34" Kennung_FahrtZeitms="2023-02-07 10:05:34:345" Fahrtsp="9.6947" FahrtspStrecke="11.1111" FahrtspSignal="-1" FahrtspZugsicherung="45.8333" Fahrtkm="52.5558" FahrtHLDruck="5" FahrtFBSchalter="7"/>
<FahrtEintrag FahrtWeg="4790.6563" FahrtZeit="2023-02-07 10:05:37" Kennung_FahrtZeitms="2023-02-07 10:05:37:928" Fahrtsp="9.8107" FahrtspStrecke="11.1111" FahrtspSignal="-1" FahrtspZugsicherung="45.8333" Fahrtkm="52.6554" FahrtHLDruck="5" FahrtFBSchalter="7"/>
<FahrtEintrag FahrtWeg="4815.8262" FahrtZeit="2023-02-07 10:05:40" Kennung_FahrtZeitms="2023-02-07 10:05:40:242" Fahrtsp="9.9214" FahrtspStrecke="11.1111" FahrtspSignal="-1" FahrtspZugsicherung="45.8333" Fahrtkm="52.6554" FahrtHLDruck="5" FahrtFBSchalter="6"/>
<FahrtEintrag FahrtWeg="4841.0425" FahrtZeit="2023-02-07 10:05:42" Kennung_FahrtZeitms="2023-02-07 10:05:42:389" Fahrtsp="9.7581" FahrtspStrecke="11.1111" FahrtspSignal="-1" FahrtspZugsicherung="45.8333" Fahrtkm="52.6554" FahrtHLDruck="5"/>
<FahrtEintrag FahrtWeg="4866.147" FahrtZeit="2023-02-07 10:05:45" Kennung_FahrtZeitms="2023-02-07 10:05:45:628" Fahrtsp="9.4568" FahrtspStrecke="11.1111" FahrtspSignal="-1" FahrtspZugsicherung="45.8333" Fahrtkm="52.6554" FahrtHLDruck="5" FahrtFBSchalter="6"/>
<FahrtEintrag FahrtWeg="4891.2539" FahrtZeit="2023-02-07 10:05:47" Kennung_FahrtZeitms="2023-02-07 10:05:47:347" Fahrtsp="9.7565" FahrtspStrecke="11.1111" FahrtspSignal="-1" FahrtspZugsicherung="45.8333" Fahrtkm="52.7549" FahrtHLDruck="5" FahrtFBSchalter="11"/>
<FahrtEintrag FahrtWeg="4916.4419" FahrtZeit="2023-02-07 10:05:50" Kennung_FahrtZeitms="2023-02-07 10:05:50:080" Fahrtsp="10.1191" FahrtspStrecke="11.1111" FahrtspSignal="-1" FahrtspZugsicherung="45.8333" Fahrtkm="52.7549" FahrtHLDruck="5" FahrtFBSchalter="11"/>
<FahrtEintrag FahrtWeg="4941.6841" FahrtZeit="2023-02-07 10:05:52" Kennung_FahrtZeitms="2023-02-07 10:05:52:293" Fahrtsp="10.4599" FahrtspStrecke="11.1111" FahrtspSignal="-1" FahrtspZugsicherung="45.8333" Fahrtkm="52.7549" FahrtHLDruck="5" FahrtFBSchalter="11"/>
<FahrtEintrag FahrtWeg="4966.8018" FahrtZeit="2023-02-07 10:05:55" Kennung_FahrtZeitms="2023-02-07 10:05:55:181" Fahrtsp="10.4732" FahrtspStrecke="11.1111" FahrtspSignal="-1" FahrtspZugsicherung="45.8333" Fahrtkm="52.7549" FahrtHLDruck="5"/>
<FahrtEintrag FahrtWeg="4991.9795" FahrtZeit="2023-02-07 10:05:57" Kennung_FahrtZeitms="2023-02-07 10:05:57:742" Fahrtsp="10.1531" FahrtspStrecke="11.1111" FahrtspSignal="-1" FahrtspZugsicherung="45.8333" Fahrtkm="52.8345" FahrtHLDruck="5"/>
<FahrtEintrag FahrtWeg="5017.0371" FahrtZeit="2023-02-07 10:06:00" Kennung_FahrtZeitms="2023-02-07 10:06:00:325" Fahrtsp="9.8247" FahrtspStrecke="11.1111" FahrtspSignal="-1" FahrtspZugsicherung="45.8333" Fahrtkm="52.8345" FahrtHLDruck="5"/>
<FahrtEintrag FahrtWeg="5039.0087" FahrtZeit="2023-02-07 10:06:02" Kennung_FahrtZeitms="2023-02-07 10:06:02:602" Fahrtsp="9.6231" FahrtspStrecke="11.1111" FahrtspSignal="-1" FahrtspZugsicherung="45.8333" Fahrtkm="52.8545" FahrtHLDruck="5"/>
<FahrtEintrag FahrtWeg="5042.1924" FahrtZeit="2023-02-07 10:06:02" Kennung_FahrtZeitms="2023-02-07 10:06:02:945" Fahrtsp="9.6231" FahrtspStrecke="11.1111" FahrtspSignal="-1" FahrtspZugsicherung="45.8333" Fahrtkm="52.8545" FahrtHLDruck="5"/>
<FahrtEintrag FahrtWeg="5067.2217" FahrtZeit="2023-02-07 10:06:05" Kennung_FahrtZeitms="2023-02-07 10:06:05:397" Fahrtsp="9.2852" FahrtspStrecke="11.1111" FahrtspSignal="-1" FahrtspZugsicherung="45.8333" Fahrtkm="52.8545" FahrtHLDruck="5" FahrtFBSchalter="3"/>
<FahrtEintrag FahrtWeg="5092.4409" FahrtZeit="2023-02-07 10:06:08" Kennung_FahrtZeitms="2023-02-07 10:06:08:931" Fahrtsp="9.1388" FahrtspStrecke="11.1111" FahrtspSignal="-1" FahrtspZugsicherung="45.8333" Fahrtkm="52.9541" FahrtHLDruck="5" FahrtFBSchalter="3"/>
<FahrtEintrag FahrtWeg="5117.6226" FahrtZeit="2023-02-07 10:06:10" Kennung_FahrtZeitms="2023-02-07 10:06:10:683" Fahrtsp="8.9917" FahrtspStrecke="11.1111" FahrtspSignal="-1" FahrtspZugsicherung="45.8333" Fahrtkm="52.9541" FahrtHLDruck="5" FahrtFBSchalter="3"/>
<FahrtEintrag FahrtWeg="5142.853" FahrtZeit="2023-02-07 10:06:13" Kennung_FahrtZeitms="2023-02-07 10:06:13:356" Fahrtsp="8.8435" FahrtspStrecke="11.1111" FahrtspSignal="-1" FahrtspZugsicherung="45.8333" Fahrtkm="52.9541" FahrtHLDruck="5" FahrtFBSchalter="3"/>
<FahrtEintrag FahrtWeg="5167.8838" FahrtZeit="2023-02-07 10:06:16" Kennung_FahrtZeitms="2023-02-07 10:06:16:892" Fahrtsp="8.6954" FahrtspStrecke="11.1111" FahrtspSignal="-1" FahrtspZugsicherung="45.8333" Fahrtkm="53.0374" FahrtHLDruck="5" FahrtFBSchalter="3"/>
<FahrtEintrag FahrtWeg="5193.1396" FahrtZeit="2023-02-07 10:06:19" Kennung_FahrtZeitms="2023-02-07 10:06:19:183" Fahrtsp="8.7826" FahrtspStrecke="11.1111" FahrtspSignal="-1" FahrtspZugsicherung="45.8333" Fahrtkm="53.0494" FahrtHLDruck="5" FahrtFBSchalter="9"/>
<FahrtEintrag FahrtWeg="5212.1899" FahrtZeit="2023-02-07 10:06:21" Kennung_FahrtZeitms="2023-02-07 10:06:21:722" Fahrtsp="9.003" FahrtspStrecke="11.1111" FahrtspSignal="-1" FahrtspZugsicherung="45.8333" Fahrtkm="53.0684" FahrtHLDruck="5" FahrtFBSchalter="9"/>
<FahrtEintrag FahrtWeg="5214.4824" FahrtZeit="2023-02-07 10:06:21" Kennung_FahrtZeitms="2023-02-07 10:06:21:964" Fahrtsp="9.03" FahrtspStrecke="11.1111" FahrtspSignal="-1" FahrtspZugsicherung="45.8333" Fahrtkm="53.0707" FahrtHLDruck="5" FahrtFBSchalter="9"/>
<FahrtEintrag FahrtWeg="5239.7622" FahrtZeit="2023-02-07 10:06:24" Kennung_FahrtZeitms="2023-02-07 10:06:24:378" Fahrtsp="9.0081" FahrtspStrecke="11.1111" FahrtspSignal="-1" FahrtspZugsicherung="45.8333" Fahrtkm="53.0536" FahrtHLDruck="5"/>
<FahrtEintrag FahrtTyp="8" FahrtWeg="-1" FahrtZeit="2023-02-07 10:06:26" Kennung_FahrtZeitms="2023-02-07 10:06:26:405" Fahrtsp="-1" FahrtspStrecke="-1" FahrtspSignal="-1" FahrtspZugsicherung="-1" FahrtHLDruck="-1" FahrtParameter="48" FahrtFBSchalter="-10000"/>
<FahrtEintrag FahrtWeg="5268.8748" FahrtZeit="2023-02-07 10:06:26" Kennung_FahrtZeitms="2023-02-07 10:06:26:551" Fahrtsp="9.004" FahrtspStrecke="11.1111" FahrtspSignal="-1" FahrtspZugsicherung="45.8333" Fahrtkm="53.0891" FahrtHLDruck="5"/>
<FahrtEintrag FahrtTyp="8" FahrtWeg="-1" FahrtZeit="2023-02-07 10:06:26" Kennung_FahrtZeitms="2023-02-07 10:06:26:764" Fahrtsp="-1" FahrtspStrecke="-1" FahrtspSignal="-1" FahrtspZugsicherung="-1" FahrtHLDruck="-1" FahrtParameter="16" FahrtFBSchalter="-10000"/>
<FahrtEintrag FahrtWeg="5290.1113" FahrtZeit="2023-02-07 10:06:29" Kennung_FahrtZeitms="2023-02-07 10:06:29:974" Fahrtsp="8.9394" FahrtspStrecke="11.1111" FahrtspSignal="-1" FahrtspZugsicherung="45.8333" Fahrtkm="53.1532" FahrtHLDruck="5" FahrtFBSchalter="4"/>
<FahrtEintrag FahrtWeg="5315.1978" FahrtZeit="2023-02-07 10:06:33" Kennung_FahrtZeitms="2023-02-07 10:06:31:287" Fahrtsp="8.9351" FahrtspStrecke="11.1111" FahrtspSignal="-1" FahrtspZugsicherung="45.8333" Fahrtkm="53.1532" FahrtHLDruck="5" FahrtFBSchalter="11"/>
<FahrtEintrag FahrtWeg="5340.312" FahrtZeit="2023-02-07 10:06:36" Kennung_FahrtZeitms="2023-02-07 10:06:35:729" Fahrtsp="9.1687" FahrtspStrecke="11.1111" FahrtspSignal="-1" FahrtspZugsicherung="45.8333" Fahrtkm="53.1532" FahrtHLDruck="5" FahrtFBSchalter="17"/>
<FahrtEintrag FahrtWeg="5365.3711" FahrtZeit="2023-02-07 10:06:39" Kennung_FahrtZeitms="2023-02-07 10:06:38:289" Fahrtsp="9.684" FahrtspStrecke="11.1111" FahrtspSignal="-1" FahrtspZugsicherung="45.8333" Fahrtkm="53.1532" FahrtHLDruck="5" FahrtFBSchalter="10"/>
<FahrtEintrag FahrtWeg="5390.4019" FahrtZeit="2023-02-07 10:06:41" Kennung_FahrtZeitms="2023-02-07 10:06:40:674" Fahrtsp="9.4767" FahrtspStrecke="11.1111" FahrtspSignal="-1" FahrtspZugsicherung="45.8333" Fahrtkm="53.2528" FahrtHLDruck="5"/>
<FahrtEintrag FahrtWeg="5415.6787" FahrtZeit="2023-02-07 10:06:44" Kennung_FahrtZeitms="2023-02-07 10:06:43:984" Fahrtsp="9.5566" FahrtspStrecke="11.1111" FahrtspSignal="-1" FahrtspZugsicherung="45.8333" Fahrtkm="53.2528" FahrtHLDruck="5" FahrtFBSchalter="9"/>
<FahrtEintrag FahrtWeg="5440.998" FahrtZeit="2023-02-07 10:06:46" Kennung_FahrtZeitms="2023-02-07 10:06:45:892" Fahrtsp="9.8069" FahrtspStrecke="11.1111" FahrtspSignal="-1" FahrtspZugsicherung="45.8333" Fahrtkm="53.2528" FahrtHLDruck="5" FahrtFBSchalter="9"/>
<FahrtEintrag FahrtWeg="5466.0737" FahrtZeit="2023-02-07 10:06:49" Kennung_FahrtZeitms="2023-02-07 10:06:48:385" Fahrtsp="10.0796" FahrtspStrecke="11.1111" FahrtspSignal="-1" FahrtspZugsicherung="45.8333" Fahrtkm="53.2529" FahrtHLDruck="5" FahrtFBSchalter="10"/>
<FahrtEintrag FahrtTyp="5" FahrtWeg="5479.8149" FahrtZeit="2023-02-07 10:06:50" Kennung_FahrtZeitms="2023-02-07 10:06:50:092" Fahrtsp="10.2403" FahrtspStrecke="11.1111" FahrtspSignal="-1" FahrtspZugsicherung="45.8333" FahrtText="Üst Moorrasen A" Fahrtkm="53.2529" FahrtHLDruck="5" FahrtFBSchalter="10"/>
<FahrtEintrag FahrtWeg="5504.8345" FahrtZeit="2023-02-07 10:06:53" Kennung_FahrtZeitms="2023-02-07 10:06:53:478" Fahrtsp="10.2462" FahrtspStrecke="11.1111" FahrtspSignal="-1" FahrtspZugsicherung="45.8333" Fahrtkm="53.3524" FahrtHLDruck="5"/>
<FahrtEintrag FahrtWeg="5529.8691" FahrtZeit="2023-02-07 10:06:55" Kennung_FahrtZeitms="2023-02-07 10:06:55:243" Fahrtsp="9.9211" FahrtspStrecke="11.1111" FahrtspSignal="-1" FahrtspZugsicherung="45.8333" Fahrtkm="53.3524" FahrtHLDruck="5"/>
<FahrtEintrag FahrtWeg="5555.1792" FahrtZeit="2023-02-07 10:06:58" Kennung_FahrtZeitms="2023-02-07 10:06:58:983" Fahrtsp="9.5818" FahrtspStrecke="11.1111" FahrtspSignal="-1" FahrtspZugsicherung="45.8333" Fahrtkm="53.3524" FahrtHLDruck="5"/>
<FahrtEintrag FahrtWeg="5580.3789" FahrtZeit="2023-02-07 10:07:01" Kennung_FahrtZeitms="2023-02-07 10:07:01:183" Fahrtsp="9.2322" FahrtspStrecke="11.1111" FahrtspSignal="-1" FahrtspZugsicherung="45.8333" Fahrtkm="53.452" FahrtHLDruck="5"/>
<FahrtEintrag FahrtWeg="5605.48" FahrtZeit="2023-02-07 10:07:03" Kennung_FahrtZeitms="2023-02-07 10:07:03:725" Fahrtsp="8.8709" FahrtspStrecke="11.1111" FahrtspSignal="-1" FahrtspZugsicherung="45.8333" Fahrtkm="53.452" FahrtHLDruck="5"/>
<FahrtEintrag FahrtWeg="5630.7983" FahrtZeit="2023-02-07 10:07:06" Kennung_FahrtZeitms="2023-02-07 10:07:06:491" Fahrtsp="8.4915" FahrtspStrecke="11.1111" FahrtspSignal="-1" FahrtspZugsicherung="45.8333" Fahrtkm="53.452" FahrtHLDruck="5"/>
<FahrtEintrag FahrtWeg="5655.8403" FahrtZeit="2023-02-07 10:07:09" Kennung_FahrtZeitms="2023-02-07 10:07:09:382" Fahrtsp="8.0995" FahrtspStrecke="11.1111" FahrtspSignal="-1" FahrtspZugsicherung="45.8333" Fahrtkm="53.4519" FahrtHLDruck="5"/>
<FahrtEintrag FahrtWeg="5681.061" FahrtZeit="2023-02-07 10:07:13" Kennung_FahrtZeitms="2023-02-07 10:07:13:892" Fahrtsp="7.6518" FahrtspStrecke="11.1111" FahrtspSignal="-1" FahrtspZugsicherung="45.8333" Fahrtkm="53.5515" FahrtHLDruck="5" FahrtFBSchalter="-4"/>
<FahrtEintrag FahrtWeg="5706.1553" FahrtZeit="2023-02-07 10:07:16" Kennung_FahrtZeitms="2023-02-07 10:07:16:234" Fahrtsp="6.5594" FahrtspStrecke="11.1111" FahrtspSignal="-1" FahrtspZugsicherung="45.8333" Fahrtkm="53.5515" FahrtHLDruck="5" FahrtFBSchalter="-10"/>
<FahrtEintrag FahrtWeg="5731.3296" FahrtZeit="2023-02-07 10:07:20" Kennung_FahrtZeitms="2023-02-07 10:07:20:125" Fahrtsp="5.1154" FahrtspStrecke="11.1111" FahrtspSignal="-1" FahrtspZugsicherung="45.8333" Fahrtkm="53.5514" FahrtHLDruck="5" FahrtFBSchalter="-21"/>
<FahrtEintrag FahrtWeg="5748.3022" FahrtZeit="2023-02-07 10:07:25" Kennung_FahrtZeitms="2023-02-07 10:07:25:832" Fahrtsp="1.5454" FahrtspStrecke="11.1111" FahrtspSignal="-1" FahrtspZugsicherung="45.8333" Fahrtkm="53.5513" FahrtHLDruck="5" FahrtFBSchalter="-42"/>
<FahrtEintrag FahrtTyp="1" FahrtWeg="5751.397" FahrtZeit="2023-02-07 10:07:30" Kennung_FahrtZeitms="2023-02-07 10:07:30:647" FahrtspStrecke="11.1111" FahrtspSignal="-1" FahrtspZugsicherung="45.8333" Fahrtkm="53.5512" FahrtHLDruck="5" FahrtFBSchalter="-37"/>
<FahrtEintrag FahrtWeg="5750.7705" FahrtZeit="2023-02-07 10:07:35" Kennung_FahrtZeitms="2023-02-07 10:07:35:492" Fahrtsp="-0.2443" FahrtspStrecke="11.1111" FahrtspSignal="-1" FahrtspZugsicherung="45.8333" Fahrtkm="53.5512" FahrtHLDruck="5"/>
<FahrtEintrag FahrtWeg="5748.8164" FahrtZeit="2023-02-07 10:07:40" Kennung_FahrtZeitms="2023-02-07 10:07:40:921" Fahrtsp="-0.405" FahrtspStrecke="11.1111" FahrtspSignal="-1" FahrtspZugsicherung="45.8333" Fahrtkm="53.5512" FahrtHLDruck="4.2375"/>
<FahrtEintrag FahrtTyp="1" FahrtWeg="5748.2749" FahrtZeit="2023-02-07 10:07:43" Kennung_FahrtZeitms="2023-02-07 10:07:43:293" FahrtspStrecke="11.1111" FahrtspSignal="-1" FahrtspZugsicherung="45.8333" Fahrtkm="53.5512" FahrtHLDruck="0.145"/>
<FahrtEintrag FahrtWeg="5748.2749" FahrtZeit="2023-02-07 10:07:48" Kennung_FahrtZeitms="2023-02-07 10:07:48:842" FahrtspStrecke="11.1111" FahrtspSignal="-1" FahrtspZugsicherung="45.8333" Fahrtkm="53.5512" FahrtHLDruck="0.4557"/>
<FahrtEintrag FahrtWeg="5748.2749" FahrtZeit="2023-02-07 10:07:53" Kennung_FahrtZeitms="2023-02-07 10:07:53:325" FahrtspStrecke="11.1111" FahrtspSignal="-1" FahrtspZugsicherung="45.8333" Fahrtkm="53.5512" FahrtHLDruck="2.4614"/>
<FahrtEintrag FahrtWeg="5748.2749" FahrtZeit="2023-02-07 10:07:58" Kennung_FahrtZeitms="2023-02-07 10:07:58:491" FahrtspStrecke="11.1111" FahrtspSignal="-1" FahrtspZugsicherung="45.8333" Fahrtkm="53.5512" FahrtHLDruck="4.4699"/>
<FahrtEintrag FahrtWeg="5748.2749" FahrtZeit="2023-02-07 10:08:03" Kennung_FahrtZeitms="2023-02-07 10:08:03:845" FahrtspStrecke="11.1111" FahrtspSignal="-1" FahrtspZugsicherung="45.8333" Fahrtkm="53.5512" FahrtHLDruck="5"/>
</result>
</Zusi>
