﻿<?xml version="1.0" encoding="UTF-8"?>
<Zusi>
<Info DateiTyp="result" Version="A.1" MinVersion="A.0"/>
<result Zugnummer="4711 (FaS)" Datum="2023-02-08 13:57:04" Verbrauch="443934560">
<FahrtEintrag FahrtTyp="2" FahrtWeg="1516.7542" FahrtZeit="2023-02-08 09:50:00" Kennung_FahrtZeitms="2023-02-08 09:50:00:89" FahrtspStrecke="11.1111" FahrtspSignal="-1" FahrtspZugsicherung="-1" FahrtText="Allenbach" Fahrtkm="49.3855" FahrtHLDruck="5" FahrtFplAnk="44965.410156" FahrtFplAbf="44965.417969"/>
<FahrtEintrag FahrtWeg="1516.7542" FahrtZeit="2023-02-08 09:50:05" Kennung_FahrtZeitms="2023-02-08 09:50:05:100" FahrtspStrecke="11.1111" FahrtspSignal="-1" FahrtspZugsicherung="45.8333" Fahrtkm="49.3855" FahrtHLDruck="5"/>
<FahrtEintrag FahrtWeg="1516.7542" FahrtZeit="2023-02-08 09:50:10" Kennung_FahrtZeitms="2023-02-08 09:50:10:102" FahrtspStrecke="11.1111" FahrtspSignal="-1" FahrtspZugsicherung="45.8333" Fahrtkm="49.3855" FahrtHLDruck="5"/>
<FahrtEintrag FahrtWeg="1516.7542" FahrtZeit="2023-02-08 09:50:15" Kennung_FahrtZeitms="2023-02-08 09:50:15:104" FahrtspStrecke="11.1111" FahrtspSignal="-1" FahrtspZugsicherung="45.8333" Fahrtkm="49.3855" FahrtHLDruck="5"/>
<FahrtEintrag FahrtWeg="1516.7542" FahrtZeit="2023-02-08 09:50:20" Kennung_FahrtZeitms="2023-02-08 09:50:20:106" FahrtspStrecke="11.1111" FahrtspSignal="-1" FahrtspZugsicherung="45.8333" Fahrtkm="49.3855" FahrtHLDruck="5"/>
<FahrtEintrag FahrtWeg="1516.7542" FahrtZeit="2023-02-08 09:50:25" Kennung_FahrtZeitms="2023-02-08 09:50:25:107" FahrtspStrecke="11.1111" FahrtspSignal="-1" FahrtspZugsicherung="45.8333" Fahrtkm="49.3855" FahrtHLDruck="5"/>
<FahrtEintrag FahrtWeg="1516.7542" FahrtZeit="2023-02-08 09:50:30" Kennung_FahrtZeitms="2023-02-08 09:50:30:110" FahrtspStrecke="11.1111" FahrtspSignal="-1" FahrtspZugsicherung="45.8333" Fahrtkm="49.3855" FahrtHLDruck="5"/>
<FahrtEintrag FahrtWeg="1516.7542" FahrtZeit="2023-02-08 09:50:35" Kennung_FahrtZeitms="2023-02-08 09:50:35:112" FahrtspStrecke="11.1111" FahrtspSignal="-1" FahrtspZugsicherung="45.8333" Fahrtkm="49.3855" FahrtHLDruck="5"/>
<FahrtEintrag FahrtWeg="1516.7542" FahrtZeit="2023-02-08 09:50:40" Kennung_FahrtZeitms="2023-02-08 09:50:40:114" FahrtspStrecke="11.1111" FahrtspSignal="-1" FahrtspZugsicherung="45.8333" Fahrtkm="49.3855" FahrtHLDruck="5"/>
<FahrtEintrag FahrtWeg="1516.7542" FahrtZeit="2023-02-08 09:50:45" Kennung_FahrtZeitms="2023-02-08 09:50:45:116" FahrtspStrecke="11.1111" FahrtspSignal="-1" FahrtspZugsicherung="45.8333" Fahrtkm="49.3855" FahrtHLDruck="5"/>
<FahrtEintrag FahrtWeg="1516.7542" FahrtZeit="2023-02-08 09:50:50" Kennung_FahrtZeitms="2023-02-08 09:50:50:118" FahrtspStrecke="11.1111" FahrtspSignal="-1" FahrtspZugsicherung="45.8333" Fahrtkm="49.3855" FahrtHLDruck="5"/>
<FahrtEintrag FahrtWeg="1516.7542" FahrtZeit="2023-02-08 09:50:55" Kennung_FahrtZeitms="2023-02-08 09:50:55:121" FahrtspStrecke="11.1111" FahrtspSignal="-1" FahrtspZugsicherung="45.8333" Fahrtkm="49.3855" FahrtHLDruck="5"/>
<FahrtEintrag FahrtWeg="1516.7542" FahrtZeit="2023-02-08 09:51:00" Kennung_FahrtZeitms="2023-02-08 09:51:00:122" FahrtspStrecke="11.1111" FahrtspSignal="-1" FahrtspZugsicherung="45.8333" Fahrtkm="49.3855" FahrtHLDruck="5"/>
<FahrtEintrag FahrtWeg="1516.7542" FahrtZeit="2023-02-08 09:51:06" Kennung_FahrtZeitms="2023-02-08 09:51:06:124" FahrtspStrecke="11.1111" FahrtspSignal="-1" FahrtspZugsicherung="45.8333" Fahrtkm="49.3855" FahrtHLDruck="5"/>
<FahrtEintrag FahrtWeg="1516.7542" FahrtZeit="2023-02-08 09:51:11" Kennung_FahrtZeitms="2023-02-08 09:51:11:126" FahrtspStrecke="11.1111" FahrtspSignal="-1" FahrtspZugsicherung="45.8333" Fahrtkm="49.3855" FahrtHLDruck="5"/>
<FahrtEintrag FahrtWeg="1516.7542" FahrtZeit="2023-02-08 09:51:16" Kennung_FahrtZeitms="2023-02-08 09:51:16:128" FahrtspStrecke="11.1111" FahrtspSignal="-1" FahrtspZugsicherung="45.8333" Fahrtkm="49.3855" FahrtHLDruck="5"/>
<FahrtEintrag FahrtWeg="1516.7542" FahrtZeit="2023-02-08 09:51:21" Kennung_FahrtZeitms="2023-02-08 09:51:21:130" FahrtspStrecke="11.1111" FahrtspSignal="-1" FahrtspZugsicherung="45.8333" Fahrtkm="49.3855" FahrtHLDruck="5"/>
<FahrtEintrag FahrtWeg="1516.7542" FahrtZeit="2023-02-08 09:51:26" Kennung_FahrtZeitms="2023-02-08 09:51:26:132" FahrtspStrecke="11.1111" FahrtspSignal="-1" FahrtspZugsicherung="45.8333" Fahrtkm="49.3855" FahrtHLDruck="5"/>
<FahrtEintrag FahrtWeg="1516.7542" FahrtZeit="2023-02-08 09:51:31" Kennung_FahrtZeitms="2023-02-08 09:51:31:134" FahrtspStrecke="11.1111" FahrtspSignal="-1" FahrtspZugsicherung="45.8333" Fahrtkm="49.3855" FahrtHLDruck="5"/>
<FahrtEintrag FahrtWeg="1516.7542" FahrtZeit="2023-02-08 09:51:36" Kennung_FahrtZeitms="2023-02-08 09:51:36:136" FahrtspStrecke="11.1111" FahrtspSignal="-1" FahrtspZugsicherung="45.8333" Fahrtkm="49.3855" FahrtHLDruck="5"/>
<FahrtEintrag FahrtWeg="1516.7542" FahrtZeit="2023-02-08 09:51:41" Kennung_FahrtZeitms="2023-02-08 09:51:41:138" FahrtspStrecke="11.1111" FahrtspSignal="-1" FahrtspZugsicherung="45.8333" Fahrtkm="49.3855" FahrtHLDruck="5"/>
<FahrtEintrag FahrtWeg="1516.7542" FahrtZeit="2023-02-08 09:51:46" Kennung_FahrtZeitms="2023-02-08 09:51:46:140" FahrtspStrecke="11.1111" FahrtspSignal="-1" FahrtspZugsicherung="45.8333" Fahrtkm="49.3855" FahrtHLDruck="5"/>
<FahrtEintrag FahrtWeg="1516.7542" FahrtZeit="2023-02-08 09:51:51" Kennung_FahrtZeitms="2023-02-08 09:51:51:141" FahrtspStrecke="11.1111" FahrtspSignal="-1" FahrtspZugsicherung="45.8333" Fahrtkm="49.3855" FahrtHLDruck="5"/>
<FahrtEintrag FahrtWeg="1516.7542" FahrtZeit="2023-02-08 09:51:57" Kennung_FahrtZeitms="2023-02-08 09:51:57:144" FahrtspStrecke="11.1111" FahrtspSignal="-1" FahrtspZugsicherung="45.8333" Fahrtkm="49.3855" FahrtHLDruck="5"/>
<FahrtEintrag FahrtWeg="1516.7542" FahrtZeit="2023-02-08 09:52:02" Kennung_FahrtZeitms="2023-02-08 09:52:02:146" FahrtspStrecke="11.1111" FahrtspSignal="-1" FahrtspZugsicherung="45.8333" Fahrtkm="49.3855" FahrtHLDruck="5"/>
<FahrtEintrag FahrtWeg="1516.7542" FahrtZeit="2023-02-08 09:52:07" Kennung_FahrtZeitms="2023-02-08 09:52:07:148" FahrtspStrecke="11.1111" FahrtspSignal="-1" FahrtspZugsicherung="45.8333" Fahrtkm="49.3855" FahrtHLDruck="5"/>
<FahrtEintrag FahrtWeg="1516.7542" FahrtZeit="2023-02-08 09:52:12" Kennung_FahrtZeitms="2023-02-08 09:52:12:150" FahrtspStrecke="11.1111" FahrtspSignal="-1" FahrtspZugsicherung="45.8333" Fahrtkm="49.3855" FahrtHLDruck="5"/>
<FahrtEintrag FahrtWeg="1516.7542" FahrtZeit="2023-02-08 09:52:17" Kennung_FahrtZeitms="2023-02-08 09:52:17:152" FahrtspStrecke="11.1111" FahrtspSignal="-1" FahrtspZugsicherung="45.8333" Fahrtkm="49.3855" FahrtHLDruck="5"/>
<FahrtEintrag FahrtWeg="1516.7542" FahrtZeit="2023-02-08 09:52:22" Kennung_FahrtZeitms="2023-02-08 09:52:22:154" FahrtspStrecke="11.1111" FahrtspSignal="-1" FahrtspZugsicherung="45.8333" Fahrtkm="49.3855" FahrtHLDruck="5"/>
<FahrtEintrag FahrtWeg="1516.7542" FahrtZeit="2023-02-08 09:52:27" Kennung_FahrtZeitms="2023-02-08 09:52:27:155" FahrtspStrecke="11.1111" FahrtspSignal="-1" FahrtspZugsicherung="45.8333" Fahrtkm="49.3855" FahrtHLDruck="5"/>
<FahrtEintrag FahrtWeg="1516.7542" FahrtZeit="2023-02-08 09:52:32" Kennung_FahrtZeitms="2023-02-08 09:52:32:158" FahrtspStrecke="11.1111" FahrtspSignal="-1" FahrtspZugsicherung="45.8333" Fahrtkm="49.3855" FahrtHLDruck="5"/>
<FahrtEintrag FahrtWeg="1516.7542" FahrtZeit="2023-02-08 09:52:37" Kennung_FahrtZeitms="2023-02-08 09:52:37:160" FahrtspStrecke="11.1111" FahrtspSignal="-1" FahrtspZugsicherung="45.8333" Fahrtkm="49.3855" FahrtHLDruck="5"/>
<FahrtEintrag FahrtWeg="1516.7542" FahrtZeit="2023-02-08 09:52:42" Kennung_FahrtZeitms="2023-02-08 09:52:42:162" FahrtspStrecke="11.1111" FahrtspSignal="-1" FahrtspZugsicherung="45.8333" Fahrtkm="49.3855" FahrtHLDruck="5"/>
<FahrtEintrag FahrtWeg="1516.7542" FahrtZeit="2023-02-08 09:52:47" Kennung_FahrtZeitms="2023-02-08 09:52:47:164" FahrtspStrecke="11.1111" FahrtspSignal="-1" FahrtspZugsicherung="45.8333" Fahrtkm="49.3855" FahrtHLDruck="5"/>
<FahrtEintrag FahrtWeg="1516.7542" FahrtZeit="2023-02-08 09:52:53" Kennung_FahrtZeitms="2023-02-08 09:52:53:166" FahrtspStrecke="11.1111" FahrtspSignal="-1" FahrtspZugsicherung="45.8333" Fahrtkm="49.3855" FahrtHLDruck="5"/>
<FahrtEintrag FahrtWeg="1516.7542" FahrtZeit="2023-02-08 09:52:58" Kennung_FahrtZeitms="2023-02-08 09:52:58:168" FahrtspStrecke="11.1111" FahrtspSignal="-1" FahrtspZugsicherung="45.8333" Fahrtkm="49.3855" FahrtHLDruck="5"/>
<FahrtEintrag FahrtWeg="1516.7542" FahrtZeit="2023-02-08 09:53:03" Kennung_FahrtZeitms="2023-02-08 09:53:03:170" FahrtspStrecke="11.1111" FahrtspSignal="-1" FahrtspZugsicherung="45.8333" Fahrtkm="49.3855" FahrtHLDruck="5"/>
<FahrtEintrag FahrtWeg="1516.7542" FahrtZeit="2023-02-08 09:53:08" Kennung_FahrtZeitms="2023-02-08 09:53:08:171" FahrtspStrecke="11.1111" FahrtspSignal="-1" FahrtspZugsicherung="45.8333" Fahrtkm="49.3855" FahrtHLDruck="5"/>
<FahrtEintrag FahrtWeg="1516.7542" FahrtZeit="2023-02-08 09:53:13" Kennung_FahrtZeitms="2023-02-08 09:53:13:174" FahrtspStrecke="11.1111" FahrtspSignal="-1" FahrtspZugsicherung="45.8333" Fahrtkm="49.3855" FahrtHLDruck="5"/>
<FahrtEintrag FahrtWeg="1516.7542" FahrtZeit="2023-02-08 09:53:18" Kennung_FahrtZeitms="2023-02-08 09:53:18:176" FahrtspStrecke="11.1111" FahrtspSignal="-1" FahrtspZugsicherung="45.8333" Fahrtkm="49.3855" FahrtHLDruck="5"/>
<FahrtEintrag FahrtWeg="1516.7542" FahrtZeit="2023-02-08 09:53:23" Kennung_FahrtZeitms="2023-02-08 09:53:23:178" FahrtspStrecke="11.1111" FahrtspSignal="-1" FahrtspZugsicherung="45.8333" Fahrtkm="49.3855" FahrtHLDruck="5"/>
<FahrtEintrag FahrtWeg="1516.7542" FahrtZeit="2023-02-08 09:53:28" Kennung_FahrtZeitms="2023-02-08 09:53:28:180" FahrtspStrecke="11.1111" FahrtspSignal="-1" FahrtspZugsicherung="45.8333" Fahrtkm="49.3855" FahrtHLDruck="5"/>
<FahrtEintrag FahrtWeg="1516.7542" FahrtZeit="2023-02-08 09:53:33" Kennung_FahrtZeitms="2023-02-08 09:53:33:182" FahrtspStrecke="11.1111" FahrtspSignal="-1" FahrtspZugsicherung="45.8333" Fahrtkm="49.3855" FahrtHLDruck="5"/>
<FahrtEintrag FahrtWeg="1516.7542" FahrtZeit="2023-02-08 09:53:38" Kennung_FahrtZeitms="2023-02-08 09:53:38:184" FahrtspStrecke="11.1111" FahrtspSignal="-1" FahrtspZugsicherung="45.8333" Fahrtkm="49.3855" FahrtHLDruck="5"/>
<FahrtEintrag FahrtWeg="1516.7542" FahrtZeit="2023-02-08 09:53:44" Kennung_FahrtZeitms="2023-02-08 09:53:44:186" FahrtspStrecke="11.1111" FahrtspSignal="-1" FahrtspZugsicherung="45.8333" Fahrtkm="49.3855" FahrtHLDruck="5"/>
<FahrtEintrag FahrtWeg="1516.7542" FahrtZeit="2023-02-08 09:53:49" Kennung_FahrtZeitms="2023-02-08 09:53:49:188" FahrtspStrecke="11.1111" FahrtspSignal="-1" FahrtspZugsicherung="45.8333" Fahrtkm="49.3855" FahrtHLDruck="5"/>
<FahrtEintrag FahrtWeg="1516.7542" FahrtZeit="2023-02-08 09:53:54" Kennung_FahrtZeitms="2023-02-08 09:53:54:190" FahrtspStrecke="11.1111" FahrtspSignal="-1" FahrtspZugsicherung="45.8333" Fahrtkm="49.3855" FahrtHLDruck="5"/>
<FahrtEintrag FahrtWeg="1516.7542" FahrtZeit="2023-02-08 09:53:59" Kennung_FahrtZeitms="2023-02-08 09:53:59:192" FahrtspStrecke="11.1111" FahrtspSignal="-1" FahrtspZugsicherung="45.8333" Fahrtkm="49.3855" FahrtHLDruck="5"/>
<FahrtEintrag FahrtWeg="1516.7542" FahrtZeit="2023-02-08 09:54:04" Kennung_FahrtZeitms="2023-02-08 09:54:04:194" FahrtspStrecke="11.1111" FahrtspSignal="-1" FahrtspZugsicherung="45.8333" Fahrtkm="49.3855" FahrtHLDruck="5"/>
<FahrtEintrag FahrtWeg="1516.7542" FahrtZeit="2023-02-08 09:54:09" Kennung_FahrtZeitms="2023-02-08 09:54:09:196" FahrtspStrecke="11.1111" FahrtspSignal="-1" FahrtspZugsicherung="45.8333" Fahrtkm="49.3855" FahrtHLDruck="5"/>
<FahrtEintrag FahrtWeg="1516.7542" FahrtZeit="2023-02-08 09:54:14" Kennung_FahrtZeitms="2023-02-08 09:54:14:198" FahrtspStrecke="11.1111" FahrtspSignal="-1" FahrtspZugsicherung="45.8333" Fahrtkm="49.3855" FahrtHLDruck="5"/>
<FahrtEintrag FahrtWeg="1516.7542" FahrtZeit="2023-02-08 09:54:19" Kennung_FahrtZeitms="2023-02-08 09:54:19:200" FahrtspStrecke="11.1111" FahrtspSignal="-1" FahrtspZugsicherung="45.8333" Fahrtkm="49.3855" FahrtHLDruck="5"/>
<FahrtEintrag FahrtWeg="1516.7542" FahrtZeit="2023-02-08 09:54:24" Kennung_FahrtZeitms="2023-02-08 09:54:24:201" FahrtspStrecke="11.1111" FahrtspSignal="-1" FahrtspZugsicherung="45.8333" Fahrtkm="49.3855" FahrtHLDruck="5"/>
<FahrtEintrag FahrtWeg="1516.7542" FahrtZeit="2023-02-08 09:54:29" Kennung_FahrtZeitms="2023-02-08 09:54:29:204" FahrtspStrecke="11.1111" FahrtspSignal="-1" FahrtspZugsicherung="45.8333" Fahrtkm="49.3855" FahrtHLDruck="5"/>
<FahrtEintrag FahrtWeg="1516.7542" FahrtZeit="2023-02-08 09:54:34" Kennung_FahrtZeitms="2023-02-08 09:54:34:206" FahrtspStrecke="11.1111" FahrtspSignal="-1" FahrtspZugsicherung="45.8333" Fahrtkm="49.3855" FahrtHLDruck="5"/>
<FahrtEintrag FahrtWeg="1516.7542" FahrtZeit="2023-02-08 09:54:40" Kennung_FahrtZeitms="2023-02-08 09:54:40:208" FahrtspStrecke="11.1111" FahrtspSignal="-1" FahrtspZugsicherung="45.8333" Fahrtkm="49.3855" FahrtHLDruck="5"/>
<FahrtEintrag FahrtWeg="1516.7542" FahrtZeit="2023-02-08 09:54:45" Kennung_FahrtZeitms="2023-02-08 09:54:45:210" FahrtspStrecke="11.1111" FahrtspSignal="-1" FahrtspZugsicherung="45.8333" Fahrtkm="49.3855" FahrtHLDruck="5"/>
<FahrtEintrag FahrtWeg="1516.7542" FahrtZeit="2023-02-08 09:54:50" Kennung_FahrtZeitms="2023-02-08 09:54:50:212" FahrtspStrecke="11.1111" FahrtspSignal="-1" FahrtspZugsicherung="45.8333" Fahrtkm="49.3855" FahrtHLDruck="5"/>
<FahrtEintrag FahrtWeg="1516.7542" FahrtZeit="2023-02-08 09:54:55" Kennung_FahrtZeitms="2023-02-08 09:54:55:214" FahrtspStrecke="11.1111" FahrtspSignal="-1" FahrtspZugsicherung="45.8333" Fahrtkm="49.3855" FahrtHLDruck="5"/>
<FahrtEintrag FahrtWeg="1516.7542" FahrtZeit="2023-02-08 09:55:01" Kennung_FahrtZeitms="2023-02-08 09:55:01:216" FahrtspStrecke="11.1111" FahrtspSignal="-1" FahrtspZugsicherung="45.8333" Fahrtkm="49.3855" FahrtHLDruck="5"/>
<FahrtEintrag FahrtWeg="1516.7542" FahrtZeit="2023-02-08 09:55:06" Kennung_FahrtZeitms="2023-02-08 09:55:06:218" FahrtspStrecke="11.1111" FahrtspSignal="-1" FahrtspZugsicherung="45.8333" Fahrtkm="49.3855" FahrtHLDruck="5"/>
<FahrtEintrag FahrtWeg="1516.7542" FahrtZeit="2023-02-08 09:55:11" Kennung_FahrtZeitms="2023-02-08 09:55:11:220" FahrtspStrecke="11.1111" FahrtspSignal="-1" FahrtspZugsicherung="45.8333" Fahrtkm="49.3855" FahrtHLDruck="5"/>
<FahrtEintrag FahrtWeg="1516.7542" FahrtZeit="2023-02-08 09:55:16" Kennung_FahrtZeitms="2023-02-08 09:55:16:222" FahrtspStrecke="11.1111" FahrtspSignal="-1" FahrtspZugsicherung="45.8333" Fahrtkm="49.3855" FahrtHLDruck="5"/>
<FahrtEintrag FahrtWeg="1516.7542" FahrtZeit="2023-02-08 09:55:21" Kennung_FahrtZeitms="2023-02-08 09:55:21:223" FahrtspStrecke="11.1111" FahrtspSignal="-1" FahrtspZugsicherung="45.8333" Fahrtkm="49.3855" FahrtHLDruck="5"/>
<FahrtEintrag FahrtWeg="1516.7542" FahrtZeit="2023-02-08 09:55:26" Kennung_FahrtZeitms="2023-02-08 09:55:26:226" FahrtspStrecke="11.1111" FahrtspSignal="-1" FahrtspZugsicherung="45.8333" Fahrtkm="49.3855" FahrtHLDruck="5"/>
<FahrtEintrag FahrtWeg="1516.7542" FahrtZeit="2023-02-08 09:55:31" Kennung_FahrtZeitms="2023-02-08 09:55:31:228" FahrtspStrecke="11.1111" FahrtspSignal="-1" FahrtspZugsicherung="45.8333" Fahrtkm="49.3855" FahrtHLDruck="5"/>
<FahrtEintrag FahrtWeg="1516.7542" FahrtZeit="2023-02-08 09:55:36" Kennung_FahrtZeitms="2023-02-08 09:55:36:230" FahrtspStrecke="11.1111" FahrtspSignal="-1" FahrtspZugsicherung="45.8333" Fahrtkm="49.3855" FahrtHLDruck="5"/>
<FahrtEintrag FahrtWeg="1516.7542" FahrtZeit="2023-02-08 09:55:41" Kennung_FahrtZeitms="2023-02-08 09:55:41:232" FahrtspStrecke="11.1111" FahrtspSignal="-1" FahrtspZugsicherung="45.8333" Fahrtkm="49.3855" FahrtHLDruck="5"/>
<FahrtEintrag FahrtWeg="1516.7542" FahrtZeit="2023-02-08 09:55:46" Kennung_FahrtZeitms="2023-02-08 09:55:46:234" FahrtspStrecke="11.1111" FahrtspSignal="-1" FahrtspZugsicherung="45.8333" Fahrtkm="49.3855" FahrtHLDruck="5"/>
<FahrtEintrag FahrtWeg="1516.7542" FahrtZeit="2023-02-08 09:55:52" Kennung_FahrtZeitms="2023-02-08 09:55:52:236" FahrtspStrecke="11.1111" FahrtspSignal="-1" FahrtspZugsicherung="45.8333" Fahrtkm="49.3855" FahrtHLDruck="5"/>
<FahrtEintrag FahrtWeg="1516.7542" FahrtZeit="2023-02-08 09:55:57" Kennung_FahrtZeitms="2023-02-08 09:55:57:238" FahrtspStrecke="11.1111" FahrtspSignal="-1" FahrtspZugsicherung="45.8333" Fahrtkm="49.3855" FahrtHLDruck="5"/>
<FahrtEintrag FahrtWeg="1516.7542" FahrtZeit="2023-02-08 09:56:02" Kennung_FahrtZeitms="2023-02-08 09:56:02:240" FahrtspStrecke="11.1111" FahrtspSignal="-1" FahrtspZugsicherung="45.8333" Fahrtkm="49.3855" FahrtHLDruck="5"/>
<FahrtEintrag FahrtWeg="1516.7542" FahrtZeit="2023-02-08 09:56:07" Kennung_FahrtZeitms="2023-02-08 09:56:07:242" FahrtspStrecke="11.1111" FahrtspSignal="-1" FahrtspZugsicherung="45.8333" Fahrtkm="49.3855" FahrtHLDruck="5"/>
<FahrtEintrag FahrtWeg="1516.7542" FahrtZeit="2023-02-08 09:56:12" Kennung_FahrtZeitms="2023-02-08 09:56:12:244" FahrtspStrecke="11.1111" FahrtspSignal="-1" FahrtspZugsicherung="45.8333" Fahrtkm="49.3855" FahrtHLDruck="5"/>
<FahrtEintrag FahrtWeg="1516.7542" FahrtZeit="2023-02-08 09:56:17" Kennung_FahrtZeitms="2023-02-08 09:56:17:246" FahrtspStrecke="11.1111" FahrtspSignal="-1" FahrtspZugsicherung="45.8333" Fahrtkm="49.3855" FahrtHLDruck="5"/>
<FahrtEintrag FahrtWeg="1516.7542" FahrtZeit="2023-02-08 09:56:22" Kennung_FahrtZeitms="2023-02-08 09:56:22:248" FahrtspStrecke="11.1111" FahrtspSignal="-1" FahrtspZugsicherung="45.8333" Fahrtkm="49.3855" FahrtHLDruck="5"/>
<FahrtEintrag FahrtWeg="1516.7542" FahrtZeit="2023-02-08 09:56:27" Kennung_FahrtZeitms="2023-02-08 09:56:27:250" FahrtspStrecke="11.1111" FahrtspSignal="-1" FahrtspZugsicherung="45.8333" Fahrtkm="49.3855" FahrtHLDruck="5"/>
<FahrtEintrag FahrtWeg="1516.7542" FahrtZeit="2023-02-08 09:56:32" Kennung_FahrtZeitms="2023-02-08 09:56:32:252" FahrtspStrecke="11.1111" FahrtspSignal="-1" FahrtspZugsicherung="45.8333" Fahrtkm="49.3855" FahrtHLDruck="5"/>
<FahrtEintrag FahrtWeg="1516.7542" FahrtZeit="2023-02-08 09:56:38" Kennung_FahrtZeitms="2023-02-08 09:56:38:254" FahrtspStrecke="11.1111" FahrtspSignal="-1" FahrtspZugsicherung="45.8333" Fahrtkm="49.3855" FahrtHLDruck="5"/>
<FahrtEintrag FahrtWeg="1516.7542" FahrtZeit="2023-02-08 09:56:43" Kennung_FahrtZeitms="2023-02-08 09:56:43:256" FahrtspStrecke="11.1111" FahrtspSignal="-1" FahrtspZugsicherung="45.8333" Fahrtkm="49.3855" FahrtHLDruck="5"/>
<FahrtEintrag FahrtWeg="1516.7542" FahrtZeit="2023-02-08 09:56:48" Kennung_FahrtZeitms="2023-02-08 09:56:48:258" FahrtspStrecke="11.1111" FahrtspSignal="-1" FahrtspZugsicherung="45.8333" Fahrtkm="49.3855" FahrtHLDruck="5"/>
<FahrtEintrag FahrtWeg="1516.7542" FahrtZeit="2023-02-08 09:56:53" Kennung_FahrtZeitms="2023-02-08 09:56:53:260" FahrtspStrecke="11.1111" FahrtspSignal="-1" FahrtspZugsicherung="45.8333" Fahrtkm="49.3855" FahrtHLDruck="5"/>
<FahrtEintrag FahrtWeg="1516.7542" FahrtZeit="2023-02-08 09:56:58" Kennung_FahrtZeitms="2023-02-08 09:56:58:262" FahrtspStrecke="11.1111" FahrtspSignal="-1" FahrtspZugsicherung="45.8333" Fahrtkm="49.3855" FahrtHLDruck="5"/>
<FahrtEintrag FahrtWeg="1516.7542" FahrtZeit="2023-02-08 09:57:03" Kennung_FahrtZeitms="2023-02-08 09:57:03:264" FahrtspStrecke="11.1111" FahrtspSignal="-1" FahrtspZugsicherung="45.8333" Fahrtkm="49.3855" FahrtHLDruck="5"/>
<FahrtEintrag FahrtWeg="1516.7542" FahrtZeit="2023-02-08 09:57:08" Kennung_FahrtZeitms="2023-02-08 09:57:08:266" FahrtspStrecke="11.1111" FahrtspSignal="-1" FahrtspZugsicherung="45.8333" Fahrtkm="49.3855" FahrtHLDruck="5"/>
<FahrtEintrag FahrtWeg="1516.7542" FahrtZeit="2023-02-08 09:57:13" Kennung_FahrtZeitms="2023-02-08 09:57:13:267" FahrtspStrecke="11.1111" FahrtspSignal="-1" FahrtspZugsicherung="45.8333" Fahrtkm="49.3855" FahrtHLDruck="5"/>
<FahrtEintrag FahrtWeg="1516.7542" FahrtZeit="2023-02-08 09:57:18" Kennung_FahrtZeitms="2023-02-08 09:57:18:270" FahrtspStrecke="11.1111" FahrtspSignal="-1" FahrtspZugsicherung="45.8333" Fahrtkm="49.3855" FahrtHLDruck="5"/>
<FahrtEintrag FahrtWeg="1516.7542" FahrtZeit="2023-02-08 09:57:24" Kennung_FahrtZeitms="2023-02-08 09:57:24:272" FahrtspStrecke="11.1111" FahrtspSignal="-1" FahrtspZugsicherung="45.8333" Fahrtkm="49.3855" FahrtHLDruck="5"/>
<FahrtEintrag FahrtWeg="1516.7542" FahrtZeit="2023-02-08 09:57:29" Kennung_FahrtZeitms="2023-02-08 09:57:29:274" FahrtspStrecke="11.1111" FahrtspSignal="-1" FahrtspZugsicherung="45.8333" Fahrtkm="49.3855" FahrtHLDruck="5"/>
<FahrtEintrag FahrtWeg="1516.7542" FahrtZeit="2023-02-08 09:57:34" Kennung_FahrtZeitms="2023-02-08 09:57:34:276" FahrtspStrecke="11.1111" FahrtspSignal="-1" FahrtspZugsicherung="45.8333" Fahrtkm="49.3855" FahrtHLDruck="5"/>
<FahrtEintrag FahrtWeg="1516.7542" FahrtZeit="2023-02-08 09:57:39" Kennung_FahrtZeitms="2023-02-08 09:57:39:278" FahrtspStrecke="11.1111" FahrtspSignal="-1" FahrtspZugsicherung="45.8333" Fahrtkm="49.3855" FahrtHLDruck="5"/>
<FahrtEintrag FahrtWeg="1516.7542" FahrtZeit="2023-02-08 09:57:44" Kennung_FahrtZeitms="2023-02-08 09:57:44:280" FahrtspStrecke="11.1111" FahrtspSignal="-1" FahrtspZugsicherung="45.8333" Fahrtkm="49.3855" FahrtHLDruck="5"/>
<FahrtEintrag FahrtWeg="1516.7542" FahrtZeit="2023-02-08 09:57:49" Kennung_FahrtZeitms="2023-02-08 09:57:49:282" FahrtspStrecke="11.1111" FahrtspSignal="-1" FahrtspZugsicherung="45.8333" Fahrtkm="49.3855" FahrtHLDruck="5"/>
<FahrtEintrag FahrtWeg="1516.7542" FahrtZeit="2023-02-08 09:57:54" Kennung_FahrtZeitms="2023-02-08 09:57:54:284" FahrtspStrecke="11.1111" FahrtspSignal="-1" FahrtspZugsicherung="45.8333" Fahrtkm="49.3855" FahrtHLDruck="5"/>
<FahrtEintrag FahrtWeg="1516.7542" FahrtZeit="2023-02-08 09:57:59" Kennung_FahrtZeitms="2023-02-08 09:57:59:286" FahrtspStrecke="11.1111" FahrtspSignal="-1" FahrtspZugsicherung="45.8333" Fahrtkm="49.3855" FahrtHLDruck="5"/>
<FahrtEintrag FahrtWeg="1516.7542" FahrtZeit="2023-02-08 09:58:04" Kennung_FahrtZeitms="2023-02-08 09:58:04:288" FahrtspStrecke="11.1111" FahrtspSignal="-1" FahrtspZugsicherung="45.8333" Fahrtkm="49.3855" FahrtHLDruck="5"/>
<FahrtEintrag FahrtWeg="1516.7542" FahrtZeit="2023-02-08 09:58:09" Kennung_FahrtZeitms="2023-02-08 09:58:09:290" FahrtspStrecke="11.1111" FahrtspSignal="-1" FahrtspZugsicherung="45.8333" Fahrtkm="49.3855" FahrtHLDruck="5"/>
<FahrtEintrag FahrtWeg="1516.7542" FahrtZeit="2023-02-08 09:58:15" Kennung_FahrtZeitms="2023-02-08 09:58:15:292" FahrtspStrecke="11.1111" FahrtspSignal="-1" FahrtspZugsicherung="45.8333" Fahrtkm="49.3855" FahrtHLDruck="5"/>
<FahrtEintrag FahrtWeg="1516.7542" FahrtZeit="2023-02-08 09:58:20" Kennung_FahrtZeitms="2023-02-08 09:58:20:294" FahrtspStrecke="11.1111" FahrtspSignal="-1" FahrtspZugsicherung="45.8333" Fahrtkm="49.3855" FahrtHLDruck="5"/>
<FahrtEintrag FahrtWeg="1516.7542" FahrtZeit="2023-02-08 09:58:25" Kennung_FahrtZeitms="2023-02-08 09:58:25:296" FahrtspStrecke="11.1111" FahrtspSignal="-1" FahrtspZugsicherung="45.8333" Fahrtkm="49.3855" FahrtHLDruck="5"/>
<FahrtEintrag FahrtWeg="1516.7542" FahrtZeit="2023-02-08 09:58:30" Kennung_FahrtZeitms="2023-02-08 09:58:30:298" FahrtspStrecke="11.1111" FahrtspSignal="-1" FahrtspZugsicherung="45.8333" Fahrtkm="49.3855" FahrtHLDruck="5"/>
<FahrtEintrag FahrtWeg="1516.7542" FahrtZeit="2023-02-08 09:58:35" Kennung_FahrtZeitms="2023-02-08 09:58:35:300" FahrtspStrecke="11.1111" FahrtspSignal="-1" FahrtspZugsicherung="45.8333" Fahrtkm="49.3855" FahrtHLDruck="5"/>
<FahrtEintrag FahrtWeg="1516.7542" FahrtZeit="2023-02-08 09:58:40" Kennung_FahrtZeitms="2023-02-08 09:58:40:302" FahrtspStrecke="11.1111" FahrtspSignal="-1" FahrtspZugsicherung="45.8333" Fahrtkm="49.3855" FahrtHLDruck="5"/>
<FahrtEintrag FahrtWeg="1516.7542" FahrtZeit="2023-02-08 09:58:45" Kennung_FahrtZeitms="2023-02-08 09:58:45:304" FahrtspStrecke="11.1111" FahrtspSignal="-1" FahrtspZugsicherung="45.8333" Fahrtkm="49.3855" FahrtHLDruck="5"/>
<FahrtEintrag FahrtWeg="1516.7542" FahrtZeit="2023-02-08 09:58:50" Kennung_FahrtZeitms="2023-02-08 09:58:50:306" FahrtspStrecke="11.1111" FahrtspSignal="-1" FahrtspZugsicherung="45.8333" Fahrtkm="49.3855" FahrtHLDruck="5"/>
<FahrtEintrag FahrtWeg="1516.7542" FahrtZeit="2023-02-08 09:58:55" Kennung_FahrtZeitms="2023-02-08 09:58:55:308" FahrtspStrecke="11.1111" FahrtspSignal="-1" FahrtspZugsicherung="45.8333" Fahrtkm="49.3855" FahrtHLDruck="5"/>
<FahrtEintrag FahrtWeg="1516.7542" FahrtZeit="2023-02-08 09:59:00" Kennung_FahrtZeitms="2023-02-08 09:59:00:310" FahrtspStrecke="11.1111" FahrtspSignal="-1" FahrtspZugsicherung="45.8333" Fahrtkm="49.3855" FahrtHLDruck="5"/>
<FahrtEintrag FahrtWeg="1516.7542" FahrtZeit="2023-02-08 09:59:06" Kennung_FahrtZeitms="2023-02-08 09:59:06:312" FahrtspStrecke="11.1111" FahrtspSignal="-1" FahrtspZugsicherung="45.8333" Fahrtkm="49.3855" FahrtHLDruck="5"/>
<FahrtEintrag FahrtWeg="1516.7542" FahrtZeit="2023-02-08 09:59:11" Kennung_FahrtZeitms="2023-02-08 09:59:11:314" FahrtspStrecke="11.1111" FahrtspSignal="-1" FahrtspZugsicherung="45.8333" Fahrtkm="49.3855" FahrtHLDruck="5"/>
<FahrtEintrag FahrtWeg="1516.7542" FahrtZeit="2023-02-08 09:59:16" Kennung_FahrtZeitms="2023-02-08 09:59:16:316" FahrtspStrecke="11.1111" FahrtspSignal="-1" FahrtspZugsicherung="45.8333" Fahrtkm="49.3855" FahrtHLDruck="5"/>
<FahrtEintrag FahrtWeg="1516.7542" FahrtZeit="2023-02-08 09:59:21" Kennung_FahrtZeitms="2023-02-08 09:59:21:318" FahrtspStrecke="11.1111" FahrtspSignal="-1" FahrtspZugsicherung="45.8333" Fahrtkm="49.3855" FahrtHLDruck="5"/>
<FahrtEintrag FahrtWeg="1516.7542" FahrtZeit="2023-02-08 09:59:26" Kennung_FahrtZeitms="2023-02-08 09:59:26:320" FahrtspStrecke="11.1111" FahrtspSignal="-1" FahrtspZugsicherung="45.8333" Fahrtkm="49.3855" FahrtHLDruck="5"/>
<FahrtEintrag FahrtWeg="1516.7542" FahrtZeit="2023-02-08 09:59:31" Kennung_FahrtZeitms="2023-02-08 09:59:31:322" FahrtspStrecke="11.1111" FahrtspSignal="-1" FahrtspZugsicherung="45.8333" Fahrtkm="49.3855" FahrtHLDruck="5"/>
<FahrtEintrag FahrtWeg="1516.7542" FahrtZeit="2023-02-08 09:59:36" Kennung_FahrtZeitms="2023-02-08 09:59:36:324" FahrtspStrecke="11.1111" FahrtspSignal="-1" FahrtspZugsicherung="45.8333" Fahrtkm="49.3855" FahrtHLDruck="5"/>
<FahrtEintrag FahrtWeg="1516.7542" FahrtZeit="2023-02-08 09:59:41" Kennung_FahrtZeitms="2023-02-08 09:59:41:325" FahrtspStrecke="11.1111" FahrtspSignal="-1" FahrtspZugsicherung="45.8333" Fahrtkm="49.3855" FahrtHLDruck="5"/>
<FahrtEintrag FahrtWeg="1516.7542" FahrtZeit="2023-02-08 09:59:46" Kennung_FahrtZeitms="2023-02-08 09:59:46:328" FahrtspStrecke="11.1111" FahrtspSignal="-1" FahrtspZugsicherung="45.8333" Fahrtkm="49.3855" FahrtHLDruck="5"/>
<FahrtEintrag FahrtWeg="1516.7542" FahrtZeit="2023-02-08 09:59:52" Kennung_FahrtZeitms="2023-02-08 09:59:52:330" FahrtspStrecke="11.1111" FahrtspSignal="-1" FahrtspZugsicherung="45.8333" Fahrtkm="49.3855" FahrtHLDruck="5"/>
<FahrtEintrag FahrtWeg="1516.7542" FahrtZeit="2023-02-08 09:59:57" Kennung_FahrtZeitms="2023-02-08 09:59:57:332" FahrtspStrecke="11.1111" FahrtspSignal="-1" FahrtspZugsicherung="45.8333" Fahrtkm="49.3855" FahrtHLDruck="5"/>
<FahrtEintrag FahrtWeg="1516.7542" FahrtZeit="2023-02-08 10:00:02" Kennung_FahrtZeitms="2023-02-08 10:00:02:334" FahrtspStrecke="11.1111" FahrtspSignal="-1" FahrtspZugsicherung="45.8333" Fahrtkm="49.3855" FahrtHLDruck="5" FahrtFBSchalter="34"/>
<FahrtEintrag FahrtWeg="1520.4563" FahrtZeit="2023-02-08 10:00:07" Kennung_FahrtZeitms="2023-02-08 10:00:07:324" Fahrtsp="1.5693" FahrtspStrecke="11.1111" FahrtspSignal="-1" FahrtspZugsicherung="12.5" Fahrtkm="49.38" FahrtHLDruck="5" FahrtFBSchalter="34"/>
<FahrtEintrag FahrtWeg="1531.3557" FahrtZeit="2023-02-08 10:00:12" Kennung_FahrtZeitms="2023-02-08 10:00:12:774" Fahrtsp="2.9209" FahrtspStrecke="11.1111" FahrtspSignal="-1" FahrtspZugsicherung="12.5" Fahrtkm="49.393" FahrtHLDruck="5" FahrtFBSchalter="31"/>
<FahrtEintrag FahrtTyp="8" FahrtWeg="-1" FahrtZeit="2023-02-08 10:00:14" Kennung_FahrtZeitms="2023-02-08 10:00:14:882" Fahrtsp="-1" FahrtspStrecke="-1" FahrtspSignal="-1" FahrtspZugsicherung="-1" FahrtHLDruck="-1" FahrtParameter="9" FahrtFBSchalter="-10000"/>
<FahrtEintrag FahrtWeg="1540.2655" FahrtZeit="2023-02-08 10:00:14" Kennung_FahrtZeitms="2023-02-08 10:00:14:872" Fahrtsp="3.4573" FahrtspStrecke="11.1111" FahrtspSignal="-1" FahrtspZugsicherung="12.5" Fahrtkm="49.406" FahrtHLDruck="5" FahrtFBSchalter="31"/>
<FahrtEintrag FahrtTyp="5" FahrtWeg="1549.9354" FahrtZeit="2023-02-08 10:00:17" Kennung_FahrtZeitms="2023-02-08 10:00:17:000" Fahrtsp="3.9418" FahrtspStrecke="11.1111" FahrtspSignal="11.1111" FahrtspZugsicherung="12.5" FahrtText="Allenbach N1" Fahrtkm="49.406" FahrtHLDruck="5" FahrtFBSchalter="31"/>
<FahrtEintrag FahrtTyp="6" FahrtWeg="1549.9354" FahrtZeit="2023-02-08 10:00:17" Kennung_FahrtZeitms="2023-02-08 10:00:17:002" Fahrtsp="3.9418" FahrtspStrecke="11.1111" FahrtspSignal="11.1111" FahrtspZugsicherung="12.5" Fahrtkm="49.406" FahrtHLDruck="5" FahrtFBSchalter="31"/>
<FahrtEintrag FahrtTyp="8" FahrtWeg="-1" FahrtZeit="2023-02-08 10:00:18" Kennung_FahrtZeitms="2023-02-08 10:00:18:050" Fahrtsp="-1" FahrtspStrecke="-1" FahrtspSignal="-1" FahrtspZugsicherung="-1" FahrtHLDruck="-1" FahrtParameter="1" FahrtFBSchalter="-10000"/>
<FahrtEintrag FahrtWeg="1554.4178" FahrtZeit="2023-02-08 10:00:18" Kennung_FahrtZeitms="2023-02-08 10:00:18:120" Fahrtsp="4.1316" FahrtspStrecke="11.1111" FahrtspSignal="11.1111" FahrtspZugsicherung="12.5" Fahrtkm="49.4189" FahrtHLDruck="5" FahrtFBSchalter="31"/>
<FahrtEintrag FahrtWeg="1578.5743" FahrtZeit="2023-02-08 10:00:23" Kennung_FahrtZeitms="2023-02-08 10:00:23:432" Fahrtsp="5.8989" FahrtspStrecke="11.1111" FahrtspSignal="11.1111" FahrtspZugsicherung="12.5" Fahrtkm="49.4422" FahrtHLDruck="5" FahrtFBSchalter="41"/>
<FahrtEintrag FahrtWeg="1603.7837" FahrtZeit="2023-02-08 10:00:27" Kennung_FahrtZeitms="2023-02-08 10:00:27:874" Fahrtsp="6.8692" FahrtspStrecke="11.1111" FahrtspSignal="11.1111" FahrtspZugsicherung="12.5" Fahrtkm="49.4681" FahrtHLDruck="5" FahrtFBSchalter="33"/>
<FahrtEintrag FahrtWeg="1628.9633" FahrtZeit="2023-02-08 10:00:31" Kennung_FahrtZeitms="2023-02-08 10:00:31:436" Fahrtsp="7.4256" FahrtspStrecke="11.1111" FahrtspSignal="11.1111" FahrtspZugsicherung="12.5" Fahrtkm="49.4682" FahrtHLDruck="5" FahrtFBSchalter="33"/>
<FahrtEintrag FahrtWeg="1654.2153" FahrtZeit="2023-02-08 10:00:34" Kennung_FahrtZeitms="2023-02-08 10:00:34:675" Fahrtsp="7.3601" FahrtspStrecke="11.1111" FahrtspSignal="11.1111" FahrtspZugsicherung="12.5" Fahrtkm="49.4682" FahrtHLDruck="5" FahrtFBSchalter="29"/>
<FahrtEintrag FahrtWeg="1679.3979" FahrtZeit="2023-02-08 10:00:37" Kennung_FahrtZeitms="2023-02-08 10:00:37:436" Fahrtsp="7.0387" FahrtspStrecke="11.1111" FahrtspSignal="11.1111" FahrtspZugsicherung="12.5" Fahrtkm="49.5408" FahrtHLDruck="5" FahrtFBSchalter="36"/>
<FahrtEintrag FahrtWeg="1686.017" FahrtZeit="2023-02-08 10:00:39" Kennung_FahrtZeitms="2023-02-08 10:00:39:307" Fahrtsp="7.7982" FahrtspStrecke="11.1111" FahrtspSignal="11.1111" FahrtspZugsicherung="12.5" Fahrtkm="49.5528" FahrtHLDruck="5" FahrtFBSchalter="36"/>
<FahrtEintrag FahrtWeg="1704.4795" FahrtZeit="2023-02-08 10:00:41" Kennung_FahrtZeitms="2023-02-08 10:00:41:674" Fahrtsp="7.7982" FahrtspStrecke="11.1111" FahrtspSignal="11.1111" FahrtspZugsicherung="12.5" Fahrtkm="49.565" FahrtHLDruck="5" FahrtFBSchalter="36"/>
<FahrtEintrag FahrtWeg="1729.5468" FahrtZeit="2023-02-08 10:00:44" Kennung_FahrtZeitms="2023-02-08 10:00:44:876" Fahrtsp="8.4231" FahrtspStrecke="11.1111" FahrtspSignal="11.1111" FahrtspZugsicherung="12.5" Fahrtkm="49.5923" FahrtHLDruck="5" FahrtFBSchalter="36"/>
<FahrtEintrag FahrtWeg="1754.6735" FahrtZeit="2023-02-08 10:00:47" Kennung_FahrtZeitms="2023-02-08 10:00:47:314" Fahrtsp="8.1326" FahrtspStrecke="11.1111" FahrtspSignal="11.1111" FahrtspZugsicherung="12.5" Fahrtkm="49.5923" FahrtHLDruck="5" FahrtFBSchalter="10"/>
<FahrtEintrag FahrtWeg="1779.77" FahrtZeit="2023-02-08 10:00:51" Kennung_FahrtZeitms="2023-02-08 10:00:51:874" Fahrtsp="6.884" FahrtspStrecke="11.1111" FahrtspSignal="11.1111" FahrtspZugsicherung="12.5" Fahrtkm="49.5923" FahrtHLDruck="5" FahrtFBSchalter="22"/>
<FahrtEintrag FahrtWeg="1804.8353" FahrtZeit="2023-02-08 10:00:54" Kennung_FahrtZeitms="2023-02-08 10:00:54:318" Fahrtsp="6.2923" FahrtspStrecke="11.1111" FahrtspSignal="11.1111" FahrtspZugsicherung="12.5" Fahrtkm="49.6523" FahrtHLDruck="5" FahrtFBSchalter="17"/>
<FahrtEintrag FahrtWeg="1830.0281" FahrtZeit="2023-02-08 10:00:59" Kennung_FahrtZeitms="2023-02-08 10:00:59:214" Fahrtsp="4.9924" FahrtspStrecke="11.1111" FahrtspSignal="11.1111" FahrtspZugsicherung="12.5" Fahrtkm="49.6523" FahrtHLDruck="5" FahrtFBSchalter="40"/>
<FahrtEintrag FahrtWeg="1855.1625" FahrtZeit="2023-02-08 10:01:03" Kennung_FahrtZeitms="2023-02-08 10:01:03:872" Fahrtsp="6.666" FahrtspStrecke="11.1111" FahrtspSignal="11.1111" FahrtspZugsicherung="12.5" Fahrtkm="49.7236" FahrtHLDruck="5" FahrtFBSchalter="47"/>
<FahrtEintrag FahrtWeg="1880.199" FahrtZeit="2023-02-08 10:01:06" Kennung_FahrtZeitms="2023-02-08 10:01:06:475" Fahrtsp="7.7661" FahrtspStrecke="11.1111" FahrtspSignal="11.1111" FahrtspZugsicherung="12.5" Fahrtkm="49.7412" FahrtHLDruck="5" FahrtFBSchalter="36"/>
<FahrtEintrag FahrtTyp="8" FahrtWeg="-1" FahrtZeit="2023-02-08 10:01:08" Kennung_FahrtZeitms="2023-02-08 10:01:08:301" Fahrtsp="-1" FahrtspStrecke="-1" FahrtspSignal="-1" FahrtspZugsicherung="-1" FahrtHLDruck="-1" FahrtParameter="48" FahrtFBSchalter="-10000"/>
<FahrtEintrag FahrtWeg="1931.2629" FahrtZeit="2023-02-08 10:01:08" Kennung_FahrtZeitms="2023-02-08 10:01:08:410" Fahrtsp="7.8077" FahrtspStrecke="11.1111" FahrtspSignal="11.1111" FahrtspZugsicherung="12.5" Fahrtkm="49.7774" FahrtHLDruck="5" FahrtFBSchalter="23"/>
<FahrtEintrag FahrtTyp="8" FahrtWeg="-1" FahrtZeit="2023-02-08 10:01:08" Kennung_FahrtZeitms="2023-02-08 10:01:08:495" Fahrtsp="-1" FahrtspStrecke="-1" FahrtspSignal="-1" FahrtspZugsicherung="-1" FahrtHLDruck="-1" FahrtParameter="16" FahrtFBSchalter="-10000"/>
<FahrtEintrag FahrtWeg="1940.6063" FahrtZeit="2023-02-08 10:01:09" Kennung_FahrtZeitms="2023-02-08 10:01:09:605" Fahrtsp="7.4099" FahrtspStrecke="11.1111" FahrtspSignal="11.1111" FahrtspZugsicherung="12.5" Fahrtkm="49.8108" FahrtHLDruck="5" FahrtFBSchalter="32"/>
<FahrtEintrag FahrtWeg="1965.7716" FahrtZeit="2023-02-08 10:01:12" Kennung_FahrtZeitms="2023-02-08 10:01:12:715" Fahrtsp="8.1368" FahrtspStrecke="11.1111" FahrtspSignal="11.1111" FahrtspZugsicherung="12.5" Fahrtkm="49.8271" FahrtHLDruck="5" FahrtFBSchalter="42"/>
<FahrtEintrag FahrtWeg="1990.8114" FahrtZeit="2023-02-08 10:01:17" Kennung_FahrtZeitms="2023-02-08 10:01:17:894" Fahrtsp="8.5466" FahrtspStrecke="11.1111" FahrtspSignal="11.1111" FahrtspZugsicherung="12.5" Fahrtkm="49.8617" FahrtHLDruck="5" FahrtFBSchalter="31"/>
<FahrtEintrag FahrtTyp="5" FahrtWeg="-1" FahrtZeit="2023-02-08 10:01:23" Kennung_FahrtZeitms="2023-02-08 10:01:23:424" Fahrtsp="-1" FahrtspStrecke="-1" FahrtspSignal="-1" FahrtspZugsicherung="-1" FahrtText="Zugende passiert Ende Weichenbereich" FahrtHLDruck="-1" FahrtParameter="4" FahrtFBSchalter="-10000"/>
<FahrtEintrag FahrtWeg="2015.5269" FahrtZeit="2023-02-08 10:01:23" Kennung_FahrtZeitms="2023-02-08 10:01:23:894" Fahrtsp="8.7376" FahrtspStrecke="11.1111" FahrtspSignal="-1" FahrtspZugsicherung="12.5" Fahrtkm="49.8678" FahrtHLDruck="5" FahrtFBSchalter="31"/>
<FahrtEintrag FahrtWeg="2040.6427" FahrtZeit="2023-02-08 10:01:26" Kennung_FahrtZeitms="2023-02-08 10:01:26:624" Fahrtsp="9.0801" FahrtspStrecke="11.1111" FahrtspSignal="-1" FahrtspZugsicherung="12.5" Fahrtkm="49.8678" FahrtHLDruck="5" FahrtFBSchalter="37"/>
<FahrtEintrag FahrtWeg="2065.9607" FahrtZeit="2023-02-08 10:01:29" Kennung_FahrtZeitms="2023-02-08 10:01:29:872" Fahrtsp="9.6165" FahrtspStrecke="11.1111" FahrtspSignal="-1" FahrtspZugsicherung="12.5" Fahrtkm="49.8678" FahrtHLDruck="5" FahrtFBSchalter="37"/>
<FahrtEintrag FahrtWeg="2090.9758" FahrtZeit="2023-02-08 10:01:31" Kennung_FahrtZeitms="2023-02-08 10:01:31:982" Fahrtsp="10.435" FahrtspStrecke="11.1111" FahrtspSignal="-1" FahrtspZugsicherung="45.8333" Fahrtkm="49.8679" FahrtHLDruck="5" FahrtFBSchalter="32"/>
<FahrtEintrag FahrtWeg="2116.1296" FahrtZeit="2023-02-08 10:01:34" Kennung_FahrtZeitms="2023-02-08 10:01:34:894" Fahrtsp="9.8928" FahrtspStrecke="11.1111" FahrtspSignal="-1" FahrtspZugsicherung="45.8333" Fahrtkm="49.9674" FahrtHLDruck="5" FahrtFBSchalter="16"/>
<FahrtEintrag FahrtWeg="2141.3269" FahrtZeit="2023-02-08 10:01:36" Kennung_FahrtZeitms="2023-02-08 10:01:36:998" Fahrtsp="9.5916" FahrtspStrecke="11.1111" FahrtspSignal="-1" FahrtspZugsicherung="45.8333" Fahrtkm="49.9673" FahrtHLDruck="5" FahrtFBSchalter="21"/>
<FahrtEintrag FahrtWeg="2166.4866" FahrtZeit="2023-02-08 10:01:39" Kennung_FahrtZeitms="2023-02-08 10:01:39:482" Fahrtsp="9.0086" FahrtspStrecke="11.1111" FahrtspSignal="-1" FahrtspZugsicherung="45.8333" Fahrtkm="49.9673" FahrtHLDruck="5" FahrtFBSchalter="20"/>
<FahrtEintrag FahrtWeg="2191.7566" FahrtZeit="2023-02-08 10:01:42" Kennung_FahrtZeitms="2023-02-08 10:01:42:435" Fahrtsp="8.5973" FahrtspStrecke="11.1111" FahrtspSignal="-1" FahrtspZugsicherung="45.8333" Fahrtkm="50.0543" FahrtHLDruck="5" FahrtFBSchalter="27"/>
<FahrtEintrag FahrtWeg="2216.8064" FahrtZeit="2023-02-08 10:01:45" Kennung_FahrtZeitms="2023-02-08 10:01:45:567" Fahrtsp="8.8915" FahrtspStrecke="11.1111" FahrtspSignal="-1" FahrtspZugsicherung="45.8333" Fahrtkm="50.0669" FahrtHLDruck="5" FahrtFBSchalter="38"/>
<FahrtEintrag FahrtWeg="2242.0146" FahrtZeit="2023-02-08 10:01:48" Kennung_FahrtZeitms="2023-02-08 10:01:48:765" Fahrtsp="9.5182" FahrtspStrecke="11.1111" FahrtspSignal="-1" FahrtspZugsicherung="45.8333" Fahrtkm="50.0669" FahrtHLDruck="5" FahrtFBSchalter="38"/>
<FahrtEintrag FahrtWeg="2267.126" FahrtZeit="2023-02-08 10:01:50" Kennung_FahrtZeitms="2023-02-08 10:01:50:872" Fahrtsp="9.9643" FahrtspStrecke="11.1111" FahrtspSignal="-1" FahrtspZugsicherung="45.8333" Fahrtkm="50.0669" FahrtHLDruck="5" FahrtFBSchalter="36"/>
<FahrtEintrag FahrtWeg="2292.2461" FahrtZeit="2023-02-08 10:01:53" Kennung_FahrtZeitms="2023-02-08 10:01:53:384" Fahrtsp="10.3026" FahrtspStrecke="11.1111" FahrtspSignal="-1" FahrtspZugsicherung="45.8333" Fahrtkm="50.0669" FahrtHLDruck="5" FahrtFBSchalter="35"/>
<FahrtEintrag FahrtWeg="2317.4583" FahrtZeit="2023-02-08 10:01:55" Kennung_FahrtZeitms="2023-02-08 10:01:55:628" Fahrtsp="10.1932" FahrtspStrecke="11.1111" FahrtspSignal="-1" FahrtspZugsicherung="45.8333" Fahrtkm="50.1664" FahrtHLDruck="5" FahrtFBSchalter="25"/>
<FahrtEintrag FahrtWeg="2321.2517" FahrtZeit="2023-02-08 10:01:55" Kennung_FahrtZeitms="2023-02-08 10:01:55:952" Fahrtsp="10.1456" FahrtspStrecke="11.1111" FahrtspSignal="-1" FahrtspZugsicherung="45.8333" Fahrtkm="50.1664" FahrtHLDruck="5" FahrtFBSchalter="25"/>
<FahrtEintrag FahrtWeg="2325.7537" FahrtZeit="2023-02-08 10:01:56" Kennung_FahrtZeitms="2023-02-08 10:01:56:402" Fahrtsp="10.0893" FahrtspStrecke="11.1111" FahrtspSignal="-1" FahrtspZugsicherung="45.8333" Fahrtkm="50.1664" FahrtHLDruck="5" FahrtFBSchalter="25"/>
<FahrtEintrag FahrtWeg="2350.8083" FahrtZeit="2023-02-08 10:01:58" Kennung_FahrtZeitms="2023-02-08 10:01:58:932" Fahrtsp="9.7754" FahrtspStrecke="11.1111" FahrtspSignal="-1" FahrtspZugsicherung="45.8333" Fahrtkm="50.1664" FahrtHLDruck="5" FahrtFBSchalter="23"/>
<FahrtEintrag FahrtWeg="2376.0464" FahrtZeit="2023-02-08 10:02:01" Kennung_FahrtZeitms="2023-02-08 10:02:01:425" Fahrtsp="9.3438" FahrtspStrecke="11.1111" FahrtspSignal="-1" FahrtspZugsicherung="45.8333" Fahrtkm="50.1664" FahrtHLDruck="5" FahrtFBSchalter="23"/>
<FahrtEintrag FahrtWeg="2401.2444" FahrtZeit="2023-02-08 10:02:04" Kennung_FahrtZeitms="2023-02-08 10:02:04:698" Fahrtsp="9.1965" FahrtspStrecke="11.1111" FahrtspSignal="-1" FahrtspZugsicherung="45.8333" Fahrtkm="50.1741" FahrtHLDruck="5" FahrtFBSchalter="33"/>
<FahrtEintrag FahrtWeg="2426.5342" FahrtZeit="2023-02-08 10:02:06" Kennung_FahrtZeitms="2023-02-08 10:02:06:795" Fahrtsp="9.5345" FahrtspStrecke="11.1111" FahrtspSignal="-1" FahrtspZugsicherung="45.8333" Fahrtkm="50.1994" FahrtHLDruck="5" FahrtFBSchalter="39"/>
<FahrtEintrag FahrtWeg="2451.7505" FahrtZeit="2023-02-08 10:02:09" Kennung_FahrtZeitms="2023-02-08 10:02:09:879" Fahrtsp="10.1242" FahrtspStrecke="11.1111" FahrtspSignal="-1" FahrtspZugsicherung="45.8333" Fahrtkm="50.266" FahrtHLDruck="5" FahrtFBSchalter="38"/>
<FahrtEintrag FahrtWeg="2476.9492" FahrtZeit="2023-02-08 10:02:11" Kennung_FahrtZeitms="2023-02-08 10:02:11:973" Fahrtsp="10.1402" FahrtspStrecke="11.1111" FahrtspSignal="-1" FahrtspZugsicherung="45.8333" Fahrtkm="50.266" FahrtHLDruck="5" FahrtFBSchalter="17"/>
<FahrtEintrag FahrtWeg="2502.1431" FahrtZeit="2023-02-08 10:02:14" Kennung_FahrtZeitms="2023-02-08 10:02:14:485" Fahrtsp="9.4551" FahrtspStrecke="11.1111" FahrtspSignal="-1" FahrtspZugsicherung="45.8333" Fahrtkm="50.3655" FahrtHLDruck="5" FahrtFBSchalter="22"/>
<FahrtEintrag FahrtWeg="2527.2815" FahrtZeit="2023-02-08 10:02:17" Kennung_FahrtZeitms="2023-02-08 10:02:17:698" Fahrtsp="8.9673" FahrtspStrecke="11.1111" FahrtspSignal="-1" FahrtspZugsicherung="45.8333" Fahrtkm="50.3655" FahrtHLDruck="5" FahrtFBSchalter="27"/>
<FahrtEintrag FahrtWeg="2552.3459" FahrtZeit="2023-02-08 10:02:19" Kennung_FahrtZeitms="2023-02-08 10:02:19:945" Fahrtsp="9.0769" FahrtspStrecke="11.1111" FahrtspSignal="-1" FahrtspZugsicherung="45.8333" Fahrtkm="50.3655" FahrtHLDruck="5" FahrtFBSchalter="33"/>
<FahrtEintrag FahrtWeg="2577.3547" FahrtZeit="2023-02-08 10:02:22" Kennung_FahrtZeitms="2023-02-08 10:02:22:485" Fahrtsp="9.3011" FahrtspStrecke="11.1111" FahrtspSignal="-1" FahrtspZugsicherung="45.8333" Fahrtkm="50.3655" FahrtHLDruck="5" FahrtFBSchalter="27"/>
<FahrtEintrag FahrtWeg="2602.4988" FahrtZeit="2023-02-08 10:02:25" Kennung_FahrtZeitms="2023-02-08 10:02:25:765" Fahrtsp="9.1852" FahrtspStrecke="11.1111" FahrtspSignal="-1" FahrtspZugsicherung="45.8333" Fahrtkm="50.4651" FahrtHLDruck="5" FahrtFBSchalter="35"/>
<FahrtEintrag FahrtWeg="2627.5913" FahrtZeit="2023-02-08 10:02:28" Kennung_FahrtZeitms="2023-02-08 10:02:28:642" Fahrtsp="9.5746" FahrtspStrecke="11.1111" FahrtspSignal="-1" FahrtspZugsicherung="45.8333" Fahrtkm="50.4651" FahrtHLDruck="5" FahrtFBSchalter="35"/>
<FahrtEintrag FahrtWeg="2652.6902" FahrtZeit="2023-02-08 10:02:30" Kennung_FahrtZeitms="2023-02-08 10:02:30:945" Fahrtsp="9.5926" FahrtspStrecke="11.1111" FahrtspSignal="-1" FahrtspZugsicherung="45.8333" Fahrtkm="50.4651" FahrtHLDruck="5" FahrtFBSchalter="31"/>
<FahrtEintrag FahrtWeg="2677.9653" FahrtZeit="2023-02-08 10:02:33" Kennung_FahrtZeitms="2023-02-08 10:02:33:385" Fahrtsp="9.6881" FahrtspStrecke="11.1111" FahrtspSignal="-1" FahrtspZugsicherung="45.8333" Fahrtkm="50.5393" FahrtHLDruck="5" FahrtFBSchalter="31"/>
<FahrtEintrag FahrtWeg="2703.0166" FahrtZeit="2023-02-08 10:02:35" Kennung_FahrtZeitms="2023-02-08 10:02:35:652" Fahrtsp="9.7509" FahrtspStrecke="11.1111" FahrtspSignal="-1" FahrtspZugsicherung="45.8333" Fahrtkm="50.5647" FahrtHLDruck="5" FahrtFBSchalter="30"/>
<FahrtEintrag FahrtWeg="2728.2644" FahrtZeit="2023-02-08 10:02:38" Kennung_FahrtZeitms="2023-02-08 10:02:38:812" Fahrtsp="8.9707" FahrtspStrecke="11.1111" FahrtspSignal="-1" FahrtspZugsicherung="45.8333" Fahrtkm="50.5647" FahrtHLDruck="5" FahrtFBSchalter="15"/>
<FahrtEintrag FahrtWeg="2753.4565" FahrtZeit="2023-02-08 10:02:41" Kennung_FahrtZeitms="2023-02-08 10:02:41:934" Fahrtsp="8.6184" FahrtspStrecke="11.1111" FahrtspSignal="-1" FahrtspZugsicherung="45.8333" Fahrtkm="50.5647" FahrtHLDruck="5" FahrtFBSchalter="27"/>
<FahrtEintrag FahrtWeg="2778.605" FahrtZeit="2023-02-08 10:02:44" Kennung_FahrtZeitms="2023-02-08 10:02:44:879" Fahrtsp="8.5127" FahrtspStrecke="11.1111" FahrtspSignal="-1" FahrtspZugsicherung="45.8333" Fahrtkm="50.5646" FahrtHLDruck="5" FahrtFBSchalter="27"/>
<FahrtEintrag FahrtWeg="2803.7202" FahrtZeit="2023-02-08 10:02:47" Kennung_FahrtZeitms="2023-02-08 10:02:47:685" Fahrtsp="8.4139" FahrtspStrecke="11.1111" FahrtspSignal="-1" FahrtspZugsicherung="45.8333" Fahrtkm="50.6642" FahrtHLDruck="5" FahrtFBSchalter="27"/>
<FahrtEintrag FahrtWeg="2828.8542" FahrtZeit="2023-02-08 10:02:50" Kennung_FahrtZeitms="2023-02-08 10:02:50:342" Fahrtsp="8.7668" FahrtspStrecke="11.1111" FahrtspSignal="-1" FahrtspZugsicherung="45.8333" Fahrtkm="50.6642" FahrtHLDruck="5" FahrtFBSchalter="43"/>
<FahrtEintrag FahrtWeg="2854.1152" FahrtZeit="2023-02-08 10:02:53" Kennung_FahrtZeitms="2023-02-08 10:02:53:572" Fahrtsp="9.7352" FahrtspStrecke="11.1111" FahrtspSignal="-1" FahrtspZugsicherung="45.8333" Fahrtkm="50.6642" FahrtHLDruck="5" FahrtFBSchalter="43"/>
<FahrtEintrag FahrtWeg="2879.1509" FahrtZeit="2023-02-08 10:02:55" Kennung_FahrtZeitms="2023-02-08 10:02:55:392" Fahrtsp="10.456" FahrtspStrecke="11.1111" FahrtspSignal="-1" FahrtspZugsicherung="45.8333" Fahrtkm="50.6642" FahrtHLDruck="5" FahrtFBSchalter="30"/>
<FahrtEintrag FahrtTyp="8" FahrtWeg="-1" FahrtZeit="2023-02-08 10:02:57" Kennung_FahrtZeitms="2023-02-08 10:02:57:584" Fahrtsp="-1" FahrtspStrecke="-1" FahrtspSignal="-1" FahrtspZugsicherung="-1" FahrtHLDruck="-1" FahrtParameter="48" FahrtFBSchalter="-10000"/>
<FahrtEintrag FahrtWeg="2915.5420" FahrtZeit="2023-02-08 10:02:57" Kennung_FahrtZeitms="2023-02-08 10:02:57:921" Fahrtsp="9.1686" FahrtspStrecke="11.1111" FahrtspSignal="-1" FahrtspZugsicherung="45.8333" Fahrtkm="50.7773" FahrtHLDruck="5" FahrtFBSchalter="25"/>
<FahrtEintrag FahrtTyp="8" FahrtWeg="-1" FahrtZeit="2023-02-08 10:02:58" Kennung_FahrtZeitms="2023-02-08 10:02:58:112" Fahrtsp="-1" FahrtspStrecke="-1" FahrtspSignal="-1" FahrtspZugsicherung="-1" FahrtHLDruck="-1" FahrtParameter="16" FahrtFBSchalter="-10000"/>
<FahrtEintrag FahrtWeg="2929.5276" FahrtZeit="2023-02-08 10:03:00" Kennung_FahrtZeitms="2023-02-08 10:03:00:002" Fahrtsp="9.156" FahrtspStrecke="11.1111" FahrtspSignal="-1" FahrtspZugsicherung="45.8333" Fahrtkm="50.7838" FahrtHLDruck="5" FahrtFBSchalter="25"/>
<FahrtEintrag FahrtWeg="2954.6177" FahrtZeit="2023-02-08 10:03:03" Kennung_FahrtZeitms="2023-02-08 10:03:03:892" Fahrtsp="9.1448" FahrtspStrecke="11.1111" FahrtspSignal="-1" FahrtspZugsicherung="45.8333" Fahrtkm="50.7838" FahrtHLDruck="5" FahrtFBSchalter="21"/>
<FahrtEintrag FahrtWeg="2965.1426" FahrtZeit="2023-02-08 10:03:04" Kennung_FahrtZeitms="2023-02-08 10:03:04:892" Fahrtsp="9.1285" FahrtspStrecke="11.1111" FahrtspSignal="-1" FahrtspZugsicherung="45.8333" Fahrtkm="50.7838" FahrtHLDruck="5" FahrtFBSchalter="21"/>
<FahrtEintrag FahrtWeg="2969.8938" FahrtZeit="2023-02-08 10:03:04" Kennung_FahrtZeitms="2023-02-08 10:03:04:989" Fahrtsp="9.0617" FahrtspStrecke="11.1111" FahrtspSignal="-1" FahrtspZugsicherung="45.8333" Fahrtkm="50.7838" FahrtHLDruck="5" FahrtFBSchalter="21"/>
<FahrtEintrag FahrtWeg="2995.0093" FahrtZeit="2023-02-08 10:03:07" Kennung_FahrtZeitms="2023-02-08 10:03:07:754" Fahrtsp="8.5606" FahrtspStrecke="11.1111" FahrtspSignal="-1" FahrtspZugsicherung="45.8333" Fahrtkm="50.8633" FahrtHLDruck="5" FahrtFBSchalter="25"/>
<FahrtEintrag FahrtWeg="3020.1045" FahrtZeit="2023-02-08 10:03:10" Kennung_FahrtZeitms="2023-02-08 10:03:10:892" Fahrtsp="8.4726" FahrtspStrecke="11.1111" FahrtspSignal="-1" FahrtspZugsicherung="45.8333" Fahrtkm="50.8633" FahrtHLDruck="5" FahrtFBSchalter="36"/>
<FahrtEintrag FahrtWeg="3045.1975" FahrtZeit="2023-02-08 10:03:13" Kennung_FahrtZeitms="2023-02-08 10:03:13:895" Fahrtsp="9.221" FahrtspStrecke="11.1111" FahrtspSignal="-1" FahrtspZugsicherung="45.8333" Fahrtkm="50.8633" FahrtHLDruck="5" FahrtFBSchalter="41"/>
<FahrtEintrag FahrtWeg="3070.2458" FahrtZeit="2023-02-08 10:03:16" Kennung_FahrtZeitms="2023-02-08 10:03:16:732" Fahrtsp="9.8477" FahrtspStrecke="11.1111" FahrtspSignal="-1" FahrtspZugsicherung="45.8333" Fahrtkm="50.8633" FahrtHLDruck="5" FahrtFBSchalter="36"/>
<FahrtEintrag FahrtWeg="3095.3774" FahrtZeit="2023-02-08 10:03:18" Kennung_FahrtZeitms="2023-02-08 10:03:18:605" Fahrtsp="9.9808" FahrtspStrecke="11.1111" FahrtspSignal="-1" FahrtspZugsicherung="45.8333" Fahrtkm="50.9629" FahrtHLDruck="5" FahrtFBSchalter="29"/>
<FahrtEintrag FahrtWeg="3120.5146" FahrtZeit="2023-02-08 10:03:21" Kennung_FahrtZeitms="2023-02-08 10:03:21:952" Fahrtsp="10.0586" FahrtspStrecke="11.1111" FahrtspSignal="-1" FahrtspZugsicherung="45.8333" Fahrtkm="50.9629" FahrtHLDruck="5" FahrtFBSchalter="33"/>
<FahrtEintrag FahrtWeg="3145.5452" FahrtZeit="2023-02-08 10:03:23" Kennung_FahrtZeitms="2023-02-08 10:03:23:635" Fahrtsp="10.2233" FahrtspStrecke="11.1111" FahrtspSignal="-1" FahrtspZugsicherung="45.8333" Fahrtkm="50.9629" FahrtHLDruck="5" FahrtFBSchalter="16"/>
<FahrtEintrag FahrtWeg="3170.6743" FahrtZeit="2023-02-08 10:03:26" Kennung_FahrtZeitms="2023-02-08 10:03:26:398" Fahrtsp="9.0798" FahrtspStrecke="11.1111" FahrtspSignal="-1" FahrtspZugsicherung="45.8333" Fahrtkm="51.0379" FahrtHLDruck="5" FahrtFBSchalter="14"/>
<FahrtEintrag FahrtWeg="3195.927" FahrtZeit="2023-02-08 10:03:29" Kennung_FahrtZeitms="2023-02-08 10:03:29:645" Fahrtsp="7.9983" FahrtspStrecke="11.1111" FahrtspSignal="-1" FahrtspZugsicherung="45.8333" Fahrtkm="51.0625" FahrtHLDruck="5" FahrtFBSchalter="18"/>
<FahrtEintrag FahrtWeg="3221.1477" FahrtZeit="2023-02-08 10:03:32" Kennung_FahrtZeitms="2023-02-08 10:03:32:432" Fahrtsp="8.0398" FahrtspStrecke="11.1111" FahrtspSignal="-1" FahrtspZugsicherung="45.8333" Fahrtkm="51.0625" FahrtHLDruck="5" FahrtFBSchalter="30"/>
<FahrtEintrag FahrtWeg="3246.2637" FahrtZeit="2023-02-08 10:03:35" Kennung_FahrtZeitms="2023-02-08 10:03:35:758" Fahrtsp="8.212" FahrtspStrecke="11.1111" FahrtspSignal="-1" FahrtspZugsicherung="45.8333" Fahrtkm="51.0625" FahrtHLDruck="5" FahrtFBSchalter="33"/>
<FahrtEintrag FahrtWeg="3271.2729" FahrtZeit="2023-02-08 10:03:38" Kennung_FahrtZeitms="2023-02-08 10:03:38:698" Fahrtsp="8.9152" FahrtspStrecke="11.1111" FahrtspSignal="-1" FahrtspZugsicherung="45.8333" Fahrtkm="51.1379" FahrtHLDruck="5" FahrtFBSchalter="38"/>
<FahrtEintrag FahrtWeg="3296.3623" FahrtZeit="2023-02-08 10:03:41" Kennung_FahrtZeitms="2023-02-08 10:03:41:458" Fahrtsp="9.3808" FahrtspStrecke="11.1111" FahrtspSignal="-1" FahrtspZugsicherung="45.8333" Fahrtkm="51.162" FahrtHLDruck="5" FahrtFBSchalter="32"/>
<FahrtEintrag FahrtWeg="3321.3669" FahrtZeit="2023-02-08 10:03:43" Kennung_FahrtZeitms="2023-02-08 10:03:43:785" Fahrtsp="9.5443" FahrtspStrecke="11.1111" FahrtspSignal="-1" FahrtspZugsicherung="45.8333" Fahrtkm="51.162" FahrtHLDruck="5" FahrtFBSchalter="21"/>
<FahrtEintrag FahrtWeg="3346.5835" FahrtZeit="2023-02-08 10:03:46" Kennung_FahrtZeitms="2023-02-08 10:03:46:812" Fahrtsp="8.3084" FahrtspStrecke="11.1111" FahrtspSignal="-1" FahrtspZugsicherung="45.8333" Fahrtkm="51.2129" FahrtHLDruck="5" FahrtFBSchalter="11"/>
<FahrtEintrag FahrtWeg="3371.7178" FahrtZeit="2023-02-08 10:03:49" Kennung_FahrtZeitms="2023-02-08 10:03:49:945" Fahrtsp="6.9261" FahrtspStrecke="11.1111" FahrtspSignal="-1" FahrtspZugsicherung="45.8333" Fahrtkm="51.2128" FahrtHLDruck="5" FahrtFBSchalter="25"/>
<FahrtEintrag FahrtWeg="3396.8655" FahrtZeit="2023-02-08 10:03:53" Kennung_FahrtZeitms="2023-02-08 10:03:53:398" Fahrtsp="7.5169" FahrtspStrecke="11.1111" FahrtspSignal="-1" FahrtspZugsicherung="45.8333" Fahrtkm="51.2616" FahrtHLDruck="5" FahrtFBSchalter="36"/>
<FahrtEintrag FahrtWeg="3422.0862" FahrtZeit="2023-02-08 10:03:56" Kennung_FahrtZeitms="2023-02-08 10:03:56:765" Fahrtsp="8.2358" FahrtspStrecke="11.1111" FahrtspSignal="-1" FahrtspZugsicherung="45.8333" Fahrtkm="51.2879" FahrtHLDruck="5" FahrtFBSchalter="36"/>
<FahrtEintrag FahrtWeg="3447.1311" FahrtZeit="2023-02-08 10:03:59" Kennung_FahrtZeitms="2023-02-08 10:03:59:892" Fahrtsp="8.8271" FahrtspStrecke="11.1111" FahrtspSignal="-1" FahrtspZugsicherung="45.8333" Fahrtkm="51.2879" FahrtHLDruck="5" FahrtFBSchalter="36"/>
<FahrtEintrag FahrtWeg="3472.4485" FahrtZeit="2023-02-08 10:04:02" Kennung_FahrtZeitms="2023-02-08 10:04:02:698" Fahrtsp="9.3235" FahrtspStrecke="11.1111" FahrtspSignal="-1" FahrtspZugsicherung="45.8333" Fahrtkm="51.2879" FahrtHLDruck="5" FahrtFBSchalter="34"/>
<FahrtEintrag FahrtWeg="3497.616" FahrtZeit="2023-02-08 10:04:05" Kennung_FahrtZeitms="2023-02-08 10:04:05:097" Fahrtsp="9.3814" FahrtspStrecke="11.1111" FahrtspSignal="-1" FahrtspZugsicherung="45.8333" Fahrtkm="51.3611" FahrtHLDruck="5" FahrtFBSchalter="30"/>
<FahrtEintrag FahrtWeg="3522.751" FahrtZeit="2023-02-08 10:04:07" Kennung_FahrtZeitms="2023-02-08 10:04:07:685" Fahrtsp="9.5284" FahrtspStrecke="11.1111" FahrtspSignal="-1" FahrtspZugsicherung="45.8333" Fahrtkm="51.3611" FahrtHLDruck="5" FahrtFBSchalter="34"/>
<FahrtEintrag FahrtWeg="3547.8093" FahrtZeit="2023-02-08 10:04:10" Kennung_FahrtZeitms="2023-02-08 10:04:10:845" Fahrtsp="9.5004" FahrtspStrecke="11.1111" FahrtspSignal="-1" FahrtspZugsicherung="45.8333" Fahrtkm="51.3611" FahrtHLDruck="5" FahrtFBSchalter="22"/>
<FahrtEintrag FahrtWeg="3572.8293" FahrtZeit="2023-02-08 10:04:12" Kennung_FahrtZeitms="2023-02-08 10:04:12:698" Fahrtsp="9.365" FahrtspStrecke="11.1111" FahrtspSignal="-1" FahrtspZugsicherung="45.8333" Fahrtkm="51.3611" FahrtHLDruck="5" FahrtFBSchalter="31"/>
<FahrtEintrag FahrtWeg="3598.1147" FahrtZeit="2023-02-08 10:04:15" Kennung_FahrtZeitms="2023-02-08 10:04:15:325" Fahrtsp="9.6167" FahrtspStrecke="11.1111" FahrtspSignal="-1" FahrtspZugsicherung="45.8333" Fahrtkm="51.4607" FahrtHLDruck="5" FahrtFBSchalter="26"/>
<FahrtEintrag FahrtTyp="8" FahrtWeg="-1" FahrtZeit="2023-02-08 10:04:16" Kennung_FahrtZeitms="2023-02-08 10:04:16:693" Fahrtsp="-1" FahrtspStrecke="-1" FahrtspSignal="-1" FahrtspZugsicherung="-1" FahrtHLDruck="-1" FahrtParameter="48" FahrtFBSchalter="-10000"/>
<FahrtEintrag FahrtWeg="3623.1748" FahrtZeit="2023-02-08 10:04:16" Kennung_FahrtZeitms="2023-02-08 10:04:16:721" Fahrtsp="10.335" FahrtspStrecke="11.1111" FahrtspSignal="-1" FahrtspZugsicherung="45.8333" Fahrtkm="51.4851" FahrtHLDruck="5" FahrtFBSchalter="29"/>
<FahrtEintrag FahrtTyp="8" FahrtWeg="-1" FahrtZeit="2023-02-08 10:04:17" Kennung_FahrtZeitms="2023-02-08 10:04:17:021" Fahrtsp="-1" FahrtspStrecke="-1" FahrtspSignal="-1" FahrtspZugsicherung="-1" FahrtHLDruck="-1" FahrtParameter="16" FahrtFBSchalter="-10000"/>
<FahrtEintrag FahrtWeg="3648.4321" FahrtZeit="2023-02-08 10:04:20" Kennung_FahrtZeitms="2023-02-08 10:04:20:001" Fahrtsp="10.2472" FahrtspStrecke="11.1111" FahrtspSignal="-1" FahrtspZugsicherung="45.8333" Fahrtkm="51.4907" FahrtHLDruck="5" FahrtFBSchalter="39"/>
<FahrtEintrag FahrtWeg="3673.4937" FahrtZeit="2023-02-08 10:04:23" Kennung_FahrtZeitms="2023-02-08 10:04:23:542" Fahrtsp="10.1865" FahrtspStrecke="11.1111" FahrtspSignal="-1" FahrtspZugsicherung="45.8333" Fahrtkm="51.4907" FahrtHLDruck="5" FahrtFBSchalter="31"/>
<FahrtEintrag FahrtTyp="5" FahrtWeg="3687.7725" FahrtZeit="2023-02-08 10:04:24" Kennung_FahrtZeitms="2023-02-08 10:04:24:298" Fahrtsp="10.142" FahrtspStrecke="11.1111" FahrtspSignal="-1" FahrtspZugsicherung="45.8333" FahrtText="LZB-Bk 21/22/121/122 LZB-Bk 21" Fahrtkm="51.4607" FahrtHLDruck="5" FahrtFBSchalter="31"/>
<FahrtEintrag FahrtTyp="5" FahrtWeg="-1" FahrtZeit="2023-02-08 10:04:24" Kennung_FahrtZeitms="2023-02-08 10:04:24:584" Fahrtsp="-1" FahrtspStrecke="-1" FahrtspSignal="-1" FahrtspZugsicherung="-1" FahrtText="Zugende passiert Ende Weichenbereich" FahrtHLDruck="-1" FahrtParameter="4" FahrtFBSchalter="-10000"/>
<FahrtEintrag FahrtWeg="3688.0977" FahrtZeit="2023-02-08 10:04:24" Kennung_FahrtZeitms="2023-02-08 10:04:24:872" Fahrtsp="10.142" FahrtspStrecke="11.1111" FahrtspSignal="-1" FahrtspZugsicherung="45.8333" Fahrtkm="51.56" FahrtHLDruck="5" FahrtFBSchalter="31"/>
<FahrtEintrag FahrtTyp="5" FahrtWeg="-1" FahrtZeit="2023-02-08 10:04:26" Kennung_FahrtZeitms="2023-02-08 10:04:26:025" Fahrtsp="-1" FahrtspStrecke="-1" FahrtspSignal="-1" FahrtspZugsicherung="-1" FahrtText="Zugende passiert Ende Weichenbereich" FahrtHLDruck="-1" FahrtParameter="4" FahrtFBSchalter="-10000"/>
<FahrtEintrag FahrtWeg="3708.1313" FahrtZeit="2023-02-08 10:04:26" Kennung_FahrtZeitms="2023-02-08 10:04:26:585" Fahrtsp="10.202" FahrtspStrecke="11.1111" FahrtspSignal="-1" FahrtspZugsicherung="45.8333" Fahrtkm="51.5682" FahrtHLDruck="5" FahrtFBSchalter="31"/>
<FahrtEintrag FahrtWeg="3733.2649" FahrtZeit="2023-02-08 10:04:29" Kennung_FahrtZeitms="2023-02-08 10:04:29:884" Fahrtsp="10.1923" FahrtspStrecke="11.1111" FahrtspSignal="-1" FahrtspZugsicherung="45.8333" Fahrtkm="51.5682" FahrtHLDruck="5" FahrtFBSchalter="31"/>
<FahrtEintrag FahrtWeg="3751.033" FahrtZeit="2023-02-08 10:04:31" Kennung_FahrtZeitms="2023-02-08 10:04:31:626" Fahrtsp="10.3354" FahrtspStrecke="11.1111" FahrtspSignal="-1" FahrtspZugsicherung="45.8333" Fahrtkm="51.614" FahrtHLDruck="5" FahrtFBSchalter="35"/>
<FahrtEintrag FahrtWeg="3755.9553" FahrtZeit="2023-02-08 10:04:31" Kennung_FahrtZeitms="2023-02-08 10:04:31:932" Fahrtsp="10.3887" FahrtspStrecke="11.1111" FahrtspSignal="-1" FahrtspZugsicherung="45.8333" Fahrtkm="51.626" FahrtHLDruck="5" FahrtFBSchalter="35"/>
<FahrtEintrag FahrtWeg="3781.187" FahrtZeit="2023-02-08 10:04:33" Kennung_FahrtZeitms="2023-02-08 10:04:33:698" Fahrtsp="10.6453" FahrtspStrecke="11.1111" FahrtspSignal="-1" FahrtspZugsicherung="45.8333" Fahrtkm="51.626" FahrtHLDruck="5" FahrtFBSchalter="35"/>
<FahrtEintrag FahrtWeg="3806.1982" FahrtZeit="2023-02-08 10:04:36" Kennung_FahrtZeitms="2023-02-08 10:04:36:832" Fahrtsp="10.1531" FahrtspStrecke="11.1111" FahrtspSignal="-1" FahrtspZugsicherung="45.8333" Fahrtkm="51.6598" FahrtHLDruck="5" FahrtFBSchalter="20"/>
<FahrtEintrag FahrtWeg="3831.2" FahrtZeit="2023-02-08 10:04:38" Kennung_FahrtZeitms="2023-02-08 10:04:38:698" Fahrtsp="9.5311" FahrtspStrecke="11.1111" FahrtspSignal="-1" FahrtspZugsicherung="45.8333" Fahrtkm="51.6598" FahrtHLDruck="5" FahrtFBSchalter="20"/>
<FahrtEintrag FahrtWeg="3856.3826" FahrtZeit="2023-02-08 10:04:41" Kennung_FahrtZeitms="2023-02-08 10:04:41:425" Fahrtsp="9.2694" FahrtspStrecke="11.1111" FahrtspSignal="-1" FahrtspZugsicherung="45.8333" Fahrtkm="51.6598" FahrtHLDruck="5" FahrtFBSchalter="29"/>
<FahrtEintrag FahrtWeg="3881.6785" FahrtZeit="2023-02-08 10:04:44" Kennung_FahrtZeitms="2023-02-08 10:04:44:782" Fahrtsp="9.5136" FahrtspStrecke="11.1111" FahrtspSignal="-1" FahrtspZugsicherung="45.8333" Fahrtkm="51.6598" FahrtHLDruck="5" FahrtFBSchalter="34"/>
<FahrtEintrag FahrtWeg="3906.7981" FahrtZeit="2023-02-08 10:04:46" Kennung_FahrtZeitms="2023-02-08 10:04:46:657" Fahrtsp="9.5363" FahrtspStrecke="11.1111" FahrtspSignal="-1" FahrtspZugsicherung="45.8333" Fahrtkm="51.7594" FahrtHLDruck="5" FahrtFBSchalter="28"/>
<FahrtEintrag FahrtWeg="3931.9102" FahrtZeit="2023-02-08 10:04:49" Kennung_FahrtZeitms="2023-02-08 10:04:49:423" Fahrtsp="9.5775" FahrtspStrecke="11.1111" FahrtspSignal="-1" FahrtspZugsicherung="45.8333" Fahrtkm="51.7594" FahrtHLDruck="5" FahrtFBSchalter="33"/>
<FahrtEintrag FahrtWeg="3957.04" FahrtZeit="2023-02-08 10:04:52" Kennung_FahrtZeitms="2023-02-08 10:04:52:685" Fahrtsp="9.7102" FahrtspStrecke="11.1111" FahrtspSignal="-1" FahrtspZugsicherung="45.8333" Fahrtkm="51.7594" FahrtHLDruck="5" FahrtFBSchalter="26"/>
<FahrtEintrag FahrtWeg="3982.2134" FahrtZeit="2023-02-08 10:04:54" Kennung_FahrtZeitms="2023-02-08 10:04:54:690" Fahrtsp="9.5917" FahrtspStrecke="11.1111" FahrtspSignal="-1" FahrtspZugsicherung="45.8333" Fahrtkm="51.7594" FahrtHLDruck="5" FahrtFBSchalter="32"/>
<FahrtEintrag FahrtWeg="4007.5171" FahrtZeit="2023-02-08 10:04:57" Kennung_FahrtZeitms="2023-02-08 10:04:57:462" Fahrtsp="9.7504" FahrtspStrecke="11.1111" FahrtspSignal="-1" FahrtspZugsicherung="45.8333" Fahrtkm="51.8589" FahrtHLDruck="5" FahrtFBSchalter="32"/>
<FahrtEintrag FahrtWeg="4032.7644" FahrtZeit="2023-02-08 10:04:59" Kennung_FahrtZeitms="2023-02-08 10:04:59:689" Fahrtsp="9.894" FahrtspStrecke="11.1111" FahrtspSignal="-1" FahrtspZugsicherung="45.8333" Fahrtkm="51.8589" FahrtHLDruck="5" FahrtFBSchalter="32"/>
<FahrtEintrag FahrtWeg="4058.0203" FahrtZeit="2023-02-08 10:05:02" Kennung_FahrtZeitms="2023-02-08 10:05:02:971" Fahrtsp="10.0248" FahrtspStrecke="11.1111" FahrtspSignal="-1" FahrtspZugsicherung="45.8333" Fahrtkm="51.8589" FahrtHLDruck="5" FahrtFBSchalter="32"/>
<FahrtEintrag FahrtWeg="4083.2395" FahrtZeit="2023-02-08 10:05:04" Kennung_FahrtZeitms="2023-02-08 10:05:04:758" Fahrtsp="10.0334" FahrtspStrecke="11.1111" FahrtspSignal="-1" FahrtspZugsicherung="45.8333" Fahrtkm="51.8589" FahrtHLDruck="5" FahrtFBSchalter="28"/>
<FahrtEintrag FahrtWeg="4108.4233" FahrtZeit="2023-02-08 10:05:07" Kennung_FahrtZeitms="2023-02-08 10:05:07:512" Fahrtsp="9.9114" FahrtspStrecke="11.1111" FahrtspSignal="-1" FahrtspZugsicherung="45.8333" Fahrtkm="51.9585" FahrtHLDruck="5" FahrtFBSchalter="28"/>
<FahrtEintrag FahrtWeg="4132.2046" FahrtZeit="2023-02-08 10:05:09" Kennung_FahrtZeitms="2023-02-08 10:05:09:852" Fahrtsp="9.8026" FahrtspStrecke="11.1111" FahrtspSignal="-1" FahrtspZugsicherung="45.8333" Fahrtkm="51.9585" FahrtHLDruck="5" FahrtFBSchalter="28"/>
<FahrtEintrag FahrtWeg="4137.3794" FahrtZeit="2023-02-08 10:05:10" Kennung_FahrtZeitms="2023-02-08 10:05:10:692" Fahrtsp="9.7797" FahrtspStrecke="11.1111" FahrtspSignal="-1" FahrtspZugsicherung="45.8333" Fahrtkm="51.9585" FahrtHLDruck="5" FahrtFBSchalter="28"/>
<FahrtEintrag FahrtWeg="4162.6841" FahrtZeit="2023-02-08 10:05:13" Kennung_FahrtZeitms="2023-02-08 10:05:13:768" Fahrtsp="9.6716" FahrtspStrecke="11.1111" FahrtspSignal="-1" FahrtspZugsicherung="45.8333" Fahrtkm="51.9585" FahrtHLDruck="5" FahrtFBSchalter="28"/>
<FahrtEintrag FahrtWeg="4187.9912" FahrtZeit="2023-02-08 10:05:15" Kennung_FahrtZeitms="2023-02-08 10:05:15:923" Fahrtsp="9.6419" FahrtspStrecke="11.1111" FahrtspSignal="-1" FahrtspZugsicherung="45.8333" Fahrtkm="52.058" FahrtHLDruck="5" FahrtFBSchalter="32"/>
<FahrtEintrag FahrtWeg="4213.1069" FahrtZeit="2023-02-08 10:05:18" Kennung_FahrtZeitms="2023-02-08 10:05:18:768" Fahrtsp="9.7948" FahrtspStrecke="11.1111" FahrtspSignal="-1" FahrtspZugsicherung="45.8333" Fahrtkm="52.0719" FahrtHLDruck="5" FahrtFBSchalter="32"/>
<FahrtEintrag FahrtWeg="4238.2046" FahrtZeit="2023-02-08 10:05:20" Kennung_FahrtZeitms="2023-02-08 10:05:20:642" Fahrtsp="10.1096" FahrtspStrecke="11.1111" FahrtspSignal="-1" FahrtspZugsicherung="45.8333" Fahrtkm="52.0719" FahrtHLDruck="5" FahrtFBSchalter="36"/>
<FahrtEintrag FahrtWeg="4263.4297" FahrtZeit="2023-02-08 10:05:23" Kennung_FahrtZeitms="2023-02-08 10:05:23:895" Fahrtsp="10.4521" FahrtspStrecke="11.1111" FahrtspSignal="-1" FahrtspZugsicherung="45.8333" Fahrtkm="52.072" FahrtHLDruck="5" FahrtFBSchalter="36"/>
<FahrtEintrag FahrtWeg="4288.5986" FahrtZeit="2023-02-08 10:05:25" Kennung_FahrtZeitms="2023-02-08 10:05:25:768" Fahrtsp="10.7563" FahrtspStrecke="11.1111" FahrtspSignal="-1" FahrtspZugsicherung="45.8333" Fahrtkm="52.1577" FahrtHLDruck="5" FahrtFBSchalter="36"/>
<FahrtEintrag FahrtWeg="4313.8237" FahrtZeit="2023-02-08 10:05:28" Kennung_FahrtZeitms="2023-02-08 10:05:28:694" Fahrtsp="10.3021" FahrtspStrecke="11.1111" FahrtspSignal="-1" FahrtspZugsicherung="45.8333" Fahrtkm="52.1577" FahrtHLDruck="5" FahrtFBSchalter="19"/>
<FahrtEintrag FahrtWeg="4339.085" FahrtZeit="2023-02-08 10:05:30" Kennung_FahrtZeitms="2023-02-08 10:05:30:692" Fahrtsp="9.6119" FahrtspStrecke="11.1111" FahrtspSignal="-1" FahrtspZugsicherung="45.8333" Fahrtkm="52.1576" FahrtHLDruck="5" FahrtFBSchalter="19"/>
<FahrtEintrag FahrtWeg="4364.1284" FahrtZeit="2023-02-08 10:05:33" Kennung_FahrtZeitms="2023-02-08 10:05:33:691" Fahrtsp="9.0726" FahrtspStrecke="11.1111" FahrtspSignal="-1" FahrtspZugsicherung="45.8333" Fahrtkm="52.2219" FahrtHLDruck="5" FahrtFBSchalter="28"/>
<FahrtEintrag FahrtWeg="4389.1914" FahrtZeit="2023-02-08 10:05:36" Kennung_FahrtZeitms="2023-02-08 10:05:36:465" Fahrtsp="9.0286" FahrtspStrecke="11.1111" FahrtspSignal="-1" FahrtspZugsicherung="45.8333" Fahrtkm="52.2571" FahrtHLDruck="5" FahrtFBSchalter="40"/>
<FahrtEintrag FahrtWeg="4414.3394" FahrtZeit="2023-02-08 10:05:38" Kennung_FahrtZeitms="2023-02-08 10:05:38:758" Fahrtsp="9.7633" FahrtspStrecke="11.1111" FahrtspSignal="-1" FahrtspZugsicherung="45.8333" Fahrtkm="52.2572" FahrtHLDruck="5" FahrtFBSchalter="40"/>
<FahrtEintrag FahrtWeg="4439.4658" FahrtZeit="2023-02-08 10:05:41" Kennung_FahrtZeitms="2023-02-08 10:05:41:692" Fahrtsp="10.3492" FahrtspStrecke="11.1111" FahrtspSignal="-1" FahrtspZugsicherung="45.8333" Fahrtkm="52.2572" FahrtHLDruck="5" FahrtFBSchalter="29"/>
<FahrtEintrag FahrtWeg="4464.6777" FahrtZeit="2023-02-08 10:05:43" Kennung_FahrtZeitms="2023-02-08 10:05:43:752" Fahrtsp="9.9684" FahrtspStrecke="11.1111" FahrtspSignal="-1" FahrtspZugsicherung="45.8333" Fahrtkm="52.3366" FahrtHLDruck="5" FahrtFBSchalter="20"/>
<FahrtEintrag FahrtWeg="4489.9531" FahrtZeit="2023-02-08 10:05:46" Kennung_FahrtZeitms="2023-02-08 10:05:46:691" Fahrtsp="9.1934" FahrtspStrecke="11.1111" FahrtspSignal="-1" FahrtspZugsicherung="45.8333" Fahrtkm="52.3567" FahrtHLDruck="5" FahrtFBSchalter="25"/>
<FahrtEintrag FahrtWeg="4515.2314" FahrtZeit="2023-02-08 10:05:49" Kennung_FahrtZeitms="2023-02-08 10:05:49:841" Fahrtsp="8.6537" FahrtspStrecke="11.1111" FahrtspSignal="-1" FahrtspZugsicherung="45.8333" Fahrtkm="52.3567" FahrtHLDruck="5" FahrtFBSchalter="30"/>
<FahrtEintrag FahrtWeg="4540.3013" FahrtZeit="2023-02-08 10:05:52" Kennung_FahrtZeitms="2023-02-08 10:05:52:693" Fahrtsp="8.3553" FahrtspStrecke="11.1111" FahrtspSignal="-1" FahrtspZugsicherung="45.8333" Fahrtkm="52.3567" FahrtHLDruck="5" FahrtFBSchalter="22"/>
<FahrtEintrag FahrtWeg="4565.3838" FahrtZeit="2023-02-08 10:05:55" Kennung_FahrtZeitms="2023-02-08 10:05:55:652" Fahrtsp="7.5952" FahrtspStrecke="11.1111" FahrtspSignal="-1" FahrtspZugsicherung="45.8333" Fahrtkm="52.3567" FahrtHLDruck="5" FahrtFBSchalter="27"/>
<FahrtEintrag FahrtWeg="4590.6123" FahrtZeit="2023-02-08 10:05:58" Kennung_FahrtZeitms="2023-02-08 10:05:58:432" Fahrtsp="7.5073" FahrtspStrecke="11.1111" FahrtspSignal="-1" FahrtspZugsicherung="45.8333" Fahrtkm="52.4563" FahrtHLDruck="5" FahrtFBSchalter="32"/>
<FahrtEintrag FahrtWeg="4615.833" FahrtZeit="2023-02-08 10:06:01" Kennung_FahrtZeitms="2023-02-08 10:06:01:691" Fahrtsp="8.1088" FahrtspStrecke="11.1111" FahrtspSignal="-1" FahrtspZugsicherung="45.8333" Fahrtkm="52.4563" FahrtHLDruck="5" FahrtFBSchalter="41"/>
<FahrtEintrag FahrtWeg="4640.9321" FahrtZeit="2023-02-08 10:06:04" Kennung_FahrtZeitms="2023-02-08 10:06:04:784" Fahrtsp="8.6525" FahrtspStrecke="11.1111" FahrtspSignal="-1" FahrtspZugsicherung="45.8333" Fahrtkm="52.4563" FahrtHLDruck="5" FahrtFBSchalter="38"/>
<FahrtEintrag FahrtWeg="4666.1025" FahrtZeit="2023-02-08 10:06:07" Kennung_FahrtZeitms="2023-02-08 10:06:07:695" Fahrtsp="8.6161" FahrtspStrecke="11.1111" FahrtspSignal="-1" FahrtspZugsicherung="45.8333" Fahrtkm="52.4563" FahrtHLDruck="5" FahrtFBSchalter="28"/>
<FahrtEintrag FahrtWeg="4691.2163" FahrtZeit="2023-02-08 10:06:10" Kennung_FahrtZeitms="2023-02-08 10:06:10:692" Fahrtsp="8.7627" FahrtspStrecke="11.1111" FahrtspSignal="-1" FahrtspZugsicherung="45.8333" Fahrtkm="52.5558" FahrtHLDruck="5" FahrtFBSchalter="36"/>
<FahrtEintrag FahrtWeg="4716.2383" FahrtZeit="2023-02-08 10:06:13" Kennung_FahrtZeitms="2023-02-08 10:06:13:764" Fahrtsp="8.9382" FahrtspStrecke="11.1111" FahrtspSignal="-1" FahrtspZugsicherung="45.8333" Fahrtkm="52.5558" FahrtHLDruck="5" FahrtFBSchalter="34"/>
<FahrtEintrag FahrtWeg="4741.4585" FahrtZeit="2023-02-08 10:06:16" Kennung_FahrtZeitms="2023-02-08 10:06:16:691" Fahrtsp="8.9863" FahrtspStrecke="11.1111" FahrtspSignal="-1" FahrtspZugsicherung="45.8333" Fahrtkm="52.5558" FahrtHLDruck="5" FahrtFBSchalter="38"/>
<FahrtEintrag FahrtWeg="4766.4951" FahrtZeit="2023-02-08 10:06:18" Kennung_FahrtZeitms="2023-02-08 10:06:18:684" Fahrtsp="9.476" FahrtspStrecke="11.1111" FahrtspSignal="-1" FahrtspZugsicherung="45.8333" Fahrtkm="52.5558" FahrtHLDruck="5" FahrtFBSchalter="41"/>
<FahrtEintrag FahrtWeg="4791.5361" FahrtZeit="2023-02-08 10:06:21" Kennung_FahrtZeitms="2023-02-08 10:06:21:762" Fahrtsp="9.8902" FahrtspStrecke="11.1111" FahrtspSignal="-1" FahrtspZugsicherung="45.8333" Fahrtkm="52.6554" FahrtHLDruck="5" FahrtFBSchalter="35"/>
<FahrtEintrag FahrtWeg="4816.7783" FahrtZeit="2023-02-08 10:06:24" Kennung_FahrtZeitms="2023-02-08 10:06:24:768" Fahrtsp="9.9739" FahrtspStrecke="11.1111" FahrtspSignal="-1" FahrtspZugsicherung="45.8333" Fahrtkm="52.6554" FahrtHLDruck="5" FahrtFBSchalter="36"/>
<FahrtEintrag FahrtWeg="4841.8618" FahrtZeit="2023-02-08 10:06:26" Kennung_FahrtZeitms="2023-02-08 10:06:26:691" Fahrtsp="9.7072" FahrtspStrecke="11.1111" FahrtspSignal="-1" FahrtspZugsicherung="45.8333" Fahrtkm="52.6554" FahrtHLDruck="5" FahrtFBSchalter="14"/>
<FahrtEintrag FahrtWeg="4866.8716" FahrtZeit="2023-02-08 10:06:29" Kennung_FahrtZeitms="2023-02-08 10:06:29:768" Fahrtsp="8.3428" FahrtspStrecke="11.1111" FahrtspSignal="-1" FahrtspZugsicherung="45.8333" Fahrtkm="52.6554" FahrtHLDruck="5" FahrtFBSchalter="21"/>
<FahrtEintrag FahrtWeg="4891.9785" FahrtZeit="2023-02-08 10:06:32" Kennung_FahrtZeitms="2023-02-08 10:06:32:697" Fahrtsp="7.4203" FahrtspStrecke="11.1111" FahrtspSignal="-1" FahrtspZugsicherung="45.8333" Fahrtkm="52.7548" FahrtHLDruck="5" FahrtFBSchalter="25"/>
<FahrtEintrag FahrtWeg="4917.1787" FahrtZeit="2023-02-08 10:06:36" Kennung_FahrtZeitms="2023-02-08 10:06:36:762" Fahrtsp="6.8101" FahrtspStrecke="11.1111" FahrtspSignal="-1" FahrtspZugsicherung="45.8333" Fahrtkm="52.7548" FahrtHLDruck="5" FahrtFBSchalter="25"/>
<FahrtEintrag FahrtWeg="4942.2524" FahrtZeit="2023-02-08 10:06:39" Kennung_FahrtZeitms="2023-02-08 10:06:39:432" Fahrtsp="6.6945" FahrtspStrecke="11.1111" FahrtspSignal="-1" FahrtspZugsicherung="45.8333" Fahrtkm="52.7548" FahrtHLDruck="5" FahrtFBSchalter="31"/>
<FahrtEintrag FahrtWeg="4967.2988" FahrtZeit="2023-02-08 10:06:43" Kennung_FahrtZeitms="2023-02-08 10:06:43:693" Fahrtsp="6.7109" FahrtspStrecke="11.1111" FahrtspSignal="-1" FahrtspZugsicherung="45.8333" Fahrtkm="52.7548" FahrtHLDruck="5" FahrtFBSchalter="58"/>
<FahrtEintrag FahrtWeg="4992.5234" FahrtZeit="2023-02-08 10:06:46" Kennung_FahrtZeitms="2023-02-08 10:06:46:768" Fahrtsp="8.828" FahrtspStrecke="11.1111" FahrtspSignal="-1" FahrtspZugsicherung="45.8333" Fahrtkm="52.8245" FahrtHLDruck="5" FahrtFBSchalter="57"/>
<FahrtEintrag FahrtWeg="5017.6465" FahrtZeit="2023-02-08 10:06:49" Kennung_FahrtZeitms="2023-02-08 10:06:49:698" Fahrtsp="10.2766" FahrtspStrecke="11.1111" FahrtspSignal="-1" FahrtspZugsicherung="45.8333" Fahrtkm="52.8245" FahrtHLDruck="5" FahrtFBSchalter="48"/>
<FahrtEintrag FahrtWeg="5038.9087" FahrtZeit="2023-02-08 10:06:51" Kennung_FahrtZeitms="2023-02-08 10:06:51:331" Fahrtsp="10.4369" FahrtspStrecke="11.1111" FahrtspSignal="-1" FahrtspZugsicherung="45.8333" Fahrtkm="52.8545" FahrtHLDruck="5" FahrtFBSchalter="25"/>
<FahrtEintrag FahrtWeg="5067.7876" FahrtZeit="2023-02-08 10:06:54" Kennung_FahrtZeitms="2023-02-08 10:06:54:768" Fahrtsp="9.5037" FahrtspStrecke="11.1111" FahrtspSignal="-1" FahrtspZugsicherung="45.8333" Fahrtkm="52.8545" FahrtHLDruck="5" FahrtFBSchalter="20"/>
<FahrtEintrag FahrtWeg="5092.9116" FahrtZeit="2023-02-08 10:06:57" Kennung_FahrtZeitms="2023-02-08 10:06:57:692" Fahrtsp="8.6501" FahrtspStrecke="11.1111" FahrtspSignal="-1" FahrtspZugsicherung="45.8333" Fahrtkm="52.9541" FahrtHLDruck="5" FahrtFBSchalter="26"/>
<FahrtEintrag FahrtWeg="5118.0352" FahrtZeit="2023-02-08 10:07:00" Kennung_FahrtZeitms="2023-02-08 10:07:00:784" Fahrtsp="8.4062" FahrtspStrecke="11.1111" FahrtspSignal="-1" FahrtspZugsicherung="45.8333" Fahrtkm="52.9541" FahrtHLDruck="5" FahrtFBSchalter="37"/>
<FahrtEintrag FahrtWeg="5143.2427" FahrtZeit="2023-02-08 10:07:02" Kennung_FahrtZeitms="2023-02-08 10:07:02:698" Fahrtsp="8.9884" FahrtspStrecke="11.1111" FahrtspSignal="-1" FahrtspZugsicherung="45.8333" Fahrtkm="52.9541" FahrtHLDruck="5" FahrtFBSchalter="45"/>
<FahrtEintrag FahrtWeg="5168.3052" FahrtZeit="2023-02-08 10:07:05" Kennung_FahrtZeitms="2023-02-08 10:07:05:691" Fahrtsp="9.744" FahrtspStrecke="11.1111" FahrtspSignal="-1" FahrtspZugsicherung="45.8333" Fahrtkm="53.0374" FahrtHLDruck="5" FahrtFBSchalter="46"/>
<FahrtEintrag FahrtWeg="5180.749" FahrtZeit="2023-02-08 10:07:06" Kennung_FahrtZeitms="2023-02-08 10:07:06:976" Fahrtsp="10.153" FahrtspStrecke="11.1111" FahrtspSignal="-1" FahrtspZugsicherung="45.8333" Fahrtkm="53.0374" FahrtHLDruck="5" FahrtFBSchalter="48"/>
<FahrtEintrag FahrtTyp="8" FahrtWeg="-1" FahrtZeit="2023-02-08 10:07:09" Kennung_FahrtZeitms="2023-02-08 10:07:09:805" Fahrtsp="-1" FahrtspStrecke="-1" FahrtspSignal="-1" FahrtspZugsicherung="-1" FahrtHLDruck="-1" FahrtParameter="48" FahrtFBSchalter="-10000"/>
<FahrtEintrag FahrtWeg="5235.7488" FahrtZeit="2023-02-08 10:07:09" Kennung_FahrtZeitms="2023-02-08 10:07:09:855" Fahrtsp="10.1533" FahrtspStrecke="11.1111" FahrtspSignal="-1" FahrtspZugsicherung="45.8333" Fahrtkm="53.0532" FahrtHLDruck="5"/>
<FahrtEintrag FahrtTyp="8" FahrtWeg="-1" FahrtZeit="2023-02-08 10:07:09" Kennung_FahrtZeitms="2023-02-08 10:07:09:910" Fahrtsp="-1" FahrtspStrecke="-1" FahrtspSignal="-1" FahrtspZugsicherung="-1" FahrtHLDruck="-1" FahrtParameter="16" FahrtFBSchalter="-10000"/>
<FahrtEintrag FahrtWeg="5238.2466" FahrtZeit="2023-02-08 10:07:10" Kennung_FahrtZeitms="2023-02-08 10:07:10:182" Fahrtsp="10.0078" FahrtspStrecke="11.1111" FahrtspSignal="-1" FahrtspZugsicherung="45.8333" Fahrtkm="53.0536" FahrtHLDruck="5"/>
<FahrtEintrag FahrtWeg="5263.3779" FahrtZeit="2023-02-08 10:07:12" Kennung_FahrtZeitms="2023-02-08 10:07:12:932" Fahrtsp="8.8158" FahrtspStrecke="11.1111" FahrtspSignal="-1" FahrtspZugsicherung="45.8333" Fahrtkm="53.0536" FahrtHLDruck="5" FahrtFBSchalter="12"/>
<FahrtEintrag FahrtWeg="5288.5601" FahrtZeit="2023-02-08 10:07:16" Kennung_FahrtZeitms="2023-02-08 10:07:16:432" Fahrtsp="5.8357" FahrtspStrecke="11.1111" FahrtspSignal="-1" FahrtspZugsicherung="45.8333" Fahrtkm="53.1531" FahrtHLDruck="5" FahrtFBSchalter="32"/>
<FahrtEintrag FahrtWeg="5306.771" FahrtZeit="2023-02-08 10:07:22" Kennung_FahrtZeitms="2023-02-08 10:07:22:576" Fahrtsp="1.3447" FahrtspStrecke="11.1111" FahrtspSignal="-1" FahrtspZugsicherung="45.8333" Fahrtkm="53.1529" FahrtHLDruck="5" FahrtFBSchalter="74"/>
<FahrtEintrag FahrtWeg="5317.0586" FahrtZeit="2023-02-08 10:07:28" Kennung_FahrtZeitms="2023-02-08 10:07:28:763" Fahrtsp="5.0758" FahrtspStrecke="11.1111" FahrtspSignal="-1" FahrtspZugsicherung="45.8333" Fahrtkm="53.1531" FahrtHLDruck="5" FahrtFBSchalter="86"/>
<FahrtEintrag FahrtWeg="5342.2241" FahrtZeit="2023-02-08 10:07:31" Kennung_FahrtZeitms="2023-02-08 10:07:31:576" Fahrtsp="9.194" FahrtspStrecke="11.1111" FahrtspSignal="-1" FahrtspZugsicherung="45.8333" Fahrtkm="53.1532" FahrtHLDruck="5" FahrtFBSchalter="62"/>
<FahrtEintrag FahrtWeg="5367.229" FahrtZeit="2023-02-08 10:07:34" Kennung_FahrtZeitms="2023-02-08 10:07:34:698" Fahrtsp="10.2211" FahrtspStrecke="11.1111" FahrtspSignal="-1" FahrtspZugsicherung="45.8333" Fahrtkm="53.1532" FahrtHLDruck="5" FahrtFBSchalter="39"/>
<FahrtEintrag FahrtWeg="5392.2402" FahrtZeit="2023-02-08 10:07:36" Kennung_FahrtZeitms="2023-02-08 10:07:36:874" Fahrtsp="10.3382" FahrtspStrecke="11.1111" FahrtspSignal="-1" FahrtspZugsicherung="45.8333" Fahrtkm="53.2528" FahrtHLDruck="5" FahrtFBSchalter="42"/>
<FahrtEintrag FahrtWeg="5417.3545" FahrtZeit="2023-02-08 10:07:39" Kennung_FahrtZeitms="2023-02-08 10:07:39:932" Fahrtsp="10.3388" FahrtspStrecke="11.1111" FahrtspSignal="-1" FahrtspZugsicherung="45.8333" Fahrtkm="53.2528" FahrtHLDruck="5" FahrtFBSchalter="29"/>
<FahrtEintrag FahrtWeg="5442.4805" FahrtZeit="2023-02-08 10:07:41" Kennung_FahrtZeitms="2023-02-08 10:07:41:768" Fahrtsp="9.9337" FahrtspStrecke="11.1111" FahrtspSignal="-1" FahrtspZugsicherung="45.8333" Fahrtkm="53.2528" FahrtHLDruck="5" FahrtFBSchalter="32"/>
<FahrtEintrag FahrtWeg="5467.5962" FahrtZeit="2023-02-08 10:07:44" Kennung_FahrtZeitms="2023-02-08 10:07:44:862" Fahrtsp="9.4989" FahrtspStrecke="11.1111" FahrtspSignal="-1" FahrtspZugsicherung="45.8333" Fahrtkm="53.2528" FahrtHLDruck="5" FahrtFBSchalter="25"/>
<FahrtEintrag FahrtTyp="5" FahrtWeg="5479.6948" FahrtZeit="2023-02-08 10:07:45" Kennung_FahrtZeitms="2023-02-08 10:07:45:432" Fahrtsp="9.2537" FahrtspStrecke="11.1111" FahrtspSignal="-1" FahrtspZugsicherung="45.8333" FahrtText="Üst Moorrasen A" Fahrtkm="53.2528" FahrtHLDruck="5" FahrtFBSchalter="28"/>
<FahrtEintrag FahrtWeg="5504.981" FahrtZeit="2023-02-08 10:07:48" Kennung_FahrtZeitms="2023-02-08 10:07:48:768" Fahrtsp="8.855" FahrtspStrecke="11.1111" FahrtspSignal="-1" FahrtspZugsicherung="45.8333" Fahrtkm="53.3523" FahrtHLDruck="5" FahrtFBSchalter="28"/>
<FahrtEintrag FahrtWeg="5530.0459" FahrtZeit="2023-02-08 10:07:51" Kennung_FahrtZeitms="2023-02-08 10:07:51:765" Fahrtsp="8.9415" FahrtspStrecke="11.1111" FahrtspSignal="-1" FahrtspZugsicherung="45.8333" Fahrtkm="53.3523" FahrtHLDruck="5" FahrtFBSchalter="44"/>
<FahrtEintrag FahrtWeg="5555.0776" FahrtZeit="2023-02-08 10:07:53" Kennung_FahrtZeitms="2023-02-08 10:07:53:692" Fahrtsp="10.1196" FahrtspStrecke="11.1111" FahrtspSignal="-1" FahrtspZugsicherung="45.8333" Fahrtkm="53.3524" FahrtHLDruck="5" FahrtFBSchalter="55"/>
<FahrtEintrag FahrtWeg="5580.4502" FahrtZeit="2023-02-08 10:07:56" Kennung_FahrtZeitms="2023-02-08 10:07:56:864" Fahrtsp="11.0056" FahrtspStrecke="11.1111" FahrtspSignal="-1" FahrtspZugsicherung="45.8333" Fahrtkm="53.452" FahrtHLDruck="5" FahrtFBSchalter="50"/>
<FahrtEintrag FahrtWeg="5605.4824" FahrtZeit="2023-02-08 10:07:58" Kennung_FahrtZeitms="2023-02-08 10:07:58:932" Fahrtsp="11.3025" FahrtspStrecke="11.1111" FahrtspSignal="-1" FahrtspZugsicherung="45.8333" Fahrtkm="53.4521" FahrtHLDruck="5" FahrtFBSchalter="16"/>
<FahrtEintrag FahrtWeg="5630.6079" FahrtZeit="2023-02-08 10:08:00" Kennung_FahrtZeitms="2023-02-08 10:08:00:697" Fahrtsp="10.2063" FahrtspStrecke="11.1111" FahrtspSignal="-1" FahrtspZugsicherung="45.8333" Fahrtkm="53.452" FahrtHLDruck="5" FahrtFBSchalter="16"/>
<FahrtEintrag FahrtWeg="5655.6934" FahrtZeit="2023-02-08 10:08:03" Kennung_FahrtZeitms="2023-02-08 10:08:03:789" Fahrtsp="9.8778" FahrtspStrecke="11.1111" FahrtspSignal="-1" FahrtspZugsicherung="45.8333" Fahrtkm="53.452" FahrtHLDruck="5" FahrtFBSchalter="40"/>
<FahrtEintrag FahrtWeg="5680.8477" FahrtZeit="2023-02-08 10:08:05" Kennung_FahrtZeitms="2023-02-08 10:08:05:764" Fahrtsp="10.1857" FahrtspStrecke="11.1111" FahrtspSignal="-1" FahrtspZugsicherung="45.8333" Fahrtkm="53.5516" FahrtHLDruck="5" FahrtFBSchalter="33"/>
<FahrtEintrag FahrtWeg="5705.9941" FahrtZeit="2023-02-08 10:08:08" Kennung_FahrtZeitms="2023-02-08 10:08:08:697" Fahrtsp="10.238" FahrtspStrecke="11.1111" FahrtspSignal="-1" FahrtspZugsicherung="45.8333" Fahrtkm="53.5516" FahrtHLDruck="5" FahrtFBSchalter="40"/>
<FahrtEintrag FahrtWeg="5731.0605" FahrtZeit="2023-02-08 10:08:10" Kennung_FahrtZeitms="2023-02-08 10:08:10:768" Fahrtsp="10.3352" FahrtspStrecke="11.1111" FahrtspSignal="-1" FahrtspZugsicherung="45.8333" Fahrtkm="53.5516" FahrtHLDruck="5" FahrtFBSchalter="33"/>
<FahrtEintrag FahrtWeg="5756.0771" FahrtZeit="2023-02-08 10:08:13" Kennung_FahrtZeitms="2023-02-08 10:08:13:576" Fahrtsp="10.2664" FahrtspStrecke="11.1111" FahrtspSignal="-1" FahrtspZugsicherung="45.8333" Fahrtkm="53.5516" FahrtHLDruck="5" FahrtFBSchalter="40"/>
<FahrtEintrag FahrtWeg="5781.292" FahrtZeit="2023-02-08 10:08:15" Kennung_FahrtZeitms="2023-02-08 10:08:15:697" Fahrtsp="10.7128" FahrtspStrecke="11.1111" FahrtspSignal="-1" FahrtspZugsicherung="45.8333" Fahrtkm="53.6523" FahrtHLDruck="5" FahrtFBSchalter="44"/>
<FahrtEintrag FahrtWeg="5806.6782" FahrtZeit="2023-02-08 10:08:17" Kennung_FahrtZeitms="2023-02-08 10:08:17:865" Fahrtsp="10.9242" FahrtspStrecke="11.1111" FahrtspSignal="-1" FahrtspZugsicherung="45.8333" Fahrtkm="53.674" FahrtHLDruck="5" FahrtFBSchalter="30"/>
<FahrtEintrag FahrtWeg="5831.7139" FahrtZeit="2023-02-08 10:08:20" Kennung_FahrtZeitms="2023-02-08 10:08:20:432" Fahrtsp="10.5038" FahrtspStrecke="11.1111" FahrtspSignal="-1" FahrtspZugsicherung="45.8333" Fahrtkm="53.674" FahrtHLDruck="5" FahrtFBSchalter="28"/>
<FahrtEintrag FahrtWeg="5856.7983" FahrtZeit="2023-02-08 10:08:22" Kennung_FahrtZeitms="2023-02-08 10:08:22:865" Fahrtsp="10.1502" FahrtspStrecke="11.1111" FahrtspSignal="-1" FahrtspZugsicherung="45.8333" Fahrtkm="53.674" FahrtHLDruck="5" FahrtFBSchalter="33"/>
<FahrtEintrag FahrtTyp="7" FahrtWeg="5879.8789" FahrtZeit="2023-02-08 10:08:24" Kennung_FahrtZeitms="2023-02-08 10:08:24:968" Fahrtsp="10.4859" FahrtspStrecke="11.1111" FahrtspSignal="-1" FahrtspZugsicherung="45.8333" Fahrtkm="53.7326" FahrtHLDruck="5" FahrtFBSchalter="45"/>
<FahrtEintrag FahrtWeg="5905.2754" FahrtZeit="2023-02-08 10:08:27" Kennung_FahrtZeitms="2023-02-08 10:08:27:698" Fahrtsp="11.0079" FahrtspStrecke="11.1111" FahrtspSignal="-1" FahrtspZugsicherung="45.8333" Fahrtkm="53.7326" FahrtHLDruck="5" FahrtFBSchalter="45"/>
<FahrtEintrag FahrtWeg="5930.5313" FahrtZeit="2023-02-08 10:08:29" Kennung_FahrtZeitms="2023-02-08 10:08:29:876" Fahrtsp="11.4278" FahrtspStrecke="11.1111" FahrtspSignal="-1" FahrtspZugsicherung="45.8333" Fahrtkm="53.7872" FahrtHLDruck="5" FahrtFBSchalter="21"/>
<FahrtEintrag FahrtWeg="5955.5361" FahrtZeit="2023-02-08 10:08:31" Kennung_FahrtZeitms="2023-02-08 10:08:31:698" Fahrtsp="9.6054" FahrtspStrecke="11.1111" FahrtspSignal="-1" FahrtspZugsicherung="45.8333" Fahrtkm="53.8178" FahrtHLDruck="4.8302"/>
<FahrtEintrag FahrtWeg="5980.6597" FahrtZeit="2023-02-08 10:08:35" Kennung_FahrtZeitms="2023-02-08 10:08:35:432" Fahrtsp="5.1682" FahrtspStrecke="11.1111" FahrtspSignal="-1" FahrtspZugsicherung="45.8333" Fahrtkm="53.8516" FahrtHLDruck="4.5"/>
<FahrtEintrag FahrtTyp="1" FahrtWeg="5990.3105" FahrtZeit="2023-02-08 10:08:39" Kennung_FahrtZeitms="2023-02-08 10:08:39:762" Fahrtsp="0.0" FahrtspStrecke="11.1111" FahrtspSignal="-1" FahrtspZugsicherung="45.8333" Fahrtkm="53.8514" FahrtHLDruck="4.9969"/>
<FahrtEintrag FahrtWeg="5990.3105" FahrtZeit="2023-02-08 10:08:44" Kennung_FahrtZeitms="2023-02-08 10:08:44:698" Fahrtsp="0.0" FahrtspStrecke="11.1111" FahrtspSignal="-1" FahrtspZugsicherung="45.8333" Fahrtkm="53.8514" FahrtHLDruck="5"/>
<FahrtEintrag FahrtWeg="5990.3105" FahrtZeit="2023-02-08 10:08:49" Kennung_FahrtZeitms="2023-02-08 10:08:49:789" Fahrtsp="0.0" FahrtspStrecke="11.1111" FahrtspSignal="-1" FahrtspZugsicherung="45.8333" Fahrtkm="53.8514" FahrtHLDruck="5"/>
</result>
</Zusi>
