﻿<?xml version="1.0" encoding="UTF-8"?>
<Zusi>
<Info DateiTyp="result" Version="A.1" MinVersion="A.0"/>
<result Zugnummer="4711 (FaS)" Datum="2023-01-23 14:22:35" Verbrauch="178016432">
<FahrtEintrag FahrtTyp="2" FahrtWeg="1516.7542" FahrtZeit="2023-01-23 09:50:00" Kennung_FahrtZeitms="2023-01-23 09:50:00:090" FahrtspStrecke="11.1111" FahrtspSignal="-1" FahrtspZugsicherung="-1" FahrtText="" Fahrtkm="49.3855" FahrtHLDruck="5" FahrtFplAnk="44949.410156" FahrtFplAbf="44949.417969"/>
<FahrtEintrag FahrtWeg="1516.7542" FahrtZeit="2023-01-23 09:50:05" Kennung_FahrtZeitms="2023-01-23 09:50:05:110" FahrtspStrecke="11.1111" FahrtspSignal="-1" FahrtspZugsicherung="45.8333" Fahrtkm="49.3855" FahrtHLDruck="5"/>
<FahrtEintrag FahrtWeg="1516.7542" FahrtZeit="2023-01-23 09:50:10" Kennung_FahrtZeitms="2023-01-23 09:50:10:239" FahrtspStrecke="11.1111" FahrtspSignal="-1" FahrtspZugsicherung="45.8333" Fahrtkm="49.3855" FahrtHLDruck="5" FahrtFBSchalter="-39"/>
<FahrtEintrag FahrtWeg="1516.7542" FahrtZeit="2023-01-23 09:50:15" Kennung_FahrtZeitms="2023-01-23 09:50:15:242" FahrtspStrecke="11.1111" FahrtspSignal="-1" FahrtspZugsicherung="45.8333" Fahrtkm="49.3855" FahrtHLDruck="5"/>
<FahrtEintrag FahrtWeg="1516.7542" FahrtZeit="2023-01-23 09:50:20" Kennung_FahrtZeitms="2023-01-23 09:50:20:216" FahrtspStrecke="11.1111" FahrtspSignal="-1" FahrtspZugsicherung="45.8333" Fahrtkm="49.3855" FahrtHLDruck="5"/>
<FahrtEintrag FahrtWeg="1516.7542" FahrtZeit="2023-01-23 09:50:25" Kennung_FahrtZeitms="2023-01-23 09:50:25:219" FahrtspStrecke="11.1111" FahrtspSignal="-1" FahrtspZugsicherung="45.8333" Fahrtkm="49.3855" FahrtHLDruck="5"/>
<FahrtEintrag FahrtWeg="1516.7542" FahrtZeit="2023-01-23 09:50:30" Kennung_FahrtZeitms="2023-01-23 09:50:30:220" FahrtspStrecke="11.1111" FahrtspSignal="-1" FahrtspZugsicherung="45.8333" Fahrtkm="49.3855" FahrtHLDruck="5"/>
<FahrtEintrag FahrtWeg="1516.7542" FahrtZeit="2023-01-23 09:50:35" Kennung_FahrtZeitms="2023-01-23 09:50:35:223" FahrtspStrecke="11.1111" FahrtspSignal="-1" FahrtspZugsicherung="45.8333" Fahrtkm="49.3855" FahrtHLDruck="5"/>
<FahrtEintrag FahrtWeg="1516.7542" FahrtZeit="2023-01-23 09:50:40" Kennung_FahrtZeitms="2023-01-23 09:50:40:224" FahrtspStrecke="11.1111" FahrtspSignal="-1" FahrtspZugsicherung="45.8333" Fahrtkm="49.3855" FahrtHLDruck="5"/>
<FahrtEintrag FahrtWeg="1516.7542" FahrtZeit="2023-01-23 09:50:45" Kennung_FahrtZeitms="2023-01-23 09:50:45:225" FahrtspStrecke="11.1111" FahrtspSignal="-1" FahrtspZugsicherung="45.8333" Fahrtkm="49.3855" FahrtHLDruck="5"/>
<FahrtEintrag FahrtWeg="1516.7542" FahrtZeit="2023-01-23 09:50:50" Kennung_FahrtZeitms="2023-01-23 09:50:50:226" FahrtspStrecke="11.1111" FahrtspSignal="-1" FahrtspZugsicherung="45.8333" Fahrtkm="49.3855" FahrtHLDruck="5"/>
<FahrtEintrag FahrtWeg="1516.7542" FahrtZeit="2023-01-23 09:50:55" Kennung_FahrtZeitms="2023-01-23 09:50:55:227" FahrtspStrecke="11.1111" FahrtspSignal="-1" FahrtspZugsicherung="45.8333" Fahrtkm="49.3855" FahrtHLDruck="5"/>
<FahrtEintrag FahrtWeg="1516.7542" FahrtZeit="2023-01-23 09:51:00" Kennung_FahrtZeitms="2023-01-23 09:51:00:228" FahrtspStrecke="11.1111" FahrtspSignal="-1" FahrtspZugsicherung="45.8333" Fahrtkm="49.3855" FahrtHLDruck="5"/>
<FahrtEintrag FahrtWeg="1516.7542" FahrtZeit="2023-01-23 09:51:05" Kennung_FahrtZeitms="2023-01-23 09:51:05:229" FahrtspStrecke="11.1111" FahrtspSignal="-1" FahrtspZugsicherung="45.8333" Fahrtkm="49.3855" FahrtHLDruck="5"/>
<FahrtEintrag FahrtWeg="1516.7542" FahrtZeit="2023-01-23 09:51:10" Kennung_FahrtZeitms="2023-01-23 09:51:10:230" FahrtspStrecke="11.1111" FahrtspSignal="-1" FahrtspZugsicherung="45.8333" Fahrtkm="49.3855" FahrtHLDruck="5"/>
<FahrtEintrag FahrtWeg="1516.7542" FahrtZeit="2023-01-23 09:51:15" Kennung_FahrtZeitms="2023-01-23 09:51:15:231" FahrtspStrecke="11.1111" FahrtspSignal="-1" FahrtspZugsicherung="45.8333" Fahrtkm="49.3855" FahrtHLDruck="5"/>
<FahrtEintrag FahrtWeg="1516.7542" FahrtZeit="2023-01-23 09:51:20" Kennung_FahrtZeitms="2023-01-23 09:51:20:233" FahrtspStrecke="11.1111" FahrtspSignal="-1" FahrtspZugsicherung="45.8333" Fahrtkm="49.3855" FahrtHLDruck="5"/>
<FahrtEintrag FahrtWeg="1516.7542" FahrtZeit="2023-01-23 09:51:25" Kennung_FahrtZeitms="2023-01-23 09:51:25:234" FahrtspStrecke="11.1111" FahrtspSignal="-1" FahrtspZugsicherung="45.8333" Fahrtkm="49.3855" FahrtHLDruck="5"/>
<FahrtEintrag FahrtWeg="1516.7542" FahrtZeit="2023-01-23 09:51:30" Kennung_FahrtZeitms="2023-01-23 09:51:30:235" FahrtspStrecke="11.1111" FahrtspSignal="-1" FahrtspZugsicherung="45.8333" Fahrtkm="49.3855" FahrtHLDruck="5"/>
<FahrtEintrag FahrtWeg="1516.7542" FahrtZeit="2023-01-23 09:51:35" Kennung_FahrtZeitms="2023-01-23 09:51:35:236" FahrtspStrecke="11.1111" FahrtspSignal="-1" FahrtspZugsicherung="45.8333" Fahrtkm="49.3855" FahrtHLDruck="5"/>
<FahrtEintrag FahrtWeg="1516.7542" FahrtZeit="2023-01-23 09:51:40" Kennung_FahrtZeitms="2023-01-23 09:51:40:237" FahrtspStrecke="11.1111" FahrtspSignal="-1" FahrtspZugsicherung="45.8333" Fahrtkm="49.3855" FahrtHLDruck="5"/>
<FahrtEintrag FahrtWeg="1516.7542" FahrtZeit="2023-01-23 09:51:45" Kennung_FahrtZeitms="2023-01-23 09:51:45:239" FahrtspStrecke="11.1111" FahrtspSignal="-1" FahrtspZugsicherung="45.8333" Fahrtkm="49.3855" FahrtHLDruck="5"/>
<FahrtEintrag FahrtWeg="1516.7542" FahrtZeit="2023-01-23 09:51:50" Kennung_FahrtZeitms="2023-01-23 09:51:50:240" FahrtspStrecke="11.1111" FahrtspSignal="-1" FahrtspZugsicherung="45.8333" Fahrtkm="49.3855" FahrtHLDruck="5"/>
<FahrtEintrag FahrtWeg="1516.7542" FahrtZeit="2023-01-23 09:51:55" Kennung_FahrtZeitms="2023-01-23 09:51:55:241" FahrtspStrecke="11.1111" FahrtspSignal="-1" FahrtspZugsicherung="45.8333" Fahrtkm="49.3855" FahrtHLDruck="5"/>
<FahrtEintrag FahrtWeg="1516.7542" FahrtZeit="2023-01-23 09:52:00" Kennung_FahrtZeitms="2023-01-23 09:52:00:242" FahrtspStrecke="11.1111" FahrtspSignal="-1" FahrtspZugsicherung="45.8333" Fahrtkm="49.3855" FahrtHLDruck="5"/>
<FahrtEintrag FahrtWeg="1516.7542" FahrtZeit="2023-01-23 09:52:05" Kennung_FahrtZeitms="2023-01-23 09:52:05:244" FahrtspStrecke="11.1111" FahrtspSignal="-1" FahrtspZugsicherung="45.8333" Fahrtkm="49.3855" FahrtHLDruck="5"/>
<FahrtEintrag FahrtWeg="1516.7542" FahrtZeit="2023-01-23 09:52:10" Kennung_FahrtZeitms="2023-01-23 09:52:10:245" FahrtspStrecke="11.1111" FahrtspSignal="-1" FahrtspZugsicherung="45.8333" Fahrtkm="49.3855" FahrtHLDruck="5"/>
<FahrtEintrag FahrtWeg="1516.7542" FahrtZeit="2023-01-23 09:52:15" Kennung_FahrtZeitms="2023-01-23 09:52:15:246" FahrtspStrecke="11.1111" FahrtspSignal="-1" FahrtspZugsicherung="45.8333" Fahrtkm="49.3855" FahrtHLDruck="5"/>
<FahrtEintrag FahrtWeg="1516.7542" FahrtZeit="2023-01-23 09:52:20" Kennung_FahrtZeitms="2023-01-23 09:52:20:247" FahrtspStrecke="11.1111" FahrtspSignal="-1" FahrtspZugsicherung="45.8333" Fahrtkm="49.3855" FahrtHLDruck="5"/>
<FahrtEintrag FahrtWeg="1516.7542" FahrtZeit="2023-01-23 09:52:25" Kennung_FahrtZeitms="2023-01-23 09:52:25:248" FahrtspStrecke="11.1111" FahrtspSignal="-1" FahrtspZugsicherung="45.8333" Fahrtkm="49.3855" FahrtHLDruck="5"/>
<FahrtEintrag FahrtWeg="1516.7542" FahrtZeit="2023-01-23 09:52:30" Kennung_FahrtZeitms="2023-01-23 09:52:30:249" FahrtspStrecke="11.1111" FahrtspSignal="-1" FahrtspZugsicherung="45.8333" Fahrtkm="49.3855" FahrtHLDruck="5"/>
<FahrtEintrag FahrtWeg="1516.7542" FahrtZeit="2023-01-23 09:52:35" Kennung_FahrtZeitms="2023-01-23 09:52:35:251" FahrtspStrecke="11.1111" FahrtspSignal="-1" FahrtspZugsicherung="45.8333" Fahrtkm="49.3855" FahrtHLDruck="5"/>
<FahrtEintrag FahrtWeg="1516.7542" FahrtZeit="2023-01-23 09:52:40" Kennung_FahrtZeitms="2023-01-23 09:52:40:253" FahrtspStrecke="11.1111" FahrtspSignal="-1" FahrtspZugsicherung="45.8333" Fahrtkm="49.3855" FahrtHLDruck="5"/>
<FahrtEintrag FahrtWeg="1516.7542" FahrtZeit="2023-01-23 09:52:45" Kennung_FahrtZeitms="2023-01-23 09:52:45:254" FahrtspStrecke="11.1111" FahrtspSignal="-1" FahrtspZugsicherung="45.8333" Fahrtkm="49.3855" FahrtHLDruck="5"/>
<FahrtEintrag FahrtWeg="1516.7542" FahrtZeit="2023-01-23 09:52:50" Kennung_FahrtZeitms="2023-01-23 09:52:50:255" FahrtspStrecke="11.1111" FahrtspSignal="-1" FahrtspZugsicherung="45.8333" Fahrtkm="49.3855" FahrtHLDruck="5"/>
<FahrtEintrag FahrtWeg="1516.7542" FahrtZeit="2023-01-23 09:52:55" Kennung_FahrtZeitms="2023-01-23 09:52:55:257" FahrtspStrecke="11.1111" FahrtspSignal="-1" FahrtspZugsicherung="45.8333" Fahrtkm="49.3855" FahrtHLDruck="5"/>
<FahrtEintrag FahrtWeg="1516.7542" FahrtZeit="2023-01-23 09:53:00" Kennung_FahrtZeitms="2023-01-23 09:53:00:258" FahrtspStrecke="11.1111" FahrtspSignal="-1" FahrtspZugsicherung="45.8333" Fahrtkm="49.3855" FahrtHLDruck="5"/>
<FahrtEintrag FahrtWeg="1516.7542" FahrtZeit="2023-01-23 09:53:05" Kennung_FahrtZeitms="2023-01-23 09:53:05:259" FahrtspStrecke="11.1111" FahrtspSignal="-1" FahrtspZugsicherung="45.8333" Fahrtkm="49.3855" FahrtHLDruck="5"/>
<FahrtEintrag FahrtWeg="1516.7542" FahrtZeit="2023-01-23 09:53:10" Kennung_FahrtZeitms="2023-01-23 09:53:10:261" FahrtspStrecke="11.1111" FahrtspSignal="-1" FahrtspZugsicherung="45.8333" Fahrtkm="49.3855" FahrtHLDruck="5"/>
<FahrtEintrag FahrtWeg="1516.7542" FahrtZeit="2023-01-23 09:53:15" Kennung_FahrtZeitms="2023-01-23 09:53:15:262" FahrtspStrecke="11.1111" FahrtspSignal="-1" FahrtspZugsicherung="45.8333" Fahrtkm="49.3855" FahrtHLDruck="5"/>
<FahrtEintrag FahrtWeg="1516.7542" FahrtZeit="2023-01-23 09:53:20" Kennung_FahrtZeitms="2023-01-23 09:53:20:263" FahrtspStrecke="11.1111" FahrtspSignal="-1" FahrtspZugsicherung="45.8333" Fahrtkm="49.3855" FahrtHLDruck="5"/>
<FahrtEintrag FahrtWeg="1516.7542" FahrtZeit="2023-01-23 09:53:25" Kennung_FahrtZeitms="2023-01-23 09:53:25:265" FahrtspStrecke="11.1111" FahrtspSignal="-1" FahrtspZugsicherung="45.8333" Fahrtkm="49.3855" FahrtHLDruck="5"/>
<FahrtEintrag FahrtWeg="1516.7542" FahrtZeit="2023-01-23 09:53:30" Kennung_FahrtZeitms="2023-01-23 09:53:30:266" FahrtspStrecke="11.1111" FahrtspSignal="-1" FahrtspZugsicherung="45.8333" Fahrtkm="49.3855" FahrtHLDruck="5"/>
<FahrtEintrag FahrtWeg="1516.7542" FahrtZeit="2023-01-23 09:53:35" Kennung_FahrtZeitms="2023-01-23 09:53:35:267" FahrtspStrecke="11.1111" FahrtspSignal="-1" FahrtspZugsicherung="45.8333" Fahrtkm="49.3855" FahrtHLDruck="5"/>
<FahrtEintrag FahrtWeg="1516.7542" FahrtZeit="2023-01-23 09:53:40" Kennung_FahrtZeitms="2023-01-23 09:53:40:268" FahrtspStrecke="11.1111" FahrtspSignal="-1" FahrtspZugsicherung="45.8333" Fahrtkm="49.3855" FahrtHLDruck="5"/>
<FahrtEintrag FahrtWeg="1516.7542" FahrtZeit="2023-01-23 09:53:45" Kennung_FahrtZeitms="2023-01-23 09:53:45:269" FahrtspStrecke="11.1111" FahrtspSignal="-1" FahrtspZugsicherung="45.8333" Fahrtkm="49.3855" FahrtHLDruck="5"/>
<FahrtEintrag FahrtWeg="1516.7542" FahrtZeit="2023-01-23 09:53:50" Kennung_FahrtZeitms="2023-01-23 09:53:50:272" FahrtspStrecke="11.1111" FahrtspSignal="-1" FahrtspZugsicherung="45.8333" Fahrtkm="49.3855" FahrtHLDruck="5"/>
<FahrtEintrag FahrtWeg="1516.7542" FahrtZeit="2023-01-23 09:53:55" Kennung_FahrtZeitms="2023-01-23 09:53:55:273" FahrtspStrecke="11.1111" FahrtspSignal="-1" FahrtspZugsicherung="45.8333" Fahrtkm="49.3855" FahrtHLDruck="5"/>
<FahrtEintrag FahrtWeg="1516.7542" FahrtZeit="2023-01-23 09:54:00" Kennung_FahrtZeitms="2023-01-23 09:54:00:274" FahrtspStrecke="11.1111" FahrtspSignal="-1" FahrtspZugsicherung="45.8333" Fahrtkm="49.3855" FahrtHLDruck="5"/>
<FahrtEintrag FahrtWeg="1516.7542" FahrtZeit="2023-01-23 09:54:05" Kennung_FahrtZeitms="2023-01-23 09:54:05:275" FahrtspStrecke="11.1111" FahrtspSignal="-1" FahrtspZugsicherung="45.8333" Fahrtkm="49.3855" FahrtHLDruck="5"/>
<FahrtEintrag FahrtWeg="1516.7542" FahrtZeit="2023-01-23 09:54:10" Kennung_FahrtZeitms="2023-01-23 09:54:10:277" FahrtspStrecke="11.1111" FahrtspSignal="-1" FahrtspZugsicherung="45.8333" Fahrtkm="49.3855" FahrtHLDruck="5"/>
<FahrtEintrag FahrtWeg="1516.7542" FahrtZeit="2023-01-23 09:54:16" Kennung_FahrtZeitms="2023-01-23 09:54:16:105" FahrtspStrecke="11.1111" FahrtspSignal="-1" FahrtspZugsicherung="45.8333" Fahrtkm="49.3855" FahrtHLDruck="5"/>
<FahrtEintrag FahrtWeg="1516.7542" FahrtZeit="2023-01-23 09:54:21" Kennung_FahrtZeitms="2023-01-23 09:54:21:107" FahrtspStrecke="11.1111" FahrtspSignal="-1" FahrtspZugsicherung="45.8333" Fahrtkm="49.3855" FahrtHLDruck="5"/>
<FahrtEintrag FahrtWeg="1516.7542" FahrtZeit="2023-01-23 09:54:26" Kennung_FahrtZeitms="2023-01-23 09:54:26:109" FahrtspStrecke="11.1111" FahrtspSignal="-1" FahrtspZugsicherung="45.8333" Fahrtkm="49.3855" FahrtHLDruck="5"/>
<FahrtEintrag FahrtWeg="1516.7542" FahrtZeit="2023-01-23 09:54:31" Kennung_FahrtZeitms="2023-01-23 09:54:31:111" FahrtspStrecke="11.1111" FahrtspSignal="-1" FahrtspZugsicherung="45.8333" Fahrtkm="49.3855" FahrtHLDruck="5"/>
<FahrtEintrag FahrtWeg="1516.7542" FahrtZeit="2023-01-23 09:54:36" Kennung_FahrtZeitms="2023-01-23 09:54:36:113" FahrtspStrecke="11.1111" FahrtspSignal="-1" FahrtspZugsicherung="45.8333" Fahrtkm="49.3855" FahrtHLDruck="5"/>
<FahrtEintrag FahrtWeg="1516.7542" FahrtZeit="2023-01-23 09:54:41" Kennung_FahrtZeitms="2023-01-23 09:54:41:115" FahrtspStrecke="11.1111" FahrtspSignal="-1" FahrtspZugsicherung="45.8333" Fahrtkm="49.3855" FahrtHLDruck="5"/>
<FahrtEintrag FahrtWeg="1516.7542" FahrtZeit="2023-01-23 09:54:46" Kennung_FahrtZeitms="2023-01-23 09:54:46:117" FahrtspStrecke="11.1111" FahrtspSignal="-1" FahrtspZugsicherung="45.8333" Fahrtkm="49.3855" FahrtHLDruck="5"/>
<FahrtEintrag FahrtWeg="1516.7542" FahrtZeit="2023-01-23 09:54:51" Kennung_FahrtZeitms="2023-01-23 09:54:51:119" FahrtspStrecke="11.1111" FahrtspSignal="-1" FahrtspZugsicherung="45.8333" Fahrtkm="49.3855" FahrtHLDruck="5"/>
<FahrtEintrag FahrtWeg="1516.7542" FahrtZeit="2023-01-23 09:54:56" Kennung_FahrtZeitms="2023-01-23 09:54:56:121" FahrtspStrecke="11.1111" FahrtspSignal="-1" FahrtspZugsicherung="45.8333" Fahrtkm="49.3855" FahrtHLDruck="5"/>
<FahrtEintrag FahrtWeg="1516.7542" FahrtZeit="2023-01-23 09:55:01" Kennung_FahrtZeitms="2023-01-23 09:55:01:123" FahrtspStrecke="11.1111" FahrtspSignal="-1" FahrtspZugsicherung="45.8333" Fahrtkm="49.3855" FahrtHLDruck="5"/>
<FahrtEintrag FahrtWeg="1516.7542" FahrtZeit="2023-01-23 09:55:06" Kennung_FahrtZeitms="2023-01-23 09:55:06:125" FahrtspStrecke="11.1111" FahrtspSignal="-1" FahrtspZugsicherung="45.8333" Fahrtkm="49.3855" FahrtHLDruck="5"/>
<FahrtEintrag FahrtWeg="1516.7542" FahrtZeit="2023-01-23 09:55:11" Kennung_FahrtZeitms="2023-01-23 09:55:11:127" FahrtspStrecke="11.1111" FahrtspSignal="-1" FahrtspZugsicherung="45.8333" Fahrtkm="49.3855" FahrtHLDruck="5"/>
<FahrtEintrag FahrtWeg="1516.7542" FahrtZeit="2023-01-23 09:55:16" Kennung_FahrtZeitms="2023-01-23 09:55:16:129" FahrtspStrecke="11.1111" FahrtspSignal="-1" FahrtspZugsicherung="45.8333" Fahrtkm="49.3855" FahrtHLDruck="5"/>
<FahrtEintrag FahrtWeg="1516.7542" FahrtZeit="2023-01-23 09:55:21" Kennung_FahrtZeitms="2023-01-23 09:55:21:131" FahrtspStrecke="11.1111" FahrtspSignal="-1" FahrtspZugsicherung="45.8333" Fahrtkm="49.3855" FahrtHLDruck="5"/>
<FahrtEintrag FahrtWeg="1516.7542" FahrtZeit="2023-01-23 09:55:26" Kennung_FahrtZeitms="2023-01-23 09:55:26:133" FahrtspStrecke="11.1111" FahrtspSignal="-1" FahrtspZugsicherung="45.8333" Fahrtkm="49.3855" FahrtHLDruck="5"/>
<FahrtEintrag FahrtWeg="1516.7542" FahrtZeit="2023-01-23 09:55:31" Kennung_FahrtZeitms="2023-01-23 09:55:31:135" FahrtspStrecke="11.1111" FahrtspSignal="-1" FahrtspZugsicherung="45.8333" Fahrtkm="49.3855" FahrtHLDruck="5"/>
<FahrtEintrag FahrtWeg="1516.7542" FahrtZeit="2023-01-23 09:55:36" Kennung_FahrtZeitms="2023-01-23 09:55:36:137" FahrtspStrecke="11.1111" FahrtspSignal="-1" FahrtspZugsicherung="45.8333" Fahrtkm="49.3855" FahrtHLDruck="5"/>
<FahrtEintrag FahrtWeg="1516.7542" FahrtZeit="2023-01-23 09:55:41" Kennung_FahrtZeitms="2023-01-23 09:55:41:139" FahrtspStrecke="11.1111" FahrtspSignal="-1" FahrtspZugsicherung="45.8333" Fahrtkm="49.3855" FahrtHLDruck="5"/>
<FahrtEintrag FahrtWeg="1516.7542" FahrtZeit="2023-01-23 09:55:46" Kennung_FahrtZeitms="2023-01-23 09:55:46:141" FahrtspStrecke="11.1111" FahrtspSignal="-1" FahrtspZugsicherung="45.8333" Fahrtkm="49.3855" FahrtHLDruck="5"/>
<FahrtEintrag FahrtWeg="1516.7542" FahrtZeit="2023-01-23 09:55:51" Kennung_FahrtZeitms="2023-01-23 09:55:51:143" FahrtspStrecke="11.1111" FahrtspSignal="-1" FahrtspZugsicherung="45.8333" Fahrtkm="49.3855" FahrtHLDruck="5"/>
<FahrtEintrag FahrtWeg="1516.7542" FahrtZeit="2023-01-23 09:55:56" Kennung_FahrtZeitms="2023-01-23 09:55:56:145" FahrtspStrecke="11.1111" FahrtspSignal="-1" FahrtspZugsicherung="45.8333" Fahrtkm="49.3855" FahrtHLDruck="5"/>
<FahrtEintrag FahrtWeg="1516.7542" FahrtZeit="2023-01-23 09:56:01" Kennung_FahrtZeitms="2023-01-23 09:56:01:147" FahrtspStrecke="11.1111" FahrtspSignal="-1" FahrtspZugsicherung="45.8333" Fahrtkm="49.3855" FahrtHLDruck="5"/>
<FahrtEintrag FahrtWeg="1516.7542" FahrtZeit="2023-01-23 09:56:06" Kennung_FahrtZeitms="2023-01-23 09:56:06:149" FahrtspStrecke="11.1111" FahrtspSignal="-1" FahrtspZugsicherung="45.8333" Fahrtkm="49.3855" FahrtHLDruck="5"/>
<FahrtEintrag FahrtWeg="1516.7542" FahrtZeit="2023-01-23 09:56:13" Kennung_FahrtZeitms="2023-01-23 09:56:13:151" FahrtspStrecke="11.1111" FahrtspSignal="-1" FahrtspZugsicherung="45.8333" Fahrtkm="49.3855" FahrtHLDruck="5"/>
<FahrtEintrag FahrtWeg="1516.7542" FahrtZeit="2023-01-23 09:56:18" Kennung_FahrtZeitms="2023-01-23 09:56:18:153" FahrtspStrecke="11.1111" FahrtspSignal="-1" FahrtspZugsicherung="45.8333" Fahrtkm="49.3855" FahrtHLDruck="5"/>
<FahrtEintrag FahrtWeg="1516.7542" FahrtZeit="2023-01-23 09:56:23" Kennung_FahrtZeitms="2023-01-23 09:56:23:155" FahrtspStrecke="11.1111" FahrtspSignal="-1" FahrtspZugsicherung="45.8333" Fahrtkm="49.3855" FahrtHLDruck="5"/>
<FahrtEintrag FahrtWeg="1516.7542" FahrtZeit="2023-01-23 09:56:28" Kennung_FahrtZeitms="2023-01-23 09:56:28:157" FahrtspStrecke="11.1111" FahrtspSignal="-1" FahrtspZugsicherung="45.8333" Fahrtkm="49.3855" FahrtHLDruck="5"/>
<FahrtEintrag FahrtWeg="1516.7542" FahrtZeit="2023-01-23 09:56:33" Kennung_FahrtZeitms="2023-01-23 09:56:33:159" FahrtspStrecke="11.1111" FahrtspSignal="-1" FahrtspZugsicherung="45.8333" Fahrtkm="49.3855" FahrtHLDruck="5"/>
<FahrtEintrag FahrtWeg="1516.7542" FahrtZeit="2023-01-23 09:56:38" Kennung_FahrtZeitms="2023-01-23 09:56:38:161" FahrtspStrecke="11.1111" FahrtspSignal="-1" FahrtspZugsicherung="45.8333" Fahrtkm="49.3855" FahrtHLDruck="5"/>
<FahrtEintrag FahrtWeg="1516.7542" FahrtZeit="2023-01-23 09:56:43" Kennung_FahrtZeitms="2023-01-23 09:56:43:163" FahrtspStrecke="11.1111" FahrtspSignal="-1" FahrtspZugsicherung="45.8333" Fahrtkm="49.3855" FahrtHLDruck="5"/>
<FahrtEintrag FahrtWeg="1516.7542" FahrtZeit="2023-01-23 09:56:48" Kennung_FahrtZeitms="2023-01-23 09:56:48:165" FahrtspStrecke="11.1111" FahrtspSignal="-1" FahrtspZugsicherung="45.8333" Fahrtkm="49.3855" FahrtHLDruck="5"/>
<FahrtEintrag FahrtWeg="1516.7542" FahrtZeit="2023-01-23 09:56:53" Kennung_FahrtZeitms="2023-01-23 09:56:53:167" FahrtspStrecke="11.1111" FahrtspSignal="-1" FahrtspZugsicherung="45.8333" Fahrtkm="49.3855" FahrtHLDruck="5"/>
<FahrtEintrag FahrtWeg="1516.7542" FahrtZeit="2023-01-23 09:56:58" Kennung_FahrtZeitms="2023-01-23 09:56:58:169" FahrtspStrecke="11.1111" FahrtspSignal="-1" FahrtspZugsicherung="45.8333" Fahrtkm="49.3855" FahrtHLDruck="5"/>
<FahrtEintrag FahrtWeg="1516.7542" FahrtZeit="2023-01-23 09:57:03" Kennung_FahrtZeitms="2023-01-23 09:57:03:171" FahrtspStrecke="11.1111" FahrtspSignal="-1" FahrtspZugsicherung="45.8333" Fahrtkm="49.3855" FahrtHLDruck="5"/>
<FahrtEintrag FahrtWeg="1516.7542" FahrtZeit="2023-01-23 09:57:08" Kennung_FahrtZeitms="2023-01-23 09:57:08:173" FahrtspStrecke="11.1111" FahrtspSignal="-1" FahrtspZugsicherung="45.8333" Fahrtkm="49.3855" FahrtHLDruck="5"/>
<FahrtEintrag FahrtWeg="1516.7542" FahrtZeit="2023-01-23 09:57:13" Kennung_FahrtZeitms="2023-01-23 09:57:13:175" FahrtspStrecke="11.1111" FahrtspSignal="-1" FahrtspZugsicherung="45.8333" Fahrtkm="49.3855" FahrtHLDruck="5"/>
<FahrtEintrag FahrtWeg="1516.7542" FahrtZeit="2023-01-23 09:57:18" Kennung_FahrtZeitms="2023-01-23 09:57:18:177" FahrtspStrecke="11.1111" FahrtspSignal="-1" FahrtspZugsicherung="45.8333" Fahrtkm="49.3855" FahrtHLDruck="5"/>
<FahrtEintrag FahrtWeg="1516.7542" FahrtZeit="2023-01-23 09:57:23" Kennung_FahrtZeitms="2023-01-23 09:57:23:179" FahrtspStrecke="11.1111" FahrtspSignal="-1" FahrtspZugsicherung="45.8333" Fahrtkm="49.3855" FahrtHLDruck="5"/>
<FahrtEintrag FahrtWeg="1516.7542" FahrtZeit="2023-01-23 09:57:28" Kennung_FahrtZeitms="2023-01-23 09:57:28:181" FahrtspStrecke="11.1111" FahrtspSignal="-1" FahrtspZugsicherung="45.8333" Fahrtkm="49.3855" FahrtHLDruck="5"/>
<FahrtEintrag FahrtWeg="1516.7542" FahrtZeit="2023-01-23 09:57:33" Kennung_FahrtZeitms="2023-01-23 09:57:33:183" FahrtspStrecke="11.1111" FahrtspSignal="-1" FahrtspZugsicherung="45.8333" Fahrtkm="49.3855" FahrtHLDruck="5"/>
<FahrtEintrag FahrtWeg="1516.7542" FahrtZeit="2023-01-23 09:57:38" Kennung_FahrtZeitms="2023-01-23 09:57:38:185" FahrtspStrecke="11.1111" FahrtspSignal="-1" FahrtspZugsicherung="45.8333" Fahrtkm="49.3855" FahrtHLDruck="5"/>
<FahrtEintrag FahrtWeg="1516.7542" FahrtZeit="2023-01-23 09:57:43" Kennung_FahrtZeitms="2023-01-23 09:57:43:187" FahrtspStrecke="11.1111" FahrtspSignal="-1" FahrtspZugsicherung="45.8333" Fahrtkm="49.3855" FahrtHLDruck="5"/>
<FahrtEintrag FahrtWeg="1516.7542" FahrtZeit="2023-01-23 09:57:48" Kennung_FahrtZeitms="2023-01-23 09:57:48:189" FahrtspStrecke="11.1111" FahrtspSignal="-1" FahrtspZugsicherung="45.8333" Fahrtkm="49.3855" FahrtHLDruck="5"/>
<FahrtEintrag FahrtWeg="1516.7542" FahrtZeit="2023-01-23 09:57:53" Kennung_FahrtZeitms="2023-01-23 09:57:53:191" FahrtspStrecke="11.1111" FahrtspSignal="-1" FahrtspZugsicherung="45.8333" Fahrtkm="49.3855" FahrtHLDruck="5"/>
<FahrtEintrag FahrtWeg="1516.7542" FahrtZeit="2023-01-23 09:57:58" Kennung_FahrtZeitms="2023-01-23 09:57:58:193" FahrtspStrecke="11.1111" FahrtspSignal="-1" FahrtspZugsicherung="45.8333" Fahrtkm="49.3855" FahrtHLDruck="5"/>
<FahrtEintrag FahrtWeg="1516.7542" FahrtZeit="2023-01-23 09:58:03" Kennung_FahrtZeitms="2023-01-23 09:58:03:195" FahrtspStrecke="11.1111" FahrtspSignal="-1" FahrtspZugsicherung="45.8333" Fahrtkm="49.3855" FahrtHLDruck="5"/>
<FahrtEintrag FahrtWeg="1516.7542" FahrtZeit="2023-01-23 09:58:08" Kennung_FahrtZeitms="2023-01-23 09:58:08:197" FahrtspStrecke="11.1111" FahrtspSignal="-1" FahrtspZugsicherung="45.8333" Fahrtkm="49.3855" FahrtHLDruck="5"/>
<FahrtEintrag FahrtWeg="1516.7542" FahrtZeit="2023-01-23 09:58:13" Kennung_FahrtZeitms="2023-01-23 09:58:13:199" FahrtspStrecke="11.1111" FahrtspSignal="-1" FahrtspZugsicherung="45.8333" Fahrtkm="49.3855" FahrtHLDruck="5"/>
<FahrtEintrag FahrtWeg="1516.7542" FahrtZeit="2023-01-23 09:58:18" Kennung_FahrtZeitms="2023-01-23 09:58:18:201" FahrtspStrecke="11.1111" FahrtspSignal="-1" FahrtspZugsicherung="45.8333" Fahrtkm="49.3855" FahrtHLDruck="5"/>
<FahrtEintrag FahrtWeg="1516.7542" FahrtZeit="2023-01-23 09:58:23" Kennung_FahrtZeitms="2023-01-23 09:58:23:203" FahrtspStrecke="11.1111" FahrtspSignal="-1" FahrtspZugsicherung="45.8333" Fahrtkm="49.3855" FahrtHLDruck="5"/>
<FahrtEintrag FahrtWeg="1516.7542" FahrtZeit="2023-01-23 09:58:28" Kennung_FahrtZeitms="2023-01-23 09:58:28:205" FahrtspStrecke="11.1111" FahrtspSignal="-1" FahrtspZugsicherung="45.8333" Fahrtkm="49.3855" FahrtHLDruck="5"/>
<FahrtEintrag FahrtWeg="1516.7542" FahrtZeit="2023-01-23 09:58:33" Kennung_FahrtZeitms="2023-01-23 09:58:33:207" FahrtspStrecke="11.1111" FahrtspSignal="-1" FahrtspZugsicherung="45.8333" Fahrtkm="49.3855" FahrtHLDruck="5"/>
<FahrtEintrag FahrtWeg="1516.7542" FahrtZeit="2023-01-23 09:58:38" Kennung_FahrtZeitms="2023-01-23 09:58:38:209" FahrtspStrecke="11.1111" FahrtspSignal="-1" FahrtspZugsicherung="45.8333" Fahrtkm="49.3855" FahrtHLDruck="5"/>
<FahrtEintrag FahrtWeg="1516.7542" FahrtZeit="2023-01-23 09:58:43" Kennung_FahrtZeitms="2023-01-23 09:58:43:211" FahrtspStrecke="11.1111" FahrtspSignal="-1" FahrtspZugsicherung="45.8333" Fahrtkm="49.3855" FahrtHLDruck="5"/>
<FahrtEintrag FahrtWeg="1516.7542" FahrtZeit="2023-01-23 09:58:48" Kennung_FahrtZeitms="2023-01-23 09:58:48:213" FahrtspStrecke="11.1111" FahrtspSignal="-1" FahrtspZugsicherung="45.8333" Fahrtkm="49.3855" FahrtHLDruck="5"/>
<FahrtEintrag FahrtWeg="1516.7542" FahrtZeit="2023-01-23 09:58:53" Kennung_FahrtZeitms="2023-01-23 09:58:53:215" FahrtspStrecke="11.1111" FahrtspSignal="-1" FahrtspZugsicherung="45.8333" Fahrtkm="49.3855" FahrtHLDruck="5"/>
<FahrtEintrag FahrtWeg="1516.7542" FahrtZeit="2023-01-23 09:58:58" Kennung_FahrtZeitms="2023-01-23 09:58:58:217" FahrtspStrecke="11.1111" FahrtspSignal="-1" FahrtspZugsicherung="45.8333" Fahrtkm="49.3855" FahrtHLDruck="5"/>
<FahrtEintrag FahrtWeg="1516.7542" FahrtZeit="2023-01-23 09:59:03" Kennung_FahrtZeitms="2023-01-23 09:59:03:219" FahrtspStrecke="11.1111" FahrtspSignal="-1" FahrtspZugsicherung="45.8333" Fahrtkm="49.3855" FahrtHLDruck="5"/>
<FahrtEintrag FahrtWeg="1516.7542" FahrtZeit="2023-01-23 09:59:08" Kennung_FahrtZeitms="2023-01-23 09:59:08:221" FahrtspStrecke="11.1111" FahrtspSignal="-1" FahrtspZugsicherung="45.8333" Fahrtkm="49.3855" FahrtHLDruck="5" FahrtFBSchalter="1"/>
<FahrtEintrag FahrtWeg="1517.2668" FahrtZeit="2023-01-23 09:59:13" Kennung_FahrtZeitms="2023-01-23 09:59:13:423" Fahrtsp="0.2901" FahrtspStrecke="11.1111" FahrtspSignal="-1" FahrtspZugsicherung="45.8333" Fahrtkm="49.3799" FahrtHLDruck="5" FahrtFBSchalter="6"/>
<FahrtEintrag FahrtWeg="1520.7043" FahrtZeit="2023-01-23 09:59:18" Kennung_FahrtZeitms="2023-01-23 09:59:18:531" Fahrtsp="1.1297" FahrtspStrecke="11.1111" FahrtspSignal="-1" FahrtspZugsicherung="45.8333" Fahrtkm="49.3799" FahrtHLDruck="5" FahrtFBSchalter="9"/>
<FahrtEintrag FahrtWeg="1528.9854" FahrtZeit="2023-01-23 09:59:23" Kennung_FahrtZeitms="2023-01-23 09:59:23:612" Fahrtsp="1.8909" FahrtspStrecke="11.1111" FahrtspSignal="-1" FahrtspZugsicherung="12.5" Fahrtkm="49.393" FahrtHLDruck="5"/>
<FahrtEintrag FahrtWeg="1538.2216" FahrtZeit="2023-01-23 09:59:28" Kennung_FahrtZeitms="2023-01-23 09:59:28:683" Fahrtsp="1.8392" FahrtspStrecke="11.1111" FahrtspSignal="-1" FahrtspZugsicherung="12.5" Fahrtkm="49.406" FahrtHLDruck="5" FahrtFBSchalter="2"/>
<FahrtEintrag FahrtWeg="1520.7043" FahrtZeit="2023-01-23 09:59:18" Kennung_FahrtZeitms="2023-01-23 09:59:18:874" Fahrtsp="1.1297" FahrtspStrecke="11.1111" FahrtspSignal="-1" FahrtspZugsicherung="45.8333" Fahrtkm="49.3799" FahrtHLDruck="5" FahrtFBSchalter="9"/>
<FahrtEintrag FahrtWeg="1528.9854" FahrtZeit="2023-01-23 09:59:23" Kennung_FahrtZeitms="2023-01-23 09:59:23:957" Fahrtsp="1.8909" FahrtspStrecke="11.1111" FahrtspSignal="-1" FahrtspZugsicherung="12.5" Fahrtkm="49.393" FahrtHLDruck="5"/>
<FahrtEintrag FahrtWeg="1538.2216" FahrtZeit="2023-01-23 09:59:28" Kennung_FahrtZeitms="2023-01-23 09:59:28:022" Fahrtsp="1.8392" FahrtspStrecke="11.1111" FahrtspSignal="-1" FahrtspZugsicherung="12.5" Fahrtkm="49.406" FahrtHLDruck="5" FahrtFBSchalter="2"/>
<FahrtEintrag FahrtTyp="8" FahrtWeg="-1" FahrtZeit="2023-01-23 09:59:30" Kennung_FahrtZeitms="2023-01-23 09:59:30:100" Fahrtsp="-1" FahrtspStrecke="-1" FahrtspSignal="-1" FahrtspZugsicherung="-1" FahrtHLDruck="-1" FahrtParameter="9" FahrtFBSchalter="-10000"/>
<FahrtEintrag FahrtWeg="1542.5225" FahrtZeit="2023-01-23 09:59:31" Kennung_FahrtZeitms="2023-01-23 09:59:31:120" Fahrtsp="2.14" FahrtspStrecke="11.1111" FahrtspSignal="-1" FahrtspZugsicherung="12.5" Fahrtkm="49.406" FahrtHLDruck="5" FahrtFBSchalter="8"/>
<FahrtEintrag FahrtTyp="5" FahrtWeg="1549.9512" FahrtZeit="2023-01-23 09:59:33" Kennung_FahrtZeitms="2023-01-23 09:59:33:185" Fahrtsp="2.8456" FahrtspStrecke="11.1111" FahrtspSignal="11.1111" FahrtspZugsicherung="12.5" FahrtText="Allenbach N1" Fahrtkm="49.406" FahrtHLDruck="5" FahrtFBSchalter="8"/>
<FahrtEintrag FahrtTyp="6" FahrtWeg="1549.9512" FahrtZeit="2023-01-23 09:59:33" Kennung_FahrtZeitms="2023-01-23 09:59:33:256" Fahrtsp="2.8456" FahrtspStrecke="11.1111" FahrtspSignal="11.1111" FahrtspZugsicherung="12.5" Fahrtkm="49.406" FahrtHLDruck="5" FahrtFBSchalter="8"/>
<FahrtEintrag FahrtTyp="8" FahrtWeg="-1" FahrtZeit="2023-01-23 09:59:35" Kennung_FahrtZeitms="2023-01-23 09:59:35:320" Fahrtsp="-1" FahrtspStrecke="-1" FahrtspSignal="-1" FahrtspZugsicherung="-1" FahrtHLDruck="-1" FahrtParameter="1" FahrtFBSchalter="-10000"/>
<FahrtEintrag FahrtWeg="1554.1921" FahrtZeit="2023-01-23 09:59:35" Kennung_FahrtZeitms="2023-01-23 09:59:35:362" Fahrtsp="3.0221" FahrtspStrecke="11.1111" FahrtspSignal="11.1111" FahrtspZugsicherung="12.5" Fahrtkm="49.4189" FahrtHLDruck="5" FahrtFBSchalter="3"/>
<FahrtEintrag FahrtWeg="1569.9076" FahrtZeit="2023-01-23 09:59:40" Kennung_FahrtZeitms="2023-01-23 09:59:40:481" Fahrtsp="3.3932" FahrtspStrecke="11.1111" FahrtspSignal="11.1111" FahrtspZugsicherung="12.5" Fahrtkm="49.4319" FahrtHLDruck="5" FahrtFBSchalter="7"/>
<FahrtEintrag FahrtWeg="1587.59" FahrtZeit="2023-01-23 09:59:45" Kennung_FahrtZeitms="2023-01-23 09:59:45:579" Fahrtsp="3.4956" FahrtspStrecke="11.1111" FahrtspSignal="11.1111" FahrtspZugsicherung="12.5" Fahrtkm="49.4421" FahrtHLDruck="5" FahrtFBSchalter="1"/>
<FahrtEintrag FahrtWeg="1605.3237" FahrtZeit="2023-01-23 09:59:50" Kennung_FahrtZeitms="2023-01-23 09:59:50:692" Fahrtsp="3.636" FahrtspStrecke="11.1111" FahrtspSignal="11.1111" FahrtspZugsicherung="12.5" Fahrtkm="49.468" FahrtHLDruck="5" FahrtFBSchalter="7"/>
<FahrtEintrag FahrtWeg="1625.0475" FahrtZeit="2023-01-23 09:59:55" Kennung_FahrtZeitms="2023-01-23 09:59:55:748" Fahrtsp="4.2737" FahrtspStrecke="11.1111" FahrtspSignal="11.1111" FahrtspZugsicherung="12.5" Fahrtkm="49.468" FahrtHLDruck="5" FahrtFBSchalter="7"/>
<FahrtEintrag FahrtWeg="1648.3826" FahrtZeit="2023-01-23 10:00:00" Kennung_FahrtZeitms="2023-01-23 10:00:00:863" Fahrtsp="4.868" FahrtspStrecke="11.1111" FahrtspSignal="11.1111" FahrtspZugsicherung="12.5" Fahrtkm="49.4681" FahrtHLDruck="5" FahrtFBSchalter="2"/>
<FahrtEintrag FahrtWeg="1673.3834" FahrtZeit="2023-01-23 10:00:05" Kennung_FahrtZeitms="2023-01-23 10:00:05:986" Fahrtsp="5.3765" FahrtspStrecke="11.1111" FahrtspSignal="11.1111" FahrtspZugsicherung="12.5" Fahrtkm="49.5408" FahrtHLDruck="5" FahrtFBSchalter="4"/>
<FahrtEintrag FahrtWeg="1686.017" FahrtZeit="2023-01-23 10:00:08" Kennung_FahrtZeitms="2023-01-23 10:00:08:283" Fahrtsp="5.3765" FahrtspStrecke="11.1111" FahrtspSignal="11.1111" FahrtspZugsicherung="12.5" Fahrtkm="49.5528" FahrtHLDruck="5" FahrtFBSchalter="4"/>
<FahrtEintrag FahrtWeg="1723.6222" FahrtZeit="2023-01-23 10:00:15" Kennung_FahrtZeitms="2023-01-23 10:00:15:247" Fahrtsp="5.8122" FahrtspStrecke="11.1111" FahrtspSignal="11.1111" FahrtspZugsicherung="12.5" Fahrtkm="49.5922" FahrtHLDruck="5" FahrtFBSchalter="1"/>
<FahrtEintrag FahrtWeg="1748.6879" FahrtZeit="2023-01-23 10:00:19" Kennung_FahrtZeitms="2023-01-23 10:00:19:495" Fahrtsp="6.0257" FahrtspStrecke="11.1111" FahrtspSignal="11.1111" FahrtspZugsicherung="12.5" Fahrtkm="49.5922" FahrtHLDruck="5" FahrtFBSchalter="6"/>
<FahrtEintrag FahrtTyp="8" FahrtWeg="-1" FahrtZeit="2023-01-23 10:00:21" Kennung_FahrtZeitms="2023-01-23 10:00:21:323" Fahrtsp="-1" FahrtspStrecke="-1" FahrtspSignal="-1" FahrtspZugsicherung="-1" FahrtHLDruck="-1" FahrtParameter="48" FahrtFBSchalter="-10000"/>
<FahrtEintrag FahrtWeg="1781.0888" FahrtZeit="2023-01-23 10:00:21" Kennung_FahrtZeitms="2023-01-23 10:00:21:521" Fahrtsp="6.4063" FahrtspStrecke="11.1111" FahrtspSignal="11.1111" FahrtspZugsicherung="12.5" Fahrtkm="49.6478" FahrtHLDruck="5" FahrtFBSchalter="6"/>
<FahrtEintrag FahrtTyp="8" FahrtWeg="-1" FahrtZeit="2023-01-23 10:00:21" Kennung_FahrtZeitms="2023-01-23 10:00:21:891" Fahrtsp="-1" FahrtspStrecke="-1" FahrtspSignal="-1" FahrtspZugsicherung="-1" FahrtHLDruck="-1" FahrtParameter="16" FahrtFBSchalter="-10000"/>
<FahrtEintrag FahrtWeg="1793.2546" FahrtZeit="2023-01-23 10:00:23" Kennung_FahrtZeitms="2023-01-23 10:00:23:422" Fahrtsp="6.431" FahrtspStrecke="11.1111" FahrtspSignal="11.1111" FahrtspZugsicherung="12.5" Fahrtkm="49.6478" FahrtHLDruck="5" FahrtFBSchalter="6"/>
<FahrtEintrag FahrtWeg="1815.5514" FahrtZeit="2023-01-23 10:00:26" Kennung_FahrtZeitms="2023-01-23 10:00:26:851" Fahrtsp="6.9354" FahrtspStrecke="11.1111" FahrtspSignal="11.1111" FahrtspZugsicherung="12.5" Fahrtkm="49.6524" FahrtHLDruck="5" FahrtFBSchalter="2"/>
<FahrtEintrag FahrtWeg="1840.7897" FahrtZeit="2023-01-23 10:00:30" Kennung_FahrtZeitms="2023-01-23 10:00:30:619" Fahrtsp="6.95" FahrtspStrecke="11.1111" FahrtspSignal="11.1111" FahrtspZugsicherung="12.5" Fahrtkm="49.7126" FahrtHLDruck="5"/>
<FahrtEintrag FahrtWeg="1865.9352" FahrtZeit="2023-01-23 10:00:34" Kennung_FahrtZeitms="2023-01-23 10:00:34:063" Fahrtsp="6.7095" FahrtspStrecke="11.1111" FahrtspSignal="11.1111" FahrtspZugsicherung="12.5" Fahrtkm="49.7533" FahrtHLDruck="5"/>
<FahrtEintrag FahrtWeg="1916.2502" FahrtZeit="2023-01-23 10:00:41" Kennung_FahrtZeitms="2023-01-23 10:00:41:226" Fahrtsp="6.422" FahrtspStrecke="11.1111" FahrtspSignal="11.1111" FahrtspZugsicherung="12.5" Fahrtkm="49.7774" FahrtHLDruck="5"/>
<FahrtEintrag FahrtWeg="1941.3146" FahrtZeit="2023-01-23 10:00:44" Kennung_FahrtZeitms="2023-01-23 10:00:44:617" Fahrtsp="6.2905" FahrtspStrecke="11.1111" FahrtspSignal="11.1111" FahrtspZugsicherung="12.5" Fahrtkm="49.8108" FahrtHLDruck="5"/>
<FahrtEintrag FahrtWeg="1966.4392" FahrtZeit="2023-01-23 10:00:48" Kennung_FahrtZeitms="2023-01-23 10:00:48:010" Fahrtsp="6.1676" FahrtspStrecke="11.1111" FahrtspSignal="11.1111" FahrtspZugsicherung="12.5" Fahrtkm="49.8271" FahrtHLDruck="5"/>
<FahrtEintrag FahrtWeg="1991.5864" FahrtZeit="2023-01-23 10:00:51" Kennung_FahrtZeitms="2023-01-23 10:00:51:177" Fahrtsp="6.0683" FahrtspStrecke="11.1111" FahrtspSignal="11.1111" FahrtspZugsicherung="12.5" Fahrtkm="49.8617" FahrtHLDruck="5"/>
<FahrtEintrag FahrtTyp="5" FahrtWeg="-1" FahrtZeit="2023-01-23 10:00:57" Kennung_FahrtZeitms="2023-01-23 10:00:57:203" Fahrtsp="-1" FahrtspStrecke="-1" FahrtspSignal="-1" FahrtspZugsicherung="-1" FahrtText="Zugende passiert Ende Weichenbereich" FahrtHLDruck="-1" FahrtParameter="4" FahrtFBSchalter="-10000"/>
<FahrtEintrag FahrtWeg="2015.6652" FahrtZeit="2023-01-23 10:00:57" Kennung_FahrtZeitms="2023-01-23 10:00:57:267" Fahrtsp="6.1939" FahrtspStrecke="11.1111" FahrtspSignal="-1" FahrtspZugsicherung="12.5" Fahrtkm="49.8678" FahrtHLDruck="5"/>
<FahrtEintrag FahrtWeg="2040.7697" FahrtZeit="2023-01-23 10:01:01" Kennung_FahrtZeitms="2023-01-23 10:01:01:988" Fahrtsp="6.356" FahrtspStrecke="11.1111" FahrtspSignal="-1" FahrtspZugsicherung="12.5" Fahrtkm="49.8678" FahrtHLDruck="5"/>
<FahrtEintrag FahrtWeg="2065.9763" FahrtZeit="2023-01-23 10:01:04" Kennung_FahrtZeitms="2023-01-23 10:01:04:398" Fahrtsp="6.5312" FahrtspStrecke="11.1111" FahrtspSignal="-1" FahrtspZugsicherung="12.5" Fahrtkm="49.8677" FahrtHLDruck="5"/>
<FahrtEintrag FahrtWeg="2091.146" FahrtZeit="2023-01-23 10:01:08" Kennung_FahrtZeitms="2023-01-23 10:01:08:126" Fahrtsp="6.693" FahrtspStrecke="11.1111" FahrtspSignal="-1" FahrtspZugsicherung="45.8333" Fahrtkm="49.8677" FahrtHLDruck="5"/>
<FahrtEintrag FahrtWeg="2095.5344" FahrtZeit="2023-01-23 10:01:09" Kennung_FahrtZeitms="2023-01-23 10:01:09:202" Fahrtsp="6.6864" FahrtspStrecke="11.1111" FahrtspSignal="-1" FahrtspZugsicherung="45.8333" Fahrtkm="49.9672" FahrtHLDruck="5"/>
<FahrtEintrag FahrtWeg="2096.7605" FahrtZeit="2023-01-23 10:01:09" Kennung_FahrtZeitms="2023-01-23 10:01:09:311" Fahrtsp="6.6845" FahrtspStrecke="11.1111" FahrtspSignal="-1" FahrtspZugsicherung="45.8333" Fahrtkm="49.9672" FahrtHLDruck="5"/>
<FahrtEintrag FahrtWeg="2121.9006" FahrtZeit="2023-01-23 10:01:13" Kennung_FahrtZeitms="2023-01-23 10:01:13:245" Fahrtsp="6.6462" FahrtspStrecke="11.1111" FahrtspSignal="-1" FahrtspZugsicherung="45.8333" Fahrtkm="49.9672" FahrtHLDruck="5"/>
<FahrtEintrag FahrtWeg="2147.0256" FahrtZeit="2023-01-23 10:01:17" Kennung_FahrtZeitms="2023-01-23 10:01:17:182" Fahrtsp="6.6078" FahrtspStrecke="11.1111" FahrtspSignal="-1" FahrtspZugsicherung="45.8333" Fahrtkm="49.9672" FahrtHLDruck="5"/>
<FahrtEintrag FahrtWeg="2172.1716" FahrtZeit="2023-01-23 10:01:20" Kennung_FahrtZeitms="2023-01-23 10:01:20:418" Fahrtsp="6.5692" FahrtspStrecke="11.1111" FahrtspSignal="-1" FahrtspZugsicherung="45.8333" Fahrtkm="49.9672" FahrtHLDruck="5"/>
<FahrtEintrag FahrtWeg="2197.3887" FahrtZeit="2023-01-23 10:01:24" Kennung_FahrtZeitms="2023-01-23 10:01:24:353" Fahrtsp="6.6067" FahrtspStrecke="11.1111" FahrtspSignal="-1" FahrtspZugsicherung="45.8333" Fahrtkm="50.0668" FahrtHLDruck="5" FahrtFBSchalter="1"/>
<FahrtEintrag FahrtWeg="2222.5056" FahrtZeit="2023-01-23 10:01:28" Kennung_FahrtZeitms="2023-01-23 10:01:28:287" Fahrtsp="6.5982" FahrtspStrecke="11.1111" FahrtspSignal="-1" FahrtspZugsicherung="45.8333" Fahrtkm="50.0668" FahrtHLDruck="5" FahrtFBSchalter="2"/>
<FahrtEintrag FahrtWeg="2247.603" FahrtZeit="2023-01-23 10:01:32" Kennung_FahrtZeitms="2023-01-23 10:01:32:223" Fahrtsp="6.7705" FahrtspStrecke="11.1111" FahrtspSignal="-1" FahrtspZugsicherung="45.8333" Fahrtkm="50.0668" FahrtHLDruck="5" FahrtFBSchalter="1"/>
<FahrtEintrag FahrtWeg="2272.6584" FahrtZeit="2023-01-23 10:01:35" Kennung_FahrtZeitms="2023-01-23 10:01:35:460" Fahrtsp="6.7539" FahrtspStrecke="11.1111" FahrtspSignal="-1" FahrtspZugsicherung="45.8333" Fahrtkm="50.0668" FahrtHLDruck="5"/>
<FahrtEintrag FahrtWeg="2297.7756" FahrtZeit="2023-01-23 10:01:39" Kennung_FahrtZeitms="2023-01-23 10:01:39:394" Fahrtsp="6.7159" FahrtspStrecke="11.1111" FahrtspSignal="-1" FahrtspZugsicherung="45.8333" Fahrtkm="50.1663" FahrtHLDruck="5"/>
<FahrtEintrag FahrtWeg="2322.9797" FahrtZeit="2023-01-23 10:01:43" Kennung_FahrtZeitms="2023-01-23 10:01:43:330" Fahrtsp="6.6776" FahrtspStrecke="11.1111" FahrtspSignal="-1" FahrtspZugsicherung="45.8333" Fahrtkm="50.1663" FahrtHLDruck="5"/>
<FahrtEintrag FahrtWeg="2348.1758" FahrtZeit="2023-01-23 10:01:47" Kennung_FahrtZeitms="2023-01-23 10:01:47:265" Fahrtsp="6.6392" FahrtspStrecke="11.1111" FahrtspSignal="-1" FahrtspZugsicherung="45.8333" Fahrtkm="50.1663" FahrtHLDruck="5"/>
<FahrtEintrag FahrtWeg="2373.3135" FahrtZeit="2023-01-23 10:01:51" Kennung_FahrtZeitms="2023-01-23 10:01:51:200" Fahrtsp="6.6007" FahrtspStrecke="11.1111" FahrtspSignal="-1" FahrtspZugsicherung="45.8333" Fahrtkm="50.1663" FahrtHLDruck="5"/>
<FahrtEintrag FahrtWeg="2398.3623" FahrtZeit="2023-01-23 10:01:54" Kennung_FahrtZeitms="2023-01-23 10:01:54:436" Fahrtsp="6.5798" FahrtspStrecke="11.1111" FahrtspSignal="-1" FahrtspZugsicherung="45.8333" Fahrtkm="50.1711" FahrtHLDruck="5" FahrtFBSchalter="1"/>
<FahrtEintrag FahrtWeg="2423.5354" FahrtZeit="2023-01-23 10:01:58" Kennung_FahrtZeitms="2023-01-23 10:01:58:372" Fahrtsp="6.5518" FahrtspStrecke="11.1111" FahrtspSignal="-1" FahrtspZugsicherung="45.8333" Fahrtkm="50.1963" FahrtHLDruck="5"/>
<FahrtEintrag FahrtWeg="2448.731" FahrtZeit="2023-01-23 10:02:02" Kennung_FahrtZeitms="2023-01-23 10:02:02:307" Fahrtsp="6.5128" FahrtspStrecke="11.1111" FahrtspSignal="-1" FahrtspZugsicherung="45.8333" Fahrtkm="50.2659" FahrtHLDruck="5"/>
<FahrtEintrag FahrtWeg="2473.7913" FahrtZeit="2023-01-23 10:02:06" Kennung_FahrtZeitms="2023-01-23 10:02:06:241" Fahrtsp="6.4739" FahrtspStrecke="11.1111" FahrtspSignal="-1" FahrtspZugsicherung="45.8333" Fahrtkm="50.2659" FahrtHLDruck="5"/>
<FahrtEintrag FahrtWeg="2498.8464" FahrtZeit="2023-01-23 10:02:10" Kennung_FahrtZeitms="2023-01-23 10:02:10:177" Fahrtsp="6.4348" FahrtspStrecke="11.1111" FahrtspSignal="-1" FahrtspZugsicherung="45.8333" Fahrtkm="50.3654" FahrtHLDruck="5"/>
<FahrtEintrag FahrtWeg="2523.9834" FahrtZeit="2023-01-23 10:02:14" Kennung_FahrtZeitms="2023-01-23 10:02:14:412" Fahrtsp="6.3955" FahrtspStrecke="11.1111" FahrtspSignal="-1" FahrtspZugsicherung="45.8333" Fahrtkm="50.3654" FahrtHLDruck="5"/>
<FahrtEintrag FahrtWeg="2549.0642" FahrtZeit="2023-01-23 10:02:17" Kennung_FahrtZeitms="2023-01-23 10:02:17:346" Fahrtsp="6.356" FahrtspStrecke="11.1111" FahrtspSignal="-1" FahrtspZugsicherung="45.8333" Fahrtkm="50.3654" FahrtHLDruck="5"/>
<FahrtEintrag FahrtWeg="2574.1643" FahrtZeit="2023-01-23 10:02:21" Kennung_FahrtZeitms="2023-01-23 10:02:21:282" Fahrtsp="6.3164" FahrtspStrecke="11.1111" FahrtspSignal="-1" FahrtspZugsicherung="45.8333" Fahrtkm="50.3654" FahrtHLDruck="5"/>
<FahrtEintrag FahrtWeg="2599.1743" FahrtZeit="2023-01-23 10:02:25" Kennung_FahrtZeitms="2023-01-23 10:02:25:217" Fahrtsp="6.2767" FahrtspStrecke="11.1111" FahrtspSignal="-1" FahrtspZugsicherung="45.8333" Fahrtkm="50.465" FahrtHLDruck="5"/>
<FahrtEintrag FahrtWeg="2624.1824" FahrtZeit="2023-01-23 10:02:29" Kennung_FahrtZeitms="2023-01-23 10:02:29:151" Fahrtsp="6.2368" FahrtspStrecke="11.1111" FahrtspSignal="-1" FahrtspZugsicherung="45.8333" Fahrtkm="50.465" FahrtHLDruck="5"/>
<FahrtEintrag FahrtWeg="2649.1946" FahrtZeit="2023-01-23 10:02:33" Kennung_FahrtZeitms="2023-01-23 10:02:33:387" Fahrtsp="6.1967" FahrtspStrecke="11.1111" FahrtspSignal="-1" FahrtspZugsicherung="45.8333" Fahrtkm="50.465" FahrtHLDruck="5"/>
<FahrtEintrag FahrtWeg="2700.9166" FahrtZeit="2023-01-23 10:02:42" Kennung_FahrtZeitms="2023-01-23 10:02:42:258" Fahrtsp="6.1159" FahrtspStrecke="11.1111" FahrtspSignal="-1" FahrtspZugsicherung="45.8333" Fahrtkm="50.5646" FahrtHLDruck="5"/>
<FahrtEintrag FahrtWeg="2707.2754" FahrtZeit="2023-01-23 10:02:43" Kennung_FahrtZeitms="2023-01-23 10:02:43:300" Fahrtsp="6.103" FahrtspStrecke="11.1111" FahrtspSignal="-1" FahrtspZugsicherung="45.8333" Fahrtkm="50.5646" FahrtHLDruck="5"/>
<FahrtEintrag FahrtWeg="2733.5908" FahrtZeit="2023-01-23 10:02:47" Kennung_FahrtZeitms="2023-01-23 10:02:47:614" Fahrtsp="6.1011" FahrtspStrecke="11.1111" FahrtspSignal="-1" FahrtspZugsicherung="45.8333" Fahrtkm="50.5646" FahrtHLDruck="5"/>
<FahrtEintrag FahrtTyp="8" FahrtWeg="-1" FahrtZeit="2023-01-23 10:02:49" Kennung_FahrtZeitms="2023-01-23 10:02:49:561" Fahrtsp="-1" FahrtspStrecke="-1" FahrtspSignal="-1" FahrtspZugsicherung="-1" FahrtHLDruck="-1" FahrtParameter="48" FahrtFBSchalter="-10000"/>
<FahrtEintrag FahrtWeg="2755.971" FahrtZeit="2023-01-23 10:02:49" Kennung_FahrtZeitms="2023-01-23 10:02:49:755" Fahrtsp="6.1001" FahrtspStrecke="11.1111" FahrtspSignal="-1" FahrtspZugsicherung="45.8333" Fahrtkm="50.5646" FahrtHLDruck="5"/>
<FahrtEintrag FahrtTyp="8" FahrtWeg="-1" FahrtZeit="2023-01-23 10:02:49" Kennung_FahrtZeitms="2023-01-23 10:02:49:955" Fahrtsp="-1" FahrtspStrecke="-1" FahrtspSignal="-1" FahrtspZugsicherung="-1" FahrtHLDruck="-1" FahrtParameter="16" FahrtFBSchalter="-10000"/>
<FahrtEintrag FahrtWeg="2758.72" FahrtZeit="2023-01-23 10:02:50" Kennung_FahrtZeitms="2023-01-23 10:02:50:412" Fahrtsp="6.019" FahrtspStrecke="11.1111" FahrtspSignal="-1" FahrtspZugsicherung="45.8333" Fahrtkm="50.5646" FahrtHLDruck="5"/>
<FahrtEintrag FahrtWeg="2783.917" FahrtZeit="2023-01-23 10:02:53" Kennung_FahrtZeitms="2023-01-23 10:02:53:631" Fahrtsp="6.0264" FahrtspStrecke="11.1111" FahrtspSignal="-1" FahrtspZugsicherung="45.8333" Fahrtkm="50.5646" FahrtHLDruck="5" FahrtFBSchalter="8"/>
<FahrtEintrag FahrtWeg="2808.9316" FahrtZeit="2023-01-23 10:02:57" Kennung_FahrtZeitms="2023-01-23 10:02:57:801" Fahrtsp="6.0428" FahrtspStrecke="11.1111" FahrtspSignal="-1" FahrtspZugsicherung="45.8333" Fahrtkm="50.6641" FahrtHLDruck="5"/>
<FahrtEintrag FahrtWeg="2834.0227" FahrtZeit="2023-01-23 10:03:01" Kennung_FahrtZeitms="2023-01-23 10:03:01:961" Fahrtsp="6.5052" FahrtspStrecke="11.1111" FahrtspSignal="-1" FahrtspZugsicherung="45.8333" Fahrtkm="50.6641" FahrtHLDruck="5"/>
<FahrtEintrag FahrtWeg="2859.2178" FahrtZeit="2023-01-23 10:03:04" Kennung_FahrtZeitms="2023-01-23 10:03:04:566" Fahrtsp="6.5673" FahrtspStrecke="11.1111" FahrtspSignal="-1" FahrtspZugsicherung="45.8333" Fahrtkm="50.6641" FahrtHLDruck="5"/>
<FahrtEintrag FahrtWeg="2884.2385" FahrtZeit="2023-01-23 10:03:08" Kennung_FahrtZeitms="2023-01-23 10:03:08:172" Fahrtsp="6.5295" FahrtspStrecke="11.1111" FahrtspSignal="-1" FahrtspZugsicherung="45.8333" Fahrtkm="50.6641" FahrtHLDruck="5"/>
<FahrtEintrag FahrtWeg="2909.3032" FahrtZeit="2023-01-23 10:03:12" Kennung_FahrtZeitms="2023-01-23 10:03:12:362" Fahrtsp="6.5915" FahrtspStrecke="11.1111" FahrtspSignal="-1" FahrtspZugsicherung="45.8333" Fahrtkm="50.7637" FahrtHLDruck="5"/>
<FahrtEintrag FahrtWeg="2934.3096" FahrtZeit="2023-01-23 10:03:16" Kennung_FahrtZeitms="2023-01-23 10:03:16:291" Fahrtsp="6.5535" FahrtspStrecke="11.1111" FahrtspSignal="-1" FahrtspZugsicherung="45.8333" Fahrtkm="50.7637" FahrtHLDruck="5"/>
<FahrtEintrag FahrtWeg="2959.312" FahrtZeit="2023-01-23 10:03:19" Kennung_FahrtZeitms="2023-01-23 10:03:19:901" Fahrtsp="6.5153" FahrtspStrecke="11.1111" FahrtspSignal="-1" FahrtspZugsicherung="45.8333" Fahrtkm="50.7637" FahrtHLDruck="5"/>
<FahrtEintrag FahrtWeg="2984.3501" FahrtZeit="2023-01-23 10:03:23" Kennung_FahrtZeitms="2023-01-23 10:03:23:627" Fahrtsp="6.5768" FahrtspStrecke="11.1111" FahrtspSignal="-1" FahrtspZugsicherung="45.8333" Fahrtkm="50.7637" FahrtHLDruck="5"/>
<FahrtEintrag FahrtWeg="3009.4133" FahrtZeit="2023-01-23 10:03:27" Kennung_FahrtZeitms="2023-01-23 10:03:27:432" Fahrtsp="6.5382" FahrtspStrecke="11.1111" FahrtspSignal="-1" FahrtspZugsicherung="45.8333" Fahrtkm="50.8632" FahrtHLDruck="5"/>
<FahrtEintrag FahrtWeg="3034.4685" FahrtZeit="2023-01-23 10:03:31" Kennung_FahrtZeitms="2023-01-23 10:03:31:118" Fahrtsp="6.4994" FahrtspStrecke="11.1111" FahrtspSignal="-1" FahrtspZugsicherung="45.8333" Fahrtkm="50.8632" FahrtHLDruck="5"/>
<FahrtEintrag FahrtWeg="3059.6287" FahrtZeit="2023-01-23 10:03:35" Kennung_FahrtZeitms="2023-01-23 10:03:35:841" Fahrtsp="6.4603" FahrtspStrecke="11.1111" FahrtspSignal="-1" FahrtspZugsicherung="45.8333" Fahrtkm="50.8632" FahrtHLDruck="5"/>
<FahrtEintrag FahrtWeg="3084.6509" FahrtZeit="2023-01-23 10:03:39" Kennung_FahrtZeitms="2023-01-23 10:03:39:342" Fahrtsp="6.4213" FahrtspStrecke="11.1111" FahrtspSignal="-1" FahrtspZugsicherung="45.8333" Fahrtkm="50.8632" FahrtHLDruck="5"/>
<FahrtEintrag FahrtWeg="3109.8315" FahrtZeit="2023-01-23 10:03:42" Kennung_FahrtZeitms="2023-01-23 10:03:42:848" Fahrtsp="6.3818" FahrtspStrecke="11.1111" FahrtspSignal="-1" FahrtspZugsicherung="45.8333" Fahrtkm="50.9628" FahrtHLDruck="5"/>
<FahrtEintrag FahrtWeg="3134.9512" FahrtZeit="2023-01-23 10:03:46" Kennung_FahrtZeitms="2023-01-23 10:03:46:415" Fahrtsp="6.3422" FahrtspStrecke="11.1111" FahrtspSignal="-1" FahrtspZugsicherung="45.8333" Fahrtkm="50.9628" FahrtHLDruck="5"/>
<FahrtEintrag FahrtWeg="3160.075" FahrtZeit="2023-01-23 10:03:50" Kennung_FahrtZeitms="2023-01-23 10:03:50:105" Fahrtsp="6.3024" FahrtspStrecke="11.1111" FahrtspSignal="-1" FahrtspZugsicherung="45.8333" Fahrtkm="50.9628" FahrtHLDruck="5"/>
<FahrtEintrag FahrtWeg="3185.1201" FahrtZeit="2023-01-23 10:03:54" Kennung_FahrtZeitms="2023-01-23 10:03:54:281" Fahrtsp="6.2625" FahrtspStrecke="11.1111" FahrtspSignal="-1" FahrtspZugsicherung="45.8333" Fahrtkm="51.0378" FahrtHLDruck="5"/>
<FahrtEintrag FahrtWeg="3210.2922" FahrtZeit="2023-01-23 10:04:00" Kennung_FahrtZeitms="2023-01-23 10:04:00:452" Fahrtsp="6.2223" FahrtspStrecke="11.1111" FahrtspSignal="-1" FahrtspZugsicherung="45.8333" Fahrtkm="51.0624" FahrtHLDruck="5"/>
<FahrtEintrag FahrtWeg="3235.3313" FahrtZeit="2023-01-23 10:04:04" Kennung_FahrtZeitms="2023-01-23 10:04:04:601" Fahrtsp="6.1822" FahrtspStrecke="11.1111" FahrtspSignal="-1" FahrtspZugsicherung="45.8333" Fahrtkm="51.0624" FahrtHLDruck="5"/>
<FahrtEintrag FahrtWeg="3260.4526" FahrtZeit="2023-01-23 10:04:08" Kennung_FahrtZeitms="2023-01-23 10:04:08:762" Fahrtsp="6.1417" FahrtspStrecke="11.1111" FahrtspSignal="-1" FahrtspZugsicherung="45.8333" Fahrtkm="51.0624" FahrtHLDruck="5"/>
<FahrtEintrag FahrtWeg="3285.6101" FahrtZeit="2023-01-23 10:04:12" Kennung_FahrtZeitms="2023-01-23 10:04:12:921" Fahrtsp="6.1009" FahrtspStrecke="11.1111" FahrtspSignal="-1" FahrtspZugsicherung="45.8333" Fahrtkm="51.1378" FahrtHLDruck="5"/>
<FahrtEintrag FahrtWeg="3310.6726" FahrtZeit="2023-01-23 10:04:15" Kennung_FahrtZeitms="2023-01-23 10:04:15:232" Fahrtsp="6.0601" FahrtspStrecke="11.1111" FahrtspSignal="-1" FahrtspZugsicherung="45.8333" Fahrtkm="51.1619" FahrtHLDruck="5"/>
<FahrtEintrag FahrtWeg="3335.7036" FahrtZeit="2023-01-23 10:04:20" Kennung_FahrtZeitms="2023-01-23 10:04:20:121" Fahrtsp="6.4844" FahrtspStrecke="11.1111" FahrtspSignal="-1" FahrtspZugsicherung="45.8333" Fahrtkm="51.1619" FahrtHLDruck="5" FahrtFBSchalter="7"/>
<FahrtEintrag FahrtWeg="3360.7698" FahrtZeit="2023-01-23 10:04:24" Kennung_FahrtZeitms="2023-01-23 10:04:24:273" Fahrtsp="6.5451" FahrtspStrecke="11.1111" FahrtspSignal="-1" FahrtspZugsicherung="45.8333" Fahrtkm="51.2128" FahrtHLDruck="5"/>
<FahrtEintrag FahrtWeg="3385.8901" FahrtZeit="2023-01-23 10:04:28" Kennung_FahrtZeitms="2023-01-23 10:04:28:521" Fahrtsp="6.6023" FahrtspStrecke="11.1111" FahrtspSignal="-1" FahrtspZugsicherung="45.8333" Fahrtkm="51.2128" FahrtHLDruck="5"/>
<FahrtEintrag FahrtWeg="3410.9407" FahrtZeit="2023-01-23 10:04:31" Kennung_FahrtZeitms="2023-01-23 10:04:31:714" Fahrtsp="6.5638" FahrtspStrecke="11.1111" FahrtspSignal="-1" FahrtspZugsicherung="45.8333" Fahrtkm="51.2615" FahrtHLDruck="5"/>
<FahrtEintrag FahrtWeg="3436.1064" FahrtZeit="2023-01-23 10:04:35" Kennung_FahrtZeitms="2023-01-23 10:04:35:902" Fahrtsp="6.5249" FahrtspStrecke="11.1111" FahrtspSignal="-1" FahrtspZugsicherung="45.8333" Fahrtkm="51.2878" FahrtHLDruck="5"/>
<FahrtEintrag FahrtWeg="3461.2468" FahrtZeit="2023-01-23 10:04:39" Kennung_FahrtZeitms="2023-01-23 10:04:39:063" Fahrtsp="6.486" FahrtspStrecke="11.1111" FahrtspSignal="-1" FahrtspZugsicherung="45.8333" Fahrtkm="51.2878" FahrtHLDruck="5"/>
<FahrtEintrag FahrtWeg="3461.6868" FahrtZeit="2023-01-23 10:04:40" Kennung_FahrtZeitms="2023-01-23 10:04:40:281" Fahrtsp="6.4853" FahrtspStrecke="11.1111" FahrtspSignal="-1" FahrtspZugsicherung="45.8333" Fahrtkm="51.2878" FahrtHLDruck="5"/>
<FahrtEintrag FahrtWeg="3463.2278" FahrtZeit="2023-01-23 10:04:40" Kennung_FahrtZeitms="2023-01-23 10:04:40:442" Fahrtsp="6.4829" FahrtspStrecke="11.1111" FahrtspSignal="-1" FahrtspZugsicherung="45.8333" Fahrtkm="51.2878" FahrtHLDruck="5"/>
<FahrtEintrag FahrtWeg="3488.3652" FahrtZeit="2023-01-23 10:04:44" Kennung_FahrtZeitms="2023-01-23 10:04:44:570" Fahrtsp="6.4495" FahrtspStrecke="11.1111" FahrtspSignal="-1" FahrtspZugsicherung="45.8333" Fahrtkm="51.2878" FahrtHLDruck="5" FahrtFBSchalter="1"/>
<FahrtEintrag FahrtWeg="3500.0747" FahrtZeit="2023-01-23 10:04:46" Kennung_FahrtZeitms="2023-01-23 10:04:46:401" Fahrtsp="6.5495" FahrtspStrecke="11.1111" FahrtspSignal="-1" FahrtspZugsicherung="45.8333" Fahrtkm="51.316" FahrtHLDruck="5" FahrtFBSchalter="1"/>
<FahrtEintrag FahrtWeg="3513.4934" FahrtZeit="2023-01-23 10:04:48" Kennung_FahrtZeitms="2023-01-23 10:04:48:465" Fahrtsp="6.5531" FahrtspStrecke="11.1111" FahrtspSignal="-1" FahrtspZugsicherung="45.8333" Fahrtkm="51.361" FahrtHLDruck="5" FahrtFBSchalter="7"/>
<FahrtEintrag FahrtWeg="3538.5183" FahrtZeit="2023-01-23 10:04:52" Kennung_FahrtZeitms="2023-01-23 10:04:52:257" Fahrtsp="6.5597" FahrtspStrecke="11.1111" FahrtspSignal="-1" FahrtspZugsicherung="45.8333" Fahrtkm="51.361" FahrtHLDruck="5"/>
<FahrtEintrag FahrtTyp="8" FahrtWeg="-1" FahrtZeit="2023-01-23 10:04:55" Kennung_FahrtZeitms="2023-01-23 10:04:55:800" Fahrtsp="-1" FahrtspStrecke="-1" FahrtspSignal="-1" FahrtspZugsicherung="-1" FahrtHLDruck="-1" FahrtParameter="48" FahrtFBSchalter="-10000"/>
<FahrtEintrag FahrtWeg="3563.6309" FahrtZeit="2023-01-23 10:04:55" Kennung_FahrtZeitms="2023-01-23 10:04:55:901" Fahrtsp="6.56" FahrtspStrecke="11.1111" FahrtspSignal="-1" FahrtspZugsicherung="45.8333" Fahrtkm="51.4245" FahrtHLDruck="5"/>
<FahrtEintrag FahrtTyp="8" FahrtWeg="-1" FahrtZeit="2023-01-23 10:04:55" Kennung_FahrtZeitms="2023-01-23 10:04:55:992" Fahrtsp="-1" FahrtspStrecke="-1" FahrtspSignal="-1" FahrtspZugsicherung="-1" FahrtHLDruck="-1" FahrtParameter="16" FahrtFBSchalter="-10000"/>
<FahrtEintrag FahrtWeg="3588.6992" FahrtZeit="2023-01-23 10:04:59" Kennung_FahrtZeitms="2023-01-23 10:04:59:112" Fahrtsp="6.786" FahrtspStrecke="11.1111" FahrtspSignal="-1" FahrtspZugsicherung="45.8333" Fahrtkm="51.4606" FahrtHLDruck="5"/>
<FahrtEintrag FahrtWeg="3613.8865" FahrtZeit="2023-01-23 10:05:02" Kennung_FahrtZeitms="2023-01-23 10:05:02:315" Fahrtsp="6.9488" FahrtspStrecke="11.1111" FahrtspSignal="-1" FahrtspZugsicherung="45.8333" Fahrtkm="51.4606" FahrtHLDruck="5"/>
<FahrtEintrag FahrtWeg="3639.0759" FahrtZeit="2023-01-23 10:05:06" Kennung_FahrtZeitms="2023-01-23 10:05:06:501" Fahrtsp="6.9115" FahrtspStrecke="11.1111" FahrtspSignal="-1" FahrtspZugsicherung="45.8333" Fahrtkm="51.4606" FahrtHLDruck="5"/>
<FahrtEintrag FahrtWeg="3664.1748" FahrtZeit="2023-01-23 10:05:10" Kennung_FahrtZeitms="2023-01-23 10:05:10:682" Fahrtsp="6.8741" FahrtspStrecke="11.1111" FahrtspSignal="-1" FahrtspZugsicherung="45.8333" Fahrtkm="51.4606" FahrtHLDruck="5"/>
<FahrtEintrag FahrtTyp="5" FahrtWeg="3687.8352" FahrtZeit="2023-01-23 10:05:13" Kennung_FahrtZeitms="2023-01-23 10:05:13:041" Fahrtsp="6.8385" FahrtspStrecke="11.1111" FahrtspSignal="-1" FahrtspZugsicherung="45.8333" FahrtText="LZB-Bk 21/22/121/122 LZB-Bk 21" Fahrtkm="51.4606" FahrtHLDruck="5"/>
<FahrtEintrag FahrtTyp="5" FahrtWeg="-1" FahrtZeit="2023-01-23 10:05:13" Kennung_FahrtZeitms="2023-01-23 10:05:13:174" Fahrtsp="-1" FahrtspStrecke="-1" FahrtspSignal="-1" FahrtspZugsicherung="-1" FahrtText="Zugende passiert Ende Weichenbereich" FahrtHLDruck="-1" FahrtParameter="4" FahrtFBSchalter="-10000"/>
<FahrtEintrag FahrtWeg="3688.0515" FahrtZeit="2023-01-23 10:05:13" Kennung_FahrtZeitms="2023-01-23 10:05:13:332" Fahrtsp="6.8385" FahrtspStrecke="11.1111" FahrtspSignal="-1" FahrtspZugsicherung="45.8333" Fahrtkm="51.56" FahrtHLDruck="5"/>
<FahrtEintrag FahrtTyp="5" FahrtWeg="-1" FahrtZeit="2023-01-23 10:05:16" Kennung_FahrtZeitms="2023-01-23 10:05:16:058" Fahrtsp="-1" FahrtspStrecke="-1" FahrtspSignal="-1" FahrtspZugsicherung="-1" FahrtText="Zugende passiert Ende Weichenbereich" FahrtHLDruck="-1" FahrtParameter="4" FahrtFBSchalter="-10000"/>
<FahrtEintrag FahrtWeg="3708.1401" FahrtZeit="2023-01-23 10:05:16" Kennung_FahrtZeitms="2023-01-23 10:05:16:211" Fahrtsp="6.8084" FahrtspStrecke="11.1111" FahrtspSignal="-1" FahrtspZugsicherung="45.8333" Fahrtkm="51.5681" FahrtHLDruck="5"/>
<FahrtEintrag FahrtWeg="3733.2737" FahrtZeit="2023-01-23 10:05:20" Kennung_FahrtZeitms="2023-01-23 10:05:20:393" Fahrtsp="6.8573" FahrtspStrecke="11.1111" FahrtspSignal="-1" FahrtspZugsicherung="45.8333" Fahrtkm="51.5681" FahrtHLDruck="5" FahrtFBSchalter="2"/>
<FahrtEintrag FahrtWeg="3758.4446" FahrtZeit="2023-01-23 10:05:23" Kennung_FahrtZeitms="2023-01-23 10:05:23:533" Fahrtsp="6.9841" FahrtspStrecke="11.1111" FahrtspSignal="-1" FahrtspZugsicherung="45.8333" Fahrtkm="51.6259" FahrtHLDruck="5"/>
<FahrtEintrag FahrtWeg="3783.4641" FahrtZeit="2023-01-23 10:05:27" Kennung_FahrtZeitms="2023-01-23 10:05:27:653" Fahrtsp="6.9472" FahrtspStrecke="11.1111" FahrtspSignal="-1" FahrtspZugsicherung="45.8333" Fahrtkm="51.6259" FahrtHLDruck="5"/>
<FahrtEintrag FahrtWeg="3808.502" FahrtZeit="2023-01-23 10:05:31" Kennung_FahrtZeitms="2023-01-23 10:05:31:837" Fahrtsp="7.0242" FahrtspStrecke="11.1111" FahrtspSignal="-1" FahrtspZugsicherung="45.8333" Fahrtkm="51.6597" FahrtHLDruck="5" FahrtFBSchalter="4"/>
<FahrtEintrag FahrtWeg="3833.6025" FahrtZeit="2023-01-23 10:05:34" Kennung_FahrtZeitms="2023-01-23 10:05:34:063" Fahrtsp="7.144" FahrtspStrecke="11.1111" FahrtspSignal="-1" FahrtspZugsicherung="45.8333" Fahrtkm="51.6597" FahrtHLDruck="5"/>
<FahrtEintrag FahrtWeg="3858.824" FahrtZeit="2023-01-23 10:05:38" Kennung_FahrtZeitms="2023-01-23 10:05:38:198" Fahrtsp="7.1073" FahrtspStrecke="11.1111" FahrtspSignal="-1" FahrtspZugsicherung="45.8333" Fahrtkm="51.6597" FahrtHLDruck="5"/>
<FahrtEintrag FahrtWeg="3883.9297" FahrtZeit="2023-01-23 10:05:41" Kennung_FahrtZeitms="2023-01-23 10:05:41:379" Fahrtsp="7.0707" FahrtspStrecke="11.1111" FahrtspSignal="-1" FahrtspZugsicherung="45.8333" Fahrtkm="51.6597" FahrtHLDruck="5"/>
<FahrtEintrag FahrtWeg="3909.0967" FahrtZeit="2023-01-23 10:05:45" Kennung_FahrtZeitms="2023-01-23 10:05:45:527" Fahrtsp="7.0338" FahrtspStrecke="11.1111" FahrtspSignal="-1" FahrtspZugsicherung="45.8333" Fahrtkm="51.7593" FahrtHLDruck="5"/>
<FahrtEintrag FahrtWeg="3934.3286" FahrtZeit="2023-01-23 10:05:48" Kennung_FahrtZeitms="2023-01-23 10:05:48:681" Fahrtsp="6.9967" FahrtspStrecke="11.1111" FahrtspSignal="-1" FahrtspZugsicherung="45.8333" Fahrtkm="51.7593" FahrtHLDruck="5"/>
<FahrtEintrag FahrtWeg="3959.5369" FahrtZeit="2023-01-23 10:05:52" Kennung_FahrtZeitms="2023-01-23 10:05:52:853" Fahrtsp="6.9595" FahrtspStrecke="11.1111" FahrtspSignal="-1" FahrtspZugsicherung="45.8333" Fahrtkm="51.7593" FahrtHLDruck="5"/>
<FahrtEintrag FahrtWeg="3984.6431" FahrtZeit="2023-01-23 10:05:56" Kennung_FahrtZeitms="2023-01-23 10:05:56:993" Fahrtsp="6.9223" FahrtspStrecke="11.1111" FahrtspSignal="-1" FahrtspZugsicherung="45.8333" Fahrtkm="51.7593" FahrtHLDruck="5"/>
<FahrtEintrag FahrtWeg="4009.6711" FahrtZeit="2023-01-23 10:05:59" Kennung_FahrtZeitms="2023-01-23 10:05:59:135" Fahrtsp="6.8851" FahrtspStrecke="11.1111" FahrtspSignal="-1" FahrtspZugsicherung="45.8333" Fahrtkm="51.8588" FahrtHLDruck="5"/>
<FahrtEintrag FahrtWeg="4034.7729" FahrtZeit="2023-01-23 10:06:03" Kennung_FahrtZeitms="2023-01-23 10:06:03:312" Fahrtsp="6.8476" FahrtspStrecke="11.1111" FahrtspSignal="-1" FahrtspZugsicherung="45.8333" Fahrtkm="51.8588" FahrtHLDruck="5"/>
<FahrtEintrag FahrtWeg="4059.8481" FahrtZeit="2023-01-23 10:06:07" Kennung_FahrtZeitms="2023-01-23 10:06:07:469" Fahrtsp="6.81" FahrtspStrecke="11.1111" FahrtspSignal="-1" FahrtspZugsicherung="45.8333" Fahrtkm="51.8588" FahrtHLDruck="5"/>
<FahrtEintrag FahrtWeg="4084.8547" FahrtZeit="2023-01-23 10:06:10" Kennung_FahrtZeitms="2023-01-23 10:06:10:631" Fahrtsp="6.7724" FahrtspStrecke="11.1111" FahrtspSignal="-1" FahrtspZugsicherung="45.8333" Fahrtkm="51.8588" FahrtHLDruck="5"/>
<FahrtEintrag FahrtWeg="4109.9829" FahrtZeit="2023-01-23 10:06:14" Kennung_FahrtZeitms="2023-01-23 10:06:14:801" Fahrtsp="6.7344" FahrtspStrecke="11.1111" FahrtspSignal="-1" FahrtspZugsicherung="45.8333" Fahrtkm="51.9584" FahrtHLDruck="5"/>
<FahrtEintrag FahrtWeg="4135.0859" FahrtZeit="2023-01-23 10:06:18" Kennung_FahrtZeitms="2023-01-23 10:06:18:953" Fahrtsp="6.6964" FahrtspStrecke="11.1111" FahrtspSignal="-1" FahrtspZugsicherung="45.8333" Fahrtkm="51.9584" FahrtHLDruck="5"/>
<FahrtEintrag FahrtWeg="4160.2344" FahrtZeit="2023-01-23 10:06:21" Kennung_FahrtZeitms="2023-01-23 10:06:21:131" Fahrtsp="6.6581" FahrtspStrecke="11.1111" FahrtspSignal="-1" FahrtspZugsicherung="45.8333" Fahrtkm="51.9584" FahrtHLDruck="5"/>
<FahrtEintrag FahrtWeg="4185.3936" FahrtZeit="2023-01-23 10:06:25" Kennung_FahrtZeitms="2023-01-23 10:06:25:304" Fahrtsp="6.6197" FahrtspStrecke="11.1111" FahrtspSignal="-1" FahrtspZugsicherung="45.8333" Fahrtkm="51.9584" FahrtHLDruck="5"/>
<FahrtEintrag FahrtWeg="4210.4224" FahrtZeit="2023-01-23 10:06:29" Kennung_FahrtZeitms="2023-01-23 10:06:29:442" Fahrtsp="6.5813" FahrtspStrecke="11.1111" FahrtspSignal="-1" FahrtspZugsicherung="45.8333" Fahrtkm="52.0718" FahrtHLDruck="5"/>
<FahrtEintrag FahrtWeg="4235.5103" FahrtZeit="2023-01-23 10:06:33" Kennung_FahrtZeitms="2023-01-23 10:06:33:575" Fahrtsp="6.5426" FahrtspStrecke="11.1111" FahrtspSignal="-1" FahrtspZugsicherung="45.8333" Fahrtkm="52.0718" FahrtHLDruck="5"/>
<FahrtEintrag FahrtWeg="4260.6978" FahrtZeit="2023-01-23 10:06:37" Kennung_FahrtZeitms="2023-01-23 10:06:37:723" Fahrtsp="6.5036" FahrtspStrecke="11.1111" FahrtspSignal="-1" FahrtspZugsicherung="45.8333" Fahrtkm="52.0718" FahrtHLDruck="5"/>
<FahrtEintrag FahrtWeg="4285.7119" FahrtZeit="2023-01-23 10:06:41" Kennung_FahrtZeitms="2023-01-23 10:06:41:866" Fahrtsp="6.4648" FahrtspStrecke="11.1111" FahrtspSignal="-1" FahrtspZugsicherung="45.8333" Fahrtkm="52.1575" FahrtHLDruck="5"/>
<FahrtEintrag FahrtWeg="4310.9111" FahrtZeit="2023-01-23 10:06:45" Kennung_FahrtZeitms="2023-01-23 10:06:45:996" Fahrtsp="6.4255" FahrtspStrecke="11.1111" FahrtspSignal="-1" FahrtspZugsicherung="45.8333" Fahrtkm="52.1575" FahrtHLDruck="5"/>
<FahrtEintrag FahrtWeg="4335.9243" FahrtZeit="2023-01-23 10:06:49" Kennung_FahrtZeitms="2023-01-23 10:06:49:116" Fahrtsp="6.3863" FahrtspStrecke="11.1111" FahrtspSignal="-1" FahrtspZugsicherung="45.8333" Fahrtkm="52.1575" FahrtHLDruck="5"/>
<FahrtEintrag FahrtWeg="4361.1523" FahrtZeit="2023-01-23 10:06:53" Kennung_FahrtZeitms="2023-01-23 10:06:53:257" Fahrtsp="6.3465" FahrtspStrecke="11.1111" FahrtspSignal="-1" FahrtspZugsicherung="45.8333" Fahrtkm="52.2218" FahrtHLDruck="5"/>
<FahrtEintrag FahrtWeg="4386.2661" FahrtZeit="2023-01-23 10:06:57" Kennung_FahrtZeitms="2023-01-23 10:06:57:369" Fahrtsp="6.3069" FahrtspStrecke="11.1111" FahrtspSignal="-1" FahrtspZugsicherung="45.8333" Fahrtkm="52.257" FahrtHLDruck="5"/>
<FahrtEintrag FahrtWeg="4411.3999" FahrtZeit="2023-01-23 10:07:00" Kennung_FahrtZeitms="2023-01-23 10:07:00:517" Fahrtsp="6.2669" FahrtspStrecke="11.1111" FahrtspSignal="-1" FahrtspZugsicherung="45.8333" Fahrtkm="52.257" FahrtHLDruck="5"/>
<FahrtEintrag FahrtWeg="4436.4697" FahrtZeit="2023-01-23 10:07:05" Kennung_FahrtZeitms="2023-01-23 10:07:05:644" Fahrtsp="6.2269" FahrtspStrecke="11.1111" FahrtspSignal="-1" FahrtspZugsicherung="45.8333" Fahrtkm="52.257" FahrtHLDruck="5"/>
<FahrtEintrag FahrtWeg="4461.6631" FahrtZeit="2023-01-23 10:07:09" Kennung_FahrtZeitms="2023-01-23 10:07:09:281" Fahrtsp="6.1756" FahrtspStrecke="11.1111" FahrtspSignal="-1" FahrtspZugsicherung="45.8333" Fahrtkm="52.3326" FahrtHLDruck="5"/>
<FahrtEintrag FahrtWeg="4486.8003" FahrtZeit="2023-01-23 10:07:13" Kennung_FahrtZeitms="2023-01-23 10:07:13:117" Fahrtsp="5.8495" FahrtspStrecke="11.1111" FahrtspSignal="-1" FahrtspZugsicherung="45.8333" Fahrtkm="52.3566" FahrtHLDruck="5"/>
<FahrtEintrag FahrtWeg="4511.9038" FahrtZeit="2023-01-23 10:07:17" Kennung_FahrtZeitms="2023-01-23 10:07:17:509" Fahrtsp="5.2719" FahrtspStrecke="11.1111" FahrtspSignal="-1" FahrtspZugsicherung="45.8333" Fahrtkm="52.3566" FahrtHLDruck="5"/>
<FahrtEintrag FahrtWeg="4537.1309" FahrtZeit="2023-01-23 10:07:22" Kennung_FahrtZeitms="2023-01-23 10:07:22:357" Fahrtsp="5.1598" FahrtspStrecke="11.1111" FahrtspSignal="-1" FahrtspZugsicherung="45.8333" Fahrtkm="52.3566" FahrtHLDruck="5" FahrtFBSchalter="50"/>
<FahrtEintrag FahrtWeg="4562.1455" FahrtZeit="2023-01-23 10:07:25" Kennung_FahrtZeitms="2023-01-23 10:07:25:735" Fahrtsp="5.5576" FahrtspStrecke="11.1111" FahrtspSignal="-1" FahrtspZugsicherung="45.8333" Fahrtkm="52.3567" FahrtHLDruck="5"/>
<FahrtEintrag FahrtWeg="4587.2349" FahrtZeit="2023-01-23 10:07:29" Kennung_FahrtZeitms="2023-01-23 10:07:29:127" Fahrtsp="5.8153" FahrtspStrecke="11.1111" FahrtspSignal="-1" FahrtspZugsicherung="45.8333" Fahrtkm="52.4563" FahrtHLDruck="5"/>
<FahrtEintrag FahrtWeg="4612.2412" FahrtZeit="2023-01-23 10:07:32" Kennung_FahrtZeitms="2023-01-23 10:07:32:252" Fahrtsp="6.0459" FahrtspStrecke="11.1111" FahrtspSignal="-1" FahrtspZugsicherung="45.8333" Fahrtkm="52.4562" FahrtHLDruck="5"/>
<FahrtEintrag FahrtWeg="4637.312" FahrtZeit="2023-01-23 10:07:36" Kennung_FahrtZeitms="2023-01-23 10:07:36:679" Fahrtsp="6.1405" FahrtspStrecke="11.1111" FahrtspSignal="-1" FahrtspZugsicherung="45.8333" Fahrtkm="52.4562" FahrtHLDruck="5"/>
<FahrtEintrag FahrtWeg="4662.3735" FahrtZeit="2023-01-23 10:07:40" Kennung_FahrtZeitms="2023-01-23 10:07:40:317" Fahrtsp="6.5906" FahrtspStrecke="11.1111" FahrtspSignal="-1" FahrtspZugsicherung="45.8333" Fahrtkm="52.4562" FahrtHLDruck="5"/>
<FahrtEintrag FahrtWeg="4687.4229" FahrtZeit="2023-01-23 10:07:45" Kennung_FahrtZeitms="2023-01-23 10:07:45:073" Fahrtsp="6.619" FahrtspStrecke="11.1111" FahrtspSignal="-1" FahrtspZugsicherung="45.8333" Fahrtkm="52.5557" FahrtHLDruck="5"/>
<FahrtEintrag FahrtWeg="4710.8936" FahrtZeit="2023-01-23 10:07:50" Kennung_FahrtZeitms="2023-01-23 10:07:50:458" Fahrtsp="6.6496" FahrtspStrecke="11.1111" FahrtspSignal="-1" FahrtspZugsicherung="45.8333" Fahrtkm="52.5557" FahrtHLDruck="5" FahrtFBSchalter="20"/>
<FahrtEintrag FahrtWeg="4736.0645" FahrtZeit="2023-01-23 10:07:55" Kennung_FahrtZeitms="2023-01-23 10:07:55:578" Fahrtsp="6.9192" FahrtspStrecke="11.1111" FahrtspSignal="-1" FahrtspZugsicherung="45.8333" Fahrtkm="52.5557" FahrtHLDruck="5"/>
<FahrtEintrag FahrtWeg="4761.1899" FahrtZeit="2023-01-23 10:07:59" Kennung_FahrtZeitms="2023-01-23 10:07:59:953" Fahrtsp="6.4738" FahrtspStrecke="11.1111" FahrtspSignal="-1" FahrtspZugsicherung="45.8333" Fahrtkm="52.5557" FahrtHLDruck="5" FahrtFBSchalter="2"/>
<FahrtEintrag FahrtWeg="4786.3765" FahrtZeit="2023-01-23 10:08:03" Kennung_FahrtZeitms="2023-01-23 10:08:03:423" Fahrtsp="6.3847" FahrtspStrecke="11.1111" FahrtspSignal="-1" FahrtspZugsicherung="45.8333" Fahrtkm="52.6553" FahrtHLDruck="5"/>
<FahrtEintrag FahrtWeg="4811.4463" FahrtZeit="2023-01-23 10:08:07" Kennung_FahrtZeitms="2023-01-23 10:08:07:031" Fahrtsp="6.299" FahrtspStrecke="11.1111" FahrtspSignal="-1" FahrtspZugsicherung="45.8333" Fahrtkm="52.6553" FahrtHLDruck="5" FahrtFBSchalter="21"/>
<FahrtEintrag FahrtWeg="4836.5781" FahrtZeit="2023-01-23 10:08:11" Kennung_FahrtZeitms="2023-01-23 10:08:11:081" Fahrtsp="6.2357" FahrtspStrecke="11.1111" FahrtspSignal="-1" FahrtspZugsicherung="45.8333" Fahrtkm="52.6553" FahrtHLDruck="5"/>
<FahrtEintrag FahrtWeg="4861.5942" FahrtZeit="2023-01-23 10:08:15" Kennung_FahrtZeitms="2023-01-23 10:08:15:478" Fahrtsp="6.1018" FahrtspStrecke="11.1111" FahrtspSignal="-1" FahrtspZugsicherung="45.8333" Fahrtkm="52.6553" FahrtHLDruck="5"/>
<FahrtEintrag FahrtWeg="4886.6768" FahrtZeit="2023-01-23 10:08:19" Kennung_FahrtZeitms="2023-01-23 10:08:19:564" Fahrtsp="5.9982" FahrtspStrecke="11.1111" FahrtspSignal="-1" FahrtspZugsicherung="45.8333" Fahrtkm="52.7548" FahrtHLDruck="5" FahrtFBSchalter="5"/>
<FahrtEintrag FahrtWeg="4911.8281" FahrtZeit="2023-01-23 10:08:23" Kennung_FahrtZeitms="2023-01-23 10:08:23:605" Fahrtsp="5.8478" FahrtspStrecke="11.1111" FahrtspSignal="-1" FahrtspZugsicherung="45.8333" Fahrtkm="52.7548" FahrtHLDruck="5" FahrtFBSchalter="7"/>
<FahrtEintrag FahrtWeg="4936.8618" FahrtZeit="2023-01-23 10:08:27" Kennung_FahrtZeitms="2023-01-23 10:08:27:605" Fahrtsp="5.8699" FahrtspStrecke="11.1111" FahrtspSignal="-1" FahrtspZugsicherung="45.8333" Fahrtkm="52.7548" FahrtHLDruck="5" FahrtFBSchalter="8"/>
<FahrtEintrag FahrtWeg="4961.9253" FahrtZeit="2023-01-23 10:08:32" Kennung_FahrtZeitms="2023-01-23 10:08:32:240" Fahrtsp="5.7665" FahrtspStrecke="11.1111" FahrtspSignal="-1" FahrtspZugsicherung="45.8333" Fahrtkm="52.7548" FahrtHLDruck="5"/>
<FahrtEintrag FahrtWeg="4986.9971" FahrtZeit="2023-01-23 10:08:36" Kennung_FahrtZeitms="2023-01-23 10:08:36:665" Fahrtsp="5.6256" FahrtspStrecke="11.1111" FahrtspSignal="-1" FahrtspZugsicherung="45.8333" Fahrtkm="52.8244" FahrtHLDruck="5" FahrtFBSchalter="2"/>
<FahrtEintrag FahrtWeg="5012.1836" FahrtZeit="2023-01-23 10:08:40" Kennung_FahrtZeitms="2023-01-23 10:08:40:405" Fahrtsp="5.0603" FahrtspStrecke="11.1111" FahrtspSignal="-1" FahrtspZugsicherung="45.8333" Fahrtkm="52.8244" FahrtHLDruck="5" FahrtFBSchalter="2"/>
<FahrtEintrag FahrtWeg="5038.9087" FahrtZeit="2023-01-23 10:08:45" Kennung_FahrtZeitms="2023-01-23 10:08:45:087" Fahrtsp="5.0091" FahrtspStrecke="11.1111" FahrtspSignal="-1" FahrtspZugsicherung="45.8333" Fahrtkm="52.8544" FahrtHLDruck="5"/>
<FahrtEintrag FahrtWeg="5062.3789" FahrtZeit="2023-01-23 10:08:49" Kennung_FahrtZeitms="2023-01-23 10:08:49:262" Fahrtsp="5.1426" FahrtspStrecke="11.1111" FahrtspSignal="-1" FahrtspZugsicherung="45.8333" Fahrtkm="52.8544" FahrtHLDruck="5" FahrtFBSchalter="10"/>
<FahrtEintrag FahrtWeg="5087.4121" FahrtZeit="2023-01-23 10:08:53" Kennung_FahrtZeitms="2023-01-23 10:08:53:013" Fahrtsp="5.8708" FahrtspStrecke="11.1111" FahrtspSignal="-1" FahrtspZugsicherung="45.8333" Fahrtkm="52.954" FahrtHLDruck="5"/>
<FahrtEintrag FahrtWeg="5112.418" FahrtZeit="2023-01-23 10:08:57" Kennung_FahrtZeitms="2023-01-23 10:08:57:245" Fahrtsp="6.1097" FahrtspStrecke="11.1111" FahrtspSignal="-1" FahrtspZugsicherung="45.8333" Fahrtkm="52.954" FahrtHLDruck="5" FahrtFBSchalter="26"/>
<FahrtEintrag FahrtWeg="5137.5347" FahrtZeit="2023-01-23 10:09:01" Kennung_FahrtZeitms="2023-01-23 10:09:01:083" Fahrtsp="6.2758" FahrtspStrecke="11.1111" FahrtspSignal="-1" FahrtspZugsicherung="45.8333" Fahrtkm="52.954" FahrtHLDruck="5" FahrtFBSchalter="3"/>
<FahrtEintrag FahrtWeg="5162.6802" FahrtZeit="2023-01-23 10:09:04" Kennung_FahrtZeitms="2023-01-23 10:09:04:686" Fahrtsp="6.337" FahrtspStrecke="11.1111" FahrtspSignal="-1" FahrtspZugsicherung="45.8333" Fahrtkm="52.954" FahrtHLDruck="5"/>
<FahrtEintrag FahrtWeg="5187.8711" FahrtZeit="2023-01-23 10:09:08" Kennung_FahrtZeitms="2023-01-23 10:09:08:564" Fahrtsp="6.4303" FahrtspStrecke="11.1111" FahrtspSignal="-1" FahrtspZugsicherung="45.8333" Fahrtkm="53.0438" FahrtHLDruck="5"/>
<FahrtEintrag FahrtWeg="5202.9888" FahrtZeit="2023-01-23 10:09:10" Kennung_FahrtZeitms="2023-01-23 10:09:10:931" Fahrtsp="6.511" FahrtspStrecke="11.1111" FahrtspSignal="-1" FahrtspZugsicherung="45.8333" Fahrtkm="53.0589" FahrtHLDruck="5"/>
<FahrtEintrag FahrtWeg="5204.2813" FahrtZeit="2023-01-23 10:09:10" Kennung_FahrtZeitms="2023-01-23 10:09:10:932" Fahrtsp="6.5266" FahrtspStrecke="11.1111" FahrtspSignal="-1" FahrtspZugsicherung="45.8333" Fahrtkm="53.0602" FahrtHLDruck="5"/>
<FahrtEintrag FahrtWeg="5229.2983" FahrtZeit="2023-01-23 10:09:14" Kennung_FahrtZeitms="2023-01-23 10:09:14:726" Fahrtsp="6.8349" FahrtspStrecke="11.1111" FahrtspSignal="-1" FahrtspZugsicherung="45.8333" Fahrtkm="53.0652" FahrtHLDruck="5" FahrtFBSchalter="12"/>
<FahrtEintrag FahrtTyp="8" FahrtWeg="-1" FahrtZeit="2023-01-23 10:09:14" Kennung_FahrtZeitms="2023-01-23 10:09:14:997" Fahrtsp="-1" FahrtspStrecke="-1" FahrtspSignal="-1" FahrtspZugsicherung="-1" FahrtHLDruck="-1" FahrtParameter="48" FahrtFBSchalter="-10000"/>
<FahrtEintrag FahrtWeg="5249.9087" FahrtZeit="2023-01-23 10:09:15" Kennung_FahrtZeitms="2023-01-23 10:09:15:101" Fahrtsp="6.851" FahrtspStrecke="11.1111" FahrtspSignal="-1" FahrtspZugsicherung="45.8333" Fahrtkm="53.0685" FahrtHLDruck="5" FahrtFBSchalter="12"/>
<FahrtEintrag FahrtTyp="8" FahrtWeg="-1" FahrtZeit="2023-01-23 10:09:15" Kennung_FahrtZeitms="2023-01-23 10:09:15:294" Fahrtsp="-1" FahrtspStrecke="-1" FahrtspSignal="-1" FahrtspZugsicherung="-1" FahrtHLDruck="-1" FahrtParameter="16" FahrtFBSchalter="-10000"/>
<FahrtEintrag FahrtWeg="5254.4663" FahrtZeit="2023-01-23 10:09:18" Kennung_FahrtZeitms="2023-01-23 10:09:18:305" Fahrtsp="7.0527" FahrtspStrecke="11.1111" FahrtspSignal="-1" FahrtspZugsicherung="45.8333" Fahrtkm="53.1235" FahrtHLDruck="5"/>
<FahrtEintrag FahrtWeg="5279.6768" FahrtZeit="2023-01-23 10:09:21" Kennung_FahrtZeitms="2023-01-23 10:09:21:161" Fahrtsp="7.2273" FahrtspStrecke="11.1111" FahrtspSignal="-1" FahrtspZugsicherung="45.8333" Fahrtkm="53.1235" FahrtHLDruck="5" FahrtFBSchalter="11"/>
<FahrtEintrag FahrtWeg="5304.8154" FahrtZeit="2023-01-23 10:09:24" Kennung_FahrtZeitms="2023-01-23 10:09:24:209" Fahrtsp="7.7463" FahrtspStrecke="11.1111" FahrtspSignal="-1" FahrtspZugsicherung="45.8333" Fahrtkm="53.1532" FahrtHLDruck="5"/>
<FahrtEintrag FahrtWeg="5330.0649" FahrtZeit="2023-01-23 10:09:27" Kennung_FahrtZeitms="2023-01-23 10:09:27:033" Fahrtsp="7.7593" FahrtspStrecke="11.1111" FahrtspSignal="-1" FahrtspZugsicherung="45.8333" Fahrtkm="53.1532" FahrtHLDruck="5" FahrtFBSchalter="6"/>
<FahrtEintrag FahrtWeg="5355.2021" FahrtZeit="2023-01-23 10:09:31" Kennung_FahrtZeitms="2023-01-23 10:09:31:019" Fahrtsp="7.7788" FahrtspStrecke="11.1111" FahrtspSignal="-1" FahrtspZugsicherung="45.8333" Fahrtkm="53.1532" FahrtHLDruck="5" FahrtFBSchalter="4"/>
<FahrtEintrag FahrtWeg="5380.2358" FahrtZeit="2023-01-23 10:09:34" Kennung_FahrtZeitms="2023-01-23 10:09:34:178" Fahrtsp="7.7806" FahrtspStrecke="11.1111" FahrtspSignal="-1" FahrtspZugsicherung="45.8333" Fahrtkm="53.1532" FahrtHLDruck="5" FahrtFBSchalter="4"/>
<FahrtEintrag FahrtWeg="5405.3608" FahrtZeit="2023-01-23 10:09:37" Kennung_FahrtZeitms="2023-01-23 10:09:37:324" Fahrtsp="7.825" FahrtspStrecke="11.1111" FahrtspSignal="-1" FahrtspZugsicherung="45.8333" Fahrtkm="53.2528" FahrtHLDruck="5" FahrtFBSchalter="4"/>
<FahrtEintrag FahrtWeg="5430.4014" FahrtZeit="2023-01-23 10:09:40" Kennung_FahrtZeitms="2023-01-23 10:09:40:367" Fahrtsp="7.91" FahrtspStrecke="11.1111" FahrtspSignal="-1" FahrtspZugsicherung="45.8333" Fahrtkm="53.2528" FahrtHLDruck="5" FahrtFBSchalter="4"/>
<FahrtEintrag FahrtWeg="5455.5903" FahrtZeit="2023-01-23 10:09:44" Kennung_FahrtZeitms="2023-01-23 10:09:44:107" Fahrtsp="7.93" FahrtspStrecke="11.1111" FahrtspSignal="-1" FahrtspZugsicherung="45.8333" Fahrtkm="53.2528" FahrtHLDruck="5" FahrtFBSchalter="7"/>
<FahrtEintrag FahrtTyp="5" FahrtWeg="5479.6602" FahrtZeit="2023-01-23 10:09:47" Kennung_FahrtZeitms="2023-01-23 10:09:47:175" Fahrtsp="7.9402" FahrtspStrecke="11.1111" FahrtspSignal="-1" FahrtspZugsicherung="45.8333" FahrtText="Üst Moorrasen A" Fahrtkm="53.2528" FahrtHLDruck="5" FahrtFBSchalter="7"/>
<FahrtEintrag FahrtWeg="5504.7612" FahrtZeit="2023-01-23 10:09:50" Kennung_FahrtZeitms="2023-01-23 10:09:50:002" Fahrtsp="8.0051" FahrtspStrecke="11.1111" FahrtspSignal="-1" FahrtspZugsicherung="45.8333" Fahrtkm="53.3523" FahrtHLDruck="5" FahrtFBSchalter="7"/>
<FahrtEintrag FahrtWeg="5529.8394" FahrtZeit="2023-01-23 10:09:53" Kennung_FahrtZeitms="2023-01-23 10:09:53:432" Fahrtsp="8.1835" FahrtspStrecke="11.1111" FahrtspSignal="-1" FahrtspZugsicherung="45.8333" Fahrtkm="53.3523" FahrtHLDruck="5" FahrtFBSchalter="7"/>
<FahrtEintrag FahrtWeg="5555.0029" FahrtZeit="2023-01-23 10:09:56" Kennung_FahrtZeitms="2023-01-23 10:09:56:461" Fahrtsp="8.3229" FahrtspStrecke="11.1111" FahrtspSignal="-1" FahrtspZugsicherung="45.8333" Fahrtkm="53.3523" FahrtHLDruck="5"/>
<FahrtEintrag FahrtWeg="5580.3154" FahrtZeit="2023-01-23 10:09:59" Kennung_FahrtZeitms="2023-01-23 10:09:59:453" Fahrtsp="8.3277" FahrtspStrecke="11.1111" FahrtspSignal="-1" FahrtspZugsicherung="45.8333" Fahrtkm="53.4519" FahrtHLDruck="5" FahrtFBSchalter="9"/>
<FahrtEintrag FahrtWeg="5605.5537" FahrtZeit="2023-01-23 10:10:02" Kennung_FahrtZeitms="2023-01-23 10:10:02:528" Fahrtsp="8.6467" FahrtspStrecke="11.1111" FahrtspSignal="-1" FahrtspZugsicherung="45.8333" Fahrtkm="53.452" FahrtHLDruck="5" FahrtFBSchalter="8"/>
<FahrtEintrag FahrtWeg="5630.7227" FahrtZeit="2023-01-23 10:10:05" Kennung_FahrtZeitms="2023-01-23 10:10:05:582" Fahrtsp="8.8725" FahrtspStrecke="11.1111" FahrtspSignal="-1" FahrtspZugsicherung="45.8333" Fahrtkm="53.452" FahrtHLDruck="5" FahrtFBSchalter="8"/>
<FahrtEintrag FahrtWeg="5655.9468" FahrtZeit="2023-01-23 10:10:08" Kennung_FahrtZeitms="2023-01-23 10:10:08:519" Fahrtsp="9.0878" FahrtspStrecke="11.1111" FahrtspSignal="-1" FahrtspZugsicherung="45.8333" Fahrtkm="53.452" FahrtHLDruck="5" FahrtFBSchalter="8"/>
<FahrtEintrag FahrtWeg="5681.1226" FahrtZeit="2023-01-23 10:10:11" Kennung_FahrtZeitms="2023-01-23 10:10:11:441" Fahrtsp="9.2104" FahrtspStrecke="11.1111" FahrtspSignal="-1" FahrtspZugsicherung="45.8333" Fahrtkm="53.5516" FahrtHLDruck="5"/>
<FahrtEintrag FahrtWeg="5706.1587" FahrtZeit="2023-01-23 10:10:14" Kennung_FahrtZeitms="2023-01-23 10:10:14:477" Fahrtsp="8.8492" FahrtspStrecke="11.1111" FahrtspSignal="-1" FahrtspZugsicherung="45.8333" Fahrtkm="53.5515" FahrtHLDruck="5"/>
<FahrtEintrag FahrtWeg="5731.3848" FahrtZeit="2023-01-23 10:10:16" Kennung_FahrtZeitms="2023-01-23 10:10:16:452" Fahrtsp="8.4703" FahrtspStrecke="11.1111" FahrtspSignal="-1" FahrtspZugsicherung="45.8333" Fahrtkm="53.5515" FahrtHLDruck="5"/>
<FahrtEintrag FahrtWeg="5756.5347" FahrtZeit="2023-01-23 10:10:20" Kennung_FahrtZeitms="2023-01-23 10:10:20:621" Fahrtsp="8.0757" FahrtspStrecke="11.1111" FahrtspSignal="-1" FahrtspZugsicherung="45.8333" Fahrtkm="53.5515" FahrtHLDruck="5"/>
<FahrtEintrag FahrtWeg="5781.6958" FahrtZeit="2023-01-23 10:10:23" Kennung_FahrtZeitms="2023-01-23 10:10:23:547" Fahrtsp="7.6498" FahrtspStrecke="11.1111" FahrtspSignal="-1" FahrtspZugsicherung="45.8333" Fahrtkm="53.6522" FahrtHLDruck="4.7542"/>
<FahrtEintrag FahrtWeg="5806.7954" FahrtZeit="2023-01-23 10:10:26" Kennung_FahrtZeitms="2023-01-23 10:10:26:637" Fahrtsp="6.779" FahrtspStrecke="11.1111" FahrtspSignal="-1" FahrtspZugsicherung="45.8333" Fahrtkm="53.6739" FahrtHLDruck="4.7"/>
<FahrtEintrag FahrtWeg="5831.8447" FahrtZeit="2023-01-23 10:10:30" Kennung_FahrtZeitms="2023-01-23 10:10:30:423" Fahrtsp="5.2684" FahrtspStrecke="11.1111" FahrtspSignal="-1" FahrtspZugsicherung="45.8333" Fahrtkm="53.6738" FahrtHLDruck="4.33"/>
<FahrtEintrag FahrtWeg="5852.2275" FahrtZeit="2023-01-23 10:10:35" Kennung_FahrtZeitms="2023-01-23 10:10:35:282" Fahrtsp="2.9162" FahrtspStrecke="11.1111" FahrtspSignal="-1" FahrtspZugsicherung="45.8333" Fahrtkm="53.6737" FahrtHLDruck="4.7599"/>
<FahrtEintrag FahrtWeg="5863.4502" FahrtZeit="2023-01-23 10:10:40" Kennung_FahrtZeitms="2023-01-23 10:10:40:015" Fahrtsp="1.687" FahrtspStrecke="11.1111" FahrtspSignal="-1" FahrtspZugsicherung="45.8333" Fahrtkm="53.7323" FahrtHLDruck="4.85"/>
<FahrtEintrag FahrtWeg="5869.2061" FahrtZeit="2023-01-23 10:10:45" Kennung_FahrtZeitms="2023-01-23 10:10:45:012" Fahrtsp="0.6196" FahrtspStrecke="11.1111" FahrtspSignal="-1" FahrtspZugsicherung="45.8333" Fahrtkm="53.7322" FahrtHLDruck="4.85"/>
<FahrtEintrag FahrtTyp="1" FahrtWeg="5870.0381" FahrtZeit="2023-01-23 10:10:48" Kennung_FahrtZeitms="2023-01-23 10:10:48:002" FahrtspStrecke="11.1111" FahrtspSignal="-1" FahrtspZugsicherung="45.8333" Fahrtkm="53.7322" FahrtHLDruck="4.85"/>
<FahrtEintrag FahrtWeg="5870.0381" FahrtZeit="2023-01-23 10:10:53" Kennung_FahrtZeitms="2023-01-23 10:10:53:000" FahrtspStrecke="11.1111" FahrtspSignal="-1" FahrtspZugsicherung="45.8333" Fahrtkm="53.7322" FahrtHLDruck="4.85"/>
<FahrtEintrag FahrtWeg="5870.0381" FahrtZeit="2023-01-23 10:10:58" Kennung_FahrtZeitms="2023-01-23 10:10:58:000" FahrtspStrecke="11.1111" FahrtspSignal="-1" FahrtspZugsicherung="45.8333" Fahrtkm="53.7322" FahrtHLDruck="4.85"/>
</result>
</Zusi>
