﻿<?xml version="1.0" encoding="UTF-8"?>
<Zusi>
<Info DateiTyp="result" Version="A.1" MinVersion="A.0"/>
<result Zugnummer="4711 (FaS)" Datum="2023-01-27 10:33:01" Verbrauch="145038464">
<FahrtEintrag FahrtTyp="2" FahrtWeg="1516.7542" FahrtZeit="2023-01-27 09:50:00" Kennung_FahrtZeitms="2023-01-27 09:50:00:099" FahrtspStrecke="11.1111" FahrtspSignal="-1" FahrtspZugsicherung="-1" FahrtText="" Fahrtkm="49.3855" FahrtHLDruck="5" FahrtFplAnk="44953.410156" FahrtFplAbf="44953.417969"/>
<FahrtEintrag FahrtWeg="1516.7542" FahrtZeit="2023-01-27 09:50:05" Kennung_FahrtZeitms="2023-01-27 09:50:05:102" FahrtspStrecke="11.1111" FahrtspSignal="-1" FahrtspZugsicherung="45.8333" Fahrtkm="49.3855" FahrtHLDruck="5"/>
<FahrtEintrag FahrtWeg="1516.7542" FahrtZeit="2023-01-27 09:50:10" Kennung_FahrtZeitms="2023-01-27 09:50:10:209" FahrtspStrecke="11.1111" FahrtspSignal="-1" FahrtspZugsicherung="45.8333" Fahrtkm="49.3855" FahrtHLDruck="5"/>
<FahrtEintrag FahrtWeg="1516.7542" FahrtZeit="2023-01-27 09:50:15" Kennung_FahrtZeitms="2023-01-27 09:50:15:211" FahrtspStrecke="11.1111" FahrtspSignal="-1" FahrtspZugsicherung="45.8333" Fahrtkm="49.3855" FahrtHLDruck="5"/>
<FahrtEintrag FahrtWeg="1516.7542" FahrtZeit="2023-01-27 09:50:20" Kennung_FahrtZeitms="2023-01-27 09:50:20:212" FahrtspStrecke="11.1111" FahrtspSignal="-1" FahrtspZugsicherung="45.8333" Fahrtkm="49.3855" FahrtHLDruck="5"/>
<FahrtEintrag FahrtWeg="1516.7542" FahrtZeit="2023-01-27 09:50:25" Kennung_FahrtZeitms="2023-01-27 09:50:25:213" FahrtspStrecke="11.1111" FahrtspSignal="-1" FahrtspZugsicherung="45.8333" Fahrtkm="49.3855" FahrtHLDruck="5"/>
<FahrtEintrag FahrtWeg="1516.7542" FahrtZeit="2023-01-27 09:50:30" Kennung_FahrtZeitms="2023-01-27 09:50:30:214" FahrtspStrecke="11.1111" FahrtspSignal="-1" FahrtspZugsicherung="45.8333" Fahrtkm="49.3855" FahrtHLDruck="5"/>
<FahrtEintrag FahrtWeg="1516.7542" FahrtZeit="2023-01-27 09:50:35" Kennung_FahrtZeitms="2023-01-27 09:50:35:216" FahrtspStrecke="11.1111" FahrtspSignal="-1" FahrtspZugsicherung="45.8333" Fahrtkm="49.3855" FahrtHLDruck="5"/>
<FahrtEintrag FahrtWeg="1516.7542" FahrtZeit="2023-01-27 09:50:40" Kennung_FahrtZeitms="2023-01-27 09:50:40:217" FahrtspStrecke="11.1111" FahrtspSignal="-1" FahrtspZugsicherung="45.8333" Fahrtkm="49.3855" FahrtHLDruck="5"/>
<FahrtEintrag FahrtWeg="1516.7542" FahrtZeit="2023-01-27 09:50:45" Kennung_FahrtZeitms="2023-01-27 09:50:45:218" FahrtspStrecke="11.1111" FahrtspSignal="-1" FahrtspZugsicherung="45.8333" Fahrtkm="49.3855" FahrtHLDruck="5"/>
<FahrtEintrag FahrtWeg="1516.7542" FahrtZeit="2023-01-27 09:50:50" Kennung_FahrtZeitms="2023-01-27 09:50:50:219" FahrtspStrecke="11.1111" FahrtspSignal="-1" FahrtspZugsicherung="45.8333" Fahrtkm="49.3855" FahrtHLDruck="5"/>
<FahrtEintrag FahrtWeg="1516.7542" FahrtZeit="2023-01-27 09:50:55" Kennung_FahrtZeitms="2023-01-27 09:50:55:220" FahrtspStrecke="11.1111" FahrtspSignal="-1" FahrtspZugsicherung="45.8333" Fahrtkm="49.3855" FahrtHLDruck="5"/>
<FahrtEintrag FahrtWeg="1516.7542" FahrtZeit="2023-01-27 09:51:00" Kennung_FahrtZeitms="2023-01-27 09:51:00:222" FahrtspStrecke="11.1111" FahrtspSignal="-1" FahrtspZugsicherung="45.8333" Fahrtkm="49.3855" FahrtHLDruck="5"/>
<FahrtEintrag FahrtWeg="1516.7542" FahrtZeit="2023-01-27 09:51:05" Kennung_FahrtZeitms="2023-01-27 09:51:05:223" FahrtspStrecke="11.1111" FahrtspSignal="-1" FahrtspZugsicherung="45.8333" Fahrtkm="49.3855" FahrtHLDruck="5"/>
<FahrtEintrag FahrtWeg="1516.7542" FahrtZeit="2023-01-27 09:51:10" Kennung_FahrtZeitms="2023-01-27 09:51:10:224" FahrtspStrecke="11.1111" FahrtspSignal="-1" FahrtspZugsicherung="45.8333" Fahrtkm="49.3855" FahrtHLDruck="5"/>
<FahrtEintrag FahrtWeg="1516.7542" FahrtZeit="2023-01-27 09:51:15" Kennung_FahrtZeitms="2023-01-27 09:51:15:225" FahrtspStrecke="11.1111" FahrtspSignal="-1" FahrtspZugsicherung="45.8333" Fahrtkm="49.3855" FahrtHLDruck="5"/>
<FahrtEintrag FahrtWeg="1516.7542" FahrtZeit="2023-01-27 09:51:20" Kennung_FahrtZeitms="2023-01-27 09:51:20:227" FahrtspStrecke="11.1111" FahrtspSignal="-1" FahrtspZugsicherung="45.8333" Fahrtkm="49.3855" FahrtHLDruck="5"/>
<FahrtEintrag FahrtWeg="1516.7542" FahrtZeit="2023-01-27 09:51:25" Kennung_FahrtZeitms="2023-01-27 09:51:25:228" FahrtspStrecke="11.1111" FahrtspSignal="-1" FahrtspZugsicherung="45.8333" Fahrtkm="49.3855" FahrtHLDruck="5"/>
<FahrtEintrag FahrtWeg="1516.7542" FahrtZeit="2023-01-27 09:51:30" Kennung_FahrtZeitms="2023-01-27 09:51:30:229" FahrtspStrecke="11.1111" FahrtspSignal="-1" FahrtspZugsicherung="45.8333" Fahrtkm="49.3855" FahrtHLDruck="5"/>
<FahrtEintrag FahrtWeg="1516.7542" FahrtZeit="2023-01-27 09:51:35" Kennung_FahrtZeitms="2023-01-27 09:51:35:230" FahrtspStrecke="11.1111" FahrtspSignal="-1" FahrtspZugsicherung="45.8333" Fahrtkm="49.3855" FahrtHLDruck="5"/>
<FahrtEintrag FahrtWeg="1516.7542" FahrtZeit="2023-01-27 09:51:40" Kennung_FahrtZeitms="2023-01-27 09:51:40:231" FahrtspStrecke="11.1111" FahrtspSignal="-1" FahrtspZugsicherung="45.8333" Fahrtkm="49.3855" FahrtHLDruck="5"/>
<FahrtEintrag FahrtWeg="1516.7542" FahrtZeit="2023-01-27 09:51:45" Kennung_FahrtZeitms="2023-01-27 09:51:45:233" FahrtspStrecke="11.1111" FahrtspSignal="-1" FahrtspZugsicherung="45.8333" Fahrtkm="49.3855" FahrtHLDruck="5"/>
<FahrtEintrag FahrtWeg="1516.7542" FahrtZeit="2023-01-27 09:51:50" Kennung_FahrtZeitms="2023-01-27 09:51:50:735" FahrtspStrecke="11.1111" FahrtspSignal="-1" FahrtspZugsicherung="45.8333" Fahrtkm="49.3855" FahrtHLDruck="5"/>
<FahrtEintrag FahrtWeg="1516.7542" FahrtZeit="2023-01-27 09:51:55" Kennung_FahrtZeitms="2023-01-27 09:51:55:736" FahrtspStrecke="11.1111" FahrtspSignal="-1" FahrtspZugsicherung="45.8333" Fahrtkm="49.3855" FahrtHLDruck="5"/>
<FahrtEintrag FahrtWeg="1516.7542" FahrtZeit="2023-01-27 09:52:00" Kennung_FahrtZeitms="2023-01-27 09:52:00:737" FahrtspStrecke="11.1111" FahrtspSignal="-1" FahrtspZugsicherung="45.8333" Fahrtkm="49.3855" FahrtHLDruck="5"/>
<FahrtEintrag FahrtWeg="1516.7542" FahrtZeit="2023-01-27 09:52:05" Kennung_FahrtZeitms="2023-01-27 09:52:05:738" FahrtspStrecke="11.1111" FahrtspSignal="-1" FahrtspZugsicherung="45.8333" Fahrtkm="49.3855" FahrtHLDruck="5"/>
<FahrtEintrag FahrtWeg="1516.7542" FahrtZeit="2023-01-27 09:52:10" Kennung_FahrtZeitms="2023-01-27 09:52:10:740" FahrtspStrecke="11.1111" FahrtspSignal="-1" FahrtspZugsicherung="45.8333" Fahrtkm="49.3855" FahrtHLDruck="5"/>
<FahrtEintrag FahrtWeg="1516.7542" FahrtZeit="2023-01-27 09:52:15" Kennung_FahrtZeitms="2023-01-27 09:52:15:741" FahrtspStrecke="11.1111" FahrtspSignal="-1" FahrtspZugsicherung="45.8333" Fahrtkm="49.3855" FahrtHLDruck="5"/>
<FahrtEintrag FahrtWeg="1516.7542" FahrtZeit="2023-01-27 09:52:20" Kennung_FahrtZeitms="2023-01-27 09:52:20:742" FahrtspStrecke="11.1111" FahrtspSignal="-1" FahrtspZugsicherung="45.8333" Fahrtkm="49.3855" FahrtHLDruck="5"/>
<FahrtEintrag FahrtWeg="1516.7542" FahrtZeit="2023-01-27 09:52:25" Kennung_FahrtZeitms="2023-01-27 09:52:25:743" FahrtspStrecke="11.1111" FahrtspSignal="-1" FahrtspZugsicherung="45.8333" Fahrtkm="49.3855" FahrtHLDruck="5"/>
<FahrtEintrag FahrtWeg="1516.7542" FahrtZeit="2023-01-27 09:52:30" Kennung_FahrtZeitms="2023-01-27 09:52:30:744" FahrtspStrecke="11.1111" FahrtspSignal="-1" FahrtspZugsicherung="45.8333" Fahrtkm="49.3855" FahrtHLDruck="5"/>
<FahrtEintrag FahrtWeg="1516.7542" FahrtZeit="2023-01-27 09:52:35" Kennung_FahrtZeitms="2023-01-27 09:52:35:746" FahrtspStrecke="11.1111" FahrtspSignal="-1" FahrtspZugsicherung="45.8333" Fahrtkm="49.3855" FahrtHLDruck="5"/>
<FahrtEintrag FahrtWeg="1516.7542" FahrtZeit="2023-01-27 09:52:40" Kennung_FahrtZeitms="2023-01-27 09:52:40:747" FahrtspStrecke="11.1111" FahrtspSignal="-1" FahrtspZugsicherung="45.8333" Fahrtkm="49.3855" FahrtHLDruck="5"/>
<FahrtEintrag FahrtWeg="1516.7542" FahrtZeit="2023-01-27 09:52:45" Kennung_FahrtZeitms="2023-01-27 09:52:45:748" FahrtspStrecke="11.1111" FahrtspSignal="-1" FahrtspZugsicherung="45.8333" Fahrtkm="49.3855" FahrtHLDruck="5"/>
<FahrtEintrag FahrtWeg="1516.7542" FahrtZeit="2023-01-27 09:52:50" Kennung_FahrtZeitms="2023-01-27 09:52:50:749" FahrtspStrecke="11.1111" FahrtspSignal="-1" FahrtspZugsicherung="45.8333" Fahrtkm="49.3855" FahrtHLDruck="5"/>
<FahrtEintrag FahrtWeg="1516.7542" FahrtZeit="2023-01-27 09:52:55" Kennung_FahrtZeitms="2023-01-27 09:52:55:750" FahrtspStrecke="11.1111" FahrtspSignal="-1" FahrtspZugsicherung="45.8333" Fahrtkm="49.3855" FahrtHLDruck="5"/>
<FahrtEintrag FahrtWeg="1516.7542" FahrtZeit="2023-01-27 09:53:00" Kennung_FahrtZeitms="2023-01-27 09:53:00:751" FahrtspStrecke="11.1111" FahrtspSignal="-1" FahrtspZugsicherung="45.8333" Fahrtkm="49.3855" FahrtHLDruck="5"/>
<FahrtEintrag FahrtWeg="1516.7542" FahrtZeit="2023-01-27 09:53:05" Kennung_FahrtZeitms="2023-01-27 09:53:05:753" FahrtspStrecke="11.1111" FahrtspSignal="-1" FahrtspZugsicherung="45.8333" Fahrtkm="49.3855" FahrtHLDruck="5"/>
<FahrtEintrag FahrtWeg="1516.7542" FahrtZeit="2023-01-27 09:53:10" Kennung_FahrtZeitms="2023-01-27 09:53:10:754" FahrtspStrecke="11.1111" FahrtspSignal="-1" FahrtspZugsicherung="45.8333" Fahrtkm="49.3855" FahrtHLDruck="5"/>
<FahrtEintrag FahrtWeg="1516.7542" FahrtZeit="2023-01-27 09:53:15" Kennung_FahrtZeitms="2023-01-27 09:53:15:755" FahrtspStrecke="11.1111" FahrtspSignal="-1" FahrtspZugsicherung="45.8333" Fahrtkm="49.3855" FahrtHLDruck="5"/>
<FahrtEintrag FahrtWeg="1516.7542" FahrtZeit="2023-01-27 09:53:20" Kennung_FahrtZeitms="2023-01-27 09:53:20:757" FahrtspStrecke="11.1111" FahrtspSignal="-1" FahrtspZugsicherung="45.8333" Fahrtkm="49.3855" FahrtHLDruck="5"/>
<FahrtEintrag FahrtWeg="1516.7542" FahrtZeit="2023-01-27 09:53:25" Kennung_FahrtZeitms="2023-01-27 09:53:25:758" FahrtspStrecke="11.1111" FahrtspSignal="-1" FahrtspZugsicherung="45.8333" Fahrtkm="49.3855" FahrtHLDruck="5"/>
<FahrtEintrag FahrtWeg="1516.7542" FahrtZeit="2023-01-27 09:53:30" Kennung_FahrtZeitms="2023-01-27 09:53:30:759" FahrtspStrecke="11.1111" FahrtspSignal="-1" FahrtspZugsicherung="45.8333" Fahrtkm="49.3855" FahrtHLDruck="5"/>
<FahrtEintrag FahrtWeg="1516.7542" FahrtZeit="2023-01-27 09:53:35" Kennung_FahrtZeitms="2023-01-27 09:53:35:761" FahrtspStrecke="11.1111" FahrtspSignal="-1" FahrtspZugsicherung="45.8333" Fahrtkm="49.3855" FahrtHLDruck="5"/>
<FahrtEintrag FahrtWeg="1516.7542" FahrtZeit="2023-01-27 09:53:40" Kennung_FahrtZeitms="2023-01-27 09:53:40:762" FahrtspStrecke="11.1111" FahrtspSignal="-1" FahrtspZugsicherung="45.8333" Fahrtkm="49.3855" FahrtHLDruck="5"/>
<FahrtEintrag FahrtWeg="1516.7542" FahrtZeit="2023-01-27 09:53:45" Kennung_FahrtZeitms="2023-01-27 09:53:45:763" FahrtspStrecke="11.1111" FahrtspSignal="-1" FahrtspZugsicherung="45.8333" Fahrtkm="49.3855" FahrtHLDruck="5"/>
<FahrtEintrag FahrtWeg="1516.7542" FahrtZeit="2023-01-27 09:53:50" Kennung_FahrtZeitms="2023-01-27 09:53:50:764" FahrtspStrecke="11.1111" FahrtspSignal="-1" FahrtspZugsicherung="45.8333" Fahrtkm="49.3855" FahrtHLDruck="5"/>
<FahrtEintrag FahrtWeg="1516.7542" FahrtZeit="2023-01-27 09:53:55" Kennung_FahrtZeitms="2023-01-27 09:53:55:766" FahrtspStrecke="11.1111" FahrtspSignal="-1" FahrtspZugsicherung="45.8333" Fahrtkm="49.3855" FahrtHLDruck="5"/>
<FahrtEintrag FahrtWeg="1516.7542" FahrtZeit="2023-01-27 09:54:01" Kennung_FahrtZeitms="2023-01-27 09:54:01:267" FahrtspStrecke="11.1111" FahrtspSignal="-1" FahrtspZugsicherung="45.8333" Fahrtkm="49.3855" FahrtHLDruck="5"/>
<FahrtEintrag FahrtWeg="1516.7542" FahrtZeit="2023-01-27 09:54:06" Kennung_FahrtZeitms="2023-01-27 09:54:06:268" FahrtspStrecke="11.1111" FahrtspSignal="-1" FahrtspZugsicherung="45.8333" Fahrtkm="49.3855" FahrtHLDruck="5"/>
<FahrtEintrag FahrtWeg="1516.7542" FahrtZeit="2023-01-27 09:54:11" Kennung_FahrtZeitms="2023-01-27 09:54:11:269" FahrtspStrecke="11.1111" FahrtspSignal="-1" FahrtspZugsicherung="45.8333" Fahrtkm="49.3855" FahrtHLDruck="5"/>
<FahrtEintrag FahrtWeg="1516.7542" FahrtZeit="2023-01-27 09:54:16" Kennung_FahrtZeitms="2023-01-27 09:54:16:270" FahrtspStrecke="11.1111" FahrtspSignal="-1" FahrtspZugsicherung="45.8333" Fahrtkm="49.3855" FahrtHLDruck="5"/>
<FahrtEintrag FahrtWeg="1516.7542" FahrtZeit="2023-01-27 09:54:21" Kennung_FahrtZeitms="2023-01-27 09:54:21:272" FahrtspStrecke="11.1111" FahrtspSignal="-1" FahrtspZugsicherung="45.8333" Fahrtkm="49.3855" FahrtHLDruck="5"/>
<FahrtEintrag FahrtWeg="1516.7542" FahrtZeit="2023-01-27 09:54:26" Kennung_FahrtZeitms="2023-01-27 09:54:26:273" FahrtspStrecke="11.1111" FahrtspSignal="-1" FahrtspZugsicherung="45.8333" Fahrtkm="49.3855" FahrtHLDruck="5"/>
<FahrtEintrag FahrtWeg="1516.7542" FahrtZeit="2023-01-27 09:54:31" Kennung_FahrtZeitms="2023-01-27 09:54:31:274" FahrtspStrecke="11.1111" FahrtspSignal="-1" FahrtspZugsicherung="45.8333" Fahrtkm="49.3855" FahrtHLDruck="5"/>
<FahrtEintrag FahrtWeg="1516.7542" FahrtZeit="2023-01-27 09:54:36" Kennung_FahrtZeitms="2023-01-27 09:54:36:275" FahrtspStrecke="11.1111" FahrtspSignal="-1" FahrtspZugsicherung="45.8333" Fahrtkm="49.3855" FahrtHLDruck="5"/>
<FahrtEintrag FahrtWeg="1516.7542" FahrtZeit="2023-01-27 09:54:41" Kennung_FahrtZeitms="2023-01-27 09:54:41:276" FahrtspStrecke="11.1111" FahrtspSignal="-1" FahrtspZugsicherung="45.8333" Fahrtkm="49.3855" FahrtHLDruck="5"/>
<FahrtEintrag FahrtWeg="1516.7542" FahrtZeit="2023-01-27 09:54:46" Kennung_FahrtZeitms="2023-01-27 09:54:46:278" FahrtspStrecke="11.1111" FahrtspSignal="-1" FahrtspZugsicherung="45.8333" Fahrtkm="49.3855" FahrtHLDruck="5"/>
<FahrtEintrag FahrtWeg="1516.7542" FahrtZeit="2023-01-27 09:54:51" Kennung_FahrtZeitms="2023-01-27 09:54:51:279" FahrtspStrecke="11.1111" FahrtspSignal="-1" FahrtspZugsicherung="45.8333" Fahrtkm="49.3855" FahrtHLDruck="5"/>
<FahrtEintrag FahrtWeg="1516.7542" FahrtZeit="2023-01-27 09:54:56" Kennung_FahrtZeitms="2023-01-27 09:54:56:281" FahrtspStrecke="11.1111" FahrtspSignal="-1" FahrtspZugsicherung="45.8333" Fahrtkm="49.3855" FahrtHLDruck="5"/>
<FahrtEintrag FahrtWeg="1516.7542" FahrtZeit="2023-01-27 09:55:01" Kennung_FahrtZeitms="2023-01-27 09:55:01:282" FahrtspStrecke="11.1111" FahrtspSignal="-1" FahrtspZugsicherung="45.8333" Fahrtkm="49.3855" FahrtHLDruck="5"/>
<FahrtEintrag FahrtWeg="1516.7542" FahrtZeit="2023-01-27 09:55:06" Kennung_FahrtZeitms="2023-01-27 09:55:06:284" FahrtspStrecke="11.1111" FahrtspSignal="-1" FahrtspZugsicherung="45.8333" Fahrtkm="49.3855" FahrtHLDruck="5"/>
<FahrtEintrag FahrtWeg="1516.7542" FahrtZeit="2023-01-27 09:55:11" Kennung_FahrtZeitms="2023-01-27 09:55:11:285" FahrtspStrecke="11.1111" FahrtspSignal="-1" FahrtspZugsicherung="45.8333" Fahrtkm="49.3855" FahrtHLDruck="5"/>
<FahrtEintrag FahrtWeg="1516.7542" FahrtZeit="2023-01-27 09:55:16" Kennung_FahrtZeitms="2023-01-27 09:55:16:286" FahrtspStrecke="11.1111" FahrtspSignal="-1" FahrtspZugsicherung="45.8333" Fahrtkm="49.3855" FahrtHLDruck="5"/>
<FahrtEintrag FahrtWeg="1516.7542" FahrtZeit="2023-01-27 09:55:21" Kennung_FahrtZeitms="2023-01-27 09:55:21:287" FahrtspStrecke="11.1111" FahrtspSignal="-1" FahrtspZugsicherung="45.8333" Fahrtkm="49.3855" FahrtHLDruck="5"/>
<FahrtEintrag FahrtWeg="1516.7542" FahrtZeit="2023-01-27 09:55:26" Kennung_FahrtZeitms="2023-01-27 09:55:26:289" FahrtspStrecke="11.1111" FahrtspSignal="-1" FahrtspZugsicherung="45.8333" Fahrtkm="49.3855" FahrtHLDruck="5"/>
<FahrtEintrag FahrtWeg="1516.7542" FahrtZeit="2023-01-27 09:55:31" Kennung_FahrtZeitms="2023-01-27 09:55:31:290" FahrtspStrecke="11.1111" FahrtspSignal="-1" FahrtspZugsicherung="45.8333" Fahrtkm="49.3855" FahrtHLDruck="5"/>
<FahrtEintrag FahrtWeg="1516.7542" FahrtZeit="2023-01-27 09:55:36" Kennung_FahrtZeitms="2023-01-27 09:55:36:291" FahrtspStrecke="11.1111" FahrtspSignal="-1" FahrtspZugsicherung="45.8333" Fahrtkm="49.3855" FahrtHLDruck="5"/>
<FahrtEintrag FahrtWeg="1516.7542" FahrtZeit="2023-01-27 09:55:41" Kennung_FahrtZeitms="2023-01-27 09:55:41:292" FahrtspStrecke="11.1111" FahrtspSignal="-1" FahrtspZugsicherung="45.8333" Fahrtkm="49.3855" FahrtHLDruck="5"/>
<FahrtEintrag FahrtWeg="1516.7542" FahrtZeit="2023-01-27 09:55:46" Kennung_FahrtZeitms="2023-01-27 09:55:46:293" FahrtspStrecke="11.1111" FahrtspSignal="-1" FahrtspZugsicherung="45.8333" Fahrtkm="49.3855" FahrtHLDruck="5"/>
<FahrtEintrag FahrtWeg="1516.7542" FahrtZeit="2023-01-27 09:55:51" Kennung_FahrtZeitms="2023-01-27 09:55:51:295" FahrtspStrecke="11.1111" FahrtspSignal="-1" FahrtspZugsicherung="45.8333" Fahrtkm="49.3855" FahrtHLDruck="5"/>
<FahrtEintrag FahrtWeg="1516.7542" FahrtZeit="2023-01-27 09:55:56" Kennung_FahrtZeitms="2023-01-27 09:55:56:296" FahrtspStrecke="11.1111" FahrtspSignal="-1" FahrtspZugsicherung="45.8333" Fahrtkm="49.3855" FahrtHLDruck="5"/>
<FahrtEintrag FahrtWeg="1516.7542" FahrtZeit="2023-01-27 09:56:01" Kennung_FahrtZeitms="2023-01-27 09:56:01:297" FahrtspStrecke="11.1111" FahrtspSignal="-1" FahrtspZugsicherung="45.8333" Fahrtkm="49.3855" FahrtHLDruck="5"/>
<FahrtEintrag FahrtWeg="1516.7542" FahrtZeit="2023-01-27 09:56:06" Kennung_FahrtZeitms="2023-01-27 09:56:06:298" FahrtspStrecke="11.1111" FahrtspSignal="-1" FahrtspZugsicherung="45.8333" Fahrtkm="49.3855" FahrtHLDruck="5"/>
<FahrtEintrag FahrtWeg="1516.7542" FahrtZeit="2023-01-27 09:56:11" Kennung_FahrtZeitms="2023-01-27 09:56:11:300" FahrtspStrecke="11.1111" FahrtspSignal="-1" FahrtspZugsicherung="45.8333" Fahrtkm="49.3855" FahrtHLDruck="5"/>
<FahrtEintrag FahrtWeg="1516.7542" FahrtZeit="2023-01-27 09:56:16" Kennung_FahrtZeitms="2023-01-27 09:56:16:301" FahrtspStrecke="11.1111" FahrtspSignal="-1" FahrtspZugsicherung="45.8333" Fahrtkm="49.3855" FahrtHLDruck="5"/>
<FahrtEintrag FahrtWeg="1516.7542" FahrtZeit="2023-01-27 09:56:21" Kennung_FahrtZeitms="2023-01-27 09:56:21:302" FahrtspStrecke="11.1111" FahrtspSignal="-1" FahrtspZugsicherung="45.8333" Fahrtkm="49.3855" FahrtHLDruck="5"/>
<FahrtEintrag FahrtWeg="1516.7542" FahrtZeit="2023-01-27 09:56:26" Kennung_FahrtZeitms="2023-01-27 09:56:26:304" FahrtspStrecke="11.1111" FahrtspSignal="-1" FahrtspZugsicherung="45.8333" Fahrtkm="49.3855" FahrtHLDruck="5"/>
<FahrtEintrag FahrtWeg="1516.7542" FahrtZeit="2023-01-27 09:56:31" Kennung_FahrtZeitms="2023-01-27 09:56:31:305" FahrtspStrecke="11.1111" FahrtspSignal="-1" FahrtspZugsicherung="45.8333" Fahrtkm="49.3855" FahrtHLDruck="5"/>
<FahrtEintrag FahrtWeg="1516.7542" FahrtZeit="2023-01-27 09:56:36" Kennung_FahrtZeitms="2023-01-27 09:56:36:306" FahrtspStrecke="11.1111" FahrtspSignal="-1" FahrtspZugsicherung="45.8333" Fahrtkm="49.3855" FahrtHLDruck="5"/>
<FahrtEintrag FahrtWeg="1516.7542" FahrtZeit="2023-01-27 09:56:41" Kennung_FahrtZeitms="2023-01-27 09:56:41:307" FahrtspStrecke="11.1111" FahrtspSignal="-1" FahrtspZugsicherung="45.8333" Fahrtkm="49.3855" FahrtHLDruck="5"/>
<FahrtEintrag FahrtWeg="1516.7542" FahrtZeit="2023-01-27 09:56:46" Kennung_FahrtZeitms="2023-01-27 09:56:46:309" FahrtspStrecke="11.1111" FahrtspSignal="-1" FahrtspZugsicherung="45.8333" Fahrtkm="49.3855" FahrtHLDruck="5"/>
<FahrtEintrag FahrtWeg="1516.7542" FahrtZeit="2023-01-27 09:56:51" Kennung_FahrtZeitms="2023-01-27 09:56:51:311" FahrtspStrecke="11.1111" FahrtspSignal="-1" FahrtspZugsicherung="45.8333" Fahrtkm="49.3855" FahrtHLDruck="5"/>
<FahrtEintrag FahrtWeg="1516.7542" FahrtZeit="2023-01-27 09:56:56" Kennung_FahrtZeitms="2023-01-27 09:56:56:312" FahrtspStrecke="11.1111" FahrtspSignal="-1" FahrtspZugsicherung="45.8333" Fahrtkm="49.3855" FahrtHLDruck="5"/>
<FahrtEintrag FahrtWeg="1516.7542" FahrtZeit="2023-01-27 09:57:01" Kennung_FahrtZeitms="2023-01-27 09:57:01:314" FahrtspStrecke="11.1111" FahrtspSignal="-1" FahrtspZugsicherung="45.8333" Fahrtkm="49.3855" FahrtHLDruck="5"/>
<FahrtEintrag FahrtWeg="1516.7542" FahrtZeit="2023-01-27 09:57:06" Kennung_FahrtZeitms="2023-01-27 09:57:06:315" FahrtspStrecke="11.1111" FahrtspSignal="-1" FahrtspZugsicherung="45.8333" Fahrtkm="49.3855" FahrtHLDruck="5"/>
<FahrtEintrag FahrtWeg="1516.7542" FahrtZeit="2023-01-27 09:57:11" Kennung_FahrtZeitms="2023-01-27 09:57:11:316" FahrtspStrecke="11.1111" FahrtspSignal="-1" FahrtspZugsicherung="45.8333" Fahrtkm="49.3855" FahrtHLDruck="5"/>
<FahrtEintrag FahrtWeg="1516.7542" FahrtZeit="2023-01-27 09:57:16" Kennung_FahrtZeitms="2023-01-27 09:57:16:317" FahrtspStrecke="11.1111" FahrtspSignal="-1" FahrtspZugsicherung="45.8333" Fahrtkm="49.3855" FahrtHLDruck="5"/>
<FahrtEintrag FahrtWeg="1516.7542" FahrtZeit="2023-01-27 09:57:21" Kennung_FahrtZeitms="2023-01-27 09:57:21:319" FahrtspStrecke="11.1111" FahrtspSignal="-1" FahrtspZugsicherung="45.8333" Fahrtkm="49.3855" FahrtHLDruck="5"/>
<FahrtEintrag FahrtWeg="1516.7542" FahrtZeit="2023-01-27 09:57:26" Kennung_FahrtZeitms="2023-01-27 09:57:26:320" FahrtspStrecke="11.1111" FahrtspSignal="-1" FahrtspZugsicherung="45.8333" Fahrtkm="49.3855" FahrtHLDruck="5"/>
<FahrtEintrag FahrtWeg="1516.7542" FahrtZeit="2023-01-27 09:57:31" Kennung_FahrtZeitms="2023-01-27 09:57:31:321" FahrtspStrecke="11.1111" FahrtspSignal="-1" FahrtspZugsicherung="45.8333" Fahrtkm="49.3855" FahrtHLDruck="5"/>
<FahrtEintrag FahrtWeg="1516.7542" FahrtZeit="2023-01-27 09:57:36" Kennung_FahrtZeitms="2023-01-27 09:57:36:322" FahrtspStrecke="11.1111" FahrtspSignal="-1" FahrtspZugsicherung="45.8333" Fahrtkm="49.3855" FahrtHLDruck="5"/>
<FahrtEintrag FahrtWeg="1516.7542" FahrtZeit="2023-01-27 09:57:41" Kennung_FahrtZeitms="2023-01-27 09:57:41:324" FahrtspStrecke="11.1111" FahrtspSignal="-1" FahrtspZugsicherung="45.8333" Fahrtkm="49.3855" FahrtHLDruck="5"/>
<FahrtEintrag FahrtWeg="1516.7542" FahrtZeit="2023-01-27 09:57:46" Kennung_FahrtZeitms="2023-01-27 09:57:46:325" FahrtspStrecke="11.1111" FahrtspSignal="-1" FahrtspZugsicherung="45.8333" Fahrtkm="49.3855" FahrtHLDruck="5"/>
<FahrtEintrag FahrtWeg="1516.7542" FahrtZeit="2023-01-27 09:57:51" Kennung_FahrtZeitms="2023-01-27 09:57:51:326" FahrtspStrecke="11.1111" FahrtspSignal="-1" FahrtspZugsicherung="45.8333" Fahrtkm="49.3855" FahrtHLDruck="5"/>
<FahrtEintrag FahrtWeg="1516.7542" FahrtZeit="2023-01-27 09:57:56" Kennung_FahrtZeitms="2023-01-27 09:57:56:327" FahrtspStrecke="11.1111" FahrtspSignal="-1" FahrtspZugsicherung="45.8333" Fahrtkm="49.3855" FahrtHLDruck="5"/>
<FahrtEintrag FahrtWeg="1516.7542" FahrtZeit="2023-01-27 09:58:01" Kennung_FahrtZeitms="2023-01-27 09:58:01:329" FahrtspStrecke="11.1111" FahrtspSignal="-1" FahrtspZugsicherung="45.8333" Fahrtkm="49.3855" FahrtHLDruck="5"/>
<FahrtEintrag FahrtWeg="1516.7542" FahrtZeit="2023-01-27 09:58:06" Kennung_FahrtZeitms="2023-01-27 09:58:06:330" FahrtspStrecke="11.1111" FahrtspSignal="-1" FahrtspZugsicherung="45.8333" Fahrtkm="49.3855" FahrtHLDruck="5"/>
<FahrtEintrag FahrtWeg="1516.7542" FahrtZeit="2023-01-27 09:58:11" Kennung_FahrtZeitms="2023-01-27 09:58:11:331" FahrtspStrecke="11.1111" FahrtspSignal="-1" FahrtspZugsicherung="45.8333" Fahrtkm="49.3855" FahrtHLDruck="5"/>
<FahrtEintrag FahrtWeg="1516.7542" FahrtZeit="2023-01-27 09:58:16" Kennung_FahrtZeitms="2023-01-27 09:58:16:332" FahrtspStrecke="11.1111" FahrtspSignal="-1" FahrtspZugsicherung="45.8333" Fahrtkm="49.3855" FahrtHLDruck="5"/>
<FahrtEintrag FahrtWeg="1516.7542" FahrtZeit="2023-01-27 09:58:21" Kennung_FahrtZeitms="2023-01-27 09:58:21:333" FahrtspStrecke="11.1111" FahrtspSignal="-1" FahrtspZugsicherung="45.8333" Fahrtkm="49.3855" FahrtHLDruck="5"/>
<FahrtEintrag FahrtWeg="1516.7542" FahrtZeit="2023-01-27 09:58:26" Kennung_FahrtZeitms="2023-01-27 09:58:26:336" FahrtspStrecke="11.1111" FahrtspSignal="-1" FahrtspZugsicherung="45.8333" Fahrtkm="49.3855" FahrtHLDruck="5"/>
<FahrtEintrag FahrtWeg="1516.7542" FahrtZeit="2023-01-27 09:58:31" Kennung_FahrtZeitms="2023-01-27 09:58:31:337" FahrtspStrecke="11.1111" FahrtspSignal="-1" FahrtspZugsicherung="45.8333" Fahrtkm="49.3855" FahrtHLDruck="5"/>
<FahrtEintrag FahrtWeg="1516.7542" FahrtZeit="2023-01-27 09:58:36" Kennung_FahrtZeitms="2023-01-27 09:58:36:338" FahrtspStrecke="11.1111" FahrtspSignal="-1" FahrtspZugsicherung="45.8333" Fahrtkm="49.3855" FahrtHLDruck="5"/>
<FahrtEintrag FahrtWeg="1516.7542" FahrtZeit="2023-01-27 09:58:41" Kennung_FahrtZeitms="2023-01-27 09:58:41:339" FahrtspStrecke="11.1111" FahrtspSignal="-1" FahrtspZugsicherung="45.8333" Fahrtkm="49.3855" FahrtHLDruck="5"/>
<FahrtEintrag FahrtWeg="1516.7542" FahrtZeit="2023-01-27 09:58:46" Kennung_FahrtZeitms="2023-01-27 09:58:46:341" FahrtspStrecke="11.1111" FahrtspSignal="-1" FahrtspZugsicherung="45.8333" Fahrtkm="49.3855" FahrtHLDruck="5"/>
<FahrtEintrag FahrtWeg="1516.7542" FahrtZeit="2023-01-27 09:58:51" Kennung_FahrtZeitms="2023-01-27 09:58:51:342" FahrtspStrecke="11.1111" FahrtspSignal="-1" FahrtspZugsicherung="45.8333" Fahrtkm="49.3855" FahrtHLDruck="5"/>
<FahrtEintrag FahrtWeg="1516.7542" FahrtZeit="2023-01-27 09:58:56" Kennung_FahrtZeitms="2023-01-27 09:58:56:343" FahrtspStrecke="11.1111" FahrtspSignal="-1" FahrtspZugsicherung="45.8333" Fahrtkm="49.3855" FahrtHLDruck="5"/>
<FahrtEintrag FahrtWeg="1516.7542" FahrtZeit="2023-01-27 09:59:01" Kennung_FahrtZeitms="2023-01-27 09:59:01:345" FahrtspStrecke="11.1111" FahrtspSignal="-1" FahrtspZugsicherung="45.8333" Fahrtkm="49.3855" FahrtHLDruck="5"/>
<FahrtEintrag FahrtWeg="1516.7542" FahrtZeit="2023-01-27 09:59:06" Kennung_FahrtZeitms="2023-01-27 09:59:06:353" FahrtspStrecke="11.1111" FahrtspSignal="-1" FahrtspZugsicherung="45.8333" Fahrtkm="49.3855" FahrtHLDruck="5"/>
<FahrtEintrag FahrtWeg="1516.7542" FahrtZeit="2023-01-27 09:59:11" Kennung_FahrtZeitms="2023-01-27 09:59:11:357" FahrtspStrecke="11.1111" FahrtspSignal="-1" FahrtspZugsicherung="45.8333" Fahrtkm="49.3855" FahrtHLDruck="5"/>
<FahrtEintrag FahrtWeg="1516.8619" FahrtZeit="2023-01-27 09:59:11" Kennung_FahrtZeitms="2023-01-27 09:59:11:742" Fahrtsp="0.334" FahrtspStrecke="11.1111" FahrtspSignal="-1" FahrtspZugsicherung="45.8333" Fahrtkm="49.3799" FahrtHLDruck="5" FahrtFBSchalter="28"/>
<FahrtEintrag FahrtWeg="1525.1392" FahrtZeit="2023-01-27 09:59:24" Kennung_FahrtZeitms="2023-01-27 09:59:24:155" Fahrtsp="2.6354" FahrtspStrecke="11.1111" FahrtspSignal="-1" FahrtspZugsicherung="12.5" Fahrtkm="49.393" FahrtHLDruck="5" FahrtFBSchalter="13"/>
<FahrtEintrag FahrtTyp="8" FahrtWeg="-1" FahrtZeit="2023-01-27 09:59:27" Kennung_FahrtZeitms="2023-01-27 09:59:27:005" Fahrtsp="-1" FahrtspStrecke="-1" FahrtspSignal="-1" FahrtspZugsicherung="-1" FahrtHLDruck="-1" FahrtParameter="9" FahrtFBSchalter="-10000"/>
<FahrtEintrag FahrtWeg="1537.1193" FahrtZeit="2023-01-27 09:59:27" Kennung_FahrtZeitms="2023-01-27 09:59:27:171" Fahrtsp="4.0078" FahrtspStrecke="11.1111" FahrtspSignal="-1" FahrtspZugsicherung="12.5" Fahrtkm="49.406" FahrtHLDruck="5" FahrtFBSchalter="13"/>
<FahrtEintrag FahrtTyp="5" FahrtWeg="1549.8824" FahrtZeit="2023-01-27 09:59:30" Kennung_FahrtZeitms="2023-01-27 09:59:30:173" Fahrtsp="5.0572" FahrtspStrecke="11.1111" FahrtspSignal="11.1111" FahrtspZugsicherung="12.5" FahrtText="Allenbach N1" Fahrtkm="49.4061" FahrtHLDruck="5" FahrtFBSchalter="13"/>
<FahrtEintrag FahrtTyp="6" FahrtWeg="1549.8824" FahrtZeit="2023-01-27 09:59:30" Kennung_FahrtZeitms="2023-01-27 09:59:30:173" Fahrtsp="5.0572" FahrtspStrecke="11.1111" FahrtspSignal="11.1111" FahrtspZugsicherung="12.5" Fahrtkm="49.4061" FahrtHLDruck="5" FahrtFBSchalter="13"/>
<FahrtEintrag FahrtTyp="8" FahrtWeg="-1" FahrtZeit="2023-01-27 09:59:32" Kennung_FahrtZeitms="2023-01-27 09:59:32:004" Fahrtsp="-1" FahrtspStrecke="-1" FahrtspSignal="-1" FahrtspZugsicherung="-1" FahrtHLDruck="-1" FahrtParameter="1" FahrtFBSchalter="-10000"/>
<FahrtEintrag FahrtWeg="1558.8329" FahrtZeit="2023-01-27 09:59:32" Kennung_FahrtZeitms="2023-01-27 09:59:32:201" Fahrtsp="5.6448" FahrtspStrecke="11.1111" FahrtspSignal="11.1111" FahrtspZugsicherung="12.5" Fahrtkm="49.419" FahrtHLDruck="5" FahrtFBSchalter="13"/>
<FahrtEintrag FahrtWeg="1584.0088" FahrtZeit="2023-01-27 09:59:36" Kennung_FahrtZeitms="2023-01-27 09:59:36:254" Fahrtsp="6.7158" FahrtspStrecke="11.1111" FahrtspSignal="11.1111" FahrtspZugsicherung="12.5" Fahrtkm="49.4422" FahrtHLDruck="5" FahrtFBSchalter="9"/>
<FahrtEintrag FahrtWeg="1609.2249" FahrtZeit="2023-01-27 09:59:39" Kennung_FahrtZeitms="2023-01-27 09:59:39:291" Fahrtsp="7.5288" FahrtspStrecke="11.1111" FahrtspSignal="11.1111" FahrtspZugsicherung="12.5" Fahrtkm="49.4682" FahrtHLDruck="5" FahrtFBSchalter="9"/>
<FahrtEintrag FahrtWeg="1634.3849" FahrtZeit="2023-01-27 09:59:43" Kennung_FahrtZeitms="2023-01-27 09:59:43:310" Fahrtsp="8.2386" FahrtspStrecke="11.1111" FahrtspSignal="11.1111" FahrtspZugsicherung="12.5" Fahrtkm="49.4682" FahrtHLDruck="5" FahrtFBSchalter="9"/>
<FahrtEintrag FahrtWeg="1659.3951" FahrtZeit="2023-01-27 09:59:46" Kennung_FahrtZeitms="2023-01-27 09:59:46:331" Fahrtsp="8.744" FahrtspStrecke="11.1111" FahrtspSignal="11.1111" FahrtspZugsicherung="12.5" Fahrtkm="49.5267" FahrtHLDruck="5" FahrtFBSchalter="4"/>
<FahrtEintrag FahrtWeg="1685.217" FahrtZeit="2023-01-27 09:59:48" Kennung_FahrtZeitms="2023-01-27 09:59:48:344" Fahrtsp="8.9698" FahrtspStrecke="11.1111" FahrtspSignal="11.1111" FahrtspZugsicherung="12.5" Fahrtkm="49.552" FahrtHLDruck="5" FahrtFBSchalter="4"/>
<FahrtEintrag FahrtWeg="1709.5234" FahrtZeit="2023-01-27 09:59:51" Kennung_FahrtZeitms="2023-01-27 09:59:51:344" Fahrtsp="9.1784" FahrtspStrecke="11.1111" FahrtspSignal="11.1111" FahrtspZugsicherung="12.5" Fahrtkm="49.5764" FahrtHLDruck="5" FahrtFBSchalter="4"/>
<FahrtEintrag FahrtWeg="1734.573" FahrtZeit="2023-01-27 09:59:54" Kennung_FahrtZeitms="2023-01-27 09:59:54:359" Fahrtsp="9.3875" FahrtspStrecke="11.1111" FahrtspSignal="11.1111" FahrtspZugsicherung="12.5" Fahrtkm="49.5924" FahrtHLDruck="5" FahrtFBSchalter="4"/>
<FahrtEintrag FahrtWeg="1759.7793" FahrtZeit="2023-01-27 09:59:57" Kennung_FahrtZeitms="2023-01-27 09:59:57:359" Fahrtsp="9.6007" FahrtspStrecke="11.1111" FahrtspSignal="11.1111" FahrtspZugsicherung="12.5" Fahrtkm="49.5924" FahrtHLDruck="5" FahrtFBSchalter="4"/>
<FahrtEintrag FahrtWeg="1785.1841" FahrtZeit="2023-01-27 09:59:59" Kennung_FahrtZeitms="2023-01-27 09:59:59:367" Fahrtsp="9.836" FahrtspStrecke="11.1111" FahrtspSignal="11.1111" FahrtspZugsicherung="12.5" Fahrtkm="49.6525" FahrtHLDruck="5" FahrtFBSchalter="5"/>
<FahrtEintrag FahrtTyp="8" FahrtWeg="-1" FahrtZeit="2023-01-27 10:00:02" Kennung_FahrtZeitms="2023-01-27 10:00:02:384" Fahrtsp="-1" FahrtspStrecke="-1" FahrtspSignal="-1" FahrtspZugsicherung="-1" FahrtHLDruck="-1" FahrtParameter="48" FahrtFBSchalter="-10000"/>
<FahrtEintrag FahrtWeg="1834.1045" FahrtZeit="2023-01-27 10:00:02" Kennung_FahrtZeitms="2023-01-27 10:00:02:387" Fahrtsp="10.1679" FahrtspStrecke="11.1111" FahrtspSignal="11.1111" FahrtspZugsicherung="12.5" Fahrtkm="49.7001" FahrtHLDruck="5" FahrtFBSchalter="5"/>
<FahrtEintrag FahrtTyp="8" FahrtWeg="-1" FahrtZeit="2023-01-27 10:00:02" Kennung_FahrtZeitms="2023-01-27 10:00:02:495" Fahrtsp="-1" FahrtspStrecke="-1" FahrtspSignal="-1" FahrtspZugsicherung="-1" FahrtHLDruck="-1" FahrtParameter="16" FahrtFBSchalter="-10000"/>
<FahrtEintrag FahrtWeg="1853.6345" FahrtZeit="2023-01-27 10:00:04" Kennung_FahrtZeitms="2023-01-27 10:00:06:309" Fahrtsp="10.4103" FahrtspStrecke="11.1111" FahrtspSignal="11.1111" FahrtspZugsicherung="12.5" Fahrtkm="49.7237" FahrtHLDruck="5"/>
<FahrtEintrag FahrtWeg="1878.9489" FahrtZeit="2023-01-27 10:00:08" Kennung_FahrtZeitms="2023-01-27 10:00:08:393" Fahrtsp="10.3675" FahrtspStrecke="11.1111" FahrtspSignal="11.1111" FahrtspZugsicherung="12.5" Fahrtkm="49.7413" FahrtHLDruck="5"/>
<FahrtEintrag FahrtWeg="1904.0485" FahrtZeit="2023-01-27 10:00:11" Kennung_FahrtZeitms="2023-01-27 10:00:11:392" Fahrtsp="10.3375" FahrtspStrecke="11.1111" FahrtspSignal="11.1111" FahrtspZugsicherung="12.5" Fahrtkm="49.776" FahrtHLDruck="5"/>
<FahrtEintrag FahrtWeg="1929.3667" FahrtZeit="2023-01-27 10:00:13" Kennung_FahrtZeitms="2023-01-27 10:00:13:411" Fahrtsp="10.3075" FahrtspStrecke="11.1111" FahrtspSignal="11.1111" FahrtspZugsicherung="12.5" Fahrtkm="49.7903" FahrtHLDruck="5"/>
<FahrtEintrag FahrtWeg="1954.3848" FahrtZeit="2023-01-27 10:00:16" Kennung_FahrtZeitms="2023-01-27 10:00:16:392" Fahrtsp="10.2777" FahrtspStrecke="11.1111" FahrtspSignal="11.1111" FahrtspZugsicherung="12.5" Fahrtkm="49.8157" FahrtHLDruck="5"/>
<FahrtEintrag FahrtWeg="1979.7485" FahrtZeit="2023-01-27 10:00:18" Kennung_FahrtZeitms="2023-01-27 10:00:18:410" Fahrtsp="10.2476" FahrtspStrecke="11.1111" FahrtspSignal="11.1111" FahrtspZugsicherung="12.5" Fahrtkm="49.8513" FahrtHLDruck="5"/>
<FahrtEintrag FahrtWeg="2005.0549" FahrtZeit="2023-01-27 10:00:21" Kennung_FahrtZeitms="2023-01-27 10:00:21:411" Fahrtsp="10.2174" FahrtspStrecke="11.1111" FahrtspSignal="11.1111" FahrtspZugsicherung="12.5" Fahrtkm="49.8679" FahrtHLDruck="5"/>
<FahrtEintrag FahrtTyp="5" FahrtWeg="-1" FahrtZeit="2023-01-27 10:00:22" Kennung_FahrtZeitms="2023-01-27 10:00:22:393" Fahrtsp="-1" FahrtspStrecke="-1" FahrtspSignal="-1" FahrtspZugsicherung="-1" FahrtText="Zugende passiert Ende Weichenbereich" FahrtHLDruck="-1" FahrtParameter="4" FahrtFBSchalter="-10000"/>
<FahrtEintrag FahrtWeg="2015.5023" FahrtZeit="2023-01-27 10:00:22" Kennung_FahrtZeitms="2023-01-27 10:00:22:472" Fahrtsp="10.2049" FahrtspStrecke="11.1111" FahrtspSignal="-1" FahrtspZugsicherung="12.5" Fahrtkm="49.8679" FahrtHLDruck="5"/>
<FahrtEintrag FahrtWeg="2040.8344" FahrtZeit="2023-01-27 10:00:24" Kennung_FahrtZeitms="2023-01-27 10:00:24:426" Fahrtsp="10.1747" FahrtspStrecke="11.1111" FahrtspSignal="-1" FahrtspZugsicherung="12.5" Fahrtkm="49.8679" FahrtHLDruck="5"/>
<FahrtEintrag FahrtWeg="2065.9487" FahrtZeit="2023-01-27 10:00:27" Kennung_FahrtZeitms="2023-01-27 10:00:27:417" Fahrtsp="10.1447" FahrtspStrecke="11.1111" FahrtspSignal="-1" FahrtspZugsicherung="12.5" Fahrtkm="49.8679" FahrtHLDruck="5"/>
<FahrtEintrag FahrtWeg="2091.0283" FahrtZeit="2023-01-27 10:00:29" Kennung_FahrtZeitms="2023-01-27 10:00:29:425" Fahrtsp="10.1147" FahrtspStrecke="11.1111" FahrtspSignal="-1" FahrtspZugsicherung="45.8333" Fahrtkm="49.8679" FahrtHLDruck="5"/>
<FahrtEintrag FahrtWeg="2116.2683" FahrtZeit="2023-01-27 10:00:32" Kennung_FahrtZeitms="2023-01-27 10:00:32:396" Fahrtsp="10.0844" FahrtspStrecke="11.1111" FahrtspSignal="-1" FahrtspZugsicherung="45.8333" Fahrtkm="49.9674" FahrtHLDruck="5"/>
<FahrtEintrag FahrtWeg="2141.3245" FahrtZeit="2023-01-27 10:00:34" Kennung_FahrtZeitms="2023-01-27 10:00:34:403" Fahrtsp="10.0544" FahrtspStrecke="11.1111" FahrtspSignal="-1" FahrtspZugsicherung="45.8333" Fahrtkm="49.9674" FahrtHLDruck="5"/>
<FahrtEintrag FahrtWeg="2166.5535" FahrtZeit="2023-01-27 10:00:36" Kennung_FahrtZeitms="2023-01-27 10:00:36:373" Fahrtsp="10.0241" FahrtspStrecke="11.1111" FahrtspSignal="-1" FahrtspZugsicherung="45.8333" Fahrtkm="49.9674" FahrtHLDruck="5"/>
<FahrtEintrag FahrtWeg="2191.866" FahrtZeit="2023-01-27 10:00:39" Kennung_FahrtZeitms="2023-01-27 10:00:39:392" Fahrtsp="9.9937" FahrtspStrecke="11.1111" FahrtspSignal="-1" FahrtspZugsicherung="45.8333" Fahrtkm="50.0543" FahrtHLDruck="5"/>
<FahrtEintrag FahrtWeg="2216.9812" FahrtZeit="2023-01-27 10:00:42" Kennung_FahrtZeitms="2023-01-27 10:00:42:378" Fahrtsp="9.9634" FahrtspStrecke="11.1111" FahrtspSignal="-1" FahrtspZugsicherung="45.8333" Fahrtkm="50.0669" FahrtHLDruck="5"/>
<FahrtEintrag FahrtWeg="2242.0374" FahrtZeit="2023-01-27 10:00:44" Kennung_FahrtZeitms="2023-01-27 10:00:44:385" Fahrtsp="9.9332" FahrtspStrecke="11.1111" FahrtspSignal="-1" FahrtspZugsicherung="45.8333" Fahrtkm="50.0669" FahrtHLDruck="5"/>
<FahrtEintrag FahrtWeg="2267.2185" FahrtZeit="2023-01-27 10:00:47" Kennung_FahrtZeitms="2023-01-27 10:00:47:366" Fahrtsp="9.9028" FahrtspStrecke="11.1111" FahrtspSignal="-1" FahrtspZugsicherung="45.8333" Fahrtkm="50.0669" FahrtHLDruck="5"/>
<FahrtEintrag FahrtWeg="2292.2808" FahrtZeit="2023-01-27 10:00:49" Kennung_FahrtZeitms="2023-01-27 10:00:49:394" Fahrtsp="9.8725" FahrtspStrecke="11.1111" FahrtspSignal="-1" FahrtspZugsicherung="45.8333" Fahrtkm="50.0669" FahrtHLDruck="5"/>
<FahrtEintrag FahrtWeg="2317.6111" FahrtZeit="2023-01-27 10:00:52" Kennung_FahrtZeitms="2023-01-27 10:00:52:416" Fahrtsp="9.8418" FahrtspStrecke="11.1111" FahrtspSignal="-1" FahrtspZugsicherung="45.8333" Fahrtkm="50.1664" FahrtHLDruck="5"/>
<FahrtEintrag FahrtWeg="2320.6169" FahrtZeit="2023-01-27 10:00:52" Kennung_FahrtZeitms="2023-01-27 10:00:52:483" Fahrtsp="9.8382" FahrtspStrecke="11.1111" FahrtspSignal="-1" FahrtspZugsicherung="45.8333" Fahrtkm="50.1664" FahrtHLDruck="5"/>
<FahrtEintrag FahrtWeg="2333.8027" FahrtZeit="2023-01-27 10:00:53" Kennung_FahrtZeitms="2023-01-27 10:00:53:523" Fahrtsp="9.8222" FahrtspStrecke="11.1111" FahrtspSignal="-1" FahrtspZugsicherung="45.8333" Fahrtkm="50.1664" FahrtHLDruck="5"/>
<FahrtEintrag FahrtWeg="2358.9404" FahrtZeit="2023-01-27 10:00:56" Kennung_FahrtZeitms="2023-01-27 10:00:56:507" Fahrtsp="9.7917" FahrtspStrecke="11.1111" FahrtspSignal="-1" FahrtspZugsicherung="45.8333" Fahrtkm="50.1665" FahrtHLDruck="5"/>
<FahrtEintrag FahrtWeg="2384.1731" FahrtZeit="2023-01-27 10:00:59" Kennung_FahrtZeitms="2023-01-27 10:00:59:533" Fahrtsp="9.761" FahrtspStrecke="11.1111" FahrtspSignal="-1" FahrtspZugsicherung="45.8333" Fahrtkm="50.1664" FahrtHLDruck="5"/>
<FahrtEintrag FahrtWeg="2358.9404" FahrtZeit="2023-01-27 10:00:56" Kennung_FahrtZeitms="2023-01-27 10:00:56:507" Fahrtsp="9.7917" FahrtspStrecke="11.1111" FahrtspSignal="-1" FahrtspZugsicherung="45.8333" Fahrtkm="50.1665" FahrtHLDruck="5"/>
<FahrtEintrag FahrtWeg="2384.1731" FahrtZeit="2023-01-27 10:00:59" Kennung_FahrtZeitms="2023-01-27 10:00:59:533" Fahrtsp="9.761" FahrtspStrecke="11.1111" FahrtspSignal="-1" FahrtspZugsicherung="45.8333" Fahrtkm="50.1664" FahrtHLDruck="5"/>
<FahrtEintrag FahrtWeg="2409.198" FahrtZeit="2023-01-27 10:01:01" Kennung_FahrtZeitms="2023-01-27 10:01:01:596" Fahrtsp="9.7305" FahrtspStrecke="11.1111" FahrtspSignal="-1" FahrtspZugsicherung="45.8333" Fahrtkm="50.1819" FahrtHLDruck="5"/>
<FahrtEintrag FahrtWeg="2434.479" FahrtZeit="2023-01-27 10:01:04" Kennung_FahrtZeitms="2023-01-27 10:01:04:592" Fahrtsp="9.6997" FahrtspStrecke="11.1111" FahrtspSignal="-1" FahrtspZugsicherung="45.8333" Fahrtkm="50.266" FahrtHLDruck="5"/>
<FahrtEintrag FahrtWeg="2459.5051" FahrtZeit="2023-01-27 10:01:06" Kennung_FahrtZeitms="2023-01-27 10:01:06:621" Fahrtsp="9.6822" FahrtspStrecke="11.1111" FahrtspSignal="-1" FahrtspZugsicherung="45.8333" Fahrtkm="50.266" FahrtHLDruck="5"/>
<FahrtEintrag FahrtWeg="2484.6931" FahrtZeit="2023-01-27 10:01:09" Kennung_FahrtZeitms="2023-01-27 10:01:09:669" Fahrtsp="9.6514" FahrtspStrecke="11.1111" FahrtspSignal="-1" FahrtspZugsicherung="45.8333" Fahrtkm="50.266" FahrtHLDruck="5"/>
<FahrtEintrag FahrtWeg="2509.8208" FahrtZeit="2023-01-27 10:01:11" Kennung_FahrtZeitms="2023-01-27 10:01:11:598" Fahrtsp="9.6207" FahrtspStrecke="11.1111" FahrtspSignal="-1" FahrtspZugsicherung="45.8333" Fahrtkm="50.3655" FahrtHLDruck="5"/>
<FahrtEintrag FahrtWeg="2535.0088" FahrtZeit="2023-01-27 10:01:14" Kennung_FahrtZeitms="2023-01-27 10:01:14:627" Fahrtsp="9.66" FahrtspStrecke="11.1111" FahrtspSignal="-1" FahrtspZugsicherung="45.8333" Fahrtkm="50.3655" FahrtHLDruck="5" FahrtFBSchalter="4"/>
<FahrtEintrag FahrtWeg="2560.0811" FahrtZeit="2023-01-27 10:01:17" Kennung_FahrtZeitms="2023-01-27 10:01:17:595" Fahrtsp="9.8867" FahrtspStrecke="11.1111" FahrtspSignal="-1" FahrtspZugsicherung="45.8333" Fahrtkm="50.3655" FahrtHLDruck="5" FahrtFBSchalter="4"/>
<FahrtEintrag FahrtWeg="2585.2485" FahrtZeit="2023-01-27 10:01:19" Kennung_FahrtZeitms="2023-01-27 10:01:19:634" Fahrtsp="10.1065" FahrtspStrecke="11.1111" FahrtspSignal="-1" FahrtspZugsicherung="45.8333" Fahrtkm="50.3655" FahrtHLDruck="5" FahrtFBSchalter="4"/>
<FahrtEintrag FahrtWeg="2610.552" FahrtZeit="2023-01-27 10:01:22" Kennung_FahrtZeitms="2023-01-27 10:01:22:572" Fahrtsp="10.3204" FahrtspStrecke="11.1111" FahrtspSignal="-1" FahrtspZugsicherung="45.8333" Fahrtkm="50.4651" FahrtHLDruck="5" FahrtFBSchalter="4"/>
<FahrtEintrag FahrtWeg="2635.5532" FahrtZeit="2023-01-27 10:01:24" Kennung_FahrtZeitms="2023-01-27 10:01:24:629" Fahrtsp="10.525" FahrtspStrecke="11.1111" FahrtspSignal="-1" FahrtspZugsicherung="45.8333" Fahrtkm="50.4651" FahrtHLDruck="5" FahrtFBSchalter="4"/>
<FahrtEintrag FahrtWeg="2660.7554" FahrtZeit="2023-01-27 10:01:26" Kennung_FahrtZeitms="2023-01-27 10:01:26:628" Fahrtsp="10.7251" FahrtspStrecke="11.1111" FahrtspSignal="-1" FahrtspZugsicherung="45.8333" Fahrtkm="50.4651" FahrtHLDruck="5" FahrtFBSchalter="4"/>
<FahrtEintrag FahrtWeg="2686.0427" FahrtZeit="2023-01-27 10:01:29" Kennung_FahrtZeitms="2023-01-27 10:01:29:567" Fahrtsp="10.8011" FahrtspStrecke="11.1111" FahrtspSignal="-1" FahrtspZugsicherung="45.8333" Fahrtkm="50.5393" FahrtHLDruck="5"/>
<FahrtEintrag FahrtWeg="2703.0166" FahrtZeit="2023-01-27 10:01:31" Kennung_FahrtZeitms="2023-01-27 10:01:31:593" Fahrtsp="10.7716" FahrtspStrecke="11.1111" FahrtspSignal="-1" FahrtspZugsicherung="45.8333" Fahrtkm="50.5647" FahrtHLDruck="5"/>
<FahrtEintrag FahrtWeg="2711.3354" FahrtZeit="2023-01-27 10:01:31" Kennung_FahrtZeitms="2023-01-27 10:01:31:635" Fahrtsp="10.7716" FahrtspStrecke="11.1111" FahrtspSignal="-1" FahrtspZugsicherung="45.8333" Fahrtkm="50.5647" FahrtHLDruck="5"/>
<FahrtEintrag FahrtWeg="2736.5034" FahrtZeit="2023-01-27 10:01:33" Kennung_FahrtZeitms="2023-01-27 10:01:33:624" Fahrtsp="10.7422" FahrtspStrecke="11.1111" FahrtspSignal="-1" FahrtspZugsicherung="45.8333" Fahrtkm="50.5647" FahrtHLDruck="5"/>
<FahrtEintrag FahrtWeg="2761.6494" FahrtZeit="2023-01-27 10:01:36" Kennung_FahrtZeitms="2023-01-27 10:01:36:593" Fahrtsp="10.7128" FahrtspStrecke="11.1111" FahrtspSignal="-1" FahrtspZugsicherung="45.8333" Fahrtkm="50.5647" FahrtHLDruck="5"/>
<FahrtEintrag FahrtWeg="2786.7278" FahrtZeit="2023-01-27 10:01:38" Kennung_FahrtZeitms="2023-01-27 10:01:38:622" Fahrtsp="10.6835" FahrtspStrecke="11.1111" FahrtspSignal="-1" FahrtspZugsicherung="45.8333" Fahrtkm="50.5647" FahrtHLDruck="5"/>
<FahrtEintrag FahrtWeg="2811.8936" FahrtZeit="2023-01-27 10:01:40" Kennung_FahrtZeitms="2023-01-27 10:01:40:631" Fahrtsp="10.654" FahrtspStrecke="11.1111" FahrtspSignal="-1" FahrtspZugsicherung="45.8333" Fahrtkm="50.6642" FahrtHLDruck="5"/>
<FahrtEintrag FahrtWeg="2837.1377" FahrtZeit="2023-01-27 10:01:43" Kennung_FahrtZeitms="2023-01-27 10:01:43:591" Fahrtsp="10.6244" FahrtspStrecke="11.1111" FahrtspSignal="-1" FahrtspZugsicherung="45.8333" Fahrtkm="50.6642" FahrtHLDruck="5"/>
<FahrtEintrag FahrtWeg="2862.1548" FahrtZeit="2023-01-27 10:01:45" Kennung_FahrtZeitms="2023-01-27 10:01:45:605" Fahrtsp="10.6999" FahrtspStrecke="11.1111" FahrtspSignal="-1" FahrtspZugsicherung="45.8333" Fahrtkm="50.6642" FahrtHLDruck="5" FahrtFBSchalter="2"/>
<FahrtEintrag FahrtWeg="2887.2393" FahrtZeit="2023-01-27 10:01:47" Kennung_FahrtZeitms="2023-01-27 10:01:47:624" Fahrtsp="10.8403" FahrtspStrecke="11.1111" FahrtspSignal="-1" FahrtspZugsicherung="45.8333" Fahrtkm="50.6642" FahrtHLDruck="5" FahrtFBSchalter="3"/>
<FahrtEintrag FahrtTyp="8" FahrtWeg="-1" FahrtZeit="2023-01-27 10:01:50" Kennung_FahrtZeitms="2023-01-27 10:01:50:130" Fahrtsp="-1" FahrtspStrecke="-1" FahrtspSignal="-1" FahrtspZugsicherung="-1" FahrtHLDruck="-1" FahrtParameter="48" FahrtFBSchalter="-10000"/>
<FahrtEintrag FahrtWeg="2903.6819" FahrtZeit="2023-01-27 10:01:50" Kennung_FahrtZeitms="2023-01-27 10:01:50:250" Fahrtsp="10.9637" FahrtspStrecke="11.1111" FahrtspSignal="-1" FahrtspZugsicherung="45.8333" Fahrtkm="50.7655" FahrtHLDruck="5" FahrtFBSchalter="3"/>
<FahrtEintrag FahrtTyp="8" FahrtWeg="-1" FahrtZeit="2023-01-27 10:01:50" Kennung_FahrtZeitms="2023-01-27 10:01:50:299" Fahrtsp="-1" FahrtspStrecke="-1" FahrtspSignal="-1" FahrtspZugsicherung="-1" FahrtHLDruck="-1" FahrtParameter="16" FahrtFBSchalter="-10000"/>
<FahrtEintrag FahrtWeg="2912.4783" FahrtZeit="2023-01-27 10:01:50" Kennung_FahrtZeitms="2023-01-27 10:01:50:632" Fahrtsp="10.9771" FahrtspStrecke="11.1111" FahrtspSignal="-1" FahrtspZugsicherung="45.8333" Fahrtkm="50.7655" FahrtHLDruck="5" FahrtFBSchalter="3"/>
<FahrtEintrag FahrtWeg="2937.6489" FahrtZeit="2023-01-27 10:01:52" Kennung_FahrtZeitms="2023-01-27 10:01:52:658" Fahrtsp="11.0694" FahrtspStrecke="11.1111" FahrtspSignal="-1" FahrtspZugsicherung="45.8333" Fahrtkm="50.7655" FahrtHLDruck="5"/>
<FahrtEintrag FahrtWeg="2962.6743" FahrtZeit="2023-01-27 10:01:54" Kennung_FahrtZeitms="2023-01-27 10:01:54:000" Fahrtsp="11.0405" FahrtspStrecke="11.1111" FahrtspSignal="-1" FahrtspZugsicherung="45.8333" Fahrtkm="50.7655" FahrtHLDruck="5"/>
<FahrtEintrag FahrtWeg="2987.8503" FahrtZeit="2023-01-27 10:01:57" Kennung_FahrtZeitms="2023-01-27 10:01:57:000" Fahrtsp="11.0113" FahrtspStrecke="11.1111" FahrtspSignal="-1" FahrtspZugsicherung="45.8333" Fahrtkm="50.7655" FahrtHLDruck="5"/>
<FahrtEintrag FahrtWeg="3013.1428" FahrtZeit="2023-01-27 10:01:59" Kennung_FahrtZeitms="2023-01-27 10:01:59:000" Fahrtsp="10.982" FahrtspStrecke="11.1111" FahrtspSignal="-1" FahrtspZugsicherung="45.8333" Fahrtkm="50.8633" FahrtHLDruck="5"/>
<FahrtEintrag FahrtWeg="3028.9771" FahrtZeit="2023-01-27 10:02:00" Kennung_FahrtZeitms="2023-01-27 10:02:00:000" Fahrtsp="10.9637" FahrtspStrecke="11.1111" FahrtspSignal="-1" FahrtspZugsicherung="45.8333" Fahrtkm="50.8633" FahrtHLDruck="5"/>
<FahrtEintrag FahrtWeg="3042.5906" FahrtZeit="2023-01-27 10:02:02" Kennung_FahrtZeitms="2023-01-27 10:02:02:000" Fahrtsp="10.9479" FahrtspStrecke="11.1111" FahrtspSignal="-1" FahrtspZugsicherung="45.8333" Fahrtkm="50.8633" FahrtHLDruck="5"/>
<FahrtEintrag FahrtWeg="3067.5967" FahrtZeit="2023-01-27 10:02:04" Kennung_FahrtZeitms="2023-01-27 10:02:04:301" Fahrtsp="10.9188" FahrtspStrecke="11.1111" FahrtspSignal="-1" FahrtspZugsicherung="45.8333" Fahrtkm="50.8634" FahrtHLDruck="5"/>
<FahrtEintrag FahrtWeg="3092.6655" FahrtZeit="2023-01-27 10:02:06" Kennung_FahrtZeitms="2023-01-27 10:02:06:559" Fahrtsp="10.8897" FahrtspStrecke="11.1111" FahrtspSignal="-1" FahrtspZugsicherung="45.8333" Fahrtkm="50.963" FahrtHLDruck="5"/>
<FahrtEintrag FahrtWeg="3117.8613" FahrtZeit="2023-01-27 10:02:08" Kennung_FahrtZeitms="2023-01-27 10:02:08:875" Fahrtsp="10.8604" FahrtspStrecke="11.1111" FahrtspSignal="-1" FahrtspZugsicherung="45.8333" Fahrtkm="50.963" FahrtHLDruck="5"/>
<FahrtEintrag FahrtWeg="3143.0842" FahrtZeit="2023-01-27 10:02:11" Kennung_FahrtZeitms="2023-01-27 10:02:11:045" Fahrtsp="10.831" FahrtspStrecke="11.1111" FahrtspSignal="-1" FahrtspZugsicherung="45.8333" Fahrtkm="50.963" FahrtHLDruck="5"/>
<FahrtEintrag FahrtWeg="3168.1025" FahrtZeit="2023-01-27 10:02:13" Kennung_FahrtZeitms="2023-01-27 10:02:13:222" Fahrtsp="10.8018" FahrtspStrecke="11.1111" FahrtspSignal="-1" FahrtspZugsicherung="45.8333" Fahrtkm="51.038" FahrtHLDruck="5"/>
<FahrtEintrag FahrtWeg="3193.3679" FahrtZeit="2023-01-27 10:02:15" Kennung_FahrtZeitms="2023-01-27 10:02:15:364" Fahrtsp="10.7723" FahrtspStrecke="11.1111" FahrtspSignal="-1" FahrtspZugsicherung="45.8333" Fahrtkm="51.0625" FahrtHLDruck="5"/>
<FahrtEintrag FahrtWeg="3218.6946" FahrtZeit="2023-01-27 10:02:18" Kennung_FahrtZeitms="2023-01-27 10:02:18:510" Fahrtsp="10.7427" FahrtspStrecke="11.1111" FahrtspSignal="-1" FahrtspZugsicherung="45.8333" Fahrtkm="51.0625" FahrtHLDruck="5"/>
<FahrtEintrag FahrtWeg="3244.0068" FahrtZeit="2023-01-27 10:02:20" Kennung_FahrtZeitms="2023-01-27 10:02:20:670" Fahrtsp="10.7131" FahrtspStrecke="11.1111" FahrtspSignal="-1" FahrtspZugsicherung="45.8333" Fahrtkm="51.0625" FahrtHLDruck="5"/>
<FahrtEintrag FahrtWeg="3269.179" FahrtZeit="2023-01-27 10:02:23" Kennung_FahrtZeitms="2023-01-27 10:02:23:820" Fahrtsp="10.6837" FahrtspStrecke="11.1111" FahrtspSignal="-1" FahrtspZugsicherung="45.8333" Fahrtkm="51.138" FahrtHLDruck="5"/>
<FahrtEintrag FahrtWeg="3294.3511" FahrtZeit="2023-01-27 10:02:25" Kennung_FahrtZeitms="2023-01-27 10:02:25:968" Fahrtsp="10.6542" FahrtspStrecke="11.1111" FahrtspSignal="-1" FahrtspZugsicherung="45.8333" Fahrtkm="51.1621" FahrtHLDruck="5"/>
<FahrtEintrag FahrtWeg="3319.4683" FahrtZeit="2023-01-27 10:02:27" Kennung_FahrtZeitms="2023-01-27 10:02:27:118" Fahrtsp="10.6247" FahrtspStrecke="11.1111" FahrtspSignal="-1" FahrtspZugsicherung="45.8333" Fahrtkm="51.1621" FahrtHLDruck="5"/>
<FahrtEintrag FahrtWeg="3344.5457" FahrtZeit="2023-01-27 10:02:30" Kennung_FahrtZeitms="2023-01-27 10:02:30:248" Fahrtsp="10.5953" FahrtspStrecke="11.1111" FahrtspSignal="-1" FahrtspZugsicherung="45.8333" Fahrtkm="51.213" FahrtHLDruck="5"/>
<FahrtEintrag FahrtWeg="3369.8669" FahrtZeit="2023-01-27 10:02:32" Kennung_FahrtZeitms="2023-01-27 10:02:32:470" Fahrtsp="10.5655" FahrtspStrecke="11.1111" FahrtspSignal="-1" FahrtspZugsicherung="45.8333" Fahrtkm="51.213" FahrtHLDruck="5"/>
<FahrtEintrag FahrtWeg="3394.9556" FahrtZeit="2023-01-27 10:02:34" Kennung_FahrtZeitms="2023-01-27 10:02:34:610" Fahrtsp="10.536" FahrtspStrecke="11.1111" FahrtspSignal="-1" FahrtspZugsicherung="45.8333" Fahrtkm="51.2617" FahrtHLDruck="5"/>
<FahrtEintrag FahrtWeg="3420.0662" FahrtZeit="2023-01-27 10:02:37" Kennung_FahrtZeitms="2023-01-27 10:02:37:758" Fahrtsp="10.5064" FahrtspStrecke="11.1111" FahrtspSignal="-1" FahrtspZugsicherung="45.8333" Fahrtkm="51.288" FahrtHLDruck="5"/>
<FahrtEintrag FahrtWeg="3445.2012" FahrtZeit="2023-01-27 10:02:39" Kennung_FahrtZeitms="2023-01-27 10:02:39:880" Fahrtsp="10.4768" FahrtspStrecke="11.1111" FahrtspSignal="-1" FahrtspZugsicherung="45.8333" Fahrtkm="51.288" FahrtHLDruck="5"/>
<FahrtEintrag FahrtWeg="3470.4749" FahrtZeit="2023-01-27 10:02:42" Kennung_FahrtZeitms="2023-01-27 10:02:42:970" Fahrtsp="10.4469" FahrtspStrecke="11.1111" FahrtspSignal="-1" FahrtspZugsicherung="45.8333" Fahrtkm="51.288" FahrtHLDruck="5"/>
<FahrtEintrag FahrtWeg="3495.8025" FahrtZeit="2023-01-27 10:02:45" Kennung_FahrtZeitms="2023-01-27 10:02:45:786" Fahrtsp="10.1417" FahrtspStrecke="11.1111" FahrtspSignal="-1" FahrtspZugsicherung="45.8333" Fahrtkm="51.3611" FahrtHLDruck="5"/>
<FahrtEintrag FahrtWeg="3500.0747" FahrtZeit="2023-01-27 10:02:46" Kennung_FahrtZeitms="2023-01-27 10:02:46:211" Fahrtsp="10.1407" FahrtspStrecke="11.1111" FahrtspSignal="-1" FahrtspZugsicherung="45.8333" Fahrtkm="51.3611" FahrtHLDruck="5"/>
<FahrtEintrag FahrtWeg="3521.0564" FahrtZeit="2023-01-27 10:02:47" Kennung_FahrtZeitms="2023-01-27 10:02:47:764" Fahrtsp="10.0871" FahrtspStrecke="11.1111" FahrtspSignal="-1" FahrtspZugsicherung="45.8333" Fahrtkm="51.3611" FahrtHLDruck="5"/>
<FahrtEintrag FahrtWeg="3546.2371" FahrtZeit="2023-01-27 10:02:50" Kennung_FahrtZeitms="2023-01-27 10:02:50:454" Fahrtsp="10.0573" FahrtspStrecke="11.1111" FahrtspSignal="-1" FahrtspZugsicherung="45.8333" Fahrtkm="51.3611" FahrtHLDruck="5"/>
<FahrtEintrag FahrtWeg="3571.3274" FahrtZeit="2023-01-27 10:02:52" Kennung_FahrtZeitms="2023-01-27 10:02:52:586" Fahrtsp="10.0475" FahrtspStrecke="11.1111" FahrtspSignal="-1" FahrtspZugsicherung="45.8333" Fahrtkm="51.3611" FahrtHLDruck="5"/>
<FahrtEintrag FahrtWeg="3596.4756" FahrtZeit="2023-01-27 10:02:54" Kennung_FahrtZeitms="2023-01-27 10:02:54:831" Fahrtsp="10.0377" FahrtspStrecke="11.1111" FahrtspSignal="-1" FahrtspZugsicherung="45.8333" Fahrtkm="51.4607" FahrtHLDruck="5"/>
<FahrtEintrag FahrtWeg="3621.7095" FahrtZeit="2023-01-27 10:02:56" Kennung_FahrtZeitms="2023-01-27 10:02:56:564" Fahrtsp="10.0277" FahrtspStrecke="11.1111" FahrtspSignal="-1" FahrtspZugsicherung="45.8333" Fahrtkm="51.4607" FahrtHLDruck="5"/>
<FahrtEintrag FahrtWeg="3647.0315" FahrtZeit="2023-01-27 10:02:59" Kennung_FahrtZeitms="2023-01-27 10:02:59:486" Fahrtsp="10.015" FahrtspStrecke="11.1111" FahrtspSignal="-1" FahrtspZugsicherung="45.8333" Fahrtkm="51.4607" FahrtHLDruck="5"/>
<FahrtEintrag FahrtTyp="8" FahrtWeg="-1" FahrtZeit="2023-01-27 10:03:00" Kennung_FahrtZeitms="2023-01-27 10:03:00:610" Fahrtsp="-1" FahrtspStrecke="-1" FahrtspSignal="-1" FahrtspZugsicherung="-1" FahrtHLDruck="-1" FahrtParameter="48" FahrtFBSchalter="-10000"/>
<FahrtEintrag FahrtWeg="3653.7105" FahrtZeit="2023-01-27 10:03:00" Kennung_FahrtZeitms="2023-01-27 10:03:00:981" Fahrtsp="9.9975" FahrtspStrecke="11.1111" FahrtspSignal="-1" FahrtspZugsicherung="45.8333" Fahrtkm="51.5146" FahrtHLDruck="5"/>
<FahrtEintrag FahrtTyp="8" FahrtWeg="-1" FahrtZeit="2023-01-27 10:03:01" Kennung_FahrtZeitms="2023-01-27 10:03:01:016" Fahrtsp="-1" FahrtspStrecke="-1" FahrtspSignal="-1" FahrtspZugsicherung="-1" FahrtHLDruck="-1" FahrtParameter="16" FahrtFBSchalter="-10000"/>
<FahrtEintrag FahrtWeg="3672.3359" FahrtZeit="2023-01-27 10:03:01" Kennung_FahrtZeitms="2023-01-27 10:03:01:730" Fahrtsp="10.0074" FahrtspStrecke="11.1111" FahrtspSignal="-1" FahrtspZugsicherung="45.8333" Fahrtkm="51.5146" FahrtHLDruck="5"/>
<FahrtEintrag FahrtTyp="5" FahrtWeg="3687.7803" FahrtZeit="2023-01-27 10:03:03" Kennung_FahrtZeitms="2023-01-27 10:03:03:293" Fahrtsp="10.0886" FahrtspStrecke="11.1111" FahrtspSignal="-1" FahrtspZugsicherung="45.8333" FahrtText="LZB-Bk 21/22/121/122 LZB-Bk 21" Fahrtkm="51.4607" FahrtHLDruck="5"/>
<FahrtEintrag FahrtTyp="5" FahrtWeg="-1" FahrtZeit="2023-01-27 10:03:03" Kennung_FahrtZeitms="2023-01-27 10:03:03:293" Fahrtsp="-1" FahrtspStrecke="-1" FahrtspSignal="-1" FahrtspZugsicherung="-1" FahrtText="Zugende passiert Ende Weichenbereich" FahrtHLDruck="-1" FahrtParameter="4" FahrtFBSchalter="-10000"/>
<FahrtEintrag FahrtWeg="3688.0994" FahrtZeit="2023-01-27 10:03:03" Kennung_FahrtZeitms="2023-01-27 10:03:03:293" Fahrtsp="10.0986" FahrtspStrecke="11.1111" FahrtspSignal="-1" FahrtspZugsicherung="45.8333" Fahrtkm="51.56" FahrtHLDruck="5"/>
<FahrtEintrag FahrtTyp="5" FahrtWeg="-1" FahrtZeit="2023-01-27 10:03:05" Kennung_FahrtZeitms="2023-01-27 10:03:05:229" Fahrtsp="-1" FahrtspStrecke="-1" FahrtspSignal="-1" FahrtspZugsicherung="-1" FahrtText="Zugende passiert Ende Weichenbereich" FahrtHLDruck="-1" FahrtParameter="4" FahrtFBSchalter="-10000"/>
<FahrtEintrag FahrtWeg="3707.9995" FahrtZeit="2023-01-27 10:03:05" Kennung_FahrtZeitms="2023-01-27 10:03:05:229" Fahrtsp="10.1649" FahrtspStrecke="11.1111" FahrtspSignal="-1" FahrtspZugsicherung="45.8333" Fahrtkm="51.5682" FahrtHLDruck="5"/>
<FahrtEintrag FahrtWeg="3733.019" FahrtZeit="2023-01-27 10:03:07" Kennung_FahrtZeitms="2023-01-27 10:03:07:460" Fahrtsp="10.1349" FahrtspStrecke="11.1111" FahrtspSignal="-1" FahrtspZugsicherung="45.8333" Fahrtkm="51.5682" FahrtHLDruck="5"/>
<FahrtEintrag FahrtWeg="3758.0522" FahrtZeit="2023-01-27 10:03:10" Kennung_FahrtZeitms="2023-01-27 10:03:10:023" Fahrtsp="10.105" FahrtspStrecke="11.1111" FahrtspSignal="-1" FahrtspZugsicherung="45.8333" Fahrtkm="51.626" FahrtHLDruck="5"/>
<FahrtEintrag FahrtWeg="3783.1365" FahrtZeit="2023-01-27 10:03:12" Kennung_FahrtZeitms="2023-01-27 10:03:12:131" Fahrtsp="10.0749" FahrtspStrecke="11.1111" FahrtspSignal="-1" FahrtspZugsicherung="45.8333" Fahrtkm="51.626" FahrtHLDruck="5"/>
<FahrtEintrag FahrtWeg="3808.2075" FahrtZeit="2023-01-27 10:03:15" Kennung_FahrtZeitms="2023-01-27 10:03:15:146" Fahrtsp="10.0448" FahrtspStrecke="11.1111" FahrtspSignal="-1" FahrtspZugsicherung="45.8333" Fahrtkm="51.6598" FahrtHLDruck="5"/>
<FahrtEintrag FahrtWeg="3833.4373" FahrtZeit="2023-01-27 10:03:17" Kennung_FahrtZeitms="2023-01-27 10:03:17:069" Fahrtsp="10.0145" FahrtspStrecke="11.1111" FahrtspSignal="-1" FahrtspZugsicherung="45.8333" Fahrtkm="51.6598" FahrtHLDruck="5"/>
<FahrtEintrag FahrtWeg="3847.5598" FahrtZeit="2023-01-27 10:03:18" Kennung_FahrtZeitms="2023-01-27 10:03:18:400" Fahrtsp="9.9975" FahrtspStrecke="11.1111" FahrtspSignal="-1" FahrtspZugsicherung="45.8333" Fahrtkm="51.6598" FahrtHLDruck="5"/>
<FahrtEintrag FahrtWeg="3865.7876" FahrtZeit="2023-01-27 10:03:20" Kennung_FahrtZeitms="2023-01-27 10:03:20:016" Fahrtsp="9.9756" FahrtspStrecke="11.1111" FahrtspSignal="-1" FahrtspZugsicherung="45.8333" Fahrtkm="51.6598" FahrtHLDruck="5"/>
<FahrtEintrag FahrtWeg="3890.8169" FahrtZeit="2023-01-27 10:03:23" Kennung_FahrtZeitms="2023-01-27 10:03:23:108" Fahrtsp="9.9454" FahrtspStrecke="11.1111" FahrtspSignal="-1" FahrtspZugsicherung="45.8333" Fahrtkm="51.7594" FahrtHLDruck="5"/>
<FahrtEintrag FahrtWeg="3915.9902" FahrtZeit="2023-01-27 10:03:25" Kennung_FahrtZeitms="2023-01-27 10:03:25:145" Fahrtsp="9.915" FahrtspStrecke="11.1111" FahrtspSignal="-1" FahrtspZugsicherung="45.8333" Fahrtkm="51.7594" FahrtHLDruck="5"/>
<FahrtEintrag FahrtWeg="3941.1216" FahrtZeit="2023-01-27 10:03:28" Kennung_FahrtZeitms="2023-01-27 10:03:28:247" Fahrtsp="9.8846" FahrtspStrecke="11.1111" FahrtspSignal="-1" FahrtspZugsicherung="45.8333" Fahrtkm="51.7594" FahrtHLDruck="5"/>
<FahrtEintrag FahrtWeg="3966.249" FahrtZeit="2023-01-27 10:03:30" Kennung_FahrtZeitms="2023-01-27 10:03:30:354" Fahrtsp="9.8542" FahrtspStrecke="11.1111" FahrtspSignal="-1" FahrtspZugsicherung="45.8333" Fahrtkm="51.7594" FahrtHLDruck="5"/>
<FahrtEintrag FahrtWeg="3991.272" FahrtZeit="2023-01-27 10:03:33" Kennung_FahrtZeitms="2023-01-27 10:03:33:453" Fahrtsp="9.8239" FahrtspStrecke="11.1111" FahrtspSignal="-1" FahrtspZugsicherung="45.8333" Fahrtkm="51.8589" FahrtHLDruck="5"/>
<FahrtEintrag FahrtWeg="4016.5198" FahrtZeit="2023-01-27 10:03:36" Kennung_FahrtZeitms="2023-01-27 10:03:36:551" Fahrtsp="9.7932" FahrtspStrecke="11.1111" FahrtspSignal="-1" FahrtspZugsicherung="45.8333" Fahrtkm="51.8589" FahrtHLDruck="5"/>
<FahrtEintrag FahrtWeg="4041.7073" FahrtZeit="2023-01-27 10:03:38" Kennung_FahrtZeitms="2023-01-27 10:03:38:631" Fahrtsp="9.7626" FahrtspStrecke="11.1111" FahrtspSignal="-1" FahrtspZugsicherung="45.8333" Fahrtkm="51.8589" FahrtHLDruck="5"/>
<FahrtEintrag FahrtWeg="4066.9299" FahrtZeit="2023-01-27 10:03:41" Kennung_FahrtZeitms="2023-01-27 10:03:41:591" Fahrtsp="9.7319" FahrtspStrecke="11.1111" FahrtspSignal="-1" FahrtspZugsicherung="45.8333" Fahrtkm="51.8589" FahrtHLDruck="5"/>
<FahrtEintrag FahrtWeg="4092.2002" FahrtZeit="2023-01-27 10:03:43" Kennung_FahrtZeitms="2023-01-27 10:03:43:664" Fahrtsp="9.7011" FahrtspStrecke="11.1111" FahrtspSignal="-1" FahrtspZugsicherung="45.8333" Fahrtkm="51.9585" FahrtHLDruck="5"/>
<FahrtEintrag FahrtWeg="4117.3086" FahrtZeit="2023-01-27 10:03:46" Kennung_FahrtZeitms="2023-01-27 10:03:46:637" Fahrtsp="9.6704" FahrtspStrecke="11.1111" FahrtspSignal="-1" FahrtspZugsicherung="45.8333" Fahrtkm="51.9585" FahrtHLDruck="5"/>
<FahrtEintrag FahrtWeg="4142.3555" FahrtZeit="2023-01-27 10:03:48" Kennung_FahrtZeitms="2023-01-27 10:03:48:654" Fahrtsp="9.6398" FahrtspStrecke="11.1111" FahrtspSignal="-1" FahrtspZugsicherung="45.8333" Fahrtkm="51.9585" FahrtHLDruck="5"/>
<FahrtEintrag FahrtWeg="4167.6182" FahrtZeit="2023-01-27 10:03:51" Kennung_FahrtZeitms="2023-01-27 10:03:51:453" Fahrtsp="9.6089" FahrtspStrecke="11.1111" FahrtspSignal="-1" FahrtspZugsicherung="45.8333" Fahrtkm="51.9585" FahrtHLDruck="5"/>
<FahrtEintrag FahrtWeg="4192.7246" FahrtZeit="2023-01-27 10:03:54" Kennung_FahrtZeitms="2023-01-27 10:03:54:519" Fahrtsp="9.5878" FahrtspStrecke="11.1111" FahrtspSignal="-1" FahrtspZugsicherung="45.8333" Fahrtkm="52.058" FahrtHLDruck="5" FahrtFBSchalter="1"/>
<FahrtEintrag FahrtWeg="4218.0161" FahrtZeit="2023-01-27 10:03:56" Kennung_FahrtZeitms="2023-01-27 10:03:56:496" Fahrtsp="9.843" FahrtspStrecke="11.1111" FahrtspSignal="-1" FahrtspZugsicherung="45.8333" Fahrtkm="52.0719" FahrtHLDruck="5" FahrtFBSchalter="5"/>
<FahrtEintrag FahrtWeg="4243.0879" FahrtZeit="2023-01-27 10:03:59" Kennung_FahrtZeitms="2023-01-27 10:03:59:537" Fahrtsp="10.1409" FahrtspStrecke="11.1111" FahrtspSignal="-1" FahrtspZugsicherung="45.8333" Fahrtkm="52.0719" FahrtHLDruck="5" FahrtFBSchalter="5"/>
<FahrtEintrag FahrtWeg="4268.0996" FahrtZeit="2023-01-27 10:04:01" Kennung_FahrtZeitms="2023-01-27 10:04:01:459" Fahrtsp="10.4101" FahrtspStrecke="11.1111" FahrtspSignal="-1" FahrtspZugsicherung="45.8333" Fahrtkm="52.072" FahrtHLDruck="5" FahrtFBSchalter="5"/>
<FahrtEintrag FahrtWeg="4293.3672" FahrtZeit="2023-01-27 10:04:04" Kennung_FahrtZeitms="2023-01-27 10:04:04:476" Fahrtsp="10.558" FahrtspStrecke="11.1111" FahrtspSignal="-1" FahrtspZugsicherung="45.8333" Fahrtkm="52.1577" FahrtHLDruck="5"/>
<FahrtEintrag FahrtWeg="4318.5352" FahrtZeit="2023-01-27 10:04:06" Kennung_FahrtZeitms="2023-01-27 10:04:06:416" Fahrtsp="10.5284" FahrtspStrecke="11.1111" FahrtspSignal="-1" FahrtspZugsicherung="45.8333" Fahrtkm="52.1577" FahrtHLDruck="5"/>
<FahrtEintrag FahrtWeg="4343.6699" FahrtZeit="2023-01-27 10:04:09" Kennung_FahrtZeitms="2023-01-27 10:04:09:369" Fahrtsp="10.4988" FahrtspStrecke="11.1111" FahrtspSignal="-1" FahrtspZugsicherung="45.8333" Fahrtkm="52.1577" FahrtHLDruck="5"/>
<FahrtEintrag FahrtWeg="4368.9609" FahrtZeit="2023-01-27 10:04:11" Kennung_FahrtZeitms="2023-01-27 10:04:11:426" Fahrtsp="10.469" FahrtspStrecke="11.1111" FahrtspSignal="-1" FahrtspZugsicherung="45.8333" Fahrtkm="52.222" FahrtHLDruck="5"/>
<FahrtEintrag FahrtWeg="4394.1606" FahrtZeit="2023-01-27 10:04:13" Kennung_FahrtZeitms="2023-01-27 10:04:13:397" Fahrtsp="10.4392" FahrtspStrecke="11.1111" FahrtspSignal="-1" FahrtspZugsicherung="45.8333" Fahrtkm="52.2572" FahrtHLDruck="5"/>
<FahrtEintrag FahrtWeg="4419.3032" FahrtZeit="2023-01-27 10:04:16" Kennung_FahrtZeitms="2023-01-27 10:04:16:464" Fahrtsp="10.4095" FahrtspStrecke="11.1111" FahrtspSignal="-1" FahrtspZugsicherung="45.8333" Fahrtkm="52.2572" FahrtHLDruck="5"/>
<FahrtEintrag FahrtWeg="4444.4639" FahrtZeit="2023-01-27 10:04:18" Kennung_FahrtZeitms="2023-01-27 10:04:18:482" Fahrtsp="10.3797" FahrtspStrecke="11.1111" FahrtspSignal="-1" FahrtspZugsicherung="45.8333" Fahrtkm="52.2572" FahrtHLDruck="5"/>
<FahrtEintrag FahrtWeg="4469.6323" FahrtZeit="2023-01-27 10:04:21" Kennung_FahrtZeitms="2023-01-27 10:04:21:436" Fahrtsp="10.3194" FahrtspStrecke="11.1111" FahrtspSignal="-1" FahrtspZugsicherung="45.8333" Fahrtkm="52.3409" FahrtHLDruck="5"/>
<FahrtEintrag FahrtWeg="4494.6753" FahrtZeit="2023-01-27 10:04:23" Kennung_FahrtZeitms="2023-01-27 10:04:23:531" Fahrtsp="10.0559" FahrtspStrecke="11.1111" FahrtspSignal="-1" FahrtspZugsicherung="45.8333" Fahrtkm="52.3568" FahrtHLDruck="5"/>
<FahrtEintrag FahrtWeg="4519.958" FahrtZeit="2023-01-27 10:04:26" Kennung_FahrtZeitms="2023-01-27 10:04:26:377" Fahrtsp="9.7214" FahrtspStrecke="11.1111" FahrtspSignal="-1" FahrtspZugsicherung="45.8333" Fahrtkm="52.3568" FahrtHLDruck="5"/>
<FahrtEintrag FahrtWeg="4545.1372" FahrtZeit="2023-01-27 10:04:28" Kennung_FahrtZeitms="2023-01-27 10:04:28:382" Fahrtsp="9.3771" FahrtspStrecke="11.1111" FahrtspSignal="-1" FahrtspZugsicherung="45.8333" Fahrtkm="52.3567" FahrtHLDruck="5"/>
<FahrtEintrag FahrtWeg="4570.2915" FahrtZeit="2023-01-27 10:04:31" Kennung_FahrtZeitms="2023-01-27 10:04:31:384" Fahrtsp="9.0613" FahrtspStrecke="11.1111" FahrtspSignal="-1" FahrtspZugsicherung="45.8333" Fahrtkm="52.3567" FahrtHLDruck="5" FahrtFBSchalter="18"/>
<FahrtEintrag FahrtWeg="4595.6279" FahrtZeit="2023-01-27 10:04:34" Kennung_FahrtZeitms="2023-01-27 10:04:34:463" Fahrtsp="9.8277" FahrtspStrecke="11.1111" FahrtspSignal="-1" FahrtspZugsicherung="45.8333" Fahrtkm="52.4564" FahrtHLDruck="5" FahrtFBSchalter="18"/>
<FahrtEintrag FahrtWeg="4620.6685" FahrtZeit="2023-01-27 10:04:36" Kennung_FahrtZeitms="2023-01-27 10:04:36:531" Fahrtsp="10.5905" FahrtspStrecke="11.1111" FahrtspSignal="-1" FahrtspZugsicherung="45.8333" Fahrtkm="52.4564" FahrtHLDruck="5" FahrtFBSchalter="17"/>
<FahrtEintrag FahrtWeg="4645.7061" FahrtZeit="2023-01-27 10:04:38" Kennung_FahrtZeitms="2023-01-27 10:04:38:458" Fahrtsp="10.5721" FahrtspStrecke="11.1111" FahrtspSignal="-1" FahrtspZugsicherung="45.8333" Fahrtkm="52.4564" FahrtHLDruck="5"/>
<FahrtEintrag FahrtWeg="4670.7285" FahrtZeit="2023-01-27 10:04:41" Kennung_FahrtZeitms="2023-01-27 10:04:41:368" Fahrtsp="10.2569" FahrtspStrecke="11.1111" FahrtspSignal="-1" FahrtspZugsicherung="45.8333" Fahrtkm="52.4563" FahrtHLDruck="5"/>
<FahrtEintrag FahrtWeg="4695.8965" FahrtZeit="2023-01-27 10:04:43" Kennung_FahrtZeitms="2023-01-27 10:04:43:483" Fahrtsp="10.2097" FahrtspStrecke="11.1111" FahrtspSignal="-1" FahrtspZugsicherung="45.8333" Fahrtkm="52.5558" FahrtHLDruck="5" FahrtFBSchalter="9"/>
<FahrtEintrag FahrtWeg="4721.1162" FahrtZeit="2023-01-27 10:04:46" Kennung_FahrtZeitms="2023-01-27 10:04:46:483" Fahrtsp="10.4285" FahrtspStrecke="11.1111" FahrtspSignal="-1" FahrtspZugsicherung="45.8333" Fahrtkm="52.5558" FahrtHLDruck="5" FahrtFBSchalter="9"/>
<FahrtEintrag FahrtWeg="4746.1655" FahrtZeit="2023-01-27 10:04:48" Kennung_FahrtZeitms="2023-01-27 10:04:48:386" Fahrtsp="10.6366" FahrtspStrecke="11.1111" FahrtspSignal="-1" FahrtspZugsicherung="45.8333" Fahrtkm="52.5558" FahrtHLDruck="5" FahrtFBSchalter="9"/>
<FahrtEintrag FahrtWeg="4771.3604" FahrtZeit="2023-01-27 10:04:50" Kennung_FahrtZeitms="2023-01-27 10:04:50:417" Fahrtsp="10.7337" FahrtspStrecke="11.1111" FahrtspSignal="-1" FahrtspZugsicherung="45.8333" Fahrtkm="52.5558" FahrtHLDruck="5" FahrtFBSchalter="4"/>
<FahrtEintrag FahrtWeg="4796.4048" FahrtZeit="2023-01-27 10:04:53" Kennung_FahrtZeitms="2023-01-27 10:04:53:478" Fahrtsp="10.6522" FahrtspStrecke="11.1111" FahrtspSignal="-1" FahrtspZugsicherung="45.8333" Fahrtkm="52.6554" FahrtHLDruck="5" FahrtFBSchalter="4"/>
<FahrtEintrag FahrtWeg="4821.689" FahrtZeit="2023-01-27 10:04:55" Kennung_FahrtZeitms="2023-01-27 10:04:55:377" Fahrtsp="10.5703" FahrtspStrecke="11.1111" FahrtspSignal="-1" FahrtspZugsicherung="45.8333" Fahrtkm="52.6554" FahrtHLDruck="5" FahrtFBSchalter="4"/>
<FahrtEintrag FahrtWeg="4846.9282" FahrtZeit="2023-01-27 10:04:58" Kennung_FahrtZeitms="2023-01-27 10:04:58:372" Fahrtsp="10.4888" FahrtspStrecke="11.1111" FahrtspSignal="-1" FahrtspZugsicherung="45.8333" Fahrtkm="52.6554" FahrtHLDruck="5" FahrtFBSchalter="4"/>
<FahrtEintrag FahrtWeg="4872.0547" FahrtZeit="2023-01-27 10:05:00" Kennung_FahrtZeitms="2023-01-27 10:05:00:434" Fahrtsp="10.4079" FahrtspStrecke="11.1111" FahrtspSignal="-1" FahrtspZugsicherung="45.8333" Fahrtkm="52.6554" FahrtHLDruck="5" FahrtFBSchalter="4"/>
<FahrtEintrag FahrtWeg="4897.1523" FahrtZeit="2023-01-27 10:05:02" Kennung_FahrtZeitms="2023-01-27 10:05:02:453" Fahrtsp="10.3274" FahrtspStrecke="11.1111" FahrtspSignal="-1" FahrtspZugsicherung="45.8333" Fahrtkm="52.7549" FahrtHLDruck="5" FahrtFBSchalter="4"/>
<FahrtEintrag FahrtWeg="4922.3115" FahrtZeit="2023-01-27 10:05:05" Kennung_FahrtZeitms="2023-01-27 10:05:05:475" Fahrtsp="10.247" FahrtspStrecke="11.1111" FahrtspSignal="-1" FahrtspZugsicherung="45.8333" Fahrtkm="52.7549" FahrtHLDruck="5" FahrtFBSchalter="4"/>
<FahrtEintrag FahrtWeg="4947.4072" FahrtZeit="2023-01-27 10:05:07" Kennung_FahrtZeitms="2023-01-27 10:05:07:485" Fahrtsp="10.1672" FahrtspStrecke="11.1111" FahrtspSignal="-1" FahrtspZugsicherung="45.8333" Fahrtkm="52.7549" FahrtHLDruck="5" FahrtFBSchalter="4"/>
<FahrtEintrag FahrtWeg="4972.6538" FahrtZeit="2023-01-27 10:05:10" Kennung_FahrtZeitms="2023-01-27 10:05:10:446" Fahrtsp="10.1157" FahrtspStrecke="11.1111" FahrtspSignal="-1" FahrtspZugsicherung="45.8333" Fahrtkm="52.7549" FahrtHLDruck="5" FahrtFBSchalter="6"/>
<FahrtEintrag FahrtWeg="4997.8242" FahrtZeit="2023-01-27 10:05:12" Kennung_FahrtZeitms="2023-01-27 10:05:12:467" Fahrtsp="10.1585" FahrtspStrecke="11.1111" FahrtspSignal="-1" FahrtspZugsicherung="45.8333" Fahrtkm="52.8245" FahrtHLDruck="5" FahrtFBSchalter="6"/>
<FahrtEintrag FahrtWeg="5023.0176" FahrtZeit="2023-01-27 10:05:15" Kennung_FahrtZeitms="2023-01-27 10:05:15:442" Fahrtsp="10.2004" FahrtspStrecke="11.1111" FahrtspSignal="-1" FahrtspZugsicherung="45.8333" Fahrtkm="52.8245" FahrtHLDruck="5" FahrtFBSchalter="6"/>
<FahrtEintrag FahrtWeg="5038.9087" FahrtZeit="2023-01-27 10:05:16" Kennung_FahrtZeitms="2023-01-27 10:05:16:523" Fahrtsp="10.2413" FahrtspStrecke="11.1111" FahrtspSignal="-1" FahrtspZugsicherung="45.8333" Fahrtkm="52.8544" FahrtHLDruck="5" FahrtFBSchalter="6"/>
<FahrtEintrag FahrtWeg="5073.3628" FahrtZeit="2023-01-27 10:05:20" Kennung_FahrtZeitms="2023-01-27 10:05:20:368" Fahrtsp="10.2817" FahrtspStrecke="11.1111" FahrtspSignal="-1" FahrtspZugsicherung="45.8333" Fahrtkm="52.8544" FahrtHLDruck="5" FahrtFBSchalter="6"/>
<FahrtEintrag FahrtWeg="5098.6807" FahrtZeit="2023-01-27 10:05:22" Kennung_FahrtZeitms="2023-01-27 10:05:22:379" Fahrtsp="10.3214" FahrtspStrecke="11.1111" FahrtspSignal="-1" FahrtspZugsicherung="45.8333" Fahrtkm="52.9541" FahrtHLDruck="5" FahrtFBSchalter="6"/>
<FahrtEintrag FahrtWeg="5123.9502" FahrtZeit="2023-01-27 10:05:25" Kennung_FahrtZeitms="2023-01-27 10:05:25:380" Fahrtsp="10.3602" FahrtspStrecke="11.1111" FahrtspSignal="-1" FahrtspZugsicherung="45.8333" Fahrtkm="52.9541" FahrtHLDruck="5" FahrtFBSchalter="6"/>
<FahrtEintrag FahrtWeg="5149.0059" FahrtZeit="2023-01-27 10:05:27" Kennung_FahrtZeitms="2023-01-27 10:05:27:394" Fahrtsp="10.3979" FahrtspStrecke="11.1111" FahrtspSignal="-1" FahrtspZugsicherung="45.8333" Fahrtkm="52.9541" FahrtHLDruck="5" FahrtFBSchalter="6"/>
<FahrtEintrag FahrtWeg="5174.1899" FahrtZeit="2023-01-27 10:05:29" Kennung_FahrtZeitms="2023-01-27 10:05:29:363" Fahrtsp="10.435" FahrtspStrecke="11.1111" FahrtspSignal="-1" FahrtspZugsicherung="45.8333" Fahrtkm="53.0374" FahrtHLDruck="5" FahrtFBSchalter="6"/>
<FahrtEintrag FahrtWeg="5199.2134" FahrtZeit="2023-01-27 10:05:32" Kennung_FahrtZeitms="2023-01-27 10:05:32:369" Fahrtsp="10.3943" FahrtspStrecke="11.1111" FahrtspSignal="-1" FahrtspZugsicherung="45.8333" Fahrtkm="53.0553" FahrtHLDruck="5"/>
<FahrtEintrag FahrtWeg="5208.3506" FahrtZeit="2023-01-27 10:05:33" Kennung_FahrtZeitms="2023-01-27 10:05:33:445" Fahrtsp="10.310" FahrtspStrecke="11.1111" FahrtspSignal="-1" FahrtspZugsicherung="45.8333" Fahrtkm="53.0644" FahrtHLDruck="5"/>
<FahrtEintrag FahrtWeg="5220.0156" FahrtZeit="2023-01-27 10:05:34" Kennung_FahrtZeitms="2023-01-27 10:05:34:428" Fahrtsp="10.291" FahrtspStrecke="11.1111" FahrtspSignal="-1" FahrtspZugsicherung="45.8333" Fahrtkm="53.0761" FahrtHLDruck="5"/>
<FahrtEintrag FahrtWeg="5245.1704" FahrtZeit="2023-01-27 10:05:36" Kennung_FahrtZeitms="2023-01-27 10:05:36:478" Fahrtsp="10.2881" FahrtspStrecke="11.1111" FahrtspSignal="-1" FahrtspZugsicherung="45.8333" Fahrtkm="53.0536" FahrtHLDruck="5"/>
<FahrtEintrag FahrtTyp="8" FahrtWeg="-1" FahrtZeit="2023-01-27 10:05:37" Kennung_FahrtZeitms="2023-01-27 10:05:37:453" Fahrtsp="-1" FahrtspStrecke="-1" FahrtspSignal="-1" FahrtspZugsicherung="-1" FahrtHLDruck="-1" FahrtParameter="48" FahrtFBSchalter="-10000"/>
<FahrtEintrag FahrtWeg="5268.8134" FahrtZeit="2023-01-27 10:05:37" Kennung_FahrtZeitms="2023-01-27 10:05:37:550" Fahrtsp="10.2783" FahrtspStrecke="11.1111" FahrtspSignal="-1" FahrtspZugsicherung="45.8333" Fahrtkm="53.0879" FahrtHLDruck="5" FahrtFBSchalter="5"/>
<FahrtEintrag FahrtTyp="8" FahrtWeg="-1" FahrtZeit="2023-01-27 10:05:37" Kennung_FahrtZeitms="2023-01-27 10:05:37:972" Fahrtsp="-1" FahrtspStrecke="-1" FahrtspSignal="-1" FahrtspZugsicherung="-1" FahrtHLDruck="-1" FahrtParameter="16" FahrtFBSchalter="-10000"/>
<FahrtEintrag FahrtWeg="5295.5493" FahrtZeit="2023-01-27 10:05:42" Kennung_FahrtZeitms="2023-01-27 10:05:42:464" Fahrtsp="9.6282" FahrtspStrecke="11.1111" FahrtspSignal="-1" FahrtspZugsicherung="45.8333" Fahrtkm="53.1532" FahrtHLDruck="5" FahrtFBSchalter="5"/>
<FahrtEintrag FahrtWeg="5320.8081" FahrtZeit="2023-01-27 10:05:44" Kennung_FahrtZeitms="2023-01-27 10:05:44:473" Fahrtsp="9.7869" FahrtspStrecke="11.1111" FahrtspSignal="-1" FahrtspZugsicherung="45.8333" Fahrtkm="53.1532" FahrtHLDruck="5" FahrtFBSchalter="8"/>
<FahrtEintrag FahrtWeg="5345.8628" FahrtZeit="2023-01-27 10:05:47" Kennung_FahrtZeitms="2023-01-27 10:05:47:466" Fahrtsp="9.9618" FahrtspStrecke="11.1111" FahrtspSignal="-1" FahrtspZugsicherung="45.8333" Fahrtkm="53.1532" FahrtHLDruck="5" FahrtFBSchalter="8"/>
<FahrtEintrag FahrtWeg="5371.167" FahrtZeit="2023-01-27 10:05:49" Kennung_FahrtZeitms="2023-01-27 10:05:49:473" Fahrtsp="10.1316" FahrtspStrecke="11.1111" FahrtspSignal="-1" FahrtspZugsicherung="45.8333" Fahrtkm="53.1532" FahrtHLDruck="5" FahrtFBSchalter="8"/>
<FahrtEintrag FahrtWeg="5396.4951" FahrtZeit="2023-01-27 10:05:52" Kennung_FahrtZeitms="2023-01-27 10:05:52:465" Fahrtsp="10.2952" FahrtspStrecke="11.1111" FahrtspSignal="-1" FahrtspZugsicherung="45.8333" Fahrtkm="53.2528" FahrtHLDruck="5" FahrtFBSchalter="8"/>
<FahrtEintrag FahrtWeg="5421.7559" FahrtZeit="2023-01-27 10:05:54" Kennung_FahrtZeitms="2023-01-27 10:05:54:454" Fahrtsp="10.4516" FahrtspStrecke="11.1111" FahrtspSignal="-1" FahrtspZugsicherung="45.8333" Fahrtkm="53.2529" FahrtHLDruck="5" FahrtFBSchalter="7"/>
<FahrtEintrag FahrtWeg="5446.9438" FahrtZeit="2023-01-27 10:05:57" Kennung_FahrtZeitms="2023-01-27 10:05:57:471" Fahrtsp="10.1726" FahrtspStrecke="11.1111" FahrtspSignal="-1" FahrtspZugsicherung="45.8333" Fahrtkm="53.2528" FahrtHLDruck="5"/>
<FahrtEintrag FahrtWeg="5471.9678" FahrtZeit="2023-01-27 10:05:59" Kennung_FahrtZeitms="2023-01-27 10:05:59:473" Fahrtsp="9.8453" FahrtspStrecke="11.1111" FahrtspSignal="-1" FahrtspZugsicherung="45.8333" Fahrtkm="53.2528" FahrtHLDruck="5"/>
<FahrtEintrag FahrtTyp="5" FahrtWeg="5479.5806" FahrtZeit="2023-01-27 10:06:00" Kennung_FahrtZeitms="2023-01-27 10:06:00:489" Fahrtsp="9.739" FahrtspStrecke="11.1111" FahrtspSignal="-1" FahrtspZugsicherung="45.8333" FahrtText="Üst Moorrasen A" Fahrtkm="53.2528" FahrtHLDruck="5"/>
<FahrtEintrag FahrtWeg="5504.7749" FahrtZeit="2023-01-27 10:06:03" Kennung_FahrtZeitms="2023-01-27 10:06:03:472" Fahrtsp="9.6722" FahrtspStrecke="11.1111" FahrtspSignal="-1" FahrtspZugsicherung="45.8333" Fahrtkm="53.3523" FahrtHLDruck="5" FahrtFBSchalter="7"/>
<FahrtEintrag FahrtWeg="5529.7959" FahrtZeit="2023-01-27 10:06:05" Kennung_FahrtZeitms="2023-01-27 10:06:05:496" Fahrtsp="9.7881" FahrtspStrecke="11.1111" FahrtspSignal="-1" FahrtspZugsicherung="45.8333" Fahrtkm="53.3524" FahrtHLDruck="5" FahrtFBSchalter="7"/>
<FahrtEintrag FahrtWeg="5555.0952" FahrtZeit="2023-01-27 10:06:08" Kennung_FahrtZeitms="2023-01-27 10:06:08:478" Fahrtsp="9.5335" FahrtspStrecke="11.1111" FahrtspSignal="-1" FahrtspZugsicherung="45.8333" Fahrtkm="53.3524" FahrtHLDruck="5"/>
<FahrtEintrag FahrtWeg="5580.3931" FahrtZeit="2023-01-27 10:06:11" Kennung_FahrtZeitms="2023-01-27 10:06:11:483" Fahrtsp="9.1807" FahrtspStrecke="11.1111" FahrtspSignal="-1" FahrtspZugsicherung="45.8333" Fahrtkm="53.452" FahrtHLDruck="5.039"/>
<FahrtEintrag FahrtWeg="5605.5942" FahrtZeit="2023-01-27 10:06:13" Kennung_FahrtZeitms="2023-01-27 10:06:13:495" Fahrtsp="8.8159" FahrtspStrecke="11.1111" FahrtspSignal="-1" FahrtspZugsicherung="45.8333" Fahrtkm="53.452" FahrtHLDruck="5.0005"/>
<FahrtEintrag FahrtWeg="5630.7163" FahrtZeit="2023-01-27 10:06:16" Kennung_FahrtZeitms="2023-01-27 10:06:16:462" Fahrtsp="8.4372" FahrtspStrecke="11.1111" FahrtspSignal="-1" FahrtspZugsicherung="45.8333" Fahrtkm="53.452" FahrtHLDruck="5.0004"/>
<FahrtEintrag FahrtWeg="5655.7451" FahrtZeit="2023-01-27 10:06:19" Kennung_FahrtZeitms="2023-01-27 10:06:19:493" Fahrtsp="8.0428" FahrtspStrecke="11.1111" FahrtspSignal="-1" FahrtspZugsicherung="45.8333" Fahrtkm="53.4519" FahrtHLDruck="5.0004"/>
<FahrtEintrag FahrtWeg="5680.9233" FahrtZeit="2023-01-27 10:06:23" Kennung_FahrtZeitms="2023-01-27 10:06:23:473" Fahrtsp="7.6263" FahrtspStrecke="11.1111" FahrtspSignal="-1" FahrtspZugsicherung="45.8333" Fahrtkm="53.5515" FahrtHLDruck="5.0004"/>
<FahrtEintrag FahrtWeg="5706.0469" FahrtZeit="2023-01-27 10:06:26" Kennung_FahrtZeitms="2023-01-27 10:06:26:480" Fahrtsp="7.1874" FahrtspStrecke="11.1111" FahrtspSignal="-1" FahrtspZugsicherung="45.8333" Fahrtkm="53.5515" FahrtHLDruck="5.0004"/>
<FahrtEintrag FahrtWeg="5731.0537" FahrtZeit="2023-01-27 10:06:29" Kennung_FahrtZeitms="2023-01-27 10:06:29:486" Fahrtsp="6.7231" FahrtspStrecke="11.1111" FahrtspSignal="-1" FahrtspZugsicherung="45.8333" Fahrtkm="53.5515" FahrtHLDruck="5.0004"/>
<FahrtEintrag FahrtWeg="5756.0874" FahrtZeit="2023-01-27 10:06:33" Kennung_FahrtZeitms="2023-01-27 10:06:33:492" Fahrtsp="6.2244" FahrtspStrecke="11.1111" FahrtspSignal="-1" FahrtspZugsicherung="45.8333" Fahrtkm="53.5514" FahrtHLDruck="5.0004"/>
<FahrtEintrag FahrtWeg="5781.2759" FahrtZeit="2023-01-27 10:06:38" Kennung_FahrtZeitms="2023-01-27 10:06:38:473" Fahrtsp="5.3113" FahrtspStrecke="11.1111" FahrtspSignal="-1" FahrtspZugsicherung="45.8333" Fahrtkm="53.6521" FahrtHLDruck="4.8502"/>
<FahrtEintrag FahrtWeg="5803.7168" FahrtZeit="2023-01-27 10:06:43" Kennung_FahrtZeitms="2023-01-27 10:06:43:467" Fahrtsp="3.5019" FahrtspStrecke="11.1111" FahrtspSignal="-1" FahrtspZugsicherung="45.8333" Fahrtkm="53.6737" FahrtHLDruck="4.7021"/>
<FahrtEintrag FahrtWeg="5815.3237" FahrtZeit="2023-01-27 10:06:48" Kennung_FahrtZeitms="2023-01-27 10:06:48:453" Fahrtsp="1.3094" FahrtspStrecke="11.1111" FahrtspSignal="-1" FahrtspZugsicherung="45.8333" Fahrtkm="53.6736" FahrtHLDruck="4.7"/>
<FahrtEintrag FahrtTyp="1" FahrtWeg="5818.2407" FahrtZeit="2023-01-27 10:06:52" Kennung_FahrtZeitms="2023-01-27 10:06:52:553" FahrtspStrecke="11.1111" FahrtspSignal="-1" FahrtspZugsicherung="45.8333" Fahrtkm="53.6736" FahrtHLDruck="4.7"/>
</result>
</Zusi>
