﻿<?xml version="1.0" encoding="UTF-8"?>
<Zusi>
<Info DateiTyp="result" Version="A.1" MinVersion="A.0"/>
<result Zugnummer="4711 (FaS)" Datum="2023-01-27 11:51:15" Verbrauch="166833408">
<FahrtEintrag FahrtTyp="2" FahrtWeg="1516.7542" FahrtZeit="2023-01-27 09:50:00" Kennung_FahrtZeitms="2023-01-27 09:50:00:002" FahrtspStrecke="11.1111" FahrtspSignal="-1" FahrtspZugsicherung="-1" FahrtText="" Fahrtkm="49.3855" FahrtHLDruck="5" FahrtFplAnk="44953.410156" FahrtFplAbf="44953.417969"/>
<FahrtEintrag FahrtWeg="1516.7542" FahrtZeit="2023-01-27 09:50:05" Kennung_FahrtZeitms="2023-01-27 09:50:05:092" FahrtspStrecke="11.1111" FahrtspSignal="-1" FahrtspZugsicherung="45.8333" Fahrtkm="49.3855" FahrtHLDruck="5"/>
<FahrtEintrag FahrtWeg="1516.7542" FahrtZeit="2023-01-27 09:50:14" Kennung_FahrtZeitms="2023-01-27 09:50:14:094" FahrtspStrecke="11.1111" FahrtspSignal="-1" FahrtspZugsicherung="45.8333" Fahrtkm="49.3855" FahrtHLDruck="5"/>
<FahrtEintrag FahrtWeg="1516.7542" FahrtZeit="2023-01-27 09:50:19" Kennung_FahrtZeitms="2023-01-27 09:50:19:096" FahrtspStrecke="11.1111" FahrtspSignal="-1" FahrtspZugsicherung="45.8333" Fahrtkm="49.3855" FahrtHLDruck="5"/>
<FahrtEintrag FahrtWeg="1516.7542" FahrtZeit="2023-01-27 09:50:24" Kennung_FahrtZeitms="2023-01-27 09:50:24:098" FahrtspStrecke="11.1111" FahrtspSignal="-1" FahrtspZugsicherung="45.8333" Fahrtkm="49.3855" FahrtHLDruck="5"/>
<FahrtEintrag FahrtWeg="1516.7542" FahrtZeit="2023-01-27 09:50:29" Kennung_FahrtZeitms="2023-01-27 09:50:29:100" FahrtspStrecke="11.1111" FahrtspSignal="-1" FahrtspZugsicherung="45.8333" Fahrtkm="49.3855" FahrtHLDruck="5"/>
<FahrtEintrag FahrtWeg="1516.7542" FahrtZeit="2023-01-27 09:50:34" Kennung_FahrtZeitms="2023-01-27 09:50:34:102" FahrtspStrecke="11.1111" FahrtspSignal="-1" FahrtspZugsicherung="45.8333" Fahrtkm="49.3855" FahrtHLDruck="5"/>
<FahrtEintrag FahrtWeg="1516.7542" FahrtZeit="2023-01-27 09:50:39" Kennung_FahrtZeitms="2023-01-27 09:50:39:104" FahrtspStrecke="11.1111" FahrtspSignal="-1" FahrtspZugsicherung="45.8333" Fahrtkm="49.3855" FahrtHLDruck="5"/>
<FahrtEintrag FahrtWeg="1516.7542" FahrtZeit="2023-01-27 09:50:44" Kennung_FahrtZeitms="2023-01-27 09:50:44:106" FahrtspStrecke="11.1111" FahrtspSignal="-1" FahrtspZugsicherung="45.8333" Fahrtkm="49.3855" FahrtHLDruck="5"/>
<FahrtEintrag FahrtWeg="1516.7542" FahrtZeit="2023-01-27 09:50:49" Kennung_FahrtZeitms="2023-01-27 09:50:49:108" FahrtspStrecke="11.1111" FahrtspSignal="-1" FahrtspZugsicherung="45.8333" Fahrtkm="49.3855" FahrtHLDruck="5"/>
<FahrtEintrag FahrtWeg="1516.7542" FahrtZeit="2023-01-27 09:50:54" Kennung_FahrtZeitms="2023-01-27 09:50:54:110" FahrtspStrecke="11.1111" FahrtspSignal="-1" FahrtspZugsicherung="45.8333" Fahrtkm="49.3855" FahrtHLDruck="5"/>
<FahrtEintrag FahrtWeg="1516.7542" FahrtZeit="2023-01-27 09:50:59" Kennung_FahrtZeitms="2023-01-27 09:50:59:112" FahrtspStrecke="11.1111" FahrtspSignal="-1" FahrtspZugsicherung="45.8333" Fahrtkm="49.3855" FahrtHLDruck="5"/>
<FahrtEintrag FahrtWeg="1516.7542" FahrtZeit="2023-01-27 09:51:04" Kennung_FahrtZeitms="2023-01-27 09:51:04:114" FahrtspStrecke="11.1111" FahrtspSignal="-1" FahrtspZugsicherung="45.8333" Fahrtkm="49.3855" FahrtHLDruck="5"/>
<FahrtEintrag FahrtWeg="1516.7542" FahrtZeit="2023-01-27 09:51:09" Kennung_FahrtZeitms="2023-01-27 09:51:09:116" FahrtspStrecke="11.1111" FahrtspSignal="-1" FahrtspZugsicherung="45.8333" Fahrtkm="49.3855" FahrtHLDruck="5"/>
<FahrtEintrag FahrtWeg="1516.7542" FahrtZeit="2023-01-27 09:51:14" Kennung_FahrtZeitms="2023-01-27 09:51:14:118" FahrtspStrecke="11.1111" FahrtspSignal="-1" FahrtspZugsicherung="45.8333" Fahrtkm="49.3855" FahrtHLDruck="5"/>
<FahrtEintrag FahrtWeg="1516.7542" FahrtZeit="2023-01-27 09:51:19" Kennung_FahrtZeitms="2023-01-27 09:51:19:120" FahrtspStrecke="11.1111" FahrtspSignal="-1" FahrtspZugsicherung="45.8333" Fahrtkm="49.3855" FahrtHLDruck="5"/>
<FahrtEintrag FahrtWeg="1516.7542" FahrtZeit="2023-01-27 09:51:24" Kennung_FahrtZeitms="2023-01-27 09:51:24:122" FahrtspStrecke="11.1111" FahrtspSignal="-1" FahrtspZugsicherung="45.8333" Fahrtkm="49.3855" FahrtHLDruck="5"/>
<FahrtEintrag FahrtWeg="1516.7542" FahrtZeit="2023-01-27 09:51:29" Kennung_FahrtZeitms="2023-01-27 09:51:29:124" FahrtspStrecke="11.1111" FahrtspSignal="-1" FahrtspZugsicherung="45.8333" Fahrtkm="49.3855" FahrtHLDruck="5"/>
<FahrtEintrag FahrtWeg="1516.7542" FahrtZeit="2023-01-27 09:51:34" Kennung_FahrtZeitms="2023-01-27 09:51:34:126" FahrtspStrecke="11.1111" FahrtspSignal="-1" FahrtspZugsicherung="45.8333" Fahrtkm="49.3855" FahrtHLDruck="5"/>
<FahrtEintrag FahrtWeg="1516.7542" FahrtZeit="2023-01-27 09:51:39" Kennung_FahrtZeitms="2023-01-27 09:51:39:128" FahrtspStrecke="11.1111" FahrtspSignal="-1" FahrtspZugsicherung="45.8333" Fahrtkm="49.3855" FahrtHLDruck="5"/>
<FahrtEintrag FahrtWeg="1516.7542" FahrtZeit="2023-01-27 09:51:44" Kennung_FahrtZeitms="2023-01-27 09:51:44:130" FahrtspStrecke="11.1111" FahrtspSignal="-1" FahrtspZugsicherung="45.8333" Fahrtkm="49.3855" FahrtHLDruck="5"/>
<FahrtEintrag FahrtWeg="1516.7542" FahrtZeit="2023-01-27 09:51:49" Kennung_FahrtZeitms="2023-01-27 09:51:49:132" FahrtspStrecke="11.1111" FahrtspSignal="-1" FahrtspZugsicherung="45.8333" Fahrtkm="49.3855" FahrtHLDruck="5"/>
<FahrtEintrag FahrtWeg="1516.7542" FahrtZeit="2023-01-27 09:51:54" Kennung_FahrtZeitms="2023-01-27 09:51:54:134" FahrtspStrecke="11.1111" FahrtspSignal="-1" FahrtspZugsicherung="45.8333" Fahrtkm="49.3855" FahrtHLDruck="5"/>
<FahrtEintrag FahrtWeg="1516.7542" FahrtZeit="2023-01-27 09:51:59" Kennung_FahrtZeitms="2023-01-27 09:51:59:136" FahrtspStrecke="11.1111" FahrtspSignal="-1" FahrtspZugsicherung="45.8333" Fahrtkm="49.3855" FahrtHLDruck="5"/>
<FahrtEintrag FahrtWeg="1516.7542" FahrtZeit="2023-01-27 09:52:04" Kennung_FahrtZeitms="2023-01-27 09:52:04:138" FahrtspStrecke="11.1111" FahrtspSignal="-1" FahrtspZugsicherung="45.8333" Fahrtkm="49.3855" FahrtHLDruck="5"/>
<FahrtEintrag FahrtWeg="1516.7542" FahrtZeit="2023-01-27 09:52:09" Kennung_FahrtZeitms="2023-01-27 09:52:09:140" FahrtspStrecke="11.1111" FahrtspSignal="-1" FahrtspZugsicherung="45.8333" Fahrtkm="49.3855" FahrtHLDruck="5"/>
<FahrtEintrag FahrtWeg="1516.7542" FahrtZeit="2023-01-27 09:52:14" Kennung_FahrtZeitms="2023-01-27 09:52:14:142" FahrtspStrecke="11.1111" FahrtspSignal="-1" FahrtspZugsicherung="45.8333" Fahrtkm="49.3855" FahrtHLDruck="5"/>
<FahrtEintrag FahrtWeg="1516.7542" FahrtZeit="2023-01-27 09:52:19" Kennung_FahrtZeitms="2023-01-27 09:52:19:144" FahrtspStrecke="11.1111" FahrtspSignal="-1" FahrtspZugsicherung="45.8333" Fahrtkm="49.3855" FahrtHLDruck="5"/>
<FahrtEintrag FahrtWeg="1516.7542" FahrtZeit="2023-01-27 09:52:24" Kennung_FahrtZeitms="2023-01-27 09:52:24:146" FahrtspStrecke="11.1111" FahrtspSignal="-1" FahrtspZugsicherung="45.8333" Fahrtkm="49.3855" FahrtHLDruck="5"/>
<FahrtEintrag FahrtWeg="1516.7542" FahrtZeit="2023-01-27 09:52:29" Kennung_FahrtZeitms="2023-01-27 09:52:29:148" FahrtspStrecke="11.1111" FahrtspSignal="-1" FahrtspZugsicherung="45.8333" Fahrtkm="49.3855" FahrtHLDruck="5"/>
<FahrtEintrag FahrtWeg="1516.7542" FahrtZeit="2023-01-27 09:52:34" Kennung_FahrtZeitms="2023-01-27 09:52:34:150" FahrtspStrecke="11.1111" FahrtspSignal="-1" FahrtspZugsicherung="45.8333" Fahrtkm="49.3855" FahrtHLDruck="5"/>
<FahrtEintrag FahrtWeg="1516.7542" FahrtZeit="2023-01-27 09:52:39" Kennung_FahrtZeitms="2023-01-27 09:52:39:152" FahrtspStrecke="11.1111" FahrtspSignal="-1" FahrtspZugsicherung="45.8333" Fahrtkm="49.3855" FahrtHLDruck="5"/>
<FahrtEintrag FahrtWeg="1516.7542" FahrtZeit="2023-01-27 09:52:44" Kennung_FahrtZeitms="2023-01-27 09:52:44:154" FahrtspStrecke="11.1111" FahrtspSignal="-1" FahrtspZugsicherung="45.8333" Fahrtkm="49.3855" FahrtHLDruck="5"/>
<FahrtEintrag FahrtWeg="1516.7542" FahrtZeit="2023-01-27 09:52:49" Kennung_FahrtZeitms="2023-01-27 09:52:49:156" FahrtspStrecke="11.1111" FahrtspSignal="-1" FahrtspZugsicherung="45.8333" Fahrtkm="49.3855" FahrtHLDruck="5"/>
<FahrtEintrag FahrtWeg="1516.7542" FahrtZeit="2023-01-27 09:52:54" Kennung_FahrtZeitms="2023-01-27 09:52:54:158" FahrtspStrecke="11.1111" FahrtspSignal="-1" FahrtspZugsicherung="45.8333" Fahrtkm="49.3855" FahrtHLDruck="5"/>
<FahrtEintrag FahrtWeg="1516.7542" FahrtZeit="2023-01-27 09:52:59" Kennung_FahrtZeitms="2023-01-27 09:52:59:160" FahrtspStrecke="11.1111" FahrtspSignal="-1" FahrtspZugsicherung="45.8333" Fahrtkm="49.3855" FahrtHLDruck="5"/>
<FahrtEintrag FahrtWeg="1516.7542" FahrtZeit="2023-01-27 09:53:04" Kennung_FahrtZeitms="2023-01-27 09:53:04:162" FahrtspStrecke="11.1111" FahrtspSignal="-1" FahrtspZugsicherung="45.8333" Fahrtkm="49.3855" FahrtHLDruck="5"/>
<FahrtEintrag FahrtWeg="1516.7542" FahrtZeit="2023-01-27 09:53:09" Kennung_FahrtZeitms="2023-01-27 09:53:09:164" FahrtspStrecke="11.1111" FahrtspSignal="-1" FahrtspZugsicherung="45.8333" Fahrtkm="49.3855" FahrtHLDruck="5"/>
<FahrtEintrag FahrtWeg="1516.7542" FahrtZeit="2023-01-27 09:53:14" Kennung_FahrtZeitms="2023-01-27 09:53:14:166" FahrtspStrecke="11.1111" FahrtspSignal="-1" FahrtspZugsicherung="45.8333" Fahrtkm="49.3855" FahrtHLDruck="5"/>
<FahrtEintrag FahrtWeg="1516.7542" FahrtZeit="2023-01-27 09:53:19" Kennung_FahrtZeitms="2023-01-27 09:53:19:168" FahrtspStrecke="11.1111" FahrtspSignal="-1" FahrtspZugsicherung="45.8333" Fahrtkm="49.3855" FahrtHLDruck="5"/>
<FahrtEintrag FahrtWeg="1516.7542" FahrtZeit="2023-01-27 09:53:24" Kennung_FahrtZeitms="2023-01-27 09:53:24:170" FahrtspStrecke="11.1111" FahrtspSignal="-1" FahrtspZugsicherung="45.8333" Fahrtkm="49.3855" FahrtHLDruck="5"/>
<FahrtEintrag FahrtWeg="1516.7542" FahrtZeit="2023-01-27 09:53:29" Kennung_FahrtZeitms="2023-01-27 09:53:29:172" FahrtspStrecke="11.1111" FahrtspSignal="-1" FahrtspZugsicherung="45.8333" Fahrtkm="49.3855" FahrtHLDruck="5"/>
<FahrtEintrag FahrtWeg="1516.7542" FahrtZeit="2023-01-27 09:53:34" Kennung_FahrtZeitms="2023-01-27 09:53:34:174" FahrtspStrecke="11.1111" FahrtspSignal="-1" FahrtspZugsicherung="45.8333" Fahrtkm="49.3855" FahrtHLDruck="5"/>
<FahrtEintrag FahrtWeg="1516.7542" FahrtZeit="2023-01-27 09:53:39" Kennung_FahrtZeitms="2023-01-27 09:53:39:176" FahrtspStrecke="11.1111" FahrtspSignal="-1" FahrtspZugsicherung="45.8333" Fahrtkm="49.3855" FahrtHLDruck="5"/>
<FahrtEintrag FahrtWeg="1516.7542" FahrtZeit="2023-01-27 09:53:44" Kennung_FahrtZeitms="2023-01-27 09:53:44:178" FahrtspStrecke="11.1111" FahrtspSignal="-1" FahrtspZugsicherung="45.8333" Fahrtkm="49.3855" FahrtHLDruck="5"/>
<FahrtEintrag FahrtWeg="1516.7542" FahrtZeit="2023-01-27 09:53:49" Kennung_FahrtZeitms="2023-01-27 09:53:49:180" FahrtspStrecke="11.1111" FahrtspSignal="-1" FahrtspZugsicherung="45.8333" Fahrtkm="49.3855" FahrtHLDruck="5"/>
<FahrtEintrag FahrtWeg="1516.7542" FahrtZeit="2023-01-27 09:53:54" Kennung_FahrtZeitms="2023-01-27 09:53:54:182" FahrtspStrecke="11.1111" FahrtspSignal="-1" FahrtspZugsicherung="45.8333" Fahrtkm="49.3855" FahrtHLDruck="5"/>
<FahrtEintrag FahrtWeg="1516.7542" FahrtZeit="2023-01-27 09:53:59" Kennung_FahrtZeitms="2023-01-27 09:53:59:184" FahrtspStrecke="11.1111" FahrtspSignal="-1" FahrtspZugsicherung="45.8333" Fahrtkm="49.3855" FahrtHLDruck="5"/>
<FahrtEintrag FahrtWeg="1516.7542" FahrtZeit="2023-01-27 09:54:04" Kennung_FahrtZeitms="2023-01-27 09:54:04:186" FahrtspStrecke="11.1111" FahrtspSignal="-1" FahrtspZugsicherung="45.8333" Fahrtkm="49.3855" FahrtHLDruck="5"/>
<FahrtEintrag FahrtWeg="1516.7542" FahrtZeit="2023-01-27 09:54:09" Kennung_FahrtZeitms="2023-01-27 09:54:09:188" FahrtspStrecke="11.1111" FahrtspSignal="-1" FahrtspZugsicherung="45.8333" Fahrtkm="49.3855" FahrtHLDruck="5"/>
<FahrtEintrag FahrtWeg="1516.7542" FahrtZeit="2023-01-27 09:54:14" Kennung_FahrtZeitms="2023-01-27 09:54:14:190" FahrtspStrecke="11.1111" FahrtspSignal="-1" FahrtspZugsicherung="45.8333" Fahrtkm="49.3855" FahrtHLDruck="5"/>
<FahrtEintrag FahrtWeg="1516.7542" FahrtZeit="2023-01-27 09:54:19" Kennung_FahrtZeitms="2023-01-27 09:54:19:192" FahrtspStrecke="11.1111" FahrtspSignal="-1" FahrtspZugsicherung="45.8333" Fahrtkm="49.3855" FahrtHLDruck="5"/>
<FahrtEintrag FahrtWeg="1516.7542" FahrtZeit="2023-01-27 09:54:24" Kennung_FahrtZeitms="2023-01-27 09:54:24:194" FahrtspStrecke="11.1111" FahrtspSignal="-1" FahrtspZugsicherung="45.8333" Fahrtkm="49.3855" FahrtHLDruck="5"/>
<FahrtEintrag FahrtWeg="1516.7542" FahrtZeit="2023-01-27 09:54:29" Kennung_FahrtZeitms="2023-01-27 09:54:29:196" FahrtspStrecke="11.1111" FahrtspSignal="-1" FahrtspZugsicherung="45.8333" Fahrtkm="49.3855" FahrtHLDruck="5"/>
<FahrtEintrag FahrtWeg="1516.7542" FahrtZeit="2023-01-27 09:54:34" Kennung_FahrtZeitms="2023-01-27 09:54:34:198" FahrtspStrecke="11.1111" FahrtspSignal="-1" FahrtspZugsicherung="45.8333" Fahrtkm="49.3855" FahrtHLDruck="5"/>
<FahrtEintrag FahrtWeg="1516.7542" FahrtZeit="2023-01-27 09:54:39" Kennung_FahrtZeitms="2023-01-27 09:54:39:200" FahrtspStrecke="11.1111" FahrtspSignal="-1" FahrtspZugsicherung="45.8333" Fahrtkm="49.3855" FahrtHLDruck="5"/>
<FahrtEintrag FahrtWeg="1516.7542" FahrtZeit="2023-01-27 09:54:44" Kennung_FahrtZeitms="2023-01-27 09:54:44:202" FahrtspStrecke="11.1111" FahrtspSignal="-1" FahrtspZugsicherung="45.8333" Fahrtkm="49.3855" FahrtHLDruck="5"/>
<FahrtEintrag FahrtWeg="1516.7542" FahrtZeit="2023-01-27 09:54:49" Kennung_FahrtZeitms="2023-01-27 09:54:49:204" FahrtspStrecke="11.1111" FahrtspSignal="-1" FahrtspZugsicherung="45.8333" Fahrtkm="49.3855" FahrtHLDruck="5"/>
<FahrtEintrag FahrtWeg="1516.7542" FahrtZeit="2023-01-27 09:54:54" Kennung_FahrtZeitms="2023-01-27 09:54:54:206" FahrtspStrecke="11.1111" FahrtspSignal="-1" FahrtspZugsicherung="45.8333" Fahrtkm="49.3855" FahrtHLDruck="5"/>
<FahrtEintrag FahrtWeg="1516.7542" FahrtZeit="2023-01-27 09:54:59" Kennung_FahrtZeitms="2023-01-27 09:54:59:208" FahrtspStrecke="11.1111" FahrtspSignal="-1" FahrtspZugsicherung="45.8333" Fahrtkm="49.3855" FahrtHLDruck="5"/>
<FahrtEintrag FahrtWeg="1516.7542" FahrtZeit="2023-01-27 09:55:04" Kennung_FahrtZeitms="2023-01-27 09:55:04:210" FahrtspStrecke="11.1111" FahrtspSignal="-1" FahrtspZugsicherung="45.8333" Fahrtkm="49.3855" FahrtHLDruck="5"/>
<FahrtEintrag FahrtWeg="1516.7542" FahrtZeit="2023-01-27 09:55:09" Kennung_FahrtZeitms="2023-01-27 09:55:09:212" FahrtspStrecke="11.1111" FahrtspSignal="-1" FahrtspZugsicherung="45.8333" Fahrtkm="49.3855" FahrtHLDruck="5"/>
<FahrtEintrag FahrtWeg="1516.7542" FahrtZeit="2023-01-27 09:55:14" Kennung_FahrtZeitms="2023-01-27 09:55:14:214" FahrtspStrecke="11.1111" FahrtspSignal="-1" FahrtspZugsicherung="45.8333" Fahrtkm="49.3855" FahrtHLDruck="5"/>
<FahrtEintrag FahrtWeg="1516.7542" FahrtZeit="2023-01-27 09:55:19" Kennung_FahrtZeitms="2023-01-27 09:55:19:216" FahrtspStrecke="11.1111" FahrtspSignal="-1" FahrtspZugsicherung="45.8333" Fahrtkm="49.3855" FahrtHLDruck="5"/>
<FahrtEintrag FahrtWeg="1516.7542" FahrtZeit="2023-01-27 09:55:24" Kennung_FahrtZeitms="2023-01-27 09:55:24:218" FahrtspStrecke="11.1111" FahrtspSignal="-1" FahrtspZugsicherung="45.8333" Fahrtkm="49.3855" FahrtHLDruck="5"/>
<FahrtEintrag FahrtWeg="1516.7542" FahrtZeit="2023-01-27 09:55:30" Kennung_FahrtZeitms="2023-01-27 09:55:30:220" FahrtspStrecke="11.1111" FahrtspSignal="-1" FahrtspZugsicherung="45.8333" Fahrtkm="49.3855" FahrtHLDruck="5"/>
<FahrtEintrag FahrtWeg="1516.7542" FahrtZeit="2023-01-27 09:55:35" Kennung_FahrtZeitms="2023-01-27 09:55:35:222" FahrtspStrecke="11.1111" FahrtspSignal="-1" FahrtspZugsicherung="45.8333" Fahrtkm="49.3855" FahrtHLDruck="5"/>
<FahrtEintrag FahrtWeg="1516.7542" FahrtZeit="2023-01-27 09:55:40" Kennung_FahrtZeitms="2023-01-27 09:55:40:224" FahrtspStrecke="11.1111" FahrtspSignal="-1" FahrtspZugsicherung="45.8333" Fahrtkm="49.3855" FahrtHLDruck="5"/>
<FahrtEintrag FahrtWeg="1516.7542" FahrtZeit="2023-01-27 09:55:45" Kennung_FahrtZeitms="2023-01-27 09:55:45:226" FahrtspStrecke="11.1111" FahrtspSignal="-1" FahrtspZugsicherung="45.8333" Fahrtkm="49.3855" FahrtHLDruck="5"/>
<FahrtEintrag FahrtWeg="1516.7542" FahrtZeit="2023-01-27 09:55:50" Kennung_FahrtZeitms="2023-01-27 09:55:50:228" FahrtspStrecke="11.1111" FahrtspSignal="-1" FahrtspZugsicherung="45.8333" Fahrtkm="49.3855" FahrtHLDruck="5"/>
<FahrtEintrag FahrtWeg="1516.7542" FahrtZeit="2023-01-27 09:55:55" Kennung_FahrtZeitms="2023-01-27 09:55:55:230" FahrtspStrecke="11.1111" FahrtspSignal="-1" FahrtspZugsicherung="45.8333" Fahrtkm="49.3855" FahrtHLDruck="5"/>
<FahrtEintrag FahrtWeg="1516.7542" FahrtZeit="2023-01-27 09:56:00" Kennung_FahrtZeitms="2023-01-27 09:56:00:232" FahrtspStrecke="11.1111" FahrtspSignal="-1" FahrtspZugsicherung="45.8333" Fahrtkm="49.3855" FahrtHLDruck="5"/>
<FahrtEintrag FahrtWeg="1516.7542" FahrtZeit="2023-01-27 09:56:05" Kennung_FahrtZeitms="2023-01-27 09:56:05:234" FahrtspStrecke="11.1111" FahrtspSignal="-1" FahrtspZugsicherung="45.8333" Fahrtkm="49.3855" FahrtHLDruck="5"/>
<FahrtEintrag FahrtWeg="1516.7542" FahrtZeit="2023-01-27 09:56:10" Kennung_FahrtZeitms="2023-01-27 09:56:10:236" FahrtspStrecke="11.1111" FahrtspSignal="-1" FahrtspZugsicherung="45.8333" Fahrtkm="49.3855" FahrtHLDruck="5"/>
<FahrtEintrag FahrtWeg="1516.7542" FahrtZeit="2023-01-27 09:56:15" Kennung_FahrtZeitms="2023-01-27 09:56:15:238" FahrtspStrecke="11.1111" FahrtspSignal="-1" FahrtspZugsicherung="45.8333" Fahrtkm="49.3855" FahrtHLDruck="5"/>
<FahrtEintrag FahrtWeg="1516.7542" FahrtZeit="2023-01-27 09:56:20" Kennung_FahrtZeitms="2023-01-27 09:56:20:240" FahrtspStrecke="11.1111" FahrtspSignal="-1" FahrtspZugsicherung="45.8333" Fahrtkm="49.3855" FahrtHLDruck="5"/>
<FahrtEintrag FahrtWeg="1516.7542" FahrtZeit="2023-01-27 09:56:25" Kennung_FahrtZeitms="2023-01-27 09:56:25:242" FahrtspStrecke="11.1111" FahrtspSignal="-1" FahrtspZugsicherung="45.8333" Fahrtkm="49.3855" FahrtHLDruck="5"/>
<FahrtEintrag FahrtWeg="1516.7542" FahrtZeit="2023-01-27 09:56:30" Kennung_FahrtZeitms="2023-01-27 09:56:30:244" FahrtspStrecke="11.1111" FahrtspSignal="-1" FahrtspZugsicherung="45.8333" Fahrtkm="49.3855" FahrtHLDruck="5"/>
<FahrtEintrag FahrtWeg="1516.7542" FahrtZeit="2023-01-27 09:56:35" Kennung_FahrtZeitms="2023-01-27 09:56:35:246" FahrtspStrecke="11.1111" FahrtspSignal="-1" FahrtspZugsicherung="45.8333" Fahrtkm="49.3855" FahrtHLDruck="5"/>
<FahrtEintrag FahrtWeg="1516.7542" FahrtZeit="2023-01-27 09:56:40" Kennung_FahrtZeitms="2023-01-27 09:56:40:248" FahrtspStrecke="11.1111" FahrtspSignal="-1" FahrtspZugsicherung="45.8333" Fahrtkm="49.3855" FahrtHLDruck="5"/>
<FahrtEintrag FahrtWeg="1516.7542" FahrtZeit="2023-01-27 09:56:45" Kennung_FahrtZeitms="2023-01-27 09:56:45:250" FahrtspStrecke="11.1111" FahrtspSignal="-1" FahrtspZugsicherung="45.8333" Fahrtkm="49.3855" FahrtHLDruck="5"/>
<FahrtEintrag FahrtWeg="1516.7542" FahrtZeit="2023-01-27 09:56:50" Kennung_FahrtZeitms="2023-01-27 09:56:50:252" FahrtspStrecke="11.1111" FahrtspSignal="-1" FahrtspZugsicherung="45.8333" Fahrtkm="49.3855" FahrtHLDruck="5"/>
<FahrtEintrag FahrtWeg="1516.7542" FahrtZeit="2023-01-27 09:56:55" Kennung_FahrtZeitms="2023-01-27 09:56:55:254" FahrtspStrecke="11.1111" FahrtspSignal="-1" FahrtspZugsicherung="45.8333" Fahrtkm="49.3855" FahrtHLDruck="5"/>
<FahrtEintrag FahrtWeg="1516.7542" FahrtZeit="2023-01-27 09:57:00" Kennung_FahrtZeitms="2023-01-27 09:57:00:256" FahrtspStrecke="11.1111" FahrtspSignal="-1" FahrtspZugsicherung="45.8333" Fahrtkm="49.3855" FahrtHLDruck="5"/>
<FahrtEintrag FahrtWeg="1516.7542" FahrtZeit="2023-01-27 09:57:05" Kennung_FahrtZeitms="2023-01-27 09:57:05:258" FahrtspStrecke="11.1111" FahrtspSignal="-1" FahrtspZugsicherung="45.8333" Fahrtkm="49.3855" FahrtHLDruck="5"/>
<FahrtEintrag FahrtWeg="1516.7542" FahrtZeit="2023-01-27 09:57:10" Kennung_FahrtZeitms="2023-01-27 09:57:10:260" FahrtspStrecke="11.1111" FahrtspSignal="-1" FahrtspZugsicherung="45.8333" Fahrtkm="49.3855" FahrtHLDruck="5"/>
<FahrtEintrag FahrtWeg="1516.7542" FahrtZeit="2023-01-27 09:57:15" Kennung_FahrtZeitms="2023-01-27 09:57:15:262" FahrtspStrecke="11.1111" FahrtspSignal="-1" FahrtspZugsicherung="45.8333" Fahrtkm="49.3855" FahrtHLDruck="5"/>
<FahrtEintrag FahrtWeg="1516.7542" FahrtZeit="2023-01-27 09:57:20" Kennung_FahrtZeitms="2023-01-27 09:57:20:264" FahrtspStrecke="11.1111" FahrtspSignal="-1" FahrtspZugsicherung="45.8333" Fahrtkm="49.3855" FahrtHLDruck="5"/>
<FahrtEintrag FahrtWeg="1516.7542" FahrtZeit="2023-01-27 09:57:25" Kennung_FahrtZeitms="2023-01-27 09:57:25:266" FahrtspStrecke="11.1111" FahrtspSignal="-1" FahrtspZugsicherung="45.8333" Fahrtkm="49.3855" FahrtHLDruck="5"/>
<FahrtEintrag FahrtWeg="1516.7542" FahrtZeit="2023-01-27 09:57:30" Kennung_FahrtZeitms="2023-01-27 09:57:30:268" FahrtspStrecke="11.1111" FahrtspSignal="-1" FahrtspZugsicherung="45.8333" Fahrtkm="49.3855" FahrtHLDruck="5"/>
<FahrtEintrag FahrtWeg="1516.7542" FahrtZeit="2023-01-27 09:57:35" Kennung_FahrtZeitms="2023-01-27 09:57:35:270" FahrtspStrecke="11.1111" FahrtspSignal="-1" FahrtspZugsicherung="45.8333" Fahrtkm="49.3855" FahrtHLDruck="5"/>
<FahrtEintrag FahrtWeg="1516.7542" FahrtZeit="2023-01-27 09:57:40" Kennung_FahrtZeitms="2023-01-27 09:57:40:272" FahrtspStrecke="11.1111" FahrtspSignal="-1" FahrtspZugsicherung="45.8333" Fahrtkm="49.3855" FahrtHLDruck="5"/>
<FahrtEintrag FahrtWeg="1516.7542" FahrtZeit="2023-01-27 09:57:45" Kennung_FahrtZeitms="2023-01-27 09:57:45:274" FahrtspStrecke="11.1111" FahrtspSignal="-1" FahrtspZugsicherung="45.8333" Fahrtkm="49.3855" FahrtHLDruck="5"/>
<FahrtEintrag FahrtWeg="1516.7542" FahrtZeit="2023-01-27 09:57:50" Kennung_FahrtZeitms="2023-01-27 09:57:50:276" FahrtspStrecke="11.1111" FahrtspSignal="-1" FahrtspZugsicherung="45.8333" Fahrtkm="49.3855" FahrtHLDruck="5"/>
<FahrtEintrag FahrtWeg="1516.7542" FahrtZeit="2023-01-27 09:57:55" Kennung_FahrtZeitms="2023-01-27 09:57:55:278" FahrtspStrecke="11.1111" FahrtspSignal="-1" FahrtspZugsicherung="45.8333" Fahrtkm="49.3855" FahrtHLDruck="5"/>
<FahrtEintrag FahrtWeg="1516.7542" FahrtZeit="2023-01-27 09:58:00" Kennung_FahrtZeitms="2023-01-27 09:58:00:280" FahrtspStrecke="11.1111" FahrtspSignal="-1" FahrtspZugsicherung="45.8333" Fahrtkm="49.3855" FahrtHLDruck="5"/>
<FahrtEintrag FahrtWeg="1516.7542" FahrtZeit="2023-01-27 09:58:05" Kennung_FahrtZeitms="2023-01-27 09:58:05:282" FahrtspStrecke="11.1111" FahrtspSignal="-1" FahrtspZugsicherung="45.8333" Fahrtkm="49.3855" FahrtHLDruck="5"/>
<FahrtEintrag FahrtWeg="1516.7542" FahrtZeit="2023-01-27 09:58:10" Kennung_FahrtZeitms="2023-01-27 09:58:10:284" FahrtspStrecke="11.1111" FahrtspSignal="-1" FahrtspZugsicherung="45.8333" Fahrtkm="49.3855" FahrtHLDruck="5"/>
<FahrtEintrag FahrtWeg="1516.7542" FahrtZeit="2023-01-27 09:58:15" Kennung_FahrtZeitms="2023-01-27 09:58:15:286" FahrtspStrecke="11.1111" FahrtspSignal="-1" FahrtspZugsicherung="45.8333" Fahrtkm="49.3855" FahrtHLDruck="5"/>
<FahrtEintrag FahrtWeg="1516.7542" FahrtZeit="2023-01-27 09:58:20" Kennung_FahrtZeitms="2023-01-27 09:58:20:288" FahrtspStrecke="11.1111" FahrtspSignal="-1" FahrtspZugsicherung="45.8333" Fahrtkm="49.3855" FahrtHLDruck="5"/>
<FahrtEintrag FahrtWeg="1516.7542" FahrtZeit="2023-01-27 09:58:25" Kennung_FahrtZeitms="2023-01-27 09:58:25:290" FahrtspStrecke="11.1111" FahrtspSignal="-1" FahrtspZugsicherung="45.8333" Fahrtkm="49.3855" FahrtHLDruck="5"/>
<FahrtEintrag FahrtWeg="1516.7542" FahrtZeit="2023-01-27 09:58:30" Kennung_FahrtZeitms="2023-01-27 09:58:30:292" FahrtspStrecke="11.1111" FahrtspSignal="-1" FahrtspZugsicherung="45.8333" Fahrtkm="49.3855" FahrtHLDruck="5"/>
<FahrtEintrag FahrtWeg="1516.7542" FahrtZeit="2023-01-27 09:58:35" Kennung_FahrtZeitms="2023-01-27 09:58:35:294" FahrtspStrecke="11.1111" FahrtspSignal="-1" FahrtspZugsicherung="45.8333" Fahrtkm="49.3855" FahrtHLDruck="5"/>
<FahrtEintrag FahrtWeg="1516.7542" FahrtZeit="2023-01-27 09:58:40" Kennung_FahrtZeitms="2023-01-27 09:58:40:296" FahrtspStrecke="11.1111" FahrtspSignal="-1" FahrtspZugsicherung="45.8333" Fahrtkm="49.3855" FahrtHLDruck="5"/>
<FahrtEintrag FahrtWeg="1516.7542" FahrtZeit="2023-01-27 09:58:45" Kennung_FahrtZeitms="2023-01-27 09:58:45:298" FahrtspStrecke="11.1111" FahrtspSignal="-1" FahrtspZugsicherung="45.8333" Fahrtkm="49.3855" FahrtHLDruck="5"/>
<FahrtEintrag FahrtWeg="1516.7542" FahrtZeit="2023-01-27 09:58:50" Kennung_FahrtZeitms="2023-01-27 09:58:50:300" FahrtspStrecke="11.1111" FahrtspSignal="-1" FahrtspZugsicherung="45.8333" Fahrtkm="49.3855" FahrtHLDruck="5"/>
<FahrtEintrag FahrtWeg="1516.7542" FahrtZeit="2023-01-27 09:58:55" Kennung_FahrtZeitms="2023-01-27 09:58:55:302" FahrtspStrecke="11.1111" FahrtspSignal="-1" FahrtspZugsicherung="45.8333" Fahrtkm="49.3855" FahrtHLDruck="5"/>
<FahrtEintrag FahrtWeg="1516.7542" FahrtZeit="2023-01-27 09:59:00" Kennung_FahrtZeitms="2023-01-27 09:59:00:304" FahrtspStrecke="11.1111" FahrtspSignal="-1" FahrtspZugsicherung="45.8333" Fahrtkm="49.3855" FahrtHLDruck="5"/>
<FahrtEintrag FahrtWeg="1516.7542" FahrtZeit="2023-01-27 09:59:07" Kennung_FahrtZeitms="2023-01-27 09:59:07:306" FahrtspStrecke="11.1111" FahrtspSignal="-1" FahrtspZugsicherung="45.8333" Fahrtkm="49.3855" FahrtHLDruck="5"/>
<FahrtEintrag FahrtWeg="1516.7542" FahrtZeit="2023-01-27 09:59:12" Kennung_FahrtZeitms="2023-01-27 09:59:12:308" FahrtspStrecke="11.1111" FahrtspSignal="-1" FahrtspZugsicherung="45.8333" Fahrtkm="49.3855" FahrtHLDruck="5"/>
<FahrtEintrag FahrtWeg="1516.7542" FahrtZeit="2023-01-27 09:59:17" Kennung_FahrtZeitms="2023-01-27 09:59:17:310" FahrtspStrecke="11.1111" FahrtspSignal="-1" FahrtspZugsicherung="45.8333" Fahrtkm="49.3855" FahrtHLDruck="5"/>
<FahrtEintrag FahrtWeg="1516.7542" FahrtZeit="2023-01-27 09:59:22" Kennung_FahrtZeitms="2023-01-27 09:59:22:312" FahrtspStrecke="11.1111" FahrtspSignal="-1" FahrtspZugsicherung="45.8333" Fahrtkm="49.3855" FahrtHLDruck="5"/>
<FahrtEintrag FahrtWeg="1516.7542" FahrtZeit="2023-01-27 09:59:27" Kennung_FahrtZeitms="2023-01-27 09:59:27:314" FahrtspStrecke="11.1111" FahrtspSignal="-1" FahrtspZugsicherung="45.8333" Fahrtkm="49.3855" FahrtHLDruck="5"/>
<FahrtEintrag FahrtWeg="1516.7542" FahrtZeit="2023-01-27 09:59:32" Kennung_FahrtZeitms="2023-01-27 09:59:32:316" FahrtspStrecke="11.1111" FahrtspSignal="-1" FahrtspZugsicherung="45.8333" Fahrtkm="49.3855" FahrtHLDruck="5"/>
<FahrtEintrag FahrtWeg="1516.7542" FahrtZeit="2023-01-27 09:59:37" Kennung_FahrtZeitms="2023-01-27 09:59:37:318" FahrtspStrecke="11.1111" FahrtspSignal="-1" FahrtspZugsicherung="45.8333" Fahrtkm="49.3855" FahrtHLDruck="5"/>
<FahrtEintrag FahrtWeg="1516.7542" FahrtZeit="2023-01-27 09:59:42" Kennung_FahrtZeitms="2023-01-27 09:59:42:320" FahrtspStrecke="11.1111" FahrtspSignal="-1" FahrtspZugsicherung="45.8333" Fahrtkm="49.3855" FahrtHLDruck="5"/>
<FahrtEintrag FahrtWeg="1516.7542" FahrtZeit="2023-01-27 09:59:47" Kennung_FahrtZeitms="2023-01-27 09:59:47:322" FahrtspStrecke="11.1111" FahrtspSignal="-1" FahrtspZugsicherung="45.8333" Fahrtkm="49.3855" FahrtHLDruck="5"/>
<FahrtEintrag FahrtWeg="1516.7542" FahrtZeit="2023-01-27 09:59:52" Kennung_FahrtZeitms="2023-01-27 09:59:52:324" FahrtspStrecke="11.1111" FahrtspSignal="-1" FahrtspZugsicherung="45.8333" Fahrtkm="49.3855" FahrtHLDruck="5"/>
<FahrtEintrag FahrtWeg="1516.7542" FahrtZeit="2023-01-27 09:59:57" Kennung_FahrtZeitms="2023-01-27 09:59:57:326" FahrtspStrecke="11.1111" FahrtspSignal="-1" FahrtspZugsicherung="45.8333" Fahrtkm="49.3855" FahrtHLDruck="5"/>
<FahrtEintrag FahrtWeg="1516.7542" FahrtZeit="2023-01-27 10:00:02" Kennung_FahrtZeitms="2023-01-27 10:00:02:328" FahrtspStrecke="11.1111" FahrtspSignal="-1" FahrtspZugsicherung="45.8333" Fahrtkm="49.3855" FahrtHLDruck="5" FahrtFBSchalter="14"/>
<FahrtEintrag FahrtWeg="1518.1837" FahrtZeit="2023-01-27 10:00:07" Kennung_FahrtZeitms="2023-01-27 10:00:07:000" Fahrtsp="0.9614" FahrtspStrecke="11.1111" FahrtspSignal="-1" FahrtspZugsicherung="45.8333" Fahrtkm="49.3799" FahrtHLDruck="5" FahrtFBSchalter="14"/>
<FahrtEintrag FahrtWeg="1525.9348" FahrtZeit="2023-01-27 10:00:12" Kennung_FahrtZeitms="2023-01-27 10:00:12:745" Fahrtsp="1.6014" FahrtspStrecke="11.1111" FahrtspSignal="-1" FahrtspZugsicherung="12.5" Fahrtkm="49.393" FahrtHLDruck="4.854" FahrtFBSchalter="2"/>
<FahrtEintrag FahrtWeg="1532.4215" FahrtZeit="2023-01-27 10:00:17" Kennung_FahrtZeitms="2023-01-27 10:00:17:429" Fahrtsp="1.0153" FahrtspStrecke="11.1111" FahrtspSignal="-1" FahrtspZugsicherung="12.5" Fahrtkm="49.3929" FahrtHLDruck="4.85" FahrtFBSchalter="24"/>
<FahrtEintrag FahrtWeg="1536.3984" FahrtZeit="2023-01-27 10:00:22" Kennung_FahrtZeitms="2023-01-27 10:00:22:736" Fahrtsp="0.6796" FahrtspStrecke="11.1111" FahrtspSignal="-1" FahrtspZugsicherung="12.5" Fahrtkm="49.3929" FahrtHLDruck="4.9999" FahrtFBSchalter="10"/>
<FahrtEintrag FahrtTyp="8" FahrtWeg="-1" FahrtZeit="2023-01-27 10:00:27" Kennung_FahrtZeitms="2023-01-27 10:00:27:945" Fahrtsp="-1" FahrtspStrecke="-1" FahrtspSignal="-1" FahrtspZugsicherung="-1" FahrtHLDruck="-1" FahrtParameter="9" FahrtFBSchalter="-10000"/>
<FahrtEintrag FahrtWeg="1543.6552" FahrtZeit="2023-01-27 10:00:27" Kennung_FahrtZeitms="2023-01-27 10:00:27:000" Fahrtsp="2.3416" FahrtspStrecke="11.1111" FahrtspSignal="-1" FahrtspZugsicherung="12.5" Fahrtkm="49.406" FahrtHLDruck="5" FahrtFBSchalter="12"/>
<FahrtEintrag FahrtTyp="5" FahrtWeg="1549.972" FahrtZeit="2023-01-27 10:00:29" Kennung_FahrtZeitms="2023-01-27 10:00:29:250" Fahrtsp="3.1745" FahrtspStrecke="11.1111" FahrtspSignal="11.1111" FahrtspZugsicherung="12.5" FahrtText="Allenbach N1" Fahrtkm="49.406" FahrtHLDruck="5" FahrtFBSchalter="12"/>
<FahrtEintrag FahrtTyp="6" FahrtWeg="1549.972" FahrtZeit="2023-01-27 10:00:29" Kennung_FahrtZeitms="2023-01-27 10:00:29:250" Fahrtsp="3.1745" FahrtspStrecke="11.1111" FahrtspSignal="11.1111" FahrtspZugsicherung="12.5" Fahrtkm="49.406" FahrtHLDruck="5" FahrtFBSchalter="12"/>
<FahrtEintrag FahrtTyp="8" FahrtWeg="-1" FahrtZeit="2023-01-27 10:00:30" Kennung_FahrtZeitms="2023-01-27 10:00:30:500" Fahrtsp="-1" FahrtspStrecke="-1" FahrtspSignal="-1" FahrtspZugsicherung="-1" FahrtHLDruck="-1" FahrtParameter="1" FahrtFBSchalter="-10000"/>
<FahrtEintrag FahrtWeg="1553.3411" FahrtZeit="2023-01-27 10:00:30" Kennung_FahrtZeitms="2023-01-27 10:00:30:500" Fahrtsp="3.5171" FahrtspStrecke="11.1111" FahrtspSignal="11.1111" FahrtspZugsicherung="12.5" Fahrtkm="49.4189" FahrtHLDruck="5" FahrtFBSchalter="12"/>
<FahrtEintrag FahrtWeg="1572.5271" FahrtZeit="2023-01-27 10:00:35" Kennung_FahrtZeitms="2023-01-27 10:00:35:385" Fahrtsp="3.8352" FahrtspStrecke="11.1111" FahrtspSignal="11.1111" FahrtspZugsicherung="12.5" Fahrtkm="49.4409" FahrtHLDruck="5"/>
<FahrtEintrag FahrtWeg="1592.7906" FahrtZeit="2023-01-27 10:00:40" Kennung_FahrtZeitms="2023-01-27 10:00:40:709" Fahrtsp="4.4903" FahrtspStrecke="11.1111" FahrtspSignal="11.1111" FahrtspZugsicherung="12.5" Fahrtkm="49.4422" FahrtHLDruck="5" FahrtFBSchalter="8"/>
<FahrtEintrag FahrtWeg="1617.9078" FahrtZeit="2023-01-27 10:00:45" Kennung_FahrtZeitms="2023-01-27 10:00:45:569" Fahrtsp="5.9045" FahrtspStrecke="11.1111" FahrtspSignal="11.1111" FahrtspZugsicherung="12.5" Fahrtkm="49.4681" FahrtHLDruck="5" FahrtFBSchalter="12"/>
<FahrtEintrag FahrtWeg="1642.9667" FahrtZeit="2023-01-27 10:00:49" Kennung_FahrtZeitms="2023-01-27 10:00:49:417" Fahrtsp="6.6405" FahrtspStrecke="11.1111" FahrtspSignal="11.1111" FahrtspZugsicherung="12.5" Fahrtkm="49.4681" FahrtHLDruck="5" FahrtFBSchalter="6"/>
<FahrtEintrag FahrtWeg="1668.1891" FahrtZeit="2023-01-27 10:00:53" Kennung_FahrtZeitms="2023-01-27 10:00:53:374" Fahrtsp="7.1727" FahrtspStrecke="11.1111" FahrtspSignal="11.1111" FahrtspZugsicherung="12.5" Fahrtkm="49.5353" FahrtHLDruck="5" FahrtFBSchalter="6"/>
<FahrtEintrag FahrtWeg="1686.117" FahrtZeit="2023-01-27 10:00:55" Kennung_FahrtZeitms="2023-01-27 10:00:55:893" Fahrtsp="7.6387" FahrtspStrecke="11.1111" FahrtspSignal="11.1111" FahrtspZugsicherung="12.5" Fahrtkm="49.5529" FahrtHLDruck="5" FahrtFBSchalter="6"/>
<FahrtEintrag FahrtWeg="1693.2806" FahrtZeit="2023-01-27 10:00:56" Kennung_FahrtZeitms="2023-01-27 10:00:56:832" Fahrtsp="7.6387" FahrtspStrecke="11.1111" FahrtspSignal="11.1111" FahrtspZugsicherung="12.5" Fahrtkm="49.5529" FahrtHLDruck="5" FahrtFBSchalter="6"/>
<FahrtEintrag FahrtWeg="1718.5068" FahrtZeit="2023-01-27 10:01:00" Kennung_FahrtZeitms="2023-01-27 10:01:00:672" Fahrtsp="8.0682" FahrtspStrecke="11.1111" FahrtspSignal="11.1111" FahrtspZugsicherung="12.5" Fahrtkm="49.5764" FahrtHLDruck="5" FahrtFBSchalter="6"/>
<FahrtEintrag FahrtWeg="1743.5217" FahrtZeit="2023-01-27 10:01:03" Kennung_FahrtZeitms="2023-01-27 10:01:03:832" Fahrtsp="8.478" FahrtspStrecke="11.1111" FahrtspSignal="11.1111" FahrtspZugsicherung="12.5" Fahrtkm="49.5923" FahrtHLDruck="5" FahrtFBSchalter="6"/>
<FahrtEintrag FahrtWeg="1768.5952" FahrtZeit="2023-01-27 10:01:06" Kennung_FahrtZeitms="2023-01-27 10:01:06:531" Fahrtsp="8.8673" FahrtspStrecke="11.1111" FahrtspSignal="11.1111" FahrtspZugsicherung="12.5" Fahrtkm="49.5924" FahrtHLDruck="5" FahrtFBSchalter="6"/>
<FahrtEintrag FahrtWeg="1793.9457" FahrtZeit="2023-01-27 10:01:08" Kennung_FahrtZeitms="2023-01-27 10:01:08:624" Fahrtsp="8.8692" FahrtspStrecke="11.1111" FahrtspSignal="11.1111" FahrtspZugsicherung="12.5" Fahrtkm="49.6525" FahrtHLDruck="5"/>
<FahrtEintrag FahrtWeg="1818.984" FahrtZeit="2023-01-27 10:01:11" Kennung_FahrtZeitms="2023-01-27 10:01:11:483" Fahrtsp="8.8057" FahrtspStrecke="11.1111" FahrtspSignal="11.1111" FahrtspZugsicherung="12.5" Fahrtkm="49.6524" FahrtHLDruck="5"/>
<FahrtEintrag FahrtWeg="1844.1813" FahrtZeit="2023-01-27 10:01:14" Kennung_FahrtZeitms="2023-01-27 10:01:14:293" Fahrtsp="8.7414" FahrtspStrecke="11.1111" FahrtspSignal="11.1111" FahrtspZugsicherung="12.5" Fahrtkm="49.715" FahrtHLDruck="5"/>
<FahrtEintrag FahrtTyp="8" FahrtWeg="-1" FahrtZeit="2023-01-27 10:01:16" Kennung_FahrtZeitms="2023-01-27 10:01:16:934" Fahrtsp="-1" FahrtspStrecke="-1" FahrtspSignal="-1" FahrtspZugsicherung="-1" FahrtHLDruck="-1" FahrtParameter="48" FahrtFBSchalter="-10000"/>
<FahrtEintrag FahrtWeg="1869.469" FahrtZeit="2023-01-27 10:01:17" Kennung_FahrtZeitms="2023-01-27 10:01:17:058" Fahrtsp="8.6752" FahrtspStrecke="11.1111" FahrtspSignal="11.1111" FahrtspZugsicherung="12.5" Fahrtkm="49.7353" FahrtHLDruck="5"/>
<FahrtEintrag FahrtTyp="8" FahrtWeg="-1" FahrtZeit="2023-01-27 10:01:17" Kennung_FahrtZeitms="2023-01-27 10:01:17:010" Fahrtsp="-1" FahrtspStrecke="-1" FahrtspSignal="-1" FahrtspZugsicherung="-1" FahrtHLDruck="-1" FahrtParameter="16" FahrtFBSchalter="-10000"/>
<FahrtEintrag FahrtWeg="1872.1278" FahrtZeit="2023-01-27 10:01:17" Kennung_FahrtZeitms="2023-01-27 10:01:17:100" Fahrtsp="8.675" FahrtspStrecke="11.1111" FahrtspSignal="11.1111" FahrtspZugsicherung="12.5" Fahrtkm="49.7412" FahrtHLDruck="5"/>
<FahrtEintrag FahrtWeg="1874.1504" FahrtZeit="2023-01-27 10:01:18" Kennung_FahrtZeitms="2023-01-27 10:01:18:200" Fahrtsp="8.6717" FahrtspStrecke="11.1111" FahrtspSignal="11.1111" FahrtspZugsicherung="12.5" Fahrtkm="49.7412" FahrtHLDruck="5"/>
<FahrtEintrag FahrtWeg="1899.3059" FahrtZeit="2023-01-27 10:01:20" Kennung_FahrtZeitms="2023-01-27 10:01:20:328" Fahrtsp="8.6333" FahrtspStrecke="11.1111" FahrtspSignal="11.1111" FahrtspZugsicherung="12.5" Fahrtkm="49.7696" FahrtHLDruck="5"/>
<FahrtEintrag FahrtWeg="1924.3485" FahrtZeit="2023-01-27 10:01:23" Kennung_FahrtZeitms="2023-01-27 10:01:23:428" Fahrtsp="8.5957" FahrtspStrecke="11.1111" FahrtspSignal="11.1111" FahrtspZugsicherung="12.5" Fahrtkm="49.7902" FahrtHLDruck="5"/>
<FahrtEintrag FahrtWeg="1949.5327" FahrtZeit="2023-01-27 10:01:26" Kennung_FahrtZeitms="2023-01-27 10:01:26:552" Fahrtsp="8.5578" FahrtspStrecke="11.1111" FahrtspSignal="11.1111" FahrtspZugsicherung="12.5" Fahrtkm="49.8156" FahrtHLDruck="5"/>
<FahrtEintrag FahrtWeg="1974.6504" FahrtZeit="2023-01-27 10:01:29" Kennung_FahrtZeitms="2023-01-27 10:01:29:641" Fahrtsp="8.5199" FahrtspStrecke="11.1111" FahrtspSignal="11.1111" FahrtspZugsicherung="12.5" Fahrtkm="49.8391" FahrtHLDruck="5"/>
<FahrtEintrag FahrtWeg="1999.9077" FahrtZeit="2023-01-27 10:01:32" Kennung_FahrtZeitms="2023-01-27 10:01:32:725" Fahrtsp="8.4816" FahrtspStrecke="11.1111" FahrtspSignal="11.1111" FahrtspZugsicherung="12.5" Fahrtkm="49.8678" FahrtHLDruck="5"/>
<FahrtEintrag FahrtTyp="5" FahrtWeg="-1" FahrtZeit="2023-01-27 10:01:34" Kennung_FahrtZeitms="2023-01-27 10:01:34:945" Fahrtsp="-1" FahrtspStrecke="-1" FahrtspSignal="-1" FahrtspZugsicherung="-1" FahrtText="Zugende passiert Ende Weichenbereich" FahrtHLDruck="-1" FahrtParameter="4" FahrtFBSchalter="-10000"/>
<FahrtEintrag FahrtWeg="2015.618" FahrtZeit="2023-01-27 10:01:34" Kennung_FahrtZeitms="2023-01-27 10:01:35:000" Fahrtsp="8.4577" FahrtspStrecke="11.1111" FahrtspSignal="-1" FahrtspZugsicherung="12.5" Fahrtkm="49.8678" FahrtHLDruck="5"/>
<FahrtEintrag FahrtWeg="2040.7793" FahrtZeit="2023-01-27 10:01:37" Kennung_FahrtZeitms="2023-01-27 10:01:37:745" Fahrtsp="8.4195" FahrtspStrecke="11.1111" FahrtspSignal="-1" FahrtspZugsicherung="12.5" Fahrtkm="49.8678" FahrtHLDruck="5"/>
<FahrtEintrag FahrtWeg="2065.8772" FahrtZeit="2023-01-27 10:01:40" Kennung_FahrtZeitms="2023-01-27 10:01:40:942" Fahrtsp="8.3812" FahrtspStrecke="11.1111" FahrtspSignal="-1" FahrtspZugsicherung="12.5" Fahrtkm="49.8678" FahrtHLDruck="5"/>
<FahrtEintrag FahrtWeg="2091.0859" FahrtZeit="2023-01-27 10:01:43" Kennung_FahrtZeitms="2023-01-27 10:01:43:372" Fahrtsp="8.3426" FahrtspStrecke="11.1111" FahrtspSignal="-1" FahrtspZugsicherung="45.8333" Fahrtkm="49.8678" FahrtHLDruck="5"/>
<FahrtEintrag FahrtWeg="2116.261" FahrtZeit="2023-01-27 10:01:46" Kennung_FahrtZeitms="2023-01-27 10:01:46:872" Fahrtsp="8.304" FahrtspStrecke="11.1111" FahrtspSignal="-1" FahrtspZugsicherung="45.8333" Fahrtkm="49.9673" FahrtHLDruck="5"/>
<FahrtEintrag FahrtWeg="2141.3191" FahrtZeit="2023-01-27 10:01:49" Kennung_FahrtZeitms="2023-01-27 10:01:49:317" Fahrtsp="8.2655" FahrtspStrecke="11.1111" FahrtspSignal="-1" FahrtspZugsicherung="45.8333" Fahrtkm="49.9673" FahrtHLDruck="5"/>
<FahrtEintrag FahrtWeg="2166.6013" FahrtZeit="2023-01-27 10:01:52" Kennung_FahrtZeitms="2023-01-27 10:01:52:677" Fahrtsp="8.2265" FahrtspStrecke="11.1111" FahrtspSignal="-1" FahrtspZugsicherung="45.8333" Fahrtkm="49.9673" FahrtHLDruck="5"/>
<FahrtEintrag FahrtWeg="2191.7654" FahrtZeit="2023-01-27 10:01:55" Kennung_FahrtZeitms="2023-01-27 10:01:55:644" Fahrtsp="8.1875" FahrtspStrecke="11.1111" FahrtspSignal="-1" FahrtspZugsicherung="45.8333" Fahrtkm="50.0543" FahrtHLDruck="5"/>
<FahrtEintrag FahrtWeg="2219.1138" FahrtZeit="2023-01-27 10:01:58" Kennung_FahrtZeitms="2023-01-27 10:01:58:000" Fahrtsp="8.145" FahrtspStrecke="11.1111" FahrtspSignal="-1" FahrtspZugsicherung="45.8333" Fahrtkm="50.0669" FahrtHLDruck="5"/>
<FahrtEintrag FahrtWeg="2244.1941" FahrtZeit="2023-01-27 10:02:01" Kennung_FahrtZeitms="2023-01-27 10:02:01:342" Fahrtsp="8.1059" FahrtspStrecke="11.1111" FahrtspSignal="-1" FahrtspZugsicherung="45.8333" Fahrtkm="50.0669" FahrtHLDruck="5"/>
<FahrtEintrag FahrtWeg="2269.2876" FahrtZeit="2023-01-27 10:02:05" Kennung_FahrtZeitms="2023-01-27 10:02:05:456" Fahrtsp="8.0667" FahrtspStrecke="11.1111" FahrtspSignal="-1" FahrtspZugsicherung="45.8333" Fahrtkm="50.0669" FahrtHLDruck="5"/>
<FahrtEintrag FahrtWeg="2294.3623" FahrtZeit="2023-01-27 10:02:08" Kennung_FahrtZeitms="2023-01-27 10:02:08:511" Fahrtsp="8.0274" FahrtspStrecke="11.1111" FahrtspSignal="-1" FahrtspZugsicherung="45.8333" Fahrtkm="50.1663" FahrtHLDruck="5"/>
<FahrtEintrag FahrtWeg="2319.4182" FahrtZeit="2023-01-27 10:02:11" Kennung_FahrtZeitms="2023-01-27 10:02:11:425" Fahrtsp="7.988" FahrtspStrecke="11.1111" FahrtspSignal="-1" FahrtspZugsicherung="45.8333" Fahrtkm="50.1664" FahrtHLDruck="5"/>
<FahrtEintrag FahrtWeg="2344.5569" FahrtZeit="2023-01-27 10:02:14" Kennung_FahrtZeitms="2023-01-27 10:02:14:512" Fahrtsp="7.9483" FahrtspStrecke="11.1111" FahrtspSignal="-1" FahrtspZugsicherung="45.8333" Fahrtkm="50.1664" FahrtHLDruck="5"/>
<FahrtEintrag FahrtWeg="2369.6887" FahrtZeit="2023-01-27 10:02:17" Kennung_FahrtZeitms="2023-01-27 10:02:17:428" Fahrtsp="7.9085" FahrtspStrecke="11.1111" FahrtspSignal="-1" FahrtspZugsicherung="45.8333" Fahrtkm="50.1664" FahrtHLDruck="5"/>
<FahrtEintrag FahrtWeg="2394.7725" FahrtZeit="2023-01-27 10:02:20" Kennung_FahrtZeitms="2023-01-27 10:02:20:641" Fahrtsp="7.8687" FahrtspStrecke="11.1111" FahrtspSignal="-1" FahrtspZugsicherung="45.8333" Fahrtkm="50.1675" FahrtHLDruck="5"/>
<FahrtEintrag FahrtWeg="2419.8821" FahrtZeit="2023-01-27 10:02:24" Kennung_FahrtZeitms="2023-01-27 10:02:24:486" Fahrtsp="7.8286" FahrtspStrecke="11.1111" FahrtspSignal="-1" FahrtspZugsicherung="45.8333" Fahrtkm="50.1926" FahrtHLDruck="5"/>
<FahrtEintrag FahrtWeg="2445.1089" FahrtZeit="2023-01-27 10:02:27" Kennung_FahrtZeitms="2023-01-27 10:02:27:352" Fahrtsp="7.7882" FahrtspStrecke="11.1111" FahrtspSignal="-1" FahrtspZugsicherung="45.8333" Fahrtkm="50.2659" FahrtHLDruck="5"/>
<FahrtEintrag FahrtWeg="2470.3091" FahrtZeit="2023-01-27 10:02:30" Kennung_FahrtZeitms="2023-01-27 10:02:30:428" Fahrtsp="7.7477" FahrtspStrecke="11.1111" FahrtspSignal="-1" FahrtspZugsicherung="45.8333" Fahrtkm="50.2659" FahrtHLDruck="5"/>
<FahrtEintrag FahrtWeg="2495.3787" FahrtZeit="2023-01-27 10:02:33" Kennung_FahrtZeitms="2023-01-27 10:02:33:425" Fahrtsp="7.7073" FahrtspStrecke="11.1111" FahrtspSignal="-1" FahrtspZugsicherung="45.8333" Fahrtkm="50.3654" FahrtHLDruck="5"/>
<FahrtEintrag FahrtWeg="2520.5486" FahrtZeit="2023-01-27 10:02:36" Kennung_FahrtZeitms="2023-01-27 10:02:36:425" Fahrtsp="7.6666" FahrtspStrecke="11.1111" FahrtspSignal="-1" FahrtspZugsicherung="45.8333" Fahrtkm="50.3654" FahrtHLDruck="5"/>
<FahrtEintrag FahrtWeg="2545.7192" FahrtZeit="2023-01-27 10:02:40" Kennung_FahrtZeitms="2023-01-27 10:02:40:845" Fahrtsp="7.6258" FahrtspStrecke="11.1111" FahrtspSignal="-1" FahrtspZugsicherung="45.8333" Fahrtkm="50.3654" FahrtHLDruck="5"/>
<FahrtEintrag FahrtWeg="2570.8357" FahrtZeit="2023-01-27 10:02:43" Kennung_FahrtZeitms="2023-01-27 10:02:43:924" Fahrtsp="7.5849" FahrtspStrecke="11.1111" FahrtspSignal="-1" FahrtspZugsicherung="45.8333" Fahrtkm="50.3654" FahrtHLDruck="5"/>
<FahrtEintrag FahrtWeg="2595.9089" FahrtZeit="2023-01-27 10:02:46" Kennung_FahrtZeitms="2023-01-27 10:02:46:742" Fahrtsp="7.5439" FahrtspStrecke="11.1111" FahrtspSignal="-1" FahrtspZugsicherung="45.8333" Fahrtkm="50.465" FahrtHLDruck="5"/>
<FahrtEintrag FahrtWeg="2620.9478" FahrtZeit="2023-01-27 10:02:50" Kennung_FahrtZeitms="2023-01-27 10:02:50:428" Fahrtsp="7.5028" FahrtspStrecke="11.1111" FahrtspSignal="-1" FahrtspZugsicherung="45.8333" Fahrtkm="50.465" FahrtHLDruck="5"/>
<FahrtEintrag FahrtWeg="2646.1648" FahrtZeit="2023-01-27 10:02:53" Kennung_FahrtZeitms="2023-01-27 10:02:53:641" Fahrtsp="7.4613" FahrtspStrecke="11.1111" FahrtspSignal="-1" FahrtspZugsicherung="45.8333" Fahrtkm="50.465" FahrtHLDruck="5"/>
<FahrtEintrag FahrtWeg="2671.375" FahrtZeit="2023-01-27 10:02:56" Kennung_FahrtZeitms="2023-01-27 10:02:56:842" Fahrtsp="7.4196" FahrtspStrecke="11.1111" FahrtspSignal="-1" FahrtspZugsicherung="45.8333" Fahrtkm="50.5392" FahrtHLDruck="5"/>
<FahrtEintrag FahrtWeg="2696.4197" FahrtZeit="2023-01-27 10:03:00" Kennung_FahrtZeitms="2023-01-27 10:03:00:342" Fahrtsp="7.378" FahrtspStrecke="11.1111" FahrtspSignal="-1" FahrtspZugsicherung="45.8333" Fahrtkm="50.5546" FahrtHLDruck="5"/>
<FahrtEintrag FahrtWeg="2702.9166" FahrtZeit="2023-01-27 10:03:01" Kennung_FahrtZeitms="2023-01-27 10:03:01:226" Fahrtsp="7.378" FahrtspStrecke="11.1111" FahrtspSignal="-1" FahrtspZugsicherung="45.8333" Fahrtkm="50.5646" FahrtHLDruck="5"/>
<FahrtEintrag FahrtWeg="2721.4932" FahrtZeit="2023-01-27 10:03:03" Kennung_FahrtZeitms="2023-01-27 10:03:03:428" Fahrtsp="7.3363" FahrtspStrecke="11.1111" FahrtspSignal="-1" FahrtspZugsicherung="45.8333" Fahrtkm="50.5646" FahrtHLDruck="5"/>
<FahrtEintrag FahrtWeg="2746.5415" FahrtZeit="2023-01-27 10:03:07" Kennung_FahrtZeitms="2023-01-27 10:03:07:411" Fahrtsp="7.2944" FahrtspStrecke="11.1111" FahrtspSignal="-1" FahrtspZugsicherung="45.8333" Fahrtkm="50.5646" FahrtHLDruck="5"/>
<FahrtEintrag FahrtWeg="2771.5808" FahrtZeit="2023-01-27 10:03:10" Kennung_FahrtZeitms="2023-01-27 10:03:10:453" Fahrtsp="7.2523" FahrtspStrecke="11.1111" FahrtspSignal="-1" FahrtspZugsicherung="45.8333" Fahrtkm="50.5646" FahrtHLDruck="5"/>
<FahrtEintrag FahrtWeg="2796.7583" FahrtZeit="2023-01-27 10:03:14" Kennung_FahrtZeitms="2023-01-27 10:03:14:442" Fahrtsp="7.2098" FahrtspStrecke="11.1111" FahrtspSignal="-1" FahrtspZugsicherung="45.8333" Fahrtkm="50.6641" FahrtHLDruck="5"/>
<FahrtEintrag FahrtTyp="8" FahrtWeg="-1" FahrtZeit="2023-01-27 10:03:15" Kennung_FahrtZeitms="2023-01-27 10:03:15:825" Fahrtsp="-1" FahrtspStrecke="-1" FahrtspSignal="-1" FahrtspZugsicherung="-1" FahrtHLDruck="-1" FahrtParameter="48" FahrtFBSchalter="-10000"/>
<FahrtEintrag FahrtWeg="2812.4253" FahrtZeit="2023-01-27 10:03:15" Kennung_FahrtZeitms="2023-01-27 10:03:15:980" Fahrtsp="7.1479" FahrtspStrecke="11.1111" FahrtspSignal="-1" FahrtspZugsicherung="45.8333" Fahrtkm="50.6741" FahrtHLDruck="5"/>
<FahrtEintrag FahrtTyp="8" FahrtWeg="-1" FahrtZeit="2023-01-27 10:03:16" Kennung_FahrtZeitms="2023-01-27 10:03:16:100" Fahrtsp="-1" FahrtspStrecke="-1" FahrtspSignal="-1" FahrtspZugsicherung="-1" FahrtHLDruck="-1" FahrtParameter="16" FahrtFBSchalter="-10000"/>
<FahrtEintrag FahrtWeg="2821.7725" FahrtZeit="2023-01-27 10:03:17" Kennung_FahrtZeitms="2023-01-27 10:03:17:325" Fahrtsp="7.1475" FahrtspStrecke="11.1111" FahrtspSignal="-1" FahrtspZugsicherung="45.8333" Fahrtkm="50.6741" FahrtHLDruck="5"/>
<FahrtEintrag FahrtWeg="2833.3013" FahrtZeit="2023-01-27 10:03:19" Kennung_FahrtZeitms="2023-01-27 10:03:19:106" Fahrtsp="7.1479" FahrtspStrecke="11.1111" FahrtspSignal="-1" FahrtspZugsicherung="45.8333" Fahrtkm="50.6741" FahrtHLDruck="5"/>
<FahrtEintrag FahrtWeg="2836.0327" FahrtZeit="2023-01-27 10:03:19" Kennung_FahrtZeitms="2023-01-27 10:03:19:601" Fahrtsp="7.1432" FahrtspStrecke="11.1111" FahrtspSignal="-1" FahrtspZugsicherung="45.8333" Fahrtkm="50.6741" FahrtHLDruck="5"/>
<FahrtEintrag FahrtWeg="2861.1301" FahrtZeit="2023-01-27 10:03:23" Kennung_FahrtZeitms="2023-01-27 10:03:23:428" Fahrtsp="7.1004" FahrtspStrecke="11.1111" FahrtspSignal="-1" FahrtspZugsicherung="45.8333" Fahrtkm="50.6741" FahrtHLDruck="5"/>
<FahrtEintrag FahrtWeg="2886.2373" FahrtZeit="2023-01-27 10:03:26" Kennung_FahrtZeitms="2023-01-27 10:03:26:325" Fahrtsp="7.0574" FahrtspStrecke="11.1111" FahrtspSignal="-1" FahrtspZugsicherung="45.8333" Fahrtkm="50.6741" FahrtHLDruck="5"/>
<FahrtEintrag FahrtWeg="2911.2478" FahrtZeit="2023-01-27 10:03:30" Kennung_FahrtZeitms="2023-01-27 10:03:30:442" Fahrtsp="7.0144" FahrtspStrecke="11.1111" FahrtspSignal="-1" FahrtspZugsicherung="45.8333" Fahrtkm="50.7637" FahrtHLDruck="5"/>
<FahrtEintrag FahrtWeg="2936.4451" FahrtZeit="2023-01-27 10:03:33" Kennung_FahrtZeitms="2023-01-27 10:03:33:411" Fahrtsp="6.9708" FahrtspStrecke="11.1111" FahrtspSignal="-1" FahrtspZugsicherung="45.8333" Fahrtkm="50.7637" FahrtHLDruck="5"/>
<FahrtEintrag FahrtWeg="2961.54" FahrtZeit="2023-01-27 10:03:37" Kennung_FahrtZeitms="2023-01-27 10:03:37:428" Fahrtsp="6.9273" FahrtspStrecke="11.1111" FahrtspSignal="-1" FahrtspZugsicherung="45.8333" Fahrtkm="50.7637" FahrtHLDruck="5"/>
<FahrtEintrag FahrtWeg="2986.6521" FahrtZeit="2023-01-27 10:03:41" Kennung_FahrtZeitms="2023-01-27 10:03:41:512" Fahrtsp="6.8835" FahrtspStrecke="11.1111" FahrtspSignal="-1" FahrtspZugsicherung="45.8333" Fahrtkm="50.7637" FahrtHLDruck="5"/>
<FahrtEintrag FahrtWeg="3011.7146" FahrtZeit="2023-01-27 10:03:44" Kennung_FahrtZeitms="2023-01-27 10:03:44:428" Fahrtsp="6.8395" FahrtspStrecke="11.1111" FahrtspSignal="-1" FahrtspZugsicherung="45.8333" Fahrtkm="50.8632" FahrtHLDruck="5"/>
<FahrtEintrag FahrtWeg="3036.717" FahrtZeit="2023-01-27 10:03:48" Kennung_FahrtZeitms="2023-01-27 10:03:48:411" Fahrtsp="6.7955" FahrtspStrecke="11.1111" FahrtspSignal="-1" FahrtspZugsicherung="45.8333" Fahrtkm="50.8632" FahrtHLDruck="5"/>
<FahrtEintrag FahrtWeg="3061.8599" FahrtZeit="2023-01-27 10:03:52" Kennung_FahrtZeitms="2023-01-27 10:03:52:325" Fahrtsp="6.7782" FahrtspStrecke="11.1111" FahrtspSignal="-1" FahrtspZugsicherung="45.8333" Fahrtkm="50.8632" FahrtHLDruck="5" FahrtFBSchalter="10"/>
<FahrtEintrag FahrtWeg="3087.0386" FahrtZeit="2023-01-27 10:03:55" Kennung_FahrtZeitms="2023-01-27 10:03:55:612" Fahrtsp="7.9601" FahrtspStrecke="11.1111" FahrtspSignal="-1" FahrtspZugsicherung="45.8333" Fahrtkm="50.8633" FahrtHLDruck="5" FahrtFBSchalter="15"/>
<FahrtEintrag FahrtWeg="3112.2795" FahrtZeit="2023-01-27 10:03:58" Kennung_FahrtZeitms="2023-01-27 10:03:58:621" Fahrtsp="8.7912" FahrtspStrecke="11.1111" FahrtspSignal="-1" FahrtspZugsicherung="45.8333" Fahrtkm="50.9629" FahrtHLDruck="5" FahrtFBSchalter="9"/>
<FahrtEintrag FahrtWeg="3137.3623" FahrtZeit="2023-01-27 10:04:01" Kennung_FahrtZeitms="2023-01-27 10:04:01:553" Fahrtsp="9.3937" FahrtspStrecke="11.1111" FahrtspSignal="-1" FahrtspZugsicherung="45.8333" Fahrtkm="50.9629" FahrtHLDruck="5" FahrtFBSchalter="9"/>
<FahrtEintrag FahrtWeg="3162.4077" FahrtZeit="2023-01-27 10:04:03" Kennung_FahrtZeitms="2023-01-27 10:04:03:789" Fahrtsp="9.7903" FahrtspStrecke="11.1111" FahrtspSignal="-1" FahrtspZugsicherung="45.8333" Fahrtkm="50.9629" FahrtHLDruck="5"/>
<FahrtEintrag FahrtWeg="3187.6504" FahrtZeit="2023-01-27 10:04:06" Kennung_FahrtZeitms="2023-01-27 10:04:06:421" Fahrtsp="9.755" FahrtspStrecke="11.1111" FahrtspSignal="-1" FahrtspZugsicherung="45.8333" Fahrtkm="51.0379" FahrtHLDruck="5"/>
<FahrtEintrag FahrtWeg="3212.9011" FahrtZeit="2023-01-27 10:04:09" Kennung_FahrtZeitms="2023-01-27 10:04:09:842" Fahrtsp="9.7197" FahrtspStrecke="11.1111" FahrtspSignal="-1" FahrtspZugsicherung="45.8333" Fahrtkm="51.0625" FahrtHLDruck="5"/>
<FahrtEintrag FahrtWeg="3238.0657" FahrtZeit="2023-01-27 10:04:11" Kennung_FahrtZeitms="2023-01-27 10:04:11:319" Fahrtsp="9.6844" FahrtspStrecke="11.1111" FahrtspSignal="-1" FahrtspZugsicherung="45.8333" Fahrtkm="51.0625" FahrtHLDruck="5"/>
<FahrtEintrag FahrtWeg="3263.1274" FahrtZeit="2023-01-27 10:04:14" Kennung_FahrtZeitms="2023-01-27 10:04:14:217" Fahrtsp="9.6492" FahrtspStrecke="11.1111" FahrtspSignal="-1" FahrtspZugsicherung="45.8333" Fahrtkm="51.0625" FahrtHLDruck="5"/>
<FahrtEintrag FahrtWeg="3288.2974" FahrtZeit="2023-01-27 10:04:16" Kennung_FahrtZeitms="2023-01-27 10:04:16:924" Fahrtsp="9.6138" FahrtspStrecke="11.1111" FahrtspSignal="-1" FahrtspZugsicherung="45.8333" Fahrtkm="51.1379" FahrtHLDruck="5"/>
<FahrtEintrag FahrtWeg="3313.4124" FahrtZeit="2023-01-27 10:04:19" Kennung_FahrtZeitms="2023-01-27 10:04:19:421" Fahrtsp="9.5783" FahrtspStrecke="11.1111" FahrtspSignal="-1" FahrtspZugsicherung="45.8333" Fahrtkm="51.162" FahrtHLDruck="5"/>
<FahrtEintrag FahrtWeg="3338.6846" FahrtZeit="2023-01-27 10:04:22" Kennung_FahrtZeitms="2023-01-27 10:04:22:216" Fahrtsp="9.5426" FahrtspStrecke="11.1111" FahrtspSignal="-1" FahrtspZugsicherung="45.8333" Fahrtkm="51.162" FahrtHLDruck="5"/>
<FahrtEintrag FahrtWeg="3363.7278" FahrtZeit="2023-01-27 10:04:24" Kennung_FahrtZeitms="2023-01-27 10:04:24:342" Fahrtsp="9.5072" FahrtspStrecke="11.1111" FahrtspSignal="-1" FahrtspZugsicherung="45.8333" Fahrtkm="51.2129" FahrtHLDruck="5"/>
<FahrtEintrag FahrtWeg="3388.9475" FahrtZeit="2023-01-27 10:04:27" Kennung_FahrtZeitms="2023-01-27 10:04:27:561" Fahrtsp="9.4714" FahrtspStrecke="11.1111" FahrtspSignal="-1" FahrtspZugsicherung="45.8333" Fahrtkm="51.2129" FahrtHLDruck="5"/>
<FahrtEintrag FahrtWeg="3414.24" FahrtZeit="2023-01-27 10:04:30" Kennung_FahrtZeitms="2023-01-27 10:04:30:428" Fahrtsp="9.4354" FahrtspStrecke="11.1111" FahrtspSignal="-1" FahrtspZugsicherung="45.8333" Fahrtkm="51.2616" FahrtHLDruck="5"/>
<FahrtEintrag FahrtWeg="3439.4658" FahrtZeit="2023-01-27 10:04:32" Kennung_FahrtZeitms="2023-01-27 10:04:32:317" Fahrtsp="9.3994" FahrtspStrecke="11.1111" FahrtspSignal="-1" FahrtspZugsicherung="45.8333" Fahrtkm="51.2879" FahrtHLDruck="5"/>
<FahrtEintrag FahrtWeg="3464.5383" FahrtZeit="2023-01-27 10:04:35" Kennung_FahrtZeitms="2023-01-27 10:04:35:317" Fahrtsp="9.3636" FahrtspStrecke="11.1111" FahrtspSignal="-1" FahrtspZugsicherung="45.8333" Fahrtkm="51.2879" FahrtHLDruck="5"/>
<FahrtEintrag FahrtWeg="3489.5876" FahrtZeit="2023-01-27 10:04:38" Kennung_FahrtZeitms="2023-01-27 10:04:38:413" Fahrtsp="9.3278" FahrtspStrecke="11.1111" FahrtspSignal="-1" FahrtspZugsicherung="45.8333" Fahrtkm="51.3511" FahrtHLDruck="5"/>
<FahrtEintrag FahrtWeg="3500.0746" FahrtZeit="2023-01-27 10:04:38" Kennung_FahrtZeitms="2023-01-27 10:04:38:778" Fahrtsp="9.3278" FahrtspStrecke="11.1111" FahrtspSignal="-1" FahrtspZugsicherung="45.8333" Fahrtkm="51.3611" FahrtHLDruck="5"/>
<FahrtEintrag FahrtWeg="3514.6462" FahrtZeit="2023-01-27 10:04:40" Kennung_FahrtZeitms="2023-01-27 10:04:40:342" Fahrtsp="9.2919" FahrtspStrecke="11.1111" FahrtspSignal="-1" FahrtspZugsicherung="45.8333" Fahrtkm="51.3611" FahrtHLDruck="5"/>
<FahrtEintrag FahrtWeg="3539.647" FahrtZeit="2023-01-27 10:04:43" Kennung_FahrtZeitms="2023-01-27 10:04:43:287" Fahrtsp="9.2559" FahrtspStrecke="11.1111" FahrtspSignal="-1" FahrtspZugsicherung="45.8333" Fahrtkm="51.3611" FahrtHLDruck="5"/>
<FahrtEintrag FahrtWeg="3564.8491" FahrtZeit="2023-01-27 10:04:46" Kennung_FahrtZeitms="2023-01-27 10:04:46:314" Fahrtsp="9.2196" FahrtspStrecke="11.1111" FahrtspSignal="-1" FahrtspZugsicherung="45.8333" Fahrtkm="51.3611" FahrtHLDruck="5"/>
<FahrtEintrag FahrtWeg="3589.957" FahrtZeit="2023-01-27 10:04:48" Kennung_FahrtZeitms="2023-01-27 10:04:48:212" Fahrtsp="9.1833" FahrtspStrecke="11.1111" FahrtspSignal="-1" FahrtspZugsicherung="45.8333" Fahrtkm="51.4607" FahrtHLDruck="5"/>
<FahrtEintrag FahrtWeg="3615.1577" FahrtZeit="2023-01-27 10:04:51" Kennung_FahrtZeitms="2023-01-27 10:04:51:415" Fahrtsp="9.1469" FahrtspStrecke="11.1111" FahrtspSignal="-1" FahrtspZugsicherung="45.8333" Fahrtkm="51.4607" FahrtHLDruck="5"/>
<FahrtEintrag FahrtWeg="3640.3059" FahrtZeit="2023-01-27 10:04:54" Kennung_FahrtZeitms="2023-01-27 10:04:54:287" Fahrtsp="9.1104" FahrtspStrecke="11.1111" FahrtspSignal="-1" FahrtspZugsicherung="45.8333" Fahrtkm="51.4607" FahrtHLDruck="5"/>
<FahrtEintrag FahrtTyp="8" FahrtWeg="-1" FahrtZeit="2023-01-27 10:04:56" Kennung_FahrtZeitms="2023-01-27 10:04:56:478" Fahrtsp="-1" FahrtspStrecke="-1" FahrtspSignal="-1" FahrtspZugsicherung="-1" FahrtHLDruck="-1" FahrtParameter="48" FahrtFBSchalter="-10000"/>
<FahrtEintrag FahrtWeg="3664.8177" FahrtZeit="2023-01-27 10:04:56" Kennung_FahrtZeitms="2023-01-27 10:04:56:690" Fahrtsp="9.0298" FahrtspStrecke="11.1111" FahrtspSignal="-1" FahrtspZugsicherung="45.8333" Fahrtkm="51.5257" FahrtHLDruck="5"/>
<FahrtEintrag FahrtTyp="8" FahrtWeg="-1" FahrtZeit="2023-01-27 10:04:57" Kennung_FahrtZeitms="2023-01-27 10:04:57:100" Fahrtsp="-1" FahrtspStrecke="-1" FahrtspSignal="-1" FahrtspZugsicherung="-1" FahrtHLDruck="-1" FahrtParameter="16" FahrtFBSchalter="-10000"/>
<FahrtEintrag FahrtTyp="5" FahrtWeg="3687.7175" FahrtZeit="2023-01-27 10:04:59" Kennung_FahrtZeitms="2023-01-27 10:04:59:003" Fahrtsp="9.021" FahrtspStrecke="11.1111" FahrtspSignal="-1" FahrtspZugsicherung="45.8333" FahrtText="LZB-Bk 21/22/121/122 LZB-Bk 21" Fahrtkm="51.5257" FahrtHLDruck="5"/>
<FahrtEintrag FahrtTyp="5" FahrtWeg="-1" FahrtZeit="2023-01-27 10:04:59" Kennung_FahrtZeitms="2023-01-27 10:04:59:512" Fahrtsp="-1" FahrtspStrecke="-1" FahrtspSignal="-1" FahrtspZugsicherung="-1" FahrtText="Zugende passiert Ende Weichenbereich" FahrtHLDruck="-1" FahrtParameter="4" FahrtFBSchalter="-10000"/>
<FahrtEintrag FahrtWeg="3688.0012" FahrtZeit="2023-01-27 10:04:59" Kennung_FahrtZeitms="2023-01-27 10:04:59:534" Fahrtsp="9.021" FahrtspStrecke="11.1111" FahrtspSignal="-1" FahrtspZugsicherung="45.8333" Fahrtkm="51.5599" FahrtHLDruck="5"/>
<FahrtEintrag FahrtWeg="3695.6807" FahrtZeit="2023-01-27 10:05:00" Kennung_FahrtZeitms="2023-01-27 10:05:00:043" Fahrtsp="9.0299" FahrtspStrecke="11.1111" FahrtspSignal="-1" FahrtspZugsicherung="45.8333" Fahrtkm="51.5602" FahrtHLDruck="5"/>
<FahrtEintrag FahrtWeg="3697.6807" FahrtZeit="2023-01-27 10:05:00" Kennung_FahrtZeitms="2023-01-27 10:05:00:532" Fahrtsp="9.0269" FahrtspStrecke="11.1111" FahrtspSignal="-1" FahrtspZugsicherung="45.8333" Fahrtkm="51.5682" FahrtHLDruck="5"/>
<FahrtEintrag FahrtTyp="5" FahrtWeg="-1" FahrtZeit="2023-01-27 10:05:01" Kennung_FahrtZeitms="2023-01-27 10:05:01:002" Fahrtsp="-1" FahrtspStrecke="-1" FahrtspSignal="-1" FahrtspZugsicherung="-1" FahrtText="Zugende passiert Ende Weichenbereich" FahrtHLDruck="-1" FahrtParameter="4" FahrtFBSchalter="-10000"/>
<FahrtEintrag FahrtWeg="3708.0217" FahrtZeit="2023-01-27 10:05:01" Kennung_FahrtZeitms="2023-01-27 10:05:01:010" Fahrtsp="9.0118" FahrtspStrecke="11.1111" FahrtspSignal="-1" FahrtspZugsicherung="45.8333" Fahrtkm="51.5682" FahrtHLDruck="5"/>
<FahrtEintrag FahrtWeg="3733.2322" FahrtZeit="2023-01-27 10:05:04" Kennung_FahrtZeitms="2023-01-27 10:05:04:412" Fahrtsp="8.9749" FahrtspStrecke="11.1111" FahrtspSignal="-1" FahrtspZugsicherung="45.8333" Fahrtkm="51.5682" FahrtHLDruck="5"/>
<FahrtEintrag FahrtWeg="3758.3418" FahrtZeit="2023-01-27 10:05:07" Kennung_FahrtZeitms="2023-01-27 10:05:07:428" Fahrtsp="8.938" FahrtspStrecke="11.1111" FahrtspSignal="-1" FahrtspZugsicherung="45.8333" Fahrtkm="51.626" FahrtHLDruck="5"/>
<FahrtEintrag FahrtWeg="3783.5505" FahrtZeit="2023-01-27 10:05:10" Kennung_FahrtZeitms="2023-01-27 10:05:10:527" Fahrtsp="8.901" FahrtspStrecke="11.1111" FahrtspSignal="-1" FahrtspZugsicherung="45.8333" Fahrtkm="51.626" FahrtHLDruck="5"/>
<FahrtEintrag FahrtWeg="3808.5588" FahrtZeit="2023-01-27 10:05:13" Kennung_FahrtZeitms="2023-01-27 10:05:13:317" Fahrtsp="8.8641" FahrtspStrecke="11.1111" FahrtspSignal="-1" FahrtspZugsicherung="45.8333" Fahrtkm="51.6598" FahrtHLDruck="5"/>
<FahrtEintrag FahrtWeg="3833.6289" FahrtZeit="2023-01-27 10:05:15" Kennung_FahrtZeitms="2023-01-27 10:05:15:418" Fahrtsp="8.8271" FahrtspStrecke="11.1111" FahrtspSignal="-1" FahrtspZugsicherung="45.8333" Fahrtkm="51.6598" FahrtHLDruck="5"/>
<FahrtEintrag FahrtWeg="3858.8215" FahrtZeit="2023-01-27 10:05:18" Kennung_FahrtZeitms="2023-01-27 10:05:18:428" Fahrtsp="8.7898" FahrtspStrecke="11.1111" FahrtspSignal="-1" FahrtspZugsicherung="45.8333" Fahrtkm="51.6598" FahrtHLDruck="5"/>
<FahrtEintrag FahrtWeg="3884.0745" FahrtZeit="2023-01-27 10:05:21" Kennung_FahrtZeitms="2023-01-27 10:05:21:428" Fahrtsp="8.7523" FahrtspStrecke="11.1111" FahrtspSignal="-1" FahrtspZugsicherung="45.8333" Fahrtkm="51.6598" FahrtHLDruck="5"/>
<FahrtEintrag FahrtWeg="3909.3335" FahrtZeit="2023-01-27 10:05:24" Kennung_FahrtZeitms="2023-01-27 10:05:24:512" Fahrtsp="8.7147" FahrtspStrecke="11.1111" FahrtspSignal="-1" FahrtspZugsicherung="45.8333" Fahrtkm="51.7594" FahrtHLDruck="5"/>
<FahrtEintrag FahrtWeg="3934.4585" FahrtZeit="2023-01-27 10:05:27" Kennung_FahrtZeitms="2023-01-27 10:05:27:428" Fahrtsp="8.6771" FahrtspStrecke="11.1111" FahrtspSignal="-1" FahrtspZugsicherung="45.8333" Fahrtkm="51.7594" FahrtHLDruck="5"/>
<FahrtEintrag FahrtWeg="3959.5771" FahrtZeit="2023-01-27 10:05:30" Kennung_FahrtZeitms="2023-01-27 10:05:30:541" Fahrtsp="8.6396" FahrtspStrecke="11.1111" FahrtspSignal="-1" FahrtspZugsicherung="45.8333" Fahrtkm="51.7594" FahrtHLDruck="5"/>
<FahrtEintrag FahrtWeg="3984.6348" FahrtZeit="2023-01-27 10:05:33" Kennung_FahrtZeitms="2023-01-27 10:05:33:712" Fahrtsp="8.6019" FahrtspStrecke="11.1111" FahrtspSignal="-1" FahrtspZugsicherung="45.8333" Fahrtkm="51.7594" FahrtHLDruck="5"/>
<FahrtEintrag FahrtWeg="4009.6575" FahrtZeit="2023-01-27 10:05:36" Kennung_FahrtZeitms="2023-01-27 10:05:36:616" Fahrtsp="8.5643" FahrtspStrecke="11.1111" FahrtspSignal="-1" FahrtspZugsicherung="45.8333" Fahrtkm="51.8589" FahrtHLDruck="5"/>
<FahrtEintrag FahrtWeg="4034.7939" FahrtZeit="2023-01-27 10:05:39" Kennung_FahrtZeitms="2023-01-27 10:05:39:817" Fahrtsp="8.5263" FahrtspStrecke="11.1111" FahrtspSignal="-1" FahrtspZugsicherung="45.8333" Fahrtkm="51.8589" FahrtHLDruck="5"/>
<FahrtEintrag FahrtWeg="4059.8167" FahrtZeit="2023-01-27 10:05:42" Kennung_FahrtZeitms="2023-01-27 10:05:42:714" Fahrtsp="8.4884" FahrtspStrecke="11.1111" FahrtspSignal="-1" FahrtspZugsicherung="45.8333" Fahrtkm="51.8589" FahrtHLDruck="5"/>
<FahrtEintrag FahrtWeg="4084.8555" FahrtZeit="2023-01-27 10:05:45" Kennung_FahrtZeitms="2023-01-27 10:05:45:628" Fahrtsp="8.4504" FahrtspStrecke="11.1111" FahrtspSignal="-1" FahrtspZugsicherung="45.8333" Fahrtkm="51.8589" FahrtHLDruck="5"/>
<FahrtEintrag FahrtWeg="4109.9482" FahrtZeit="2023-01-27 10:05:48" Kennung_FahrtZeitms="2023-01-27 10:05:48:517" Fahrtsp="8.4122" FahrtspStrecke="11.1111" FahrtspSignal="-1" FahrtspZugsicherung="45.8333" Fahrtkm="51.9585" FahrtHLDruck="5"/>
<FahrtEintrag FahrtWeg="4135.0708" FahrtZeit="2023-01-27 10:05:50" Kennung_FahrtZeitms="2023-01-27 10:05:50:327" Fahrtsp="8.3739" FahrtspStrecke="11.1111" FahrtspSignal="-1" FahrtspZugsicherung="45.8333" Fahrtkm="51.9585" FahrtHLDruck="5"/>
<FahrtEintrag FahrtWeg="4160.1372" FahrtZeit="2023-01-27 10:05:54" Kennung_FahrtZeitms="2023-01-27 10:05:54:342" Fahrtsp="8.3355" FahrtspStrecke="11.1111" FahrtspSignal="-1" FahrtspZugsicherung="45.8333" Fahrtkm="51.9585" FahrtHLDruck="5"/>
<FahrtEintrag FahrtWeg="4185.2881" FahrtZeit="2023-01-27 10:05:57" Kennung_FahrtZeitms="2023-01-27 10:05:57:485" Fahrtsp="8.2969" FahrtspStrecke="11.1111" FahrtspSignal="-1" FahrtspZugsicherung="45.8333" Fahrtkm="51.9585" FahrtHLDruck="5"/>
<FahrtEintrag FahrtWeg="4210.5083" FahrtZeit="2023-01-27 10:06:00" Kennung_FahrtZeitms="2023-01-27 10:06:00:514" Fahrtsp="8.258" FahrtspStrecke="11.1111" FahrtspSignal="-1" FahrtspZugsicherung="45.8333" Fahrtkm="52.0719" FahrtHLDruck="5"/>
<FahrtEintrag FahrtWeg="4235.7075" FahrtZeit="2023-01-27 10:06:03" Kennung_FahrtZeitms="2023-01-27 10:06:03:214" Fahrtsp="8.2191" FahrtspStrecke="11.1111" FahrtspSignal="-1" FahrtspZugsicherung="45.8333" Fahrtkm="52.0719" FahrtHLDruck="5"/>
<FahrtEintrag FahrtWeg="4260.895" FahrtZeit="2023-01-27 10:06:06" Kennung_FahrtZeitms="2023-01-27 10:06:06:124" Fahrtsp="8.1801" FahrtspStrecke="11.1111" FahrtspSignal="-1" FahrtspZugsicherung="45.8333" Fahrtkm="52.0719" FahrtHLDruck="5"/>
<FahrtEintrag FahrtWeg="4286.0171" FahrtZeit="2023-01-27 10:06:09" Kennung_FahrtZeitms="2023-01-27 10:06:09:315" Fahrtsp="8.1411" FahrtspStrecke="11.1111" FahrtspSignal="-1" FahrtspZugsicherung="45.8333" Fahrtkm="52.1576" FahrtHLDruck="5"/>
<FahrtEintrag FahrtWeg="4311.2998" FahrtZeit="2023-01-27 10:06:12" Kennung_FahrtZeitms="2023-01-27 10:06:12:412" Fahrtsp="8.1017" FahrtspStrecke="11.1111" FahrtspSignal="-1" FahrtspZugsicherung="45.8333" Fahrtkm="52.1576" FahrtHLDruck="5"/>
<FahrtEintrag FahrtWeg="4336.4355" FahrtZeit="2023-01-27 10:06:15" Kennung_FahrtZeitms="2023-01-27 10:06:15:317" Fahrtsp="8.0624" FahrtspStrecke="11.1111" FahrtspSignal="-1" FahrtspZugsicherung="45.8333" Fahrtkm="52.1576" FahrtHLDruck="5"/>
<FahrtEintrag FahrtWeg="4361.5288" FahrtZeit="2023-01-27 10:06:18" Kennung_FahrtZeitms="2023-01-27 10:06:18:512" Fahrtsp="8.023" FahrtspStrecke="11.1111" FahrtspSignal="-1" FahrtspZugsicherung="45.8333" Fahrtkm="52.2219" FahrtHLDruck="5"/>
<FahrtEintrag FahrtWeg="4386.5698" FahrtZeit="2023-01-27 10:06:21" Kennung_FahrtZeitms="2023-01-27 10:06:21:327" Fahrtsp="7.9836" FahrtspStrecke="11.1111" FahrtspSignal="-1" FahrtspZugsicherung="45.8333" Fahrtkm="52.2571" FahrtHLDruck="5"/>
<FahrtEintrag FahrtWeg="4411.7031" FahrtZeit="2023-01-27 10:06:25" Kennung_FahrtZeitms="2023-01-27 10:06:25:417" Fahrtsp="7.944" FahrtspStrecke="11.1111" FahrtspSignal="-1" FahrtspZugsicherung="45.8333" Fahrtkm="52.2571" FahrtHLDruck="5"/>
<FahrtEintrag FahrtWeg="4436.937" FahrtZeit="2023-01-27 10:06:28" Kennung_FahrtZeitms="2023-01-27 10:06:28:428" Fahrtsp="7.904" FahrtspStrecke="11.1111" FahrtspSignal="-1" FahrtspZugsicherung="45.8333" Fahrtkm="52.2571" FahrtHLDruck="5"/>
<FahrtEintrag FahrtWeg="4462.2021" FahrtZeit="2023-01-27 10:06:31" Kennung_FahrtZeitms="2023-01-27 10:06:31:512" Fahrtsp="7.8538" FahrtspStrecke="11.1111" FahrtspSignal="-1" FahrtspZugsicherung="45.8333" Fahrtkm="52.334" FahrtHLDruck="5"/>
<FahrtEintrag FahrtWeg="4487.2817" FahrtZeit="2023-01-27 10:06:34" Kennung_FahrtZeitms="2023-01-27 10:06:34:428" Fahrtsp="7.5847" FahrtspStrecke="11.1111" FahrtspSignal="-1" FahrtspZugsicherung="45.8333" Fahrtkm="52.3567" FahrtHLDruck="5"/>
<FahrtEintrag FahrtWeg="4512.3271" FahrtZeit="2023-01-27 10:06:38" Kennung_FahrtZeitms="2023-01-27 10:06:38:517" Fahrtsp="7.1404" FahrtspStrecke="11.1111" FahrtspSignal="-1" FahrtspZugsicherung="45.8333" Fahrtkm="52.3567" FahrtHLDruck="5"/>
<FahrtEintrag FahrtWeg="4537.3691" FahrtZeit="2023-01-27 10:06:41" Kennung_FahrtZeitms="2023-01-27 10:06:41:428" Fahrtsp="6.6654" FahrtspStrecke="11.1111" FahrtspSignal="-1" FahrtspZugsicherung="45.8333" Fahrtkm="52.3566" FahrtHLDruck="5"/>
<FahrtEintrag FahrtWeg="4562.397" FahrtZeit="2023-01-27 10:06:45" Kennung_FahrtZeitms="2023-01-27 10:06:45:628" Fahrtsp="6.155" FahrtspStrecke="11.1111" FahrtspSignal="-1" FahrtspZugsicherung="45.8333" Fahrtkm="52.3566" FahrtHLDruck="5"/>
<FahrtEintrag FahrtWeg="4587.4741" FahrtZeit="2023-01-27 10:06:49" Kennung_FahrtZeitms="2023-01-27 10:06:49:514" Fahrtsp="6.4086" FahrtspStrecke="11.1111" FahrtspSignal="-1" FahrtspZugsicherung="45.8333" Fahrtkm="52.4562" FahrtHLDruck="5" FahrtFBSchalter="26"/>
<FahrtEintrag FahrtWeg="4612.6543" FahrtZeit="2023-01-27 10:06:53" Kennung_FahrtZeitms="2023-01-27 10:06:53:821" Fahrtsp="8.3685" FahrtspStrecke="11.1111" FahrtspSignal="-1" FahrtspZugsicherung="45.8333" Fahrtkm="52.4563" FahrtHLDruck="5" FahrtFBSchalter="9"/>
<FahrtEintrag FahrtWeg="4637.9004" FahrtZeit="2023-01-27 10:06:56" Kennung_FahrtZeitms="2023-01-27 10:06:56:415" Fahrtsp="8.1389" FahrtspStrecke="11.1111" FahrtspSignal="-1" FahrtspZugsicherung="45.8333" Fahrtkm="52.4563" FahrtHLDruck="5" FahrtFBSchalter="14"/>
<FahrtEintrag FahrtWeg="4663.0522" FahrtZeit="2023-01-27 10:06:59" Kennung_FahrtZeitms="2023-01-27 10:06:59:428" Fahrtsp="8.8397" FahrtspStrecke="11.1111" FahrtspSignal="-1" FahrtspZugsicherung="45.8333" Fahrtkm="52.4563" FahrtHLDruck="5" FahrtFBSchalter="14"/>
<FahrtEintrag FahrtWeg="4688.1919" FahrtZeit="2023-01-27 10:07:01" Kennung_FahrtZeitms="2023-01-27 10:07:01:512" Fahrtsp="8.8558" FahrtspStrecke="11.1111" FahrtspSignal="-1" FahrtspZugsicherung="45.8333" Fahrtkm="52.5558" FahrtHLDruck="5"/>
<FahrtEintrag FahrtWeg="4713.2295" FahrtZeit="2023-01-27 10:07:04" Kennung_FahrtZeitms="2023-01-27 10:07:04:612" Fahrtsp="8.4749" FahrtspStrecke="11.1111" FahrtspSignal="-1" FahrtspZugsicherung="45.8333" Fahrtkm="52.5558" FahrtHLDruck="5"/>
<FahrtEintrag FahrtWeg="4738.3066" FahrtZeit="2023-01-27 10:07:07" Kennung_FahrtZeitms="2023-01-27 10:07:07:528" Fahrtsp="8.0761" FahrtspStrecke="11.1111" FahrtspSignal="-1" FahrtspZugsicherung="45.8333" Fahrtkm="52.5558" FahrtHLDruck="5"/>
<FahrtEintrag FahrtWeg="4763.4058" FahrtZeit="2023-01-27 10:07:10" Kennung_FahrtZeitms="2023-01-27 10:07:10:317" Fahrtsp="7.6569" FahrtspStrecke="11.1111" FahrtspSignal="-1" FahrtspZugsicherung="45.8333" Fahrtkm="52.5557" FahrtHLDruck="5" FahrtFBSchalter="1"/>
<FahrtEintrag FahrtWeg="4788.458" FahrtZeit="2023-01-27 10:07:14" Kennung_FahrtZeitms="2023-01-27 10:07:14:825" Fahrtsp="7.8938" FahrtspStrecke="11.1111" FahrtspSignal="-1" FahrtspZugsicherung="45.8333" Fahrtkm="52.6553" FahrtHLDruck="5" FahrtFBSchalter="8"/>
<FahrtEintrag FahrtWeg="4813.623" FahrtZeit="2023-01-27 10:07:17" Kennung_FahrtZeitms="2023-01-27 10:07:17:214" Fahrtsp="8.1545" FahrtspStrecke="11.1111" FahrtspSignal="-1" FahrtspZugsicherung="45.8333" Fahrtkm="52.6554" FahrtHLDruck="5" FahrtFBSchalter="8"/>
<FahrtEintrag FahrtWeg="4838.6641" FahrtZeit="2023-01-27 10:07:20" Kennung_FahrtZeitms="2023-01-27 10:07:20:812" Fahrtsp="8.6126" FahrtspStrecke="11.1111" FahrtspSignal="-1" FahrtspZugsicherung="45.8333" Fahrtkm="52.6554" FahrtHLDruck="5" FahrtFBSchalter="12"/>
<FahrtEintrag FahrtWeg="4863.9033" FahrtZeit="2023-01-27 10:07:23" Kennung_FahrtZeitms="2023-01-27 10:07:23:124" Fahrtsp="8.5034" FahrtspStrecke="11.1111" FahrtspSignal="-1" FahrtspZugsicherung="45.8333" Fahrtkm="52.6554" FahrtHLDruck="5" FahrtFBSchalter="2"/>
<FahrtEintrag FahrtWeg="4889.041" FahrtZeit="2023-01-27 10:07:26" Kennung_FahrtZeitms="2023-01-27 10:07:26:214" Fahrtsp="8.2675" FahrtspStrecke="11.1111" FahrtspSignal="-1" FahrtspZugsicherung="45.8333" Fahrtkm="52.7549" FahrtHLDruck="5" FahrtFBSchalter="2"/>
<FahrtEintrag FahrtWeg="4914.2725" FahrtZeit="2023-01-27 10:07:29" Kennung_FahrtZeitms="2023-01-27 10:07:29:513" Fahrtsp="8.2783" FahrtspStrecke="11.1111" FahrtspSignal="-1" FahrtspZugsicherung="45.8333" Fahrtkm="52.7549" FahrtHLDruck="5" FahrtFBSchalter="8"/>
<FahrtEintrag FahrtWeg="4939.3994" FahrtZeit="2023-01-27 10:07:32" Kennung_FahrtZeitms="2023-01-27 10:07:32:812" Fahrtsp="8.5174" FahrtspStrecke="11.1111" FahrtspSignal="-1" FahrtspZugsicherung="45.8333" Fahrtkm="52.7549" FahrtHLDruck="5" FahrtFBSchalter="8"/>
<FahrtEintrag FahrtWeg="4964.4097" FahrtZeit="2023-01-27 10:07:35" Kennung_FahrtZeitms="2023-01-27 10:07:35:913" Fahrtsp="8.7432" FahrtspStrecke="11.1111" FahrtspSignal="-1" FahrtspZugsicherung="45.8333" Fahrtkm="52.7549" FahrtHLDruck="5" FahrtFBSchalter="8"/>
<FahrtEintrag FahrtWeg="4989.6177" FahrtZeit="2023-01-27 10:07:38" Kennung_FahrtZeitms="2023-01-27 10:07:38:715" Fahrtsp="8.9597" FahrtspStrecke="11.1111" FahrtspSignal="-1" FahrtspZugsicherung="45.8333" Fahrtkm="52.8245" FahrtHLDruck="5" FahrtFBSchalter="8"/>
<FahrtEintrag FahrtWeg="5014.6436" FahrtZeit="2023-01-27 10:07:40" Kennung_FahrtZeitms="2023-01-27 10:07:40:814" Fahrtsp="9.1646" FahrtspStrecke="11.1111" FahrtspSignal="-1" FahrtspZugsicherung="45.8333" Fahrtkm="52.8245" FahrtHLDruck="5" FahrtFBSchalter="8"/>
<FahrtEintrag FahrtWeg="5038.9087" FahrtZeit="2023-01-27 10:07:43" Kennung_FahrtZeitms="2023-01-27 10:07:43:656" Fahrtsp="9.3608" FahrtspStrecke="11.1111" FahrtspSignal="-1" FahrtspZugsicherung="45.8333" Fahrtkm="52.8544" FahrtHLDruck="5" FahrtFBSchalter="8"/>
<FahrtEintrag FahrtWeg="5064.8936" FahrtZeit="2023-01-27 10:07:46" Kennung_FahrtZeitms="2023-01-27 10:07:46:417" Fahrtsp="9.5492" FahrtspStrecke="11.1111" FahrtspSignal="-1" FahrtspZugsicherung="45.8333" Fahrtkm="52.8544" FahrtHLDruck="5" FahrtFBSchalter="8"/>
<FahrtEintrag FahrtWeg="5089.9121" FahrtZeit="2023-01-27 10:07:48" Kennung_FahrtZeitms="2023-01-27 10:07:48:219" Fahrtsp="9.2504" FahrtspStrecke="11.1111" FahrtspSignal="-1" FahrtspZugsicherung="45.8333" Fahrtkm="52.9541" FahrtHLDruck="5"/>
<FahrtEintrag FahrtWeg="5115.1582" FahrtZeit="2023-01-27 10:07:51" Kennung_FahrtZeitms="2023-01-27 10:07:51:318" Fahrtsp="8.8826" FahrtspStrecke="11.1111" FahrtspSignal="-1" FahrtspZugsicherung="45.8333" Fahrtkm="52.9541" FahrtHLDruck="5"/>
<FahrtEintrag FahrtWeg="5140.2305" FahrtZeit="2023-01-27 10:07:54" Kennung_FahrtZeitms="2023-01-27 10:07:54:917" Fahrtsp="8.5024" FahrtspStrecke="11.1111" FahrtspSignal="-1" FahrtspZugsicherung="45.8333" Fahrtkm="52.9541" FahrtHLDruck="5"/>
<FahrtEintrag FahrtTyp="8" FahrtWeg="-1" FahrtZeit="2023-01-27 10:07:56" Kennung_FahrtZeitms="2023-01-27 10:07:56:257" Fahrtsp="-1" FahrtspStrecke="-1" FahrtspSignal="-1" FahrtspZugsicherung="-1" FahrtHLDruck="-1" FahrtParameter="48" FahrtFBSchalter="-10000"/>
<FahrtEintrag FahrtWeg="5154.2492" FahrtZeit="2023-01-27 10:07:56" Kennung_FahrtZeitms="2023-01-27 10:07:56:368" Fahrtsp="8.2826" FahrtspStrecke="11.1111" FahrtspSignal="-1" FahrtspZugsicherung="45.8333" Fahrtkm="52.9731" FahrtHLDruck="5"/>
<FahrtEintrag FahrtTyp="8" FahrtWeg="-1" FahrtZeit="2023-01-27 10:07:56" Kennung_FahrtZeitms="2023-01-27 10:07:56:505" Fahrtsp="-1" FahrtspStrecke="-1" FahrtspSignal="-1" FahrtspZugsicherung="-1" FahrtHLDruck="-1" FahrtParameter="16" FahrtFBSchalter="-10000"/>
<FahrtEintrag FahrtWeg="5156.5703" FahrtZeit="2023-01-27 10:07:56" Kennung_FahrtZeitms="2023-01-27 10:07:56:805" Fahrtsp="8.2455" FahrtspStrecke="11.1111" FahrtspSignal="-1" FahrtspZugsicherung="45.8333" Fahrtkm="52.9731" FahrtHLDruck="5"/>
<FahrtEintrag FahrtWeg="5181.7173" FahrtZeit="2023-01-27 10:07:59" Kennung_FahrtZeitms="2023-01-27 10:07:59:813" Fahrtsp="7.8342" FahrtspStrecke="11.1111" FahrtspSignal="-1" FahrtspZugsicherung="45.8333" Fahrtkm="53.0378" FahrtHLDruck="5"/>
<FahrtEintrag FahrtWeg="5206.8926" FahrtZeit="2023-01-27 10:08:02" Kennung_FahrtZeitms="2023-01-27 10:08:02:412" Fahrtsp="7.4004" FahrtspStrecke="11.1111" FahrtspSignal="-1" FahrtspZugsicherung="45.8333" Fahrtkm="53.063" FahrtHLDruck="5"/>
<FahrtEintrag FahrtWeg="5232" FahrtZeit="2023-01-27 10:08:06" Kennung_FahrtZeitms="2023-01-27 10:08:06:017" Fahrtsp="7.6935" FahrtspStrecke="11.1111" FahrtspSignal="-1" FahrtspZugsicherung="45.8333" Fahrtkm="53.0535" FahrtHLDruck="5" FahrtFBSchalter="24"/>
<FahrtEintrag FahrtWeg="5257.0894" FahrtZeit="2023-01-27 10:08:09" Kennung_FahrtZeitms="2023-01-27 10:08:09:612" Fahrtsp="8.9729" FahrtspStrecke="11.1111" FahrtspSignal="-1" FahrtspZugsicherung="45.8333" Fahrtkm="53.0536" FahrtHLDruck="5"/>
<FahrtEintrag FahrtWeg="5282.1108" FahrtZeit="2023-01-27 10:08:12" Kennung_FahrtZeitms="2023-01-27 10:08:12:428" Fahrtsp="8.5972" FahrtspStrecke="11.1111" FahrtspSignal="-1" FahrtspZugsicherung="45.8333" Fahrtkm="53.1532" FahrtHLDruck="5"/>
<FahrtEintrag FahrtWeg="5307.1558" FahrtZeit="2023-01-27 10:08:15" Kennung_FahrtZeitms="2023-01-27 10:08:15:512" Fahrtsp="8.2046" FahrtspStrecke="11.1111" FahrtspSignal="-1" FahrtspZugsicherung="45.8333" Fahrtkm="53.1532" FahrtHLDruck="5"/>
<FahrtEintrag FahrtWeg="5332.1924" FahrtZeit="2023-01-27 10:08:18" Kennung_FahrtZeitms="2023-01-27 10:08:18:412" Fahrtsp="7.7931" FahrtspStrecke="11.1111" FahrtspSignal="-1" FahrtspZugsicherung="45.8333" Fahrtkm="53.1532" FahrtHLDruck="5"/>
<FahrtEintrag FahrtWeg="5357.2485" FahrtZeit="2023-01-27 10:08:21" Kennung_FahrtZeitms="2023-01-27 10:08:21:628" Fahrtsp="8.1534" FahrtspStrecke="11.1111" FahrtspSignal="-1" FahrtspZugsicherung="45.8333" Fahrtkm="53.1532" FahrtHLDruck="5" FahrtFBSchalter="12"/>
<FahrtEintrag FahrtWeg="5382.3774" FahrtZeit="2023-01-27 10:08:24" Kennung_FahrtZeitms="2023-01-27 10:08:24:712" Fahrtsp="8.7056" FahrtspStrecke="11.1111" FahrtspSignal="-1" FahrtspZugsicherung="45.8333" Fahrtkm="53.2528" FahrtHLDruck="5" FahrtFBSchalter="12"/>
<FahrtEintrag FahrtWeg="5407.5342" FahrtZeit="2023-01-27 10:08:27" Kennung_FahrtZeitms="2023-01-27 10:08:27:414" Fahrtsp="8.8631" FahrtspStrecke="11.1111" FahrtspSignal="-1" FahrtspZugsicherung="45.8333" Fahrtkm="53.2528" FahrtHLDruck="5"/>
<FahrtEintrag FahrtWeg="5432.6689" FahrtZeit="2023-01-27 10:08:30" Kennung_FahrtZeitms="2023-01-27 10:08:30:217" Fahrtsp="8.481" FahrtspStrecke="11.1111" FahrtspSignal="-1" FahrtspZugsicherung="45.8333" Fahrtkm="53.2528" FahrtHLDruck="5"/>
<FahrtEintrag FahrtWeg="5457.7212" FahrtZeit="2023-01-27 10:08:33" Kennung_FahrtZeitms="2023-01-27 10:08:33:512" Fahrtsp="8.0828" FahrtspStrecke="11.1111" FahrtspSignal="-1" FahrtspZugsicherung="45.8333" Fahrtkm="53.2528" FahrtHLDruck="5"/>
<FahrtEintrag FahrtTyp="5" FahrtWeg="5479.7163" FahrtZeit="2023-01-27 10:08:36" Kennung_FahrtZeitms="2023-01-27 10:08:36:010" Fahrtsp="7.7123" FahrtspStrecke="11.1111" FahrtspSignal="-1" FahrtspZugsicherung="45.8333" FahrtText="Üst Moorrasen A" Fahrtkm="53.2528" FahrtHLDruck="5"/>
<FahrtEintrag FahrtWeg="5504.7593" FahrtZeit="2023-01-27 10:08:39" Kennung_FahrtZeitms="2023-01-27 10:08:39:415" Fahrtsp="7.2787" FahrtspStrecke="11.1111" FahrtspSignal="-1" FahrtspZugsicherung="45.8333" Fahrtkm="53.3523" FahrtHLDruck="5"/>
<FahrtEintrag FahrtWeg="5529.7813" FahrtZeit="2023-01-27 10:08:43" Kennung_FahrtZeitms="2023-01-27 10:08:43:427" Fahrtsp="7.131" FahrtspStrecke="11.1111" FahrtspSignal="-1" FahrtspZugsicherung="45.8333" Fahrtkm="53.3523" FahrtHLDruck="5" FahrtFBSchalter="20"/>
<FahrtEintrag FahrtWeg="5555.0166" FahrtZeit="2023-01-27 10:08:46" Kennung_FahrtZeitms="2023-01-27 10:08:46:516" Fahrtsp="8.4489" FahrtspStrecke="11.1111" FahrtspSignal="-1" FahrtspZugsicherung="45.8333" Fahrtkm="53.3523" FahrtHLDruck="5" FahrtFBSchalter="20"/>
<FahrtEintrag FahrtWeg="5580.0459" FahrtZeit="2023-01-27 10:08:49" Kennung_FahrtZeitms="2023-01-27 10:08:49:612" Fahrtsp="8.9803" FahrtspStrecke="11.1111" FahrtspSignal="-1" FahrtspZugsicherung="45.8333" Fahrtkm="53.4519" FahrtHLDruck="5"/>
<FahrtEintrag FahrtWeg="5605.2236" FahrtZeit="2023-01-27 10:08:52" Kennung_FahrtZeitms="2023-01-27 10:08:52:428" Fahrtsp="8.6025" FahrtspStrecke="11.1111" FahrtspSignal="-1" FahrtspZugsicherung="45.8333" Fahrtkm="53.452" FahrtHLDruck="5"/>
<FahrtEintrag FahrtWeg="5630.2578" FahrtZeit="2023-01-27 10:08:55" Kennung_FahrtZeitms="2023-01-27 10:08:55:417" Fahrtsp="8.2103" FahrtspStrecke="11.1111" FahrtspSignal="-1" FahrtspZugsicherung="45.8333" Fahrtkm="53.452" FahrtHLDruck="5"/>
<FahrtEintrag FahrtWeg="5655.5083" FahrtZeit="2023-01-27 10:08:58" Kennung_FahrtZeitms="2023-01-27 10:08:58:814" Fahrtsp="7.8125" FahrtspStrecke="11.1111" FahrtspSignal="-1" FahrtspZugsicherung="45.8333" Fahrtkm="53.4519" FahrtHLDruck="5" FahrtFBSchalter="1"/>
<FahrtEintrag FahrtWeg="5680.6025" FahrtZeit="2023-01-27 10:09:01" Kennung_FahrtZeitms="2023-01-27 10:09:01:317" Fahrtsp="7.4708" FahrtspStrecke="11.1111" FahrtspSignal="-1" FahrtspZugsicherung="45.8333" Fahrtkm="53.5515" FahrtHLDruck="5" FahrtFBSchalter="1"/>
<FahrtEintrag FahrtWeg="5705.7773" FahrtZeit="2023-01-27 10:09:04" Kennung_FahrtZeitms="2023-01-27 10:09:04:312" Fahrtsp="7.7485" FahrtspStrecke="11.1111" FahrtspSignal="-1" FahrtspZugsicherung="45.8333" Fahrtkm="53.5515" FahrtHLDruck="5" FahrtFBSchalter="11"/>
<FahrtEintrag FahrtWeg="5731.0195" FahrtZeit="2023-01-27 10:09:07" Kennung_FahrtZeitms="2023-01-27 10:09:07:817" Fahrtsp="8.2113" FahrtspStrecke="11.1111" FahrtspSignal="-1" FahrtspZugsicherung="45.8333" Fahrtkm="53.5515" FahrtHLDruck="5" FahrtFBSchalter="3"/>
<FahrtEintrag FahrtWeg="5756.04" FahrtZeit="2023-01-27 10:09:10" Kennung_FahrtZeitms="2023-01-27 10:09:10:518" Fahrtsp="7.8059" FahrtspStrecke="11.1111" FahrtspSignal="-1" FahrtspZugsicherung="45.8333" Fahrtkm="53.5515" FahrtHLDruck="5"/>
<FahrtEintrag FahrtWeg="5781.2935" FahrtZeit="2023-01-27 10:09:14" Kennung_FahrtZeitms="2023-01-27 10:09:14:612" Fahrtsp="7.3691" FahrtspStrecke="11.1111" FahrtspSignal="-1" FahrtspZugsicherung="45.8333" Fahrtkm="53.6522" FahrtHLDruck="5"/>
<FahrtEintrag FahrtWeg="5806.4346" FahrtZeit="2023-01-27 10:09:17" Kennung_FahrtZeitms="2023-01-27 10:09:17:516" Fahrtsp="6.9076" FahrtspStrecke="11.1111" FahrtspSignal="-1" FahrtspZugsicherung="45.8333" Fahrtkm="53.6739" FahrtHLDruck="5"/>
<FahrtEintrag FahrtWeg="5831.5107" FahrtZeit="2023-01-27 10:09:21" Kennung_FahrtZeitms="2023-01-27 10:09:21:417" Fahrtsp="6.1761" FahrtspStrecke="11.1111" FahrtspSignal="-1" FahrtspZugsicherung="45.8333" Fahrtkm="53.6738" FahrtHLDruck="4.8515"/>
<FahrtEintrag FahrtWeg="5856.5752" FahrtZeit="2023-01-27 10:09:26" Kennung_FahrtZeitms="2023-01-27 10:09:26:124" Fahrtsp="4.3395" FahrtspStrecke="11.1111" FahrtspSignal="-1" FahrtspZugsicherung="45.8333" Fahrtkm="53.6738" FahrtHLDruck="4.7003"/>
<FahrtEintrag FahrtWeg="5871.957" FahrtZeit="2023-01-27 10:09:31" Kennung_FahrtZeitms="2023-01-27 10:09:31:327" Fahrtsp="1.9844" FahrtspStrecke="11.1111" FahrtspSignal="-1" FahrtspZugsicherung="45.8333" Fahrtkm="53.7323" FahrtHLDruck="4.84"/>
<FahrtEintrag FahrtWeg="5878.543" FahrtZeit="2023-01-27 10:09:36" Kennung_FahrtZeitms="2023-01-27 10:09:36:418" Fahrtsp="0.5288" FahrtspStrecke="11.1111" FahrtspSignal="-1" FahrtspZugsicherung="45.8333" Fahrtkm="53.7322" FahrtHLDruck="4.5057"/>
<FahrtEintrag FahrtTyp="1" FahrtWeg="5878.9487" FahrtZeit="2023-01-27 10:09:37" Kennung_FahrtZeitms="2023-01-27 10:09:37:128" FahrtspStrecke="11.1111" FahrtspSignal="-1" FahrtspZugsicherung="45.8333" Fahrtkm="53.7322" FahrtHLDruck="4.5"/>
</result>
</Zusi>
